image_path,label,split,cisf_neighbour_mean_similarity,cisf_neighbour_max_similarity,cisf_fused_pca_00,cisf_fused_pca_01,cisf_fused_pca_02,cisf_fused_pca_03,cisf_fused_pca_04,cisf_fused_pca_05,cisf_fused_pca_06,cisf_fused_pca_07,cisf_fused_pca_08,cisf_fused_pca_09,cisf_fused_pca_10,cisf_fused_pca_11,cisf_fused_pca_12,cisf_fused_pca_13,cisf_fused_pca_14,cisf_fused_pca_15,cisf_fused_pca_16,cisf_fused_pca_17,cisf_fused_pca_18,cisf_fused_pca_19,cisf_fused_pca_20,cisf_fused_pca_21,cisf_fused_pca_22,cisf_fused_pca_23,cisf_fused_pca_24,cisf_fused_pca_25,cisf_fused_pca_26,cisf_fused_pca_27,cisf_fused_pca_28,cisf_fused_pca_29,cisf_fused_pca_30,cisf_fused_pca_31
E:\Project\Fake News Detection\images\real\1004.jpeg,real,test,0.615523994,0.648477912,-0.058908105,-0.014998637,-0.085823126,0.120126575,0.168971539,-0.251569301,-0.099535927,0.034282416,0.068293184,0.070817292,-0.067202464,-0.101275608,0.067297153,0.048075125,0.082718812,0.009291841,-0.087131411,0.056732804,0.109005719,-0.132877916,0.111268997,0.01681947,-0.149052531,-0.059748568,0.027428124,0.062480308,-0.099664018,0.05981262,-0.016159832,0.07044138,-0.022860818,-0.01608517
E:\Project\Fake News Detection\images\real\1005.jpg,real,train,0.61602217,0.717018902,-0.157413542,-0.016994299,-0.105016634,-0.091719814,0.095690221,-0.210545093,0.023525059,-0.212969899,-0.093736723,-0.047522105,0.03448052,-0.147646755,-0.190774664,-0.140369475,0.152590647,0.095544428,0.048366114,0.03054532,-0.064884588,-0.099628478,0.053961679,0.11111702,0.037743215,0.036351699,-0.080814019,0.086360037,0.025781844,0.088116094,-0.059356414,0.000129051,0.088671103,0.068287112
E:\Project\Fake News Detection\images\real\1011.jpg,real,train,0.63076365,0.646138191,0.076599829,-0.109241255,-0.298976153,0.010216458,-0.031958349,-0.047984928,-0.158409387,0.039559942,-0.091213085,0.030219842,-0.016344197,-0.008417703,0.148748681,-0.034110703,0.05954406,0.088588774,0.020497128,0.115522638,-0.114961192,0.033182915,0.076842107,0.063806489,-0.075643189,0.061406795,0.006523181,-0.084280834,-0.100520492,0.057198342,-0.07904651,0.093581021,0.074246816,0.085048735
E:\Project\Fake News Detection\images\real\1018.jpg,real,train,0.825086951,0.850928664,0.006554668,0.034232844,-0.491383582,-0.193519995,-0.175140038,-0.053007808,0.041602287,-0.109086625,0.123112895,0.031891413,0.052825805,-0.103430949,0.005054411,-0.002841019,-0.046459813,-0.107343152,0.036806054,-0.094018996,0.017074041,0.0455104,-0.023302535,0.057012428,-0.035551816,0.027523093,0.014284964,0.06052909,-0.009019446,0.010239241,0.065298006,-0.088834465,-0.019948199,-0.052698828
E:\Project\Fake News Detection\images\real\1021.jpg,real,test,0.606590271,0.653157771,-0.084069416,-0.02725178,-0.087560765,0.070684552,0.001551306,-0.211835176,0.050285541,-0.047625378,0.045166023,-0.041241512,-0.170317769,0.013012387,0.123247854,-0.032139111,-0.087763339,0.096617475,-0.175256416,-0.030734651,0.084553644,-0.174903497,0.066445589,0.048263788,-0.03026497,-0.108540811,-0.08174891,0.042387284,-0.088005185,-0.040759638,0.069500849,0.124275543,-0.055963315,-0.019834489
E:\Project\Fake News Detection\images\real\1023.jpg,real,train,0.629918933,0.679678619,0.077685826,-0.012849186,0.208666533,0.068384662,0.107447952,0.036865082,-0.030867992,-0.040410846,-0.110134743,-0.043296598,0.159230411,0.05429684,-0.026316984,-0.038452376,-0.042612236,0.036590841,-0.084889464,0.117105126,-0.087318383,0.013318579,0.063198254,-0.010023937,-0.05190805,-0.027335269,-0.018858438,0.044638414,-0.042864956,0.009381928,0.002986891,0.03169357,-0.100060076,0.031416304
E:\Project\Fake News Detection\images\real\1028.jpg,real,train,0.704143643,0.753453314,-0.038449943,-0.088267893,-0.303060263,0.007864116,0.10888321,-0.031228371,0.067598417,-0.10316287,-0.076868631,-0.196393073,-0.241391823,0.161319152,0.057179432,-0.025014507,-0.001880982,0.006552621,-0.117183886,-0.079712994,0.062730223,-0.078094304,-0.006635314,0.032932211,-0.059559189,-0.139194489,-0.038314428,-0.001832643,0.073996939,-0.046027664,0.057225484,0.141180351,-0.008331393,0.068560526
E:\Project\Fake News Detection\images\real\1048.png,real,train,0.747822642,0.825452149,-0.200581476,0.065508232,-0.104804195,-0.062014602,0.079550438,-0.164123043,0.016097162,-0.177098468,-0.028576974,-0.073645912,0.090670742,-0.156190768,-0.131581277,-0.127941683,0.232285261,0.096777685,-0.009709558,0.159948945,-0.163771957,-0.177260369,0.180972189,0.071207568,0.130708992,-0.076415583,-0.038862258,0.020376161,0.066489682,0.025464728,-0.013127228,0.005147124,-0.035727289,0.083084911
E:\Project\Fake News Detection\images\real\1051.png,real,train,0.658347726,0.69370079,0.267147273,0.161036372,0.043514725,0.018577337,0.059124395,-0.182712555,-0.009772731,-0.01107004,-0.061954539,0.004889814,0.166762143,-0.002427745,0.018369881,-0.107243046,0.055489462,-0.059802856,0.111984611,0.071612768,-0.016735062,0.06949129,-0.002460271,-0.022888698,-0.048645172,0.0162901,0.023791794,-0.048084162,0.025356932,-0.005813729,0.034708694,-0.018104753,-0.000475537,0.004016471
E:\Project\Fake News Detection\images\real\1059.png,real,train,0.691735208,0.789040565,0.156929225,0.158887222,-0.0124139,-0.002828246,0.033196151,-0.244578257,0.082198881,-0.028389134,0.040999409,-0.02577468,0.148261443,0.000356061,-0.066001423,0.007601517,0.063408807,-0.033831928,0.083504818,0.061280433,0.053553019,0.035467397,0.007579362,-0.111885026,-0.154709682,-0.035718754,0.102976769,0.198126242,-0.022931784,0.124284066,0.002742646,0.049709208,0.115743853,0.016376542
E:\Project\Fake News Detection\images\real\1060.png,real,test,0.658050179,0.68692863,-0.140060186,0.080638826,-0.061999463,-0.090276062,-0.034603268,-0.181505889,-0.0839267,0.011205947,0.018855998,-0.059079032,-0.022081979,0.056690149,0.190256625,-0.092498302,-0.054731444,0.114176981,-0.100242183,-0.000963196,0.011939123,-0.084282197,-0.08529292,-0.054875046,-0.043631457,0.070759982,0.026896413,0.062467031,0.172746032,-0.052006006,-0.091575325,-0.08258792,-0.018714733,0.062852211
E:\Project\Fake News Detection\images\real\1061.png,real,train,0.922605991,1,-0.213933229,0.197950333,-0.250171721,-0.018794801,0.07913214,0.167103201,0.053668473,-0.089833692,-0.044130117,0.212009892,0.098103158,-0.061419252,-0.091409303,-0.002192205,-0.054370869,-0.053562965,-0.069701992,-0.042565688,-0.189609125,0.059263684,-0.026967103,-0.043818723,0.08008121,-0.047403097,0.142940268,-0.142011136,-0.005337291,0.045438576,-0.058220513,-0.035190303,-0.043465845,0.122281112
E:\Project\Fake News Detection\images\real\1086.jpg,real,test,0.700296521,0.740988374,-0.069218457,0.331144303,-0.366416425,0.080274463,-0.013310503,0.147888035,-0.081037953,-0.05879385,0.014759734,0.052818418,0.112155691,-0.061460525,-0.025253171,0.058140948,-0.061583996,0.006357251,-0.10888575,-0.03373009,0.024689354,0.022578061,-0.00884467,0.032518968,0.085264564,0.011514993,-0.016848655,0.01211492,0.029830866,-0.041840829,-0.027600624,-0.02466654,0.017531049,0.002266832
E:\Project\Fake News Detection\images\real\1091.jpg,real,train,0.846057773,0.907967091,0.132781059,-0.395858794,0.138053641,0.226482645,-0.054666445,-0.033802968,-0.058710638,0.07858257,-0.021252925,-0.124725685,0.158449009,-0.018686246,0.044351272,-0.000977632,-0.027171593,0.037113834,-0.037012283,-0.115584239,-0.092359535,0.082327925,-0.045428317,-0.014063417,0.067071475,-0.011568625,0.009767917,-0.005694894,0.028383764,0.004305596,0.009391272,0.04987976,-0.018415919,0.01238089
E:\Project\Fake News Detection\images\real\1099.jpg,real,test,0.746072114,0.764952898,-0.154198498,-0.014548846,-0.032724522,0.113672629,-0.029135246,-0.151203752,-0.097844392,-0.109079219,-0.1120103,-0.13268134,-0.016097907,-0.105975986,0.172330976,-0.060804818,-0.076437637,0.164296061,0.024180902,0.159331933,0.077637911,0.174161032,0.01349127,0.056609638,-0.086303733,-0.019857794,-0.090605922,-0.074515626,0.114068367,-0.02494131,-0.160873786,-0.043676317,-0.055624388,0.050265536
E:\Project\Fake News Detection\images\real\1119.jpg,real,train,0.566273034,0.659771085,-0.377883434,0.255979806,-0.107690677,-0.104596928,-0.009111051,0.080030374,-0.10475342,0.188924849,0.105471194,-0.014026039,0.110443436,0.039134156,0.036525581,0.1571161,0.154854119,-0.236310288,0.154493734,-0.009878091,-0.051084254,-0.064734839,-0.003275143,-0.041273028,-0.136939839,-0.084023565,0.038033463,0.157509446,0.092399761,0.03196989,0.007927476,-0.001589758,0.006946553,0.023984982
E:\Project\Fake News Detection\images\real\1126.jpg,real,train,0.76742667,0.784032941,0.464538664,0.182321951,0.061629392,-0.145780906,-0.06085993,0.026155503,-0.331811965,-0.013027468,0.154148236,0.177208334,-0.033827577,-0.085447028,0.054445911,0.092686653,0.055804357,-0.005869153,0.026702711,0.023267796,-0.015882047,-0.037454493,-0.102003962,-0.143525437,-0.070991449,0.045664053,0.008173009,0.062271763,-0.044107605,0.038720015,-0.015270461,0.011808534,0.027469842,0.05431309
E:\Project\Fake News Detection\images\real\1128.jpg,real,train,0.685527146,0.845611095,-0.124935672,0.070476711,-0.002698077,-0.050606336,-0.028048314,-0.13591218,0.024792068,-0.130167753,-0.1752951,0.03821975,-0.033885926,0.04405167,-0.016268203,0.055361584,0.015692549,0.031794481,-0.050115317,0.046703361,0.029498227,-0.129129887,0.019452685,0.070857048,0.045279745,0.035716537,0.010785393,-0.083067961,0.072665788,-0.010775009,0.092360459,0.044858284,-0.073227026,-0.138823509
E:\Project\Fake News Detection\images\real\1129.jpg,real,train,0.603519082,0.718359709,-0.063298821,0.091762863,-0.007314214,0.016232686,0.057367168,-0.027035208,0.062655389,-0.119146489,-0.147059947,0.012404189,-0.078922376,-0.018070363,-0.011720032,0.062088609,0.113173082,-0.026562236,-0.117452309,0.036586203,0.000672152,-0.012975272,-0.07358899,-0.01411829,-0.015600928,-0.007032628,0.024113776,-0.040696029,-0.010412217,-0.054106869,-0.052021272,-0.039391622,0.019210525,-0.024470028
E:\Project\Fake News Detection\images\real\1132.jpg,real,train,0.690563679,0.762496114,0.174081981,0.026759397,-0.021252107,-0.116752483,0.04810309,-0.286332965,0.044101607,-0.12791267,-0.017513538,-0.069218628,0.096315712,0.008061198,-0.140034914,-0.190489769,0.179698154,0.042600229,0.078906357,0.044387862,-0.041605573,-0.108832918,-0.018361481,0.06398081,0.129470989,0.021695081,-0.040617272,0.04043451,0.004067007,-0.015831959,-0.083251789,-0.093063429,-0.046902817,0.171826437
E:\Project\Fake News Detection\images\real\1133.jpg,real,train,0.891966164,0.9161551,-0.453956753,0.118596852,0.24029699,-0.306675583,0.031878121,0.044637542,-0.083010755,0.19610627,0.199041694,-0.279494643,0.157352298,-0.013193773,0.127369583,0.152587727,-0.011302933,0.013540545,0.084416829,0.017395247,0.108034365,0.032327063,-0.031853534,0.039951921,0.039389994,0.027119795,0.032567121,-0.018154318,0.062388912,0.04841011,0.056147855,-0.007643363,-0.009127712,0.04021303
E:\Project\Fake News Detection\images\real\1135.jpg,real,train,0.722190261,0.753530025,0.186069384,0.098854229,0.059716728,-0.039950173,-0.229283333,-0.122993134,0.285873502,-0.057532761,-0.104629584,0.006874399,0.043770261,-0.065980874,-0.048155218,0.20462361,0.112325601,-0.091748066,-0.006187197,0.053952146,-0.061655711,-0.007783249,0.000152054,-0.004396626,-0.068930551,-0.015300889,-0.018368421,-0.091785051,0.026542198,-0.032268193,-0.122358568,0.001743313,-0.021233659,0.055427276
E:\Project\Fake News Detection\images\real\1136.jpg,real,test,0.868058205,0.885005355,0.051943004,-0.364329517,-0.262999535,0.068194941,-0.196213588,-0.016501818,-0.197717443,-0.059999138,-0.078776538,-0.027877908,0.037242748,-0.029930979,0.130016387,-0.012638897,0.067907974,-0.079828277,-0.009514272,0.05297868,0.05541268,0.03307559,-0.032479052,0.031254623,-0.055354279,0.083788283,0.011813354,-0.044611514,-0.045628604,-0.00099507,0.015372731,0.102549694,0.050397657,0.06341131
E:\Project\Fake News Detection\images\real\115.jpg,real,train,0.65375644,0.684070349,-0.158572957,-0.050717838,-0.00056783,-0.010976085,-0.056394991,-0.115542933,-0.058658645,-0.02010417,-0.101211689,-0.037806965,-0.125400648,-0.073185042,0.067823015,0.006666618,-0.132713228,0.228368655,-0.065547056,0.052915812,0.077109359,0.065188542,0.00063775,-0.005212413,0.058806311,0.046120714,0.051307946,-0.042331468,0.056259498,0.027869862,-0.051193878,-0.01040563,-0.087350614,-0.115699306
E:\Project\Fake News Detection\images\real\1157.jpg,real,train,0.621507287,0.659225345,-0.222356007,0.099598967,0.105958022,-0.102117121,0.07191588,0.030520143,-0.074077286,-0.13730602,0.171416357,-0.17414397,0.099388331,0.066176102,-0.303198546,0.051404484,-0.0966812,0.200916708,-0.052191541,-0.171118587,0.085858405,0.081690013,0.151581824,-0.003166,-0.02014943,0.050983991,0.007563077,-0.188675076,-0.086510278,-0.024824085,-0.041928779,0.034442805,0.136587039,-0.0371456
E:\Project\Fake News Detection\images\real\1183.jpg,real,train,0.920200169,1,-0.01342932,0.090311356,-0.048807513,0.093776956,0.137046099,-0.217722565,-0.141647577,-0.173313826,0.093592949,0.072148941,0.014948608,-0.162176073,0.065014705,0.266290069,0.077615224,0.110928454,0.06549301,0.055006716,0.015037742,-0.076367795,-0.063759342,-0.423121214,-0.030215243,0.029362533,0.086931393,0.095096834,-0.111385591,-0.081559613,-0.015462408,0.016488327,-0.0711255,0.009814582
E:\Project\Fake News Detection\images\real\1193.jpg,real,train,0.681776047,0.704518914,0.038688216,-0.030880282,0.068700559,0.035291262,-0.12545906,-0.012073918,0.182916895,-0.052815553,-0.164259002,-0.062287733,-0.19843325,-0.221241519,0.03279458,-0.03150975,-0.01324886,0.051968269,0.076154836,0.063563354,0.128324687,0.03518356,0.051469091,0.041605756,0.090211548,0.073982045,0.053776819,0.094942257,0.062496398,0.048622947,0.074245028,0.074411139,0.021674938,-0.066228189
E:\Project\Fake News Detection\images\real\1194.jpg,real,train,0.745182633,0.761356354,0.277215958,0.039330915,-0.076121815,-0.134022564,-0.060888547,-0.20783487,-0.035978392,0.081187621,-0.112471506,0.032543831,0.246925518,-0.014669491,-0.07066083,-0.070934504,-0.132247388,-0.109245121,-0.067457788,0.013843456,0.093264766,0.022915114,0.097420186,-0.020303559,-0.075231038,0.009674165,0.068485372,0.144530788,-0.060928687,0.027525961,0.027286384,0.006438808,0.048773527,-0.021546366
E:\Project\Fake News Detection\images\real\1199.jpg,real,test,0.861738324,0.911598861,0.432236522,0.197903156,0.115070745,-0.020759135,-0.190910488,0.115481146,0.147480071,-0.034891941,-0.074224159,-0.088780195,-0.053357814,-0.034813106,0.003080387,0.247703105,0.063052878,-0.036227543,-0.056983139,-0.004535437,-0.053051658,-0.084766097,0.03668233,0.046292093,-0.06463109,0.035458367,-0.03162799,-0.046596676,0.03642226,0.076670319,-0.007036,-0.031589042,-0.015033998,-0.037287571
E:\Project\Fake News Detection\images\real\1201.jpg,real,train,0.765300095,0.806925297,0.219334885,0.13270168,0.034439623,0.223479912,-0.061496701,-0.24607785,0.063652933,0.286167175,0.114966474,-0.004137255,0.060311854,-0.069341555,0.02765606,-0.079928935,-0.014062273,0.029240072,-0.01941897,-0.0812525,-0.015827918,-0.001052709,0.01056772,0.004717483,0.028009769,-0.011818097,0.038509805,0.021493545,0.007190509,0.046576358,0.002368609,0.000796932,-0.041987985,-0.012141894
E:\Project\Fake News Detection\images\real\1203.jpg,real,train,0.841217339,0.895715952,-0.20638901,-0.168718681,0.149515659,0.328406692,-0.023144465,0.128880128,0.012983082,-0.126395807,0.144195437,0.009416708,-0.001019891,0.003037972,-0.017604435,0.008120966,-0.088103816,-0.15750213,-0.039564572,0.072820693,0.182080403,0.049507074,0.022670886,0.021247165,-0.009908974,0.041218735,-0.043031022,0.084251754,-0.013698154,-0.086466618,-0.060527649,0.028777396,-0.01592744,0.135681868
E:\Project\Fake News Detection\images\real\1204.jpg,real,train,0.7849617,0.825977445,0.005796599,0.32114163,-0.349046707,0.06106605,0.032404959,0.058450636,-0.066614352,-0.013337591,-0.070507549,-0.018860826,0.20346722,0.036567722,0.019105516,0.01846756,-0.100415528,0.058790181,-0.10292767,-0.037342727,-0.005838282,0.165122002,0.105437204,0.00805797,-0.012597698,0.056415122,0.004532379,0.161462113,-0.022506237,0.062058561,-0.062454827,0.057632931,-0.010126415,0.080116823
E:\Project\Fake News Detection\images\real\1209.jpg,real,train,0.680054486,0.915444016,-0.238432914,0.121483482,0.170419201,-0.178392813,-0.034413848,0.083526306,0.069676705,0.160813585,-0.070826076,0.026362792,0.033808384,-0.151522964,0.023711389,-0.060704689,0.141219586,-0.114408925,0.049467787,-0.057639699,0.043528095,-0.008979788,0.101314016,-0.102513976,0.040320706,0.045812119,0.172756404,-0.091352224,-0.121894307,-0.167880267,0.096895456,0.005719741,-0.005593638,-0.07760945
E:\Project\Fake News Detection\images\real\1214.jpg,real,train,0.708640754,0.915444016,-0.239370003,0.107175894,0.163473457,-0.21062696,-0.023089107,0.073681287,0.069627464,0.181764081,-0.083768107,-0.01637806,0.031127693,-0.169711232,0.013939139,-0.029260026,0.119915605,-0.126481563,0.040712234,-0.087739401,0.059546731,-0.001288206,0.08917553,-0.104066417,0.059322152,0.06144302,0.153164253,-0.047636468,-0.142891809,-0.188599348,0.104690216,-0.004562608,-0.020884963,-0.083440252
E:\Project\Fake News Detection\images\real\1221.jpg,real,train,0.676995933,0.77436173,-0.334929466,0.069390811,0.157389998,-0.0790627,-0.02210914,0.019233301,-0.014971734,0.125891566,-0.019091159,-0.099445224,0.128300458,-0.090727292,0.080011398,-0.041497346,-0.098981425,0.097226962,0.095080465,0.092864797,0.075752109,0.07712853,0.022280728,0.028130153,-0.200725093,-0.159027904,0.089338899,0.024813766,0.04600377,-0.165443763,-0.198906407,-0.120863646,-0.070809677,-0.077467173
E:\Project\Fake News Detection\images\real\1227.jpg,real,train,0.976389706,0.999999881,0.489272952,0.238989279,0.143540293,-0.041957982,-0.251711965,0.170508787,0.052437238,-0.07924702,-0.032502986,-0.09207581,-0.132957086,-0.057015214,-0.016197771,0.216086075,0.119046666,-0.057560284,-0.059931643,-0.006632741,-0.038967296,-0.058397871,0.028504688,0.038844164,-0.086464837,-0.023907023,-0.03705601,-0.056881808,0.053235523,0.034943718,-0.032360598,-0.023690574,-0.01730104,-0.025922485
E:\Project\Fake News Detection\images\real\1237.jpg,real,train,0.639822841,0.65759778,-0.075446405,0.095263161,0.009427902,-0.027424477,-0.05701603,0.066780388,0.215251654,0.095096737,-0.088456601,-0.01187137,-0.084269054,-0.081398465,-0.05507528,-0.090852052,0.085889317,0.014696256,0.080090575,0.159897879,0.050748415,0.098517381,0.054953028,-0.052987441,-0.011921005,-0.044329774,0.056080986,-0.066129915,-0.005513175,0.000252276,-0.003269234,0.040431719,-0.028359758,-0.077417038
E:\Project\Fake News Detection\images\real\1239.jpg,real,train,0.663015962,0.723698378,-0.095019236,0.05329027,0.043022688,-0.06147413,0.029719708,-0.176211521,-0.033546217,-0.087239802,0.086579293,-0.058456376,-0.079641558,0.144088969,-0.138909191,0.109962203,-0.008495389,0.149010852,0.02670778,-0.036555607,0.08119338,0.084846668,-0.053919472,-0.005025558,0.02944858,0.10966675,0.081027225,-0.098689027,0.049420636,0.115971789,0.005006517,0.098210648,0.026237613,-0.072102495
E:\Project\Fake News Detection\images\real\1259.jpg,real,test,0.856284022,0.878478169,0.302863747,0.155335039,0.063445851,-0.021199439,-0.252708524,-0.11006619,0.288623661,-0.018258475,-0.114385799,-0.139238179,0.058474239,0.007598631,-0.021974077,0.20793286,-0.014012195,-0.085668445,-0.069848523,-0.001352757,-0.103331722,0.055390786,0.092679888,0.003883302,-0.055898853,-0.032817278,-0.063549325,-0.019798577,0.028104685,0.061054096,-0.071220994,0.019310618,-0.092277117,0.044332225
E:\Project\Fake News Detection\images\real\1264.jpg,real,train,0.652418554,0.751533747,-0.248371333,0.086780809,0.0179969,-0.15102163,-0.090482965,-0.038575776,-0.010926127,0.040418431,-0.234121367,0.051097456,-0.05425901,-0.102786317,-0.061195705,0.020264564,0.073522739,-0.027993651,-0.131080955,0.030018298,-0.032039158,0.079576224,-0.115169667,-0.024389468,0.132052034,0.011044263,-0.023874929,-0.011269622,0.011826321,0.107146025,0.0974361,-0.04152216,0.036480352,0.084976196
E:\Project\Fake News Detection\images\real\1285.jpg,real,train,0.859313011,1,-0.303152204,0.087674797,0.048146907,-0.266904324,0.038736656,-0.008287899,-0.099970795,0.021012805,0.122887701,-0.164259136,-0.011560955,-0.106845066,-0.370575488,-0.001527052,0.040303223,0.082767911,-0.15797551,-0.341057897,0.03710518,0.057927925,0.099921227,-0.029645192,-0.052623469,0.121507339,0.050364237,-0.162217081,-0.091843307,-0.024479931,0.016722981,0.032857914,0.060552921,-0.054842185
E:\Project\Fake News Detection\images\real\129.jpg,real,test,0.649923325,0.676782489,0.150821567,0.074347556,0.079682186,0.20363757,-0.003384545,-0.254199296,0.068764746,0.132938221,0.14268516,-0.109472208,0.125699654,-0.019106828,-0.117046848,-0.039693099,0.051319987,0.054472439,0.152064517,-0.072947927,-0.043604068,0.009362548,-0.073020339,-0.078238562,0.042870879,-0.016333289,0.065063566,0.115808979,0.017662667,0.023902357,-0.015763044,-0.075678676,0.101870157,-0.044226639
E:\Project\Fake News Detection\images\real\1293.jpg,real,train,0.62975806,0.667802572,-0.104413338,0.050136812,0.012153532,0.115567759,0.125049621,-0.230170518,-0.049510933,-0.004557932,0.023827558,0.019912524,-0.071974479,-0.195164368,0.025775133,0.051840089,-0.004322594,0.113423795,0.005162002,0.050565876,0.18902424,0.078021109,0.042132515,0.058770023,-0.049581964,0.020475419,-0.114737228,-0.065464549,0.010747922,-0.009380264,-0.051538352,0.024174221,0.044432007,0.006245044
E:\Project\Fake News Detection\images\real\13.jpg,real,train,0.909305453,1,0.470912337,0.118954659,-0.011572666,-0.18167308,-0.165337756,0.019409992,-0.282625824,0.087515421,0.08972007,0.045815818,-0.097385176,-0.070695929,0.102943845,-0.094145373,-0.047109477,0.043367945,0.028924448,-0.00525046,-0.022619491,-0.058640067,-0.009027198,-0.005252569,-0.028591143,0.037891287,0.033632655,0.032919951,0.022246374,0.005080425,-0.055936128,0.012997035,0.023146387,-0.010444376
E:\Project\Fake News Detection\images\real\1301.jpg,real,train,0.646192551,0.691566706,-0.162517607,-0.005332489,0.115236074,0.030701185,-0.079506114,0.009296659,0.038230203,0.113286488,-0.096257493,0.009007054,0.017651075,-0.121200152,-0.074047521,-0.107330322,-0.054736689,-0.050752826,0.196559221,0.023457756,0.056683332,-0.108367212,0.09306594,-0.004096229,-0.11467205,-0.156307444,0.043923482,-0.014248465,-0.067390278,-0.124923415,-0.040329251,-0.005088248,-0.057774976,-0.113056563
E:\Project\Fake News Detection\images\real\1311.jpg,real,train,0.630327821,0.691138029,-0.144906715,-0.115571328,0.138076067,0.204852015,0.005732998,0.081126899,0.03907438,-0.155103117,-0.086745389,0.036210891,0.143987969,0.067461103,0.221196488,0.018646704,0.077533677,-0.006419697,-0.017578892,-0.046308596,0.180657312,0.007150006,0.035411652,0.021825649,0.00683945,0.019720344,-0.013027673,-0.030128498,-0.032445997,0.065489881,0.04687522,-0.093382709,0.029228495,0.072375648
E:\Project\Fake News Detection\images\real\1312.jpg,real,test,0.797569871,0.898743153,-0.038100246,0.340956986,-0.292839974,0.116986066,0.037814498,0.12617974,-0.069492623,-0.082948193,-0.060095381,0.021809284,0.037162855,-0.030772608,-0.037230175,0.051091544,-0.025177382,-0.012183572,0.012164496,-0.000946119,-0.009512156,0.005947824,-0.16380319,0.129070386,-0.036150023,0.006312054,0.093725041,-0.031429283,-0.018625528,-0.015194446,0.042496871,-0.0077077,-0.062165581,0.005375661
E:\Project\Fake News Detection\images\real\1321.jpg,real,train,0.701439738,0.80518496,0.008038958,0.241372302,-0.193270817,-0.007674735,0.061098348,0.066075601,-0.019029399,-0.117381334,0.167276427,-0.108421355,0.200969428,-0.031989068,-0.200428367,0.020287551,-0.100591525,-0.02597891,-0.090099558,-0.109285437,0.072753273,0.101376802,0.11019969,0.065161519,-0.012040293,0.035194855,-0.054798722,-0.189153582,-0.023251215,-0.138561919,-0.026480723,0.029800739,0.13334395,-0.057390016
E:\Project\Fake News Detection\images\real\1327.jpg,real,train,0.806140244,0.835193753,-0.448178977,0.103308834,0.207293868,-0.31427139,0.044763695,0.032441139,-0.072537012,0.120100074,0.166699812,-0.30486694,0.213247016,-0.018470131,0.029918324,0.099699125,0.11580544,0.0293958,0.116507836,0.074185319,0.04735199,-0.05931028,-0.00801591,0.072639428,0.054546401,0.050165191,0.024932921,0.030464847,0.072972007,0.060234487,0.010763192,-0.039572511,-0.032114029,0.077733338
E:\Project\Fake News Detection\images\real\134.jpg,real,train,0.807523251,0.872710109,-0.062928699,0.33431232,-0.344859868,0.064719304,0.078021936,0.174257547,-0.062169857,-0.084734634,0.033357579,0.024810096,0.15773654,-0.029503541,-0.140013888,0.056835826,-0.10092812,0.075328447,-0.075287916,-0.178073049,-0.021811986,0.104909554,0.083356716,0.005793635,0.041034579,0.048535634,0.026128458,-0.068873309,-0.007092515,-0.048684407,-0.079648107,0.052243177,0.060614698,0.028466478
E:\Project\Fake News Detection\images\real\1343.jpg,real,test,0.85527432,0.875591099,-0.088507824,-0.190166563,-0.185310811,0.048723303,-0.118635237,-0.136307195,-0.156554893,-0.060604937,-0.173400819,-0.154832646,-0.073965319,-0.092526354,0.09966819,-0.075938091,0.043778095,0.107193992,0.0189895,0.025131747,0.049330324,0.16068612,0.036328919,0.005697019,-0.140389532,-0.020249549,-0.026176965,-0.084471315,0.152954906,-0.050521113,-0.087613046,0.04919032,-0.102580614,0.001688778
E:\Project\Fake News Detection\images\real\1347.jpg,real,train,0.884191692,1,-0.311587453,0.155029818,0.0288346,-0.234886274,0.070908584,0.03735546,-0.112933971,-0.005331456,0.11268083,-0.22708331,0.058431592,-0.071954399,-0.358631432,-0.015203469,-0.048475139,0.062753662,-0.168272987,-0.313637435,0.055852424,0.048292745,0.128558517,-0.05070794,-0.054058339,0.066159591,0.000538771,-0.19366841,-0.13707453,-0.10543333,-0.087739222,0.0162478,0.103686295,-0.075152509
E:\Project\Fake News Detection\images\real\1349.jpg,real,train,0.715999246,0.727691412,0.21218951,0.077743374,0.146330044,0.209998295,-0.130083039,-0.062686019,0.049561307,0.140525237,-0.019636869,-0.00531114,0.163966686,-0.036996484,0.035536557,-0.068569452,-0.023729909,-0.029734679,-0.110109217,0.044792499,-0.032362148,0.138566643,0.19432494,-0.119038276,0.19524692,0.062754847,-0.055382997,0.084152289,0.011549116,0.015453543,0.091454744,0.007623769,0.050956964,-0.024602398
E:\Project\Fake News Detection\images\real\1350.jpg,real,train,0.659033716,0.763154149,-0.319189757,-0.075596511,0.066998847,0.071259134,-0.054470506,0.022688974,-0.061598592,0.251753837,-0.035491016,0.007142821,-0.129598692,-0.079294048,-0.144175604,-0.101526223,0.101712376,-0.170368284,-0.067006849,-0.048536438,-0.066545255,-0.043641303,0.14398846,0.052104004,-0.18027474,0.024748409,0.042290743,-0.013309377,-0.075739637,0.062644869,0.081108131,-0.058977783,-0.13748917,0.064218603
E:\Project\Fake News Detection\images\real\1352.jpg,real,train,0.817680359,0.877176404,0.322277308,-0.003828715,-0.102906086,-0.14562273,-0.187450945,-0.250307292,-0.087468423,0.151690573,0.05926913,0.001176586,-0.050766081,-0.029801767,0.089284942,-0.169436872,-0.129488766,0.070044257,0.063723207,-0.0379458,-0.056544837,0.024461713,-0.007082827,-0.030262971,-0.06412062,0.062279824,0.034093414,-0.002918518,0.047558848,-0.065070942,-0.044666231,0.081281967,0.020263989,-0.035070568
E:\Project\Fake News Detection\images\real\1372.jpg,real,train,0.829817951,0.863689303,0.197775021,0.158800229,0.098790117,0.004331447,-0.286499709,-0.001869868,0.278054893,-0.04729731,-0.101518109,-0.061381742,0.052759644,0.100483276,-0.047335129,0.212115273,-0.053874493,-0.010446211,-0.086724676,0.036177896,-0.180939108,-0.007428866,0.109783821,0.003599017,-0.059427567,-0.010960164,-0.066190153,-0.044045854,0.017700978,0.077227362,-0.037560947,0.039052483,-0.037424523,-0.03991368
E:\Project\Fake News Detection\images\real\1375.jpg,real,train,0.669088244,0.732801557,-0.370065391,0.160689026,0.247677311,-0.145341262,0.075913526,0.05184323,-0.064214103,0.029966751,-0.00983874,-0.086663567,0.156885669,-0.102468275,0.090944611,0.085251331,-0.090639561,0.000132978,0.040591516,0.068907842,-0.005869692,-0.042261414,-0.121413715,-0.045251507,0.050580066,-0.050501741,-0.096497096,-0.003496091,0.047307502,-0.037209708,-0.080573566,-0.069329932,-0.072882362,-0.055334341
E:\Project\Fake News Detection\images\real\1381.jpg,real,train,0.876092613,0.970033407,-0.298065692,0.082650095,0.052889492,-0.276523948,0.051529951,-0.008530897,-0.098974988,0.014608018,0.10778641,-0.161354199,-0.01326104,-0.100332871,-0.374747545,7.74E-05,0.027337397,0.085555419,-0.150942877,-0.33154577,0.058243468,0.065576419,0.103600152,-0.038434967,-0.045689926,0.119228043,0.03595775,-0.177311748,-0.070996091,-0.021295885,0.000538009,0.035188023,0.049017824,-0.052540701
E:\Project\Fake News Detection\images\real\1387.jpg,real,train,0.720681787,0.747719407,-0.282232523,-0.150485992,0.203687325,0.175227433,-0.057891097,0.189101726,0.014020042,-0.164986461,0.10356316,0.037193723,-0.12333107,0.032060061,-0.049584921,-0.132154122,-0.134061247,-0.096335836,0.075641975,0.109545112,-0.018039083,0.052615665,0.103995115,0.02385922,-0.079545781,0.111654662,-0.059445977,0.129786178,0.05778842,0.018459454,-0.032561202,-0.066924162,0.001202173,0.002095366
E:\Project\Fake News Detection\images\real\139.jpg,real,train,0.714253724,0.99999994,-0.093424171,0.291813433,-0.381495267,0.088686466,0.027040008,0.022747939,-0.020111313,-0.051757544,0.014941369,0.01634391,0.043250628,0.022301562,0.025160601,-0.035842761,-0.035084136,-0.095906325,0.06160653,-0.051756397,-0.060721733,0.031577945,-0.13564311,0.075819574,-0.003084067,0.014658901,0.045370024,0.122623995,0.018434502,0.066218585,-0.014039339,-0.06369371,0.041058775,-0.008192549
E:\Project\Fake News Detection\images\real\1402.jpg,real,train,0.807065785,0.876576006,-0.101017654,0.037203737,0.004674932,0.192227334,0.038243838,-0.177677915,-0.083304711,0.094688326,0.009905528,0.035573002,-0.103240237,-0.139502853,0.069562204,-0.00394354,0.047670595,0.046301719,0.041722748,-0.000835678,0.064326808,-0.123760998,0.126732126,0.127146989,-0.106854104,-0.034142401,0.015000296,-0.02412094,-0.16691272,0.114182696,-0.057532456,-0.132389903,-0.004500852,-0.072928816
E:\Project\Fake News Detection\images\real\1404.jpg,real,train,0.7047351,0.715037584,0.146907553,0.003920349,0.23561649,-0.006823315,0.311957687,-0.082942903,0.170138791,-0.223349944,0.136093199,0.046730578,0.005324266,-0.214122862,0.094939098,-0.105962023,-0.117314324,-0.182919443,0.051112164,-0.000465839,-0.127056301,-0.009812645,0.015046892,0.035807658,-0.009768017,0.061619371,0.021740034,-0.030372666,0.066329084,0.038093455,0.005912221,0.110577047,-0.018950474,-0.021716869
E:\Project\Fake News Detection\images\real\1408.jpg,real,train,0.8536852,0.88061738,-0.011160105,0.131273091,-0.043345466,0.090239964,0.155577078,-0.218756691,-0.155074105,-0.169217855,0.142850772,0.078314245,0.014652596,-0.147491887,0.046102393,0.300215334,0.06948974,0.082457379,0.051653046,0.044989381,-0.018507622,-0.089144126,-0.109500527,-0.423156738,-0.031283922,0.013720942,0.058478121,0.113063589,-0.158674181,-0.072952226,0.001726151,-0.023501677,-0.076802492,0.022999613
E:\Project\Fake News Detection\images\real\1415.jpg,real,train,0.659648776,0.750261366,-0.116552606,0.011695482,0.161245257,0.191710219,0.272030234,-0.10945899,0.083381534,-0.01912953,0.208209217,0.151851803,-0.041546691,-0.325376451,0.156828716,0.060414288,-0.098390132,-0.081118584,0.033041243,0.000844245,-0.061020948,-0.182039276,0.092972271,0.086253472,-0.138154566,0.033442255,-0.005660326,0.005117754,-0.0400846,0.045568094,-0.024303526,0.069879912,-0.073272303,-0.050904453
E:\Project\Fake News Detection\images\real\1434.jpg,real,train,0.91259706,0.938861132,0.280896395,-0.380171865,-0.095356829,-0.291808724,-0.097432442,-0.03796329,0.193135232,-0.032824401,-0.060772587,-0.041607458,-0.019782199,-0.02842881,-0.070857726,0.207636327,-0.024799604,0.027318852,-0.013784423,-0.061521795,-0.020369085,-0.056736715,0.057780329,0.012220216,-0.059532069,-0.087959647,-0.068568185,-0.017631341,-0.014093465,-0.010314018,0.029696628,-0.066284165,-0.002751971,0.0848004
E:\Project\Fake News Detection\images\real\1437.jpg,real,train,0.647214234,0.660261631,-0.179143175,-0.161553249,-0.017595448,0.019567119,-0.226342797,0.040610585,0.00337686,-0.027593385,0.023001712,0.045731626,-0.056998346,0.111513123,-0.009937222,-0.063010857,-0.110452592,0.116284601,-0.032189649,0.154095218,-0.034231376,-0.056123558,0.021142056,-0.042616501,0.029111559,0.115069099,0.029499359,0.042999782,-0.040020175,0.039483797,-0.044802736,0.026069935,0.019138349,-0.051525056
E:\Project\Fake News Detection\images\real\1445.jpg,real,train,0.583857298,0.698151588,-0.064191125,0.048223674,0.119587138,-0.021904351,0.01527182,-0.066240534,0.128747836,-0.047499619,-0.01976848,-0.035740659,-0.108247712,-0.15283744,0.148987725,-0.100895144,0.005138839,0.021052247,0.008884287,0.116771571,-0.000327129,-0.073796019,0.226259694,-0.017736882,0.006320265,-0.047808036,0.130627349,-0.051257089,-0.039455868,-0.125830039,0.05751764,0.066989891,0.051269829,-0.002878486
E:\Project\Fake News Detection\images\real\1448.jpg,real,train,0.865338504,0.88960278,0.450369328,0.264956892,0.177531376,-0.026550453,-0.026033152,0.126407459,-0.306362659,-0.012488307,0.100504912,0.054524589,-0.109033138,-0.010243786,-0.015220164,0.032521185,0.117073402,-0.092151403,-0.047597513,0.05529784,-0.018150333,0.037083007,0.021474298,0.081360139,-0.020202087,0.021646919,-0.018641753,-0.013762112,0.081744768,-0.04995529,-0.029200744,-0.012937288,0.010089475,-0.039108656
E:\Project\Fake News Detection\images\real\1456.jpg,real,test,0.53753531,0.578530252,-0.280084014,0.110275686,0.090769291,-0.055763185,0.029169241,0.045235243,0.01100822,-0.063336894,0.024680821,0.040628031,-0.031625353,-0.063378349,-0.038530406,-0.038361114,0.010478377,0.012466296,-0.094207883,0.163405463,0.054173693,0.038429532,0.019423123,-0.006713375,-0.153425872,0.103077419,-0.040986903,0.005061775,-0.042146847,-0.023250662,-0.04997842,-0.069120236,-0.02594512,0.018507808
E:\Project\Fake News Detection\images\real\1459.jpg,real,train,0.670813024,0.72979188,-0.37704289,0.036695402,0.196277961,-0.194901481,-0.125784561,0.028025148,0.042342734,0.150485501,-0.173970535,0.028276529,-0.208041131,-0.19500798,-0.102606006,-0.15816997,0.053305391,-0.16438666,-0.124770999,-0.046657171,-0.019960549,0.089228749,-0.079751186,-0.021285737,0.003420913,0.086296044,-0.079720467,0.108095579,0.013984375,0.089799948,0.175084174,-0.049973365,0.038613331,0.081215203
E:\Project\Fake News Detection\images\real\1471.jpg,real,train,0.54060632,0.569498062,-0.087064251,0.246890992,-0.185698494,0.068503909,0.02539847,0.030212536,-0.072483882,-0.146647647,-0.101360999,0.076242521,0.078813516,0.047629222,0.13304922,0.037069187,0.023608213,0.007752892,-0.123299263,0.070747256,-0.044327356,0.07612063,0.098182634,-0.081140429,0.007617354,-0.017547632,0.062531441,-0.047769785,-0.004385681,-0.018282441,0.075063951,-0.057332329,0.015786802,0.042822976
E:\Project\Fake News Detection\images\real\1472.jpg,real,train,0.549912333,0.569385767,0.113466613,0.117806181,0.075931214,0.020751484,0.04576353,-0.165646866,0.067822106,-0.119865425,-0.172737777,0.026889866,0.044838164,-0.040196855,0.164872691,-0.041458908,0.07119219,-0.030833438,0.004344453,-0.016989416,0.090192899,0.080988862,-0.028385045,0.062535487,0.000737768,0.044613894,-0.003774695,0.026664861,-0.041849714,0.037517413,0.015135218,-0.04086116,0.051286183,-0.038055457
E:\Project\Fake News Detection\images\real\1475.jpg,real,train,0.686991096,0.740097761,0.222070932,0.132306054,0.13206245,0.148576185,0.059881546,-0.170949161,-0.116107017,-0.03708652,0.147916779,0.19040601,0.065072373,-0.084038883,0.029677326,0.150090039,0.000409778,0.066797771,0.047158003,-0.06362991,-0.037075557,-0.002316752,-0.146226496,-0.263366431,0.044469185,-0.009069111,-0.030151952,0.084640861,-0.074409723,0.047735177,0.007460031,-0.010784499,-0.06448397,-0.030235302
E:\Project\Fake News Detection\images\real\1478.jpg,real,train,0.728742003,0.766244292,-0.010662781,-0.269902825,-0.070653059,0.374644071,-0.042082917,0.090254925,-0.157187402,-0.038311739,0.052954279,-0.060709801,0.070057675,0.038291331,0.110741906,0.058033992,0.088091053,-0.002948717,-0.01592564,-0.007929765,-0.029894676,-0.018344779,0.001235425,-0.089652807,0.079103895,0.05083153,0.061541349,-0.035505805,0.003157563,-0.022130985,-0.00012583,0.008029558,0.072531909,0.022997851
E:\Project\Fake News Detection\images\real\148.jpeg,real,train,0.659751773,0.75170958,-0.33100158,-0.018870041,0.194804177,-0.077752337,-0.187214673,0.197143003,0.109063171,0.025650637,-0.054926336,0.043865047,-0.08615122,-0.003222361,-0.089129202,-0.07582403,-0.044385944,0.124173909,-0.047273785,0.130776212,-0.077599868,0.083804734,0.064699151,-0.072649032,-0.041567732,0.056313939,0.012448416,0.006823665,-0.040376544,-0.044457786,0.005398504,-0.048748236,0.009243534,-0.036655027
E:\Project\Fake News Detection\images\real\1485.jpg,real,train,0.691850543,0.696436644,0.073729791,-0.263513207,0.165672362,0.268238932,-0.043083813,0.005545733,0.03314916,-0.031947259,0.102788471,-0.113248967,0.034501821,0.079753228,-0.001070273,-0.008838306,0.073850624,-0.081944436,-0.082080685,-0.016158888,-0.01963239,0.030424172,-0.113614827,-0.113578729,0.140965044,0.008338594,0.073935598,-0.016033325,-0.063778058,-0.099000074,0.056161452,0.053306732,-0.013480227,-0.097311012
E:\Project\Fake News Detection\images\real\1488.jpg,real,train,0.931037426,0.979961693,-0.462360173,0.128346547,0.223778069,-0.29626742,0.046031512,0.016069625,-0.084787369,0.191682488,0.207458988,-0.302463412,0.18668595,0.003970125,0.12007381,0.176686317,-0.001482769,-0.005375635,0.097421788,0.033741932,0.097517475,0.033806436,-0.018814826,0.026774034,0.024615141,0.023606647,0.024099655,-0.018095968,0.039917506,0.075629219,0.036651265,-0.011513494,0.010070096,0.060295809
E:\Project\Fake News Detection\images\real\149.jpg,real,test,0.571217418,0.576852202,-0.051454138,-0.004790157,0.166179568,-0.008915905,-0.25675571,0.035805125,0.301389515,-0.034789208,-0.13268888,-0.080878146,-0.16153717,-0.192806274,0.053792812,0.050491601,-0.097070754,0.08373528,0.080817148,0.095540985,0.00732623,0.053017221,0.113177463,0.003869236,0.04109101,0.000316991,-0.076642253,0.063050047,-0.059846789,-0.060465582,0.010088302,0.090897776,0.049574524,-0.032819428
E:\Project\Fake News Detection\images\real\1493.jpg,real,train,0.695200086,0.730874598,0.152459726,0.133676082,0.101758942,0.22316967,0.001587654,-0.253803819,-0.00661122,0.168496832,0.05946485,0.078834981,-0.021875259,-0.073323168,-0.021537339,-0.015352491,0.044337425,-0.060304381,0.057485364,-0.107368447,0.032541249,-0.026457319,0.006913679,0.078546494,0.110025562,0.019397989,0.070213258,0.018718831,0.009832223,0.07770405,-0.053834062,-0.071323335,0.065513358,0.016737042
E:\Project\Fake News Detection\images\real\1495.jpg,real,train,0.674531519,0.697208345,-0.071949482,-0.234148338,-0.199936688,0.099966027,0.113626242,-0.029530415,-0.050425723,0.171329811,-0.01900785,-0.019941907,-0.181660682,-0.094511107,0.111069962,0.038474131,0.001696971,0.083661877,-0.014462245,0.019474167,0.101531506,-0.012358206,0.095974945,0.100715205,-0.180159122,-0.079996288,-0.150934786,-0.060424238,-0.053717922,0.008772941,-0.010732515,0.0336935,0.024035111,0.147061497
E:\Project\Fake News Detection\images\real\1498.jpg,real,train,0.769257963,0.807556033,-0.091902189,-0.281703711,0.016304057,0.329630226,-0.042117052,0.079137437,-0.04801593,-0.116333231,0.063199386,-0.143125042,0.011085132,-0.000474577,0.045398086,-0.023096783,-0.023988971,-0.145537332,-0.024819253,0.051800761,0.046644218,0.056847148,0.036014833,-0.016073072,-0.006140997,0.130356953,-0.015234798,-0.06160922,0.04054746,-0.030899882,-0.009250741,-0.073375136,-0.013202687,-0.007272924
E:\Project\Fake News Detection\images\real\1514.jpg,real,train,0.471500874,0.52189523,-0.122105248,0.093615994,0.177964464,-0.051952083,0.045685384,-0.031029958,0.168481126,-0.068268187,-0.101380028,0.183114871,0.113995574,0.038194627,0.188426048,-0.090118229,0.164964467,-0.037489764,0.042868625,-0.16211462,0.144411579,0.117612027,0.130204871,0.070274569,-0.05619698,0.119057864,-0.051169079,0.026959656,-0.090745002,-0.105402745,-0.019841233,-0.15986383,0.012773325,0.01524159
E:\Project\Fake News Detection\images\real\1516.jpg,real,train,0.690606654,0.706829846,0.033274222,-0.04646606,0.16099523,-0.100837827,-0.094065577,-0.115524553,0.036022898,-0.070297629,0.153200433,0.039417196,-0.030641483,0.067141011,0.006432493,-0.04648412,-0.186521798,0.033932008,0.073598869,0.030326134,0.060911801,0.098246336,0.028479362,-0.059676919,0.020513415,0.072549552,0.000417781,-0.052923914,0.021804001,0.061199091,-0.046797942,-0.049234673,-0.115516081,-0.093685508
E:\Project\Fake News Detection\images\real\1521.jpg,real,train,0.656805158,0.72039479,0.07543768,0.056419671,0.10388431,0.141322091,-0.029808233,-0.214417726,0.047961306,0.056395467,0.123053193,0.051385086,0.029772883,0.007675943,-0.127906457,-0.137381956,0.028532466,0.081505239,0.069050193,-0.011417685,-0.052285403,-0.061941963,-0.07676927,0.056464776,0.0947394,0.045955475,-0.005014094,-0.036843862,0.058534328,-0.028234623,0.015282314,-0.036823291,-0.049451943,-0.031646222
E:\Project\Fake News Detection\images\real\1536.jpg,real,train,0.724753141,0.758663058,0.211963609,-0.013676621,0.129329786,-0.047618221,0.227902979,0.058774624,-0.098340563,0.028208874,-0.158740059,-0.078923166,0.136056975,0.076517858,0.004208802,0.053918142,-0.032495156,0.069040328,-0.169998422,0.11099647,-0.089223176,0.124202251,0.148990035,-0.06473507,0.077079847,-0.005377842,-0.05798978,0.108058363,0.052786529,0.002359983,0.065829597,0.088054307,-0.03499914,0.061947573
E:\Project\Fake News Detection\images\real\1556.jpg,real,train,0.618238688,0.773374617,-0.13836658,0.014834612,0.03241618,0.117610648,0.10630627,-0.112889938,-0.056815114,0.140402749,-0.049174197,0.026904009,-0.097564861,-0.09562505,0.006203957,0.011596014,-0.036346089,-0.071410105,0.056093786,-0.006054131,0.080394819,-0.097480327,0.16560927,0.028702252,-0.169136718,-0.146808445,0.200605839,0.052945822,-0.056342643,-0.033640638,-0.096815236,0.002285307,-0.055024952,-0.056880649
E:\Project\Fake News Detection\images\real\1566.jpg,real,train,0.652787983,0.67255044,-0.42007941,0.026006097,0.259128124,-0.313487351,-0.104470789,0.051603168,0.026342211,0.125347942,-0.054485336,-0.02300884,-0.049531993,-0.084943779,0.022274006,-0.039860137,0.10113956,-0.136658683,-0.09415181,0.008527226,-0.028257027,-0.006811173,-0.070765324,-0.026433753,0.07895647,0.077569328,-0.055956889,0.012537194,0.015720626,0.019559497,0.129008785,0.006351369,0.039744031,-0.035355583
E:\Project\Fake News Detection\images\real\1569.jpg,real,train,0.723386168,0.73321569,0.027885538,-0.308204472,0.219204456,0.304222047,-0.075768702,0.032745276,-0.119768545,0.166356996,-0.015255972,-0.081088707,0.000288874,0.019416787,0.041423749,-0.029662982,-0.06004411,0.022967659,0.045574307,-0.078575626,-0.090694711,0.007625174,-0.028529966,0.022846283,0.076296255,-0.08431159,-0.033650164,0.022508776,-0.132789552,-0.005278146,0.017275764,-0.015926247,-0.008599662,-0.012848103
E:\Project\Fake News Detection\images\real\1578.jpg,real,test,0.620864511,0.638888299,-0.231596053,0.058834262,0.216798216,-0.044726044,0.026989195,-0.042635053,0.041817732,-0.150722235,0.054666247,0.149530023,0.059334029,0.044001557,0.106187202,-0.058491353,0.004474051,0.165877432,0.086421035,-0.122372903,0.218264312,0.024994373,0.070974305,0.002398536,-0.028769962,-0.03746004,-0.007394105,-0.09347105,0.003967531,-0.027253956,0.039788112,-0.108676031,-0.032607578,-0.037454151
E:\Project\Fake News Detection\images\real\1585.jpg,real,train,0.617879391,0.63366282,0.059580635,0.071255311,0.011044849,0.184320629,-0.053534977,-0.236377344,-0.060933772,0.197095782,0.060043387,-0.019588329,-0.038642179,-0.090431891,0.075752512,-0.113041669,0.010954739,0.011171418,-0.0549297,-0.008053387,-0.016917625,0.022016354,0.043323353,0.033333752,-0.028189581,-0.117169686,-0.019448176,-0.126834899,-0.073225625,0.067551076,-0.038319476,-0.02487964,-0.026445163,0.117113113
E:\Project\Fake News Detection\images\real\1586.jpg,real,train,0.60012424,0.641749978,-0.031200496,0.151662514,0.238962337,-0.090916261,-0.022897184,0.081995644,-0.067539461,-0.054316957,-0.091337882,0.136398777,0.139269099,0.141952708,-0.087649174,-0.031075215,-0.156820342,0.082737058,0.014432282,0.127321854,-0.077399567,-0.076474339,-0.118624426,0.054731634,-0.044922072,0.097804591,-0.013126366,0.048199266,-0.073835418,0.03735074,-0.044679508,0.052886054,0.006700412,-0.018210189
E:\Project\Fake News Detection\images\real\160.jpg,real,train,0.625501752,0.641695142,-0.088088579,0.192044184,-0.326152056,0.039577436,0.019725572,-0.040131528,-0.078612477,-0.12238194,-0.072603941,-0.028225221,-0.047338497,0.04417827,0.090396397,-0.057684876,-0.027441917,-0.041002478,0.073329374,0.040553786,0.026320996,0.106740601,-0.060560737,0.014736726,0.038773254,-0.108632445,-0.077596955,-0.048463162,-0.047600828,-0.006973856,-0.023680152,-0.044568978,-0.013185215,0.034283388
E:\Project\Fake News Detection\images\real\1604.jpg,real,train,0.635190308,0.821002841,-0.299295008,0.154267192,0.173079118,-0.272001922,-0.049706701,-0.026140541,0.004664347,0.16528593,-0.127079502,-0.005480237,-0.074853398,-0.209569708,-0.10460937,-0.165110543,0.071331427,-0.139608085,-0.099088825,-0.022234512,-0.084393278,0.157298669,-0.107094839,-0.065587446,0.016310414,0.048188422,-0.153982475,-0.035375323,-0.071636945,0.045139488,0.00330853,-0.002442639,0.07426063,0.109890386
E:\Project\Fake News Detection\images\real\1608.jpg,real,train,0.800121963,0.871189296,-0.115240142,-0.150994256,-0.030724231,0.332066417,-0.036446832,-0.079301901,-0.155073002,0.004299731,-0.042866305,0.043210983,-0.116800733,0.06676691,-0.157710344,0.093412064,0.090766184,-0.229240686,0.01422445,-0.003409216,-0.009638184,0.088618435,0.117842786,0.015983798,-0.018356957,0.028439578,0.025215918,0.036284532,0.116044551,-0.02180415,-0.003244075,0.046438884,0.059690468,0.036061462
E:\Project\Fake News Detection\images\real\1620.jpg,real,test,0.740367293,0.800841987,-0.356719881,0.060480811,0.25952509,-0.199139446,-0.028266564,0.078568622,0.068280935,-0.031910971,-0.136786446,0.093188941,0.099190727,0.044094175,0.148804188,-0.057837401,0.161335588,-0.057805188,-0.045779776,-0.111093037,0.11673221,-0.001464194,-0.026683506,-0.011200801,0.015869588,0.032820188,-0.045654528,0.012877814,-0.096926972,-0.095261574,-0.115516499,-0.03209202,-0.017488644,-0.034945317
E:\Project\Fake News Detection\images\real\1622.jpg,real,train,0.954461396,1,0.139756396,-0.192361698,0.237789094,-0.022937525,0.405284613,0.056588847,0.301325291,-0.175420448,0.091029696,-0.124711968,-0.098400891,-0.192250356,0.120060474,-0.0229959,-0.0954611,-0.157598078,-0.004500825,-0.011040726,-0.23096554,0.082253486,0.050084829,0.072548799,-0.077288568,0.100996241,0.118121751,0.027542915,-0.003304293,0.032937128,0.010741364,-0.011862003,0.033251271,-0.016679399
E:\Project\Fake News Detection\images\real\1628.jpg,real,test,0.798023641,0.823227048,0.023512453,-0.062965415,-0.187030584,0.177924871,0.199077174,0.065606371,0.168061286,0.356191546,0.149653941,0.104384586,-0.043128032,0.049396269,-0.029645745,-0.032974202,0.073113337,0.026505211,-0.073625103,0.06478864,0.047314763,-0.035914402,0.063656107,-0.012040436,0.002401076,-0.072237469,-0.022595881,0.034155991,-0.035988353,-0.030043811,-0.042061947,0.019326568,-0.029704042,-0.056671642
E:\Project\Fake News Detection\images\real\1632.jpg,real,train,0.700725555,0.71592474,0.282572418,0.19739747,-0.01087128,-0.09954723,-0.023940768,-0.101907201,-0.156020552,0.127559319,-0.011617128,0.014869394,0.169430241,0.034196898,0.084062785,0.014294758,-0.062993929,-0.100800723,0.047415659,0.085583538,-0.108585626,0.086220942,0.092667513,0.025875723,0.006741006,0.124994911,-0.107732572,-0.080289267,-0.052947294,-0.010227831,0.00878526,0.105848409,-0.010601006,0.104061127
E:\Project\Fake News Detection\images\real\1634.jpg,real,train,0.776083887,0.816143155,0.222953051,0.225464061,0.117347017,-0.014251068,0.03259429,-0.118496992,-0.061475765,0.023341991,-0.164697766,0.050099276,0.189143807,0.059553884,0.04014571,0.014933947,-0.064952679,-0.027811723,-0.137992918,0.166675195,-0.01338255,0.097325504,0.188033447,-0.036234133,0.05228857,0.03950822,-0.052547868,0.024312932,0.006720698,-0.021645006,0.156844303,-0.007297682,-0.021625521,-0.10216888
E:\Project\Fake News Detection\images\real\1640.jpg,real,train,0.718962312,0.725566149,-0.374725014,0.125920415,0.107437678,-0.210694015,-0.020013522,0.11914888,-0.119130686,0.174274027,0.07255926,-0.269192904,0.143734261,-0.011513547,0.161208346,0.072056487,0.097559266,-0.122580186,0.205682963,0.144066378,0.0026324,0.037373856,-0.012202445,0.01907414,0.039274666,-0.128780469,-0.057698645,-0.027065473,-0.02596614,0.004124644,0.01570108,-0.073858157,-0.013484661,0.077167213
E:\Project\Fake News Detection\images\real\1642.jpg,real,train,0.716657937,0.758851528,-0.32552439,0.085494265,0.260412365,-0.299856275,-0.093879119,0.068923503,0.07601618,0.095310166,-0.104572691,0.000212536,0.116042368,0.054658763,0.193398595,-0.014238712,0.170131505,-0.130855471,-0.074533902,-0.0506326,0.026337627,-0.059521168,-0.003493252,-0.035381917,0.066387907,-0.033039615,-0.03185904,0.053913198,0.030804817,0.031147594,0.028913483,0.009444213,0.002893562,0.015032493
E:\Project\Fake News Detection\images\real\1666.jpg,real,train,0.643142223,0.667874157,-0.295456767,0.030577105,0.266244501,-0.242390528,-0.04496026,0.086963676,0.130271822,-0.01862748,-0.13373059,0.138381854,0.109635159,0.078352466,0.235314488,-0.062013712,0.151311859,-0.151635379,0.040674862,-0.134953484,0.102334812,0.074597038,0.005228049,-0.011795528,-0.027363036,0.012431198,0.057164721,0.086658411,-0.090074912,-0.12116503,-0.073141485,-0.039656755,-0.003014686,-0.053129032
E:\Project\Fake News Detection\images\real\167.jpg,real,train,0.554427445,0.632741094,-0.19508259,0.017163053,0.016484765,-0.157941625,0.077261582,-0.134246632,-0.118210152,-0.017107535,0.030427184,-0.073114015,-0.09010984,-0.06941811,-0.25773263,0.093175724,0.039289735,0.058641016,0.020487821,-0.123160541,0.050875109,0.00985581,0.059338301,0.038588997,-0.003230308,0.066727914,0.140924498,-0.01317391,0.006758356,-0.026378335,0.096850075,-0.0063793,0.068290778,-0.115502171
E:\Project\Fake News Detection\images\real\1678.jpg,real,test,0.910902202,0.934528053,0.2407929,0.075687014,0.099154383,0.058394767,-0.402119696,-0.07108146,0.389587283,0.050629817,0.045548264,-0.053884741,-0.038082384,-0.107473031,-0.037485026,0.09780027,-0.05370988,0.140761942,0.117908344,-0.041928947,0.025902525,0.022898458,-0.040023874,-0.043222554,0.064655885,-0.008269699,-0.059008792,-0.000241093,0.003336467,-0.091559961,-0.023142956,-0.039188914,0.038945571,0.039855763
E:\Project\Fake News Detection\images\real\1679.jpg,real,train,0.638585925,0.701351285,-0.160584226,0.051589768,0.118556201,-0.070431769,-0.056947518,0.057860687,0.174004391,0.11355345,-0.089150645,-0.02389173,0.029846236,-0.101593539,0.011464867,0.009201346,0.046864349,-0.097678572,0.1056692,0.046925068,0.022325082,-0.04906651,0.078177333,-0.033716269,-0.016827801,0.01812551,0.152271464,-0.035748061,-0.101456083,-0.147327974,0.057963096,0.033072546,0.041154861,-0.098592877
E:\Project\Fake News Detection\images\real\168.jpeg,real,test,0.840228677,0.87783885,0.041264445,0.094265625,-0.472450465,-0.080591977,-0.135223061,-0.089227013,0.004273655,0.001046684,0.094531283,-0.037238054,-0.049978066,-0.065840006,0.122222349,-0.111185402,-0.138754472,0.012028639,0.068121672,-0.080575109,-0.058362719,0.068227209,-0.07057555,0.034345742,-0.083484009,0.105057321,0.025119523,0.079087965,0.054498054,-0.080280542,0.055906083,0.009563968,0.005218282,-0.071106486
E:\Project\Fake News Detection\images\real\1688.jpg,real,train,0.682364225,0.695819974,-0.043440733,0.007613514,0.053691745,0.044747565,0.13909553,-0.131873176,-0.106983677,-0.081697963,-0.129084975,-0.065517105,-0.22832039,0.057871204,-0.083191715,0.06565509,-0.06124017,-0.078548014,0.157562509,-0.146749094,-0.009318757,0.032886691,0.032140676,0.05464362,0.135369822,-0.219058707,-0.016504433,0.127575889,-0.089138396,0.136407375,-0.061764348,0.029844262,0.041557848,-0.147009417
E:\Project\Fake News Detection\images\real\169.jpg,real,train,0.689612746,0.706081152,0.126582772,0.179463848,-0.256365687,0.064973518,0.196910009,0.256670356,-0.028548332,0.019990643,-0.085908845,0.084617332,0.021537276,0.047196232,-0.063940749,0.081691094,0.027468817,0.007883955,-0.068372846,0.05702205,0.032063715,-0.003174799,-0.030513521,0.062013727,0.094831795,-0.007491938,0.004658298,0.01937959,0.070856251,-0.008284767,-0.043052923,0.049125057,-0.123820849,0.027603738
E:\Project\Fake News Detection\images\real\1693.jpg,real,train,0.923786044,0.938792348,-0.048118118,-0.426154822,-0.133019924,0.14624989,-0.182855546,0.024933757,-0.055923771,-0.083269373,0.04314401,-0.044973761,0.113856278,-0.063181773,-0.010465737,-0.008208145,0.034898471,-0.090352073,-0.026868382,-0.047732212,0.056667972,-0.029253768,-0.023255672,-0.017456308,0.094452612,0.013100554,0.019117484,-0.025849231,-0.020105287,0.044881292,0.018268446,-0.070925549,-0.026086438,-0.072657533
E:\Project\Fake News Detection\images\real\1697.jpg,real,train,0.782367051,0.800014377,-0.056228999,-0.216296375,-0.036322471,0.408296406,0.017151495,-0.031103486,-0.048631683,0.202636138,0.026995048,-0.019563081,-0.050606422,-0.047211755,0.046950787,0.029422116,-0.00189913,-0.025027333,-0.033542443,-0.049070593,0.021094168,-0.103200592,0.083093941,0.041131292,-0.099458352,0.008653915,-0.030648239,0.002240717,-0.102624722,0.058972441,0.011292418,0.003817652,-0.036254656,0.047559187
E:\Project\Fake News Detection\images\real\1701.jpg,real,train,0.592372119,0.637130022,-0.165492266,0.012404046,-0.004680626,-0.002058049,0.109092526,-0.178959191,-0.074744128,-0.064030781,0.128996804,-0.014223669,-0.003571321,-0.000972834,0.035199419,0.119555846,-0.196255744,0.072740056,0.014517472,0.127399206,0.017415216,0.0739654,0.034526467,0.109211288,0.064991139,0.022992345,-0.142752409,0.023768809,-0.052503582,0.064525336,-0.060637437,-0.132511094,0.000179658,0.088967837
E:\Project\Fake News Detection\images\real\1706.jpg,real,train,0.819720745,0.868675113,0.217490271,-0.051082194,-0.11595954,-0.2713072,-0.211156532,-0.274815023,-0.064849891,0.145166785,0.056258082,-0.001345561,0.030642943,0.073035397,0.164447173,-0.157592729,-0.087700836,0.015323673,-0.083587848,-0.07796105,-0.065179497,-0.052505415,-0.050699621,-0.048139323,-0.064906582,0.131418064,-0.011707685,0.045509584,0.099887878,-0.104028009,-0.030668138,-0.033726647,0.003314592,0.022748485
E:\Project\Fake News Detection\images\real\1715.jpg,real,train,0.72364819,0.833261251,0.051467597,-0.176919028,-0.238220185,-0.196510538,0.011481739,-0.16549544,-0.021806326,-0.082438901,0.068740055,0.048342977,0.070117958,-0.060994081,-0.049301602,-0.029438974,0.022194017,0.012296178,-0.004493719,0.036445662,0.039910428,0.08122173,0.030487413,0.02553723,0.003018156,-0.019787757,-0.047897223,-0.054490708,-0.013969352,0.045625754,-0.02993172,-0.14267309,-0.043203909,-0.04685929
E:\Project\Fake News Detection\images\real\1727.jpg,real,train,0.719912171,0.753166318,-0.025607741,0.30528459,-0.373407453,0.246324793,-0.037272878,0.092634037,-0.040897146,0.139810845,0.140209571,-0.037218262,0.091361284,-0.095959932,-0.000719122,-0.004117289,0.02942401,0.096324943,0.029486295,-0.120863743,-0.076990597,-0.049970295,0.045786895,0.087960921,0.03389699,0.011089196,0.013512268,0.105081283,-0.036906574,0.010227131,-0.005183252,-0.031313732,0.004862776,0.027434442
E:\Project\Fake News Detection\images\real\173.jpg,real,train,0.794147372,0.876576006,-0.08889842,0.059608489,-0.017717863,0.204631075,0.084455222,-0.214808032,-0.095452875,0.062626518,-0.010385399,0.074879505,-0.129562512,-0.080426365,-0.017340597,0.03289691,0.058447894,-0.074013822,0.066502348,-0.056386314,0.048030619,-0.074518591,0.125151083,0.119675636,-0.047895685,-0.006188698,0.050937541,0.007708807,-0.068863004,0.089957826,-0.041855767,-0.124475509,0.035467483,-0.05190637
E:\Project\Fake News Detection\images\real\1731.jpg,real,train,0.744158089,0.769882381,-0.101095654,0.323894471,-0.271199405,-0.001510819,0.065258712,0.162401855,-0.041375153,-0.096775472,0.115935415,-0.112338975,0.184566706,-0.014002702,-0.217604309,0.03670539,-0.085235156,0.032969799,-0.077699035,-0.143630207,0.069241501,0.111262523,0.104260743,0.075139917,-0.066732265,0.001014101,-0.048456226,-0.126869127,-0.071738422,-0.181187719,-0.023470296,0.064982675,0.16739203,-0.075269692
E:\Project\Fake News Detection\images\real\1745.jpg,real,test,0.734540761,0.852578342,-0.173563093,0.017127939,0.060704965,0.179813281,0.189134851,-0.202074319,-0.025913244,0.053729765,0.128226817,0.059681281,-0.025404613,-0.271979362,0.127878219,0.080137998,-0.134185031,0.058205757,0.008824628,0.059690163,0.017452702,-0.128058955,0.178693861,0.113567367,-0.102882475,0.027140802,-0.046247736,-0.041164592,-0.052509405,0.123883709,-0.060839683,0.007890943,-0.071675085,0.021903321
E:\Project\Fake News Detection\images\real\1749.jpg,real,test,0.626942515,0.66012466,0.060491905,0.14542307,0.174976975,0.055834606,-0.009141915,-0.227714449,-0.067657411,0.193697259,0.065978155,0.130953372,-0.088894196,0.190899193,-0.102913409,0.074193038,-0.113465726,-0.08132498,0.063952714,0.025226995,0.03432969,0.04998605,-0.001334151,0.081325889,-0.03802735,0.036359057,-0.01565163,0.066059284,-0.017626122,-0.138488054,-0.093637154,0.010785978,0.042876162,0.091764607
E:\Project\Fake News Detection\images\real\1767.jpg,real,train,0.749367237,0.948694825,-0.040120602,0.265226781,-0.346216232,0.118121393,0.056364279,-0.022670968,0.053866133,-0.031797726,-0.073768124,-0.024139071,0.040558331,-0.036857411,0.024235304,-0.083040372,-0.038792346,-0.10898146,0.135775626,-0.074907057,0.016584009,-0.137011945,-0.083515354,0.106743962,-0.044634588,0.036067694,0.054189794,0.121559411,-0.001308142,0.126353145,-0.059689645,-0.036415521,0.039884739,-0.039127059
E:\Project\Fake News Detection\images\real\1787.jpg,real,train,0.67491591,0.723258138,-0.034328397,-0.229259551,-0.218451098,0.001646688,0.04866039,-0.053247329,-0.038660366,-0.141287193,-0.126040235,-0.09765406,0.022293126,-0.028094312,-0.076253675,-0.058648881,0.244085804,-0.013418057,-0.014718462,0.206010267,0.053173952,-0.046545133,-0.002387775,0.033634137,0.058490213,0.054215204,-0.001018647,-0.014084822,0.021319957,0.024669873,-0.058217715,0.023768466,-0.027895175,0.059024863
E:\Project\Fake News Detection\images\real\180.jpg,real,train,0.683165431,0.716973782,0.036001783,0.120550923,0.103258125,0.05062028,-0.227104366,0.033083543,0.249018282,0.012330505,-0.054492313,0.000939012,-0.053690381,0.045729861,-0.041965432,-0.05731751,-0.005073921,0.072754778,0.096083194,0.110246226,-0.020960907,0.055072829,0.061707247,-0.021060152,-0.042703521,-0.078784898,0.133811772,0.006841798,0.095495947,-0.018737776,0.075325094,0.112456948,-0.006318857,-0.076339908
E:\Project\Fake News Detection\images\real\1800.jpg,real,train,0.485917568,0.504354656,-0.165267378,0.079526119,-0.030701494,0.038123138,0.090772621,-0.144738302,-0.003343195,-0.130854398,0.130588651,0.054300372,0.108839892,-0.090992242,-0.101387873,0.011976939,-0.013765081,0.250396401,-0.010970376,0.134956658,0.028558064,-0.123919003,-0.018520106,0.010809056,-0.065950781,0.014962985,-0.106343225,0.034718037,-0.125998273,0.074610673,-0.05511079,0.001213794,0.162507012,0.017702056
E:\Project\Fake News Detection\images\real\1806.jpg,real,train,0.653789639,0.677063704,-0.132681951,-0.04102141,-0.107769482,-0.056289133,0.102348119,-0.180742785,-0.028738651,-0.189338997,-0.088473223,-0.097808711,0.106496416,-0.106074058,-0.181224018,-0.107560433,0.228545442,0.124876291,-0.01302642,0.127604246,-0.038472164,-0.144457743,0.086230531,0.102416262,0.116346098,0.00791231,0.069194123,0.095044948,0.077503406,-0.037386373,-0.081733391,-0.055492513,0.002666296,0.083461501
E:\Project\Fake News Detection\images\real\1807.jpg,real,train,0.672195554,0.69833523,-0.012790507,0.031479962,-0.018655455,-0.068753392,0.084163375,-0.241984859,0.012326768,-0.240157872,-0.008147588,-0.102533124,0.069410823,-0.060248584,-0.117320083,-0.193238392,0.269271791,0.115919024,0.075637981,-0.000132884,-0.057039659,-0.173613593,0.039934002,0.027841056,0.094141051,0.018167611,-0.001030517,0.122360088,-0.006192036,-0.013360268,-0.125599697,-0.078562483,0.018332595,0.153115064
E:\Project\Fake News Detection\images\real\1810.jpg,real,train,0.381396919,0.445933104,-0.137151316,0.050672803,0.030825732,0.060780689,0.005655889,-0.186221153,-0.018317321,0.009612979,-0.133580565,0.031465929,-0.135539904,-0.032220241,-0.028428389,0.201328561,0.02976984,0.125246555,-0.059025597,-0.068531282,-0.067220986,0.009239536,0.052834332,0.042525154,0.189682797,-0.023275979,0.019583205,0.043602493,0.014914557,-0.044859871,-0.027200727,-0.071442097,-0.060090438,-0.10463196
E:\Project\Fake News Detection\images\real\1817.jpg,real,train,0.680969357,0.738452971,-0.024930494,0.116241202,-0.098785944,-0.024922676,-0.034548491,-0.204402626,0.038569961,-0.073337041,0.018658331,-0.229319483,-0.217238575,0.067047328,0.001060425,-0.083255261,-0.072595581,-0.119059287,-0.191204384,-0.110295914,0.156875819,-0.108822376,-0.006235299,0.096713349,0.058789745,-0.203333929,0.000309906,-0.006911523,0.045183133,-0.105855197,0.030157447,0.072213538,-0.085362203,0.033703905
E:\Project\Fake News Detection\images\real\1818.jpg,real,test,0.6723665,0.709257543,-0.025888659,-0.250903696,-0.00164653,-0.370739788,-0.061709274,-0.053296238,-0.026367147,0.149940178,-0.000236019,-0.178471372,-0.056681033,0.131527752,0.101688027,-0.055327881,-0.046553835,0.128160462,-0.075190097,-0.075574368,-0.074530154,-0.111628525,-0.039506149,-0.027842566,-0.008084878,0.076402873,-0.064507648,0.102460705,0.072077133,-0.071690269,-0.04666888,-0.083518058,-0.049716525,-0.008396149
E:\Project\Fake News Detection\images\real\1824.jpg,real,train,0.842086613,0.907967091,-0.021831844,-0.337473512,-0.076033145,0.32524848,-0.137733534,0.016945792,-0.040585317,0.046624318,-0.007419155,-0.129590884,0.089105614,-0.037927803,0.111183867,-0.008482127,0.020627633,-0.011305297,-0.051039822,-0.059668146,-0.02839062,0.032919198,-0.004023639,-0.056096237,0.064825043,0.061011203,-0.014659584,-0.048407804,0.035539977,0.069157347,-0.004722568,0.037346084,0.020551207,0.005773269
E:\Project\Fake News Detection\images\real\1825.jpg,real,train,0.613589168,0.631123781,-0.076593235,0.113924228,-0.048224423,0.040313534,-0.000473669,-0.204971671,0.036461767,-0.098121241,0.002463772,-0.127623171,-0.206054941,0.127647191,0.077745773,-0.005610771,-0.110314824,-0.056895196,-0.202129647,-0.061934348,0.145448312,-0.165993199,0.019219704,0.037364069,0.021152243,-0.165368363,0.053200383,0.056514308,-0.012046184,-0.132111967,0.063243434,0.028865613,-0.007317381,0.04894178
E:\Project\Fake News Detection\images\real\1829.jpg,real,test,0.90131712,0.91933924,-0.168127447,-0.259725839,0.041638181,0.445283949,-0.152330771,0.082817554,-0.018924184,0.1723205,0.066681556,-0.009942528,-0.004066143,-0.029236123,0.039757896,-0.021245841,-0.04962106,0.056430213,-0.07227239,0.003355011,-0.003615446,-0.092718802,0.028421389,0.013621256,-0.020875074,0.026620878,-0.034417599,-0.022350013,-0.120198436,0.03453894,-0.032771565,-0.041056018,-0.00492505,0.022720914
E:\Project\Fake News Detection\images\real\1841.jpg,real,train,0.498374075,0.540142775,-0.158933431,0.083738558,0.067976274,-0.093687825,-0.037273917,-0.141840205,-0.022379149,-0.064892016,0.021427149,-0.060254585,0.012185556,0.028545134,0.231774256,0.045135397,-0.059128478,0.13126117,-0.165210128,-0.052576527,0.034599043,-0.029336307,-0.047731515,0.028615864,0.041737124,0.083101511,0.040539604,0.015035883,0.050723158,-0.05491918,-0.02097694,-0.021888208,0.075209685,0.001032989
E:\Project\Fake News Detection\images\real\1848.jpg,real,test,0.619420171,0.797808647,-0.002267748,0.064763643,-0.04395467,0.03354916,0.092426166,0.073568664,0.042281941,-0.137382254,-0.141376257,-0.12188565,0.016012836,-0.18788749,-0.084047988,-0.055371005,0.072082371,0.060672615,0.122690231,0.086786404,0.099656105,0.097363956,0.073232047,-0.01083231,-0.035653673,0.043225706,-0.048413195,-0.053698629,-0.050724059,-0.139976114,-0.028862178,0.041315526,0.052351438,-0.040529616
E:\Project\Fake News Detection\images\real\1850.jpg,real,test,0.573554397,0.595789194,-0.08031182,0.016357265,-0.102401264,0.044268385,0.10977149,-0.189565629,0.073588438,-0.05465775,-0.006173782,0.019658715,-0.037558768,-0.01603093,-0.02490405,0.009704299,0.064739905,0.089903533,-0.085508987,0.069634303,0.066600218,-0.031912252,-0.073295265,0.087456711,-0.031242065,-0.005579809,-0.083591521,-0.017131418,0.047702305,0.003508389,0.012797415,0.061893448,-0.029093362,-0.101959817
E:\Project\Fake News Detection\images\real\1853.jpg,real,test,0.595441639,0.746901274,-0.112097681,-0.069979511,0.001991995,0.052833967,-0.04098187,0.081274025,0.063421935,-0.165378794,-0.14069815,-0.02415877,0.016751366,-0.005890347,0.097516984,0.119793981,0.180605933,0.002222346,-0.048835885,0.023551911,-0.079468064,0.047553211,0.115442559,0.063405856,0.029577017,-0.060494699,0.050516739,-0.065643132,0.062739499,-0.11595507,-0.066613987,0.02197681,0.113713302,-0.022056043
E:\Project\Fake News Detection\images\real\1857.jpg,real,train,0.50242573,0.508681834,-0.010433469,0.26146099,0.146598354,0.006342403,0.047474939,0.027053598,0.051153075,-0.005951115,-0.192665637,0.002749857,0.175549984,0.051296089,-0.131284609,-0.070455581,-0.062312335,0.041718241,-0.153837636,0.109978884,-0.04540804,-0.028180286,-0.201055244,0.032748304,-0.091642261,0.10970927,0.077442788,-0.100349404,-0.048100676,0.027433962,0.01803956,-0.033338517,0.049016286,0.073535323
E:\Project\Fake News Detection\images\real\1859.jpg,real,train,0.637960494,0.662977815,-0.111588225,-0.181964099,0.081046872,0.248311624,-0.076082066,0.091496587,-0.011291848,-0.145092398,0.117523104,-0.133340195,-0.045333393,0.113248914,0.041216284,-0.01263337,-0.065587103,0.00368918,-0.023883566,0.039144661,0.007078919,-0.06829913,-0.00279572,-0.013048271,0.036536697,0.138627157,-0.02361048,0.016758483,-0.074241683,-0.030150916,-0.040476095,-0.097396068,0.031051777,0.030212695
E:\Project\Fake News Detection\images\real\1861.jpg,real,test,0.624104857,0.638460994,-0.090112306,-0.003570564,0.131054491,0.031973153,-0.035270736,0.012644954,0.071917102,-0.055054717,-0.173159167,-0.065807439,-0.152114674,-0.178323239,0.06166428,-0.036333632,-0.172986805,0.050179932,0.08035855,0.042631164,0.072173461,0.052400839,0.099885091,-0.03092324,0.158762231,-0.030458789,-0.002405669,-0.000567399,-0.067051083,-0.044943184,-0.020578697,-0.023599053,0.035983715,-0.090215407
E:\Project\Fake News Detection\images\real\1872.jpg,real,train,0.745604873,0.80154866,-0.271449685,-0.015497988,0.136598587,-0.155435055,-0.135252535,0.038980544,-0.024518665,0.158336639,-0.144780248,-0.040182475,-0.257846594,-0.260677069,-0.08637248,-0.116564676,-0.044966117,0.036815554,0.01151113,-0.076404251,0.045362718,0.061221056,0.066423483,-0.033067957,0.007485311,0.049124785,-0.066465557,0.057609353,-0.015267865,0.135358334,0.05941708,0.048493054,-0.085571468,-0.003832821
E:\Project\Fake News Detection\images\real\1907.jpg,real,train,0.709404826,0.817100644,0.004095634,0.076741256,-0.435476243,-0.131415889,-0.1509303,-0.138189062,-0.038312506,0.125269488,0.055273019,-0.036729347,-0.057023052,0.074272789,0.242779791,-0.103229843,-0.077562608,0.080624856,0.001727753,-0.137250826,-0.078747004,-0.068982378,-0.072708026,0.008421515,-0.065282114,0.129035249,-0.006858192,0.096830875,0.092047378,-0.140103877,0.010421738,0.003404952,-0.006766618,-0.021328807
E:\Project\Fake News Detection\images\real\1925.jpg,real,train,0.819283843,0.83610034,-0.166378647,-0.375140339,-0.077605002,-0.111070134,-0.261260778,0.035972599,-0.149699613,-0.093455829,0.068470001,0.044826806,0.101044811,0.029853415,-0.043423258,0.036266919,-0.01526332,-0.058406144,0.054172859,0.062208351,0.012708672,-0.077280059,-0.046266913,-0.055238385,-0.01316241,0.018251307,0.034697972,0.05654221,-0.016207313,0.030084357,0.012109009,-0.0540075,-0.039960712,-0.040662546
E:\Project\Fake News Detection\images\real\1930.jpg,real,test,0.672296882,0.727575183,-0.264389962,-0.076203384,0.010654062,0.093396097,-0.020912435,-0.02180035,-0.138064623,0.137160048,-0.063936993,0.014205866,-0.193288356,0.014684923,-0.190184414,-0.025880639,0.03032155,-0.271951079,-0.037769657,-0.025641724,-0.079162724,0.007025449,0.125684693,0.014834248,-0.111564517,0.060842652,-0.000848586,-0.0025215,0.06860017,0.021284565,0.034212202,-0.029421272,-0.027651839,0.088095233
E:\Project\Fake News Detection\images\real\1933.jpg,real,train,0.781451285,0.791813135,0.041207097,0.087863021,-0.063133568,0.119635336,-0.095185101,-0.079059191,0.120156057,-0.180374354,0.124978513,-0.163045362,-0.116142064,0.202455834,0.003004519,-0.141640007,-0.116751961,-0.130303666,-0.164020449,0.062376052,0.120844685,-0.102758408,-0.041758362,0.008991003,0.030341178,-0.109308794,-0.004068976,0.022056816,-0.01548574,-0.098709919,0.126367941,0.047685117,0.007009069,0.117790364
E:\Project\Fake News Detection\images\real\1959.jpg,real,test,0.940590501,0.981328845,-0.470833153,0.127882421,0.232301086,-0.306022912,0.033906221,0.022668114,-0.084687486,0.195804104,0.203017384,-0.285872877,0.17544426,0.009982988,0.118882611,0.176528558,0.009658456,0.004031429,0.090584591,0.031978339,0.09790498,0.0266864,-0.017756306,0.022535577,0.019490682,0.038115643,0.032790177,-0.018371031,0.037244312,0.071415022,0.051752903,-0.014261341,0.01256565,0.05099747
E:\Project\Fake News Detection\images\real\1965.jpg,real,train,0.689318538,0.735321522,-0.103422225,0.345900625,-0.292236775,0.109952837,0.130003929,0.130860761,0.002252235,-0.010507938,-0.092366487,0.024116285,0.168207541,-0.047315303,-0.062613435,0.002740872,-0.09687306,-0.151316002,0.076322503,-0.052714784,0.048916724,-0.042005099,0.037296485,0.045908775,-0.043756809,0.054816801,-0.070725337,0.009055126,0.057460934,-0.166551158,0.019942796,-0.009196375,0.001714146,-0.02188205
E:\Project\Fake News Detection\images\real\1979.jpg,real,test,0.577301621,0.665052056,0.055846468,0.154635251,0.126823038,0.075662255,0.038685121,-0.108645894,0.042634048,-0.02463185,-0.120131135,0.001128577,0.094266951,0.028029405,-0.036687572,0.147241458,-0.139609173,-0.078532726,-0.0177816,0.050394446,-0.014946744,0.018828899,-0.251564413,0.093017727,0.023965053,0.09981034,0.105698548,-0.099373639,-0.076389618,-0.054764032,-0.003351815,0.049869966,0.091303527,-0.068621688
E:\Project\Fake News Detection\images\real\1986.jpg,real,train,0.732343078,0.740323424,0.159194618,0.050697669,0.208404928,0.114410423,-0.258397698,0.000529089,0.275883764,0.122898974,0.182463139,0.025665184,-0.009499877,-0.107746385,0.029888025,-0.098342158,0.00415164,0.139114723,0.131673843,0.041781809,0.046224516,0.065077506,0.031336937,-0.057922043,0.127712235,0.021501377,0.024452243,0.058436833,-0.016188651,-0.113002606,0.009609348,0.059667755,0.074877888,0.032194622
E:\Project\Fake News Detection\images\real\1988.jpg,real,train,0.814861894,0.843457758,-0.392893612,0.133394882,0.251914203,-0.245743558,0.084779806,0.045283005,-0.066203684,0.075394288,0.039010819,-0.151167735,0.188238055,-0.025033042,0.210297301,0.14764598,-0.057416487,-0.033267766,0.034608301,0.093084849,0.047929667,-0.049332473,-0.03848049,0.035690989,0.07766892,-0.01824853,-0.043046672,0.052014939,0.051005211,0.045997243,-0.058301054,-0.058712773,-0.042553116,-0.020903597
E:\Project\Fake News Detection\images\real\1989.jpg,real,train,0.69411993,0.812011838,-0.15555796,0.21815443,-0.271112144,-0.012618621,0.076163813,-0.052972835,0.084823884,-0.199716583,0.047828499,-0.136600599,0.136039466,-0.12966758,-0.123906747,-0.168432832,0.23450847,0.039085064,0.035113059,0.053210605,-0.107448116,-0.129443422,0.054529902,0.096841767,0.149076849,-0.08541397,-0.050072894,0.073885031,0.038229272,-0.025672479,0.022117667,0.031440824,-0.016534396,-0.004292989
E:\Project\Fake News Detection\images\real\1990.jpg,real,train,0.817889869,0.863482118,0.15620701,-0.414753318,0.063160196,-0.122126281,-0.146710843,-0.017729243,-0.130836949,-0.132773161,0.002809211,0.018309887,0.140623778,0.036853146,-0.09740635,-0.043277815,0.019937128,-0.009594508,-0.000873053,-0.039720684,0.002625753,0.006674021,0.018138282,0.070408523,0.001434513,-0.061341811,0.091818973,0.001684135,-0.04846264,-0.03455618,0.024830282,0.061619807,-0.033041213,-0.008230981
E:\Project\Fake News Detection\images\real\2001.jpg,real,train,0.673243701,0.769815803,-0.161252007,0.036532089,0.118126303,0.030538371,0.105132073,-0.177489191,-0.089327045,-0.067297958,-0.052806292,-0.132502034,0.082199514,-0.056926746,0.123661086,0.125971317,-0.12652564,0.162455186,-0.0754297,0.017384244,0.182798892,0.042411774,0.001552325,0.076921515,0.123473793,0.079422675,0.022044398,-0.037515584,0.054148111,0.089173019,-0.024586825,-0.106343806,0.048641048,-0.017098708
E:\Project\Fake News Detection\images\real\2014.jpg,real,train,0.547692478,0.558149755,-0.175077289,0.04267139,0.095839381,-0.077824675,-0.070013605,-0.114087068,-0.035612542,-0.122851118,-0.100124501,0.065498598,-0.065916091,0.072573364,0.076833785,0.181361035,-0.013784039,0.184492826,-0.04506626,-0.062734008,0.019730771,0.057395589,-0.096857309,-0.046541158,0.156988084,0.133765861,0.023296949,-0.061928567,0.011269766,0.012408051,0.091340892,0.021216383,0.006085048,-0.056723487
E:\Project\Fake News Detection\images\real\2023.jpg,real,train,0.68992126,0.75170958,-0.40115273,0.001736501,0.247513428,-0.130039424,-0.205291227,0.164133862,0.09212333,0.117817231,-0.08121831,0.045307525,-0.140497804,-0.01454502,-0.14332889,-0.042279787,-0.070081986,0.021099813,0.020838039,0.088228859,-0.02863265,0.054636065,-0.012261043,-0.01789288,-0.066262171,0.070005134,0.005600146,0.094888188,-0.044641972,-0.01237767,0.002261719,0.000177985,0.015470795,-0.074943416
E:\Project\Fake News Detection\images\real\2025.jpg,real,train,0.824715972,0.850378096,0.216970623,0.187591359,-0.006195514,0.017401846,-0.017760979,-0.08401496,-0.000798286,0.073732339,-0.274963319,-0.062757105,0.106985152,0.040093236,-0.103763297,-0.075050153,-0.017684029,0.033591066,0.064847767,0.129364625,0.095673293,0.009694007,-0.177791193,0.02823635,-0.143643841,0.021771068,0.144670457,0.025231827,-0.085346013,0.048354901,-0.00368425,-0.023815667,0.094401434,-0.047040127
E:\Project\Fake News Detection\images\real\203.jpg,real,train,0.577095509,0.590064883,-0.110688224,0.019437181,0.045780502,0.032812528,-0.006767662,0.082511686,-0.105648391,-0.045143373,-0.032133695,-0.148175314,0.052357782,-0.052063007,0.074383818,-0.016560247,0.021382108,-0.022434048,0.117840044,0.099859655,-0.053949594,0.050657138,0.018297249,0.000424443,0.031589314,-0.096476212,-0.043006118,-0.005771411,0.009654845,-0.042539392,0.042391688,-0.103618808,0.083255194,-0.075772591
E:\Project\Fake News Detection\images\real\2031.jpg,real,train,0.612523198,0.656076491,-0.154245555,0.199648634,-0.233806327,-0.091914676,0.071647853,0.071468413,0.044360068,0.026658203,-0.156398341,0.061228164,-0.057444543,-0.065880805,-0.067937873,-0.048502877,0.162417144,0.009148853,-0.093852572,0.131033123,-0.044553686,0.083148442,-0.04476767,-0.155083597,-0.000982108,-0.091714002,0.066738434,-0.091798723,0.002863472,-0.048906844,-0.03069837,-0.01671323,-0.022806492,0.038599718
E:\Project\Fake News Detection\images\real\2034.jpg,real,train,0.878935814,0.985999227,0.251945287,0.004664845,0.134978384,0.212414399,-0.295291126,-0.046890505,0.273404747,0.155509934,0.044997875,-0.035282891,0.022362351,-0.207238197,-0.014922924,-0.076110624,0.029765464,0.05175953,0.126288846,-0.037880812,0.114965461,0.124929778,-0.001841839,-0.076007918,0.151764601,0.038140912,0.02223669,0.060714185,0.071833104,-0.076915905,-0.017592367,0.046165589,0.0674242,0.026351269
E:\Project\Fake News Detection\images\real\2043.jpg,real,test,0.759745002,0.828533947,0.052301735,-0.157608747,-0.338468045,-0.098374292,0.178355977,-0.01160402,0.071406364,0.203228503,0.011117799,0.112447307,-0.082577884,0.075168602,0.061096031,-0.045232456,0.071298584,0.014107946,-0.012132946,0.119077608,0.075262547,-0.01062697,0.050601613,0.077466831,-0.115009874,-0.001026381,-0.060463548,-0.035951719,-0.055010289,-0.045716375,-0.055427864,0.052779447,0.02984602,-0.035739996
E:\Project\Fake News Detection\images\real\2047.jpg,real,train,0.817579389,0.85643959,0.116491079,-0.36546877,0.166959152,0.337354392,0.017917732,-0.09219002,-0.106072962,0.093506664,-0.02898787,-0.072296992,0.071390532,0.007538117,-0.056004878,0.056307338,0.038741902,-0.089785993,-0.048968334,-0.085900739,-0.011354102,0.050615735,-0.06488207,0.081390984,0.046121962,-0.083027385,0.026404142,0.052136511,0.074310109,-0.068275489,0.051825941,0.006471538,-0.037040684,0.004368391
E:\Project\Fake News Detection\images\real\2053.jpg,real,test,0.804336667,0.839642107,0.333437115,0.219682217,0.129986703,0.004599564,0.054820936,-0.047821991,-0.10950008,0.018043658,0.008007129,-0.018043449,0.141379103,0.013325654,0.000605922,-0.013652544,0.013285413,-0.06670408,-0.109933689,0.090955481,-0.04797183,0.110709585,0.145846575,0.067763455,-0.009882838,0.088381179,-0.074109994,-0.004300907,0.013508432,0.015969232,-0.038150907,0.084803164,-0.062267967,-0.005201936
E:\Project\Fake News Detection\images\real\206.jpg,real,train,0.588258862,0.601440609,-0.212664694,0.14480345,-0.109907873,-0.069619097,-0.063722387,-0.07279636,0.021387797,0.005766524,-0.116694443,-0.025317594,-0.020860722,-0.098359197,-0.04634748,-0.012333339,0.039540511,-0.043965109,-0.058937225,0.030523868,-0.057517018,0.044234201,-0.061447617,-0.036003321,-0.014463359,-0.004229723,-0.033090953,-0.096163385,0.001152455,-0.080369234,-0.037764654,-0.01147569,0.010328271,-0.086624339
E:\Project\Fake News Detection\images\real\2067.jpg,real,train,0.671008945,0.732199669,-0.255247325,0.059985522,0.254318714,-0.084896453,-0.044552214,-0.050056431,0.015484496,0.159734428,0.128956899,0.049428985,-0.044220988,0.000580368,-0.116733536,-0.107643016,-0.061705962,-0.074687541,-0.159824401,-0.018778909,-0.072700746,0.022731541,-0.055048317,-0.029662816,0.018822912,0.097211316,-0.074086554,-0.048523553,-0.025581663,0.021822615,-0.008625043,-0.136013553,-0.065966249,0.013135444
E:\Project\Fake News Detection\images\real\2098.jpg,real,train,0.684793472,0.707950711,-0.285055339,0.002907946,0.238544211,-0.090139054,-0.028519148,0.130541191,0.083330832,0.010104449,-0.082806498,0.088047534,-0.038127057,-0.03171109,0.033151925,-0.081021294,0.047927164,-0.114222668,0.021357844,-0.000116989,0.081226073,0.055607725,0.069125012,-0.005471261,0.039861053,0.01164799,0.025673237,0.094080761,-0.092148095,-0.175718039,-0.098601177,-0.006883348,-0.077191621,-0.130453661
E:\Project\Fake News Detection\images\real\210.jpeg,real,train,0.613508582,0.647567034,-0.347693592,0.048710041,0.156318665,-0.306913048,-0.154677659,0.125644222,-0.102625482,0.189229876,0.137842298,-0.242880896,0.03558943,0.049161386,5.06E-05,0.043695338,0.125905082,-0.083908454,0.179919079,0.003534825,-0.02978841,0.082133949,0.031101268,-0.024834931,-0.026054414,-0.018723216,0.035964739,0.02795166,-0.002881679,0.031620674,0.035070501,0.03406658,0.030758472,-0.007690794
E:\Project\Fake News Detection\images\real\2106.jpeg,real,train,0.754437804,0.822884262,-0.04139154,0.304870814,-0.340859592,0.17138727,-0.016813807,0.168945208,-0.101086378,0.11481902,0.123303898,0.023026284,0.149557129,-0.044720635,0.045857705,0.046321884,-0.019929998,0.13157554,-0.038227294,-0.116713561,-0.06411209,0.01105353,0.053794991,0.085166983,0.017745636,0.021121079,-0.00826202,0.049937949,0.000985348,-0.029194063,-0.014533267,0.037177272,-0.004473996,0.078621678
E:\Project\Fake News Detection\images\real\2110.jpg,real,test,0.756011784,0.759239018,-0.013828069,-0.289307594,-0.15517801,0.306609809,-0.157807797,0.033258609,-0.158736423,-7.80E-05,-0.093455017,-0.082086287,0.032759383,-0.0302931,0.125186205,-0.018453207,0.074353412,-0.006271056,0.024408527,-0.006348655,-0.101267852,0.003016707,0.048180185,-0.036290228,0.037439793,0.07798548,0.016289409,-0.059047878,-0.010456331,0.053116396,-0.048675753,0.115694299,0.074414268,0.027162071
E:\Project\Fake News Detection\images\real\2118.jpg,real,train,0.771092117,0.789582968,0.355511725,0.245883524,0.158557802,-0.06234837,0.000691471,0.086458303,-0.235692456,-0.070624612,0.069811702,0.058995847,-0.036666095,-0.024545381,-0.012699774,-0.088974983,0.120903127,-0.038510893,-0.018602764,0.063767761,0.005061849,-0.057412684,-0.004565441,0.056888953,-0.001316805,-0.011778682,0.001705496,0.010121352,0.13226077,-0.02553007,-0.083924167,0.046181578,0.055645078,0.002521019
E:\Project\Fake News Detection\images\real\2140.jpg,real,train,0.603923142,0.653126955,-0.293537289,0.06510637,0.186464012,-0.042127572,-0.148419976,0.120335184,0.149173081,0.118957572,-0.032530546,0.091564693,-0.165654525,-0.074952744,-0.085079923,-0.155420929,-0.00850023,-0.121947087,-0.085696623,-0.009344198,0.073674783,0.065836214,0.035916191,-0.106984094,0.119925156,0.052555852,0.060416907,0.061805554,-0.022214811,0.001796421,0.072380073,-0.043097999,0.03498026,0.028994288
E:\Project\Fake News Detection\images\real\2147.jpg,real,test,0.754057646,0.776532292,-0.185687512,-0.17974624,0.016297273,0.348501533,-0.140498355,0.121361375,-0.047179133,0.064292729,0.0496899,-0.042276546,0.049188804,0.055574052,-0.043050636,-0.02051748,0.014816016,0.017520562,-0.043704178,-0.013593011,-0.028337464,-0.098537333,0.056396432,-0.041755103,0.019284643,-0.033416074,0.077075295,-0.0309432,-0.002091043,0.08365947,-0.043257192,0.012660991,-0.028677687,0.024114143
E:\Project\Fake News Detection\images\real\2149.jpg,real,train,0.755499899,0.824270248,-0.068792574,0.311225891,-0.321396083,0.266888469,0.025717808,0.098698929,0.005174481,0.160327733,0.165960491,0.050962083,0.090112515,-0.143837824,-0.067349412,-0.016597159,0.044862535,0.057388604,-0.03876115,-0.096399039,0.007012917,-0.037921108,-0.07099805,0.115614831,-0.034266051,-0.021236252,-0.100359164,0.069354467,0.009248358,-0.029560825,0.060179211,0.012890107,0.001602979,-0.081252463
E:\Project\Fake News Detection\images\real\215.jpg,real,train,0.910599113,0.942048967,0.045709573,-0.393552542,-0.217146635,0.032950517,-0.240888804,0.041761797,-0.195935667,-0.052725021,-0.089542948,-0.02171261,0.045631908,-0.069198832,0.084225364,-0.039049778,0.034906846,-0.069535181,-0.017380834,0.037442878,-0.008699315,0.013042441,0.030224545,-0.026816491,-0.06426584,0.08574646,0.010216532,-0.045505822,-0.058019727,0.066097394,0.011735939,0.083673455,0.082936473,0.063376606
E:\Project\Fake News Detection\images\real\2161.jpg,real,train,0.727777898,0.747129202,0.165769145,0.108020805,0.178036109,0.004845846,-0.28355515,-0.065719798,0.297181696,0.058942623,-0.115127996,-0.119881436,-0.032326352,-0.016533788,0.01128047,-0.003342927,-0.054158352,0.011195552,0.039871573,0.051591583,0.017043464,0.030865589,0.075252183,-0.017061306,0.027651841,-0.028608993,0.053500853,0.026162414,0.021652354,-0.035083629,-0.005602566,0.079772271,-0.037487864,-0.086167127
E:\Project\Fake News Detection\images\real\2163.jpg,real,test,0.757700145,0.798138559,-0.079625264,0.274599671,-0.382666647,0.109748751,0.084124759,0.000552431,0.024168829,-0.0533344,-0.022151455,0.008461747,0.089411438,-0.024510458,0.028864782,0.059600469,-0.058931172,-0.064569071,-0.023981649,-0.008378461,0.042310499,0.081413753,-0.066502914,0.053257085,0.025897048,-0.04207889,0.032968983,0.033117719,0.009772487,0.079342172,-0.046064593,0.001481978,-0.097834505,0.067678049
E:\Project\Fake News Detection\images\real\2166.jpg,real,train,0.546063483,0.553586066,0.04827458,0.010223533,-0.051842868,0.041559022,0.040157985,0.101512112,0.058485478,-0.148751095,-0.157668918,-0.020924944,-0.068030871,-0.06063769,0.016517201,-0.015369932,0.081687696,0.09312433,-0.088351771,0.103911124,-0.020839809,0.006301287,0.017482392,0.029438009,0.011738202,0.110127129,0.113127731,-0.025862454,-0.008183219,0.012593331,-0.045053933,0.044985227,0.039022852,0.011137305
E:\Project\Fake News Detection\images\real\2175.jpg,real,train,0.905665398,0.96469301,0.245676562,0.186290175,0.030307867,0.069681503,0.064907543,-0.16454415,0.052237537,0.106110841,-0.284310132,-0.038169999,0.197808921,-0.006158208,-0.081527621,-0.026515782,-0.099644318,-0.067480788,-0.003395669,0.080847792,0.145586625,-0.023926051,-0.200256988,0.107158929,-0.123224795,0.015523944,0.139252111,0.012589986,-0.0460498,0.040251687,0.060773868,0.023262497,0.006297274,0.027698252
E:\Project\Fake News Detection\images\real\2178.jpg,real,train,0.669936836,0.763837218,-0.164877653,0.040466674,0.125658378,0.085583881,0.100758925,-0.103969626,-0.060275394,-0.171484038,-0.111941911,-0.109781355,0.100132756,-0.067365155,0.097556666,0.187777951,-0.141300604,0.024590079,-0.134416342,0.068790317,0.134443983,0.046064973,-0.06240752,0.099955074,0.096990712,0.042252686,-0.033005163,-0.030930147,-0.019145118,0.073776074,-0.086274162,-0.065395944,0.078293495,0.035870295
E:\Project\Fake News Detection\images\real\218.jpg,real,train,0.796234488,0.801211357,-0.12605305,-0.378235787,-0.060501199,-0.069044746,-0.224675849,0.025889687,-0.075974181,-0.224345893,0.075857304,0.086500555,0.077419028,0.083909363,-0.032687929,0.018335212,0.015702002,-0.030533886,-0.029774787,-0.017834187,0.094054893,-0.058924764,-0.002444562,0.028870465,0.084924594,0.064890958,0.026235433,-0.009131375,-0.083281629,0.072678491,-0.013424032,0.010489133,0.027245086,-0.065174691
E:\Project\Fake News Detection\images\real\219.jpeg,real,train,0.757857144,0.798930407,-0.248426229,-0.274738729,0.062827557,-0.195041254,-0.247737318,0.144930661,-0.140763685,0.072641276,0.079572357,-0.088249005,0.163416833,-0.004803206,0.006745023,0.072785236,0.066206954,-0.050296001,0.084710009,0.0348363,-0.017109327,-0.122120827,-0.008277976,-0.013968663,-0.019601705,-0.023369536,-0.004209182,0.073520005,0.0496362,0.020616055,0.054973342,-0.019974397,-0.050324041,-0.053624138
E:\Project\Fake News Detection\images\real\2190.jpg,real,train,0.671735466,0.727281988,0.024359846,-0.032454286,0.079441696,0.044357684,0.021922439,-0.242587328,-0.130105019,0.021521108,-0.003908667,0.09025453,-0.143142581,0.182202324,-0.042730439,0.035999987,0.09303695,-0.188107729,0.091572911,0.040821411,-0.059516698,0.070585869,0.069792144,-0.059567701,0.081850968,0.046207257,0.00564955,0.014230968,0.103064708,-0.102849431,-0.038844515,-0.059671413,0.090567,0.120647341
E:\Project\Fake News Detection\images\real\2197.jpg,real,test,0.668413937,0.997093797,-0.149936497,0.040968202,-0.005110919,-0.048470821,-0.058556963,-0.144594252,0.042554423,-0.109977476,-0.164101005,0.063116796,-0.078905635,0.036923498,0.004766471,0.070714056,0.024157021,0.032866791,-0.048691083,0.020584553,-0.017909892,-0.084879778,0.015766969,0.040529367,0.057310015,0.018537709,0.044740573,-0.061835602,-0.001004808,0.014983922,0.067404509,0.064785115,-0.007771082,-0.138337404
E:\Project\Fake News Detection\images\real\2200.jpg,real,train,0.537082076,0.58968091,-0.086832792,-0.003710771,0.013140533,0.085468136,0.030803071,-0.121134318,-0.047761604,-0.09722697,-0.153156951,0.022182152,-0.067571983,-0.086155444,0.023864625,0.107495859,0.02799426,0.087811075,-0.067184024,-0.048740156,0.040848166,0.131125808,-0.026585735,-0.0376716,0.054626122,0.08285296,0.131590024,-0.000796508,0.058091883,-0.005524375,-0.14576754,0.030826218,0.045279894,-0.023253268
E:\Project\Fake News Detection\images\real\2202.jpg,real,train,0.680697322,0.705292821,-0.047533393,-0.040596329,-0.036476046,0.156870753,0.015709216,-0.240502641,-0.117523745,-0.055805862,-0.111498624,-0.012364252,-0.13959305,-0.051192518,-0.04587866,0.128188774,0.085050046,0.019100234,-0.000418627,-0.032805312,0.130203947,0.083249487,0.042274781,0.012731436,0.084023006,0.051183384,0.074086413,0.017973864,0.148363858,0.050639421,-0.058822244,0.049055062,-0.032045573,0.019385951
E:\Project\Fake News Detection\images\real\2212.jpg,real,test,0.734942615,0.739906192,-0.145819828,-0.362763256,-0.108211748,-0.057458434,-0.244800508,0.010379573,-0.159164503,-0.061046548,-0.035769232,-0.009923164,0.08143086,-0.020777605,-0.021868601,-0.01469427,0.042948224,-0.025363743,0.040238965,0.089493975,0.050500587,0.026715089,0.015462185,0.039606191,-0.06756027,0.022248788,-0.038457178,0.019529294,0.038253151,-0.04794535,-0.046970353,-0.030416287,-0.045422487,-0.035875268
E:\Project\Fake News Detection\images\real\2215.jpg,real,train,1,1,-0.26851663,0.114649788,0.133650616,-0.143392667,-0.092368647,-0.021572933,0.071131587,-0.039837986,-0.108373918,-0.003792011,-0.146256149,0.146992743,0.066417485,0.166734353,0.064004868,-0.003144559,0.065542452,0.05869405,-0.09903758,-0.084935263,-0.044495225,0.197933897,0.146658093,0.220671639,0.006129806,0.056840107,-0.345948398,-0.137542054,-0.054276347,0.196537241,-0.132353216,0.010871964
E:\Project\Fake News Detection\images\real\2231.jpg,real,train,0.765296698,0.973677635,0.166880459,-0.25344047,-0.002014134,0.031672668,-0.133425668,-0.15921703,-0.08919204,0.03650073,-0.011616104,0.004798691,0.077775098,0.071682148,0.01892345,-0.004446199,-0.007371981,-0.205822587,0.041970618,0.031880163,-0.072705343,0.145311087,-0.055198696,0.012090975,0.067691311,0.027278842,-0.011901487,-0.031661745,0.042587254,-0.087832041,0.011809072,0.030262338,0.051937632,-0.012933201
E:\Project\Fake News Detection\images\real\2240.jpg,real,train,0.739690483,0.787400842,0.131057903,0.06893684,0.152092576,0.064972691,0.070488289,-0.18473956,-0.03592021,0.053573839,-0.138403058,0.042074636,-0.140095979,0.138023019,-0.067201413,0.008865265,-0.103280574,-0.162726372,0.129285425,-0.098756224,-0.048910372,0.038866136,0.051063862,0.059919212,0.169980854,-0.220218703,-0.057975154,0.100024238,-0.142997622,0.038979668,-0.055460375,0.112985604,0.006952383,-0.088998839
E:\Project\Fake News Detection\images\real\2256.jpg,real,train,0.644455791,0.712794065,-0.074028298,0.124825552,0.208901033,-0.029298807,0.020662712,-0.007989385,0.166509584,-0.117849812,-0.04806187,0.268813968,0.155529633,0.088892415,0.21619761,-0.074534334,0.165387779,0.068799756,0.097001329,-0.027358314,0.193290144,0.02463511,0.194514006,0.116553307,-0.044862781,-0.037128337,0.073063418,-0.013722656,0.005848002,-0.058715254,0.005437249,-0.045489658,0.070243254,0.052258205
E:\Project\Fake News Detection\images\real\2261.jpg,real,train,0.816089511,0.829927564,-0.474682003,0.111912683,0.255002171,-0.294336677,0.032164104,0.088621125,-0.062674426,0.20074603,0.061534356,-0.234295905,0.167940885,-0.081341535,0.12079747,0.118834145,0.025186345,-0.084376052,0.09402322,0.056774974,0.051485434,-0.001603472,-0.045610931,0.017155623,0.041348543,0.027169174,0.01140882,0.03422334,0.081225418,0.020133991,0.006765073,0.004186962,-0.031948235,0.000188892
E:\Project\Fake News Detection\images\real\2269.jpg,real,train,0.675785542,0.711818457,-0.028225258,-0.093844473,-0.346673876,0.027185444,0.171409398,0.24050945,0.089381978,-0.062641084,-0.034170631,-0.083159566,-0.04427116,0.034850623,0.042769331,0.039383519,0.015345135,0.040997006,-0.050530929,0.015149497,0.013110111,0.101805292,-0.098074362,0.117652461,-0.042411819,-0.030484442,0.031969178,0.099533468,-0.036335908,-0.04688938,0.011870713,0.030766536,-0.072117783,0.01435501
E:\Project\Fake News Detection\images\real\2278.jpg,real,train,0.677028954,0.720778823,-0.253355086,0.055162605,0.251775384,-0.236162528,-0.008584413,0.049375005,0.07747975,0.046993747,-0.121753313,0.140008405,0.060636356,0.069702096,0.167520612,-0.100600407,0.201136723,-0.043314032,-0.102992222,-0.226420835,0.042009939,0.037908673,-0.053160787,-0.081595868,-0.063043803,0.03602311,-0.085259363,0.01038304,0.043061327,0.016166311,-0.016662966,0.004398122,-0.043855883,0.016609998
E:\Project\Fake News Detection\images\real\2283.jpg,real,train,0.776901245,0.805260777,0.210083738,-0.018139016,-0.088868484,-0.191724986,-0.196032688,-0.262093693,-0.043271285,0.097792007,0.050529223,-0.005148147,-0.071282819,0.046505697,0.129027411,-0.17909202,-0.13236405,0.070871525,0.024718035,-0.019646887,-0.116386384,-0.042328827,-0.005688751,-0.01585903,-0.0538252,0.136716112,0.042864658,-0.026056675,0.033988014,-0.07088206,-0.026845923,0.041285273,-0.003050098,-0.044711005
E:\Project\Fake News Detection\images\real\229.jpg,real,train,0.647795856,0.702001333,0.036500964,0.070032835,0.20179373,-0.037346136,-0.060228124,-0.17619808,-0.022302015,-0.02348488,0.149795234,0.096577734,-0.027976079,0.171989515,-0.067772582,0.025453063,-0.09913566,0.013030382,0.018977897,0.057483602,0.005186562,0.059249666,-0.044952616,-0.016594049,0.069041669,0.157499954,0.003231932,0.005878517,0.086421199,0.010288663,-0.0393259,-0.003162081,-0.020552482,-0.028117998
E:\Project\Fake News Detection\images\real\2293.jpg,real,train,0.628453791,0.656719804,-0.136345133,0.093872428,-0.026002888,0.050394312,0.124322824,-0.192399517,-0.060546331,-0.111010984,-0.01848213,0.087384239,-0.028366949,-0.068949088,0.065270282,0.129881501,-0.059279002,0.107112691,-0.001629393,0.020286616,-0.061691891,-0.042854883,-0.012740237,-0.126019984,0.009411496,0.034185752,-0.008777394,0.026712146,-0.106180578,-0.010578443,-0.064104259,-0.016588304,-0.072759718,-0.080601908
E:\Project\Fake News Detection\images\real\2319.jpg,real,train,0.752620518,0.993270934,-0.033735652,0.075626343,0.007547049,-0.014768618,0.023979431,-0.168039322,-0.021683425,-0.112701133,0.217627123,-0.124463238,-0.107707329,0.091527469,-0.081275001,0.098310888,0.011315401,0.051550135,0.109103113,-0.061620463,0.087732077,0.103512816,-0.018871274,0.053112924,0.025108576,0.103450224,0.136656493,-0.120688878,0.027694395,0.053295601,-0.060186688,0.116161078,0.050952826,-0.033065688
E:\Project\Fake News Detection\images\real\2324.jpg,real,train,0.724397063,0.786461949,-0.020767853,0.081801914,-0.363521874,-0.15187484,-0.206204385,0.020032084,0.071934126,-0.039466113,0.052506957,0.075919315,-0.009719337,-0.081714697,-0.099920318,0.105765887,-0.079504579,-0.08769495,0.111628905,-0.062607132,0.025310801,0.018544562,-0.068429746,0.045908771,-0.008872504,0.106440522,0.02983539,0.063230149,-0.022952041,0.027131803,0.062361039,-0.029267693,-0.015239877,-0.047782615
E:\Project\Fake News Detection\images\real\233.jpg,real,train,0.977879643,0.995934248,0.490544826,0.247141391,0.141879216,-0.047892965,-0.253420591,0.168702051,0.060015868,-0.075956613,-0.023986083,-0.086907454,-0.132473826,-0.063182257,-0.015076242,0.217185438,0.125206098,-0.064353392,-0.05907812,-0.006184098,-0.038557138,-0.060723703,0.028387541,0.040863078,-0.082898401,-0.023059253,-0.041798137,-0.060089968,0.053682778,0.033606812,-0.034711149,-0.021375224,-0.015733784,-0.026914656
E:\Project\Fake News Detection\images\real\2331.jpg,real,test,0.669471145,0.719745636,-0.091177173,-0.08331456,0.030494541,0.270111471,-0.039137144,-0.024131313,-0.01894401,-0.027085179,-0.035560567,0.044019483,-0.043362729,-0.122999534,0.020059988,-0.014389742,0.06562902,-0.05572477,0.020419385,0.002408773,0.089138329,-0.030705035,0.167286307,0.064786181,-0.066418938,0.015318642,0.048719324,0.075603314,-0.105556652,0.058850363,-0.034657821,-0.025306426,0.062143873,-0.13300693
E:\Project\Fake News Detection\images\real\2332.jpg,real,train,0.918402076,1,0.260665894,0.181448743,0.020275369,0.047578927,0.033425219,-0.171671465,0.050686453,0.117112212,-0.282978177,-0.053908095,0.190686405,-0.000621762,-0.082203306,-0.03364028,-0.063867569,-0.025571397,0.010003955,0.080408759,0.147480279,-0.009655601,-0.220919028,0.105450228,-0.125508577,0.014101292,0.136158586,0.003266739,-0.064222053,0.052893013,0.058873389,0.017727807,0.019002398,0.016979752
E:\Project\Fake News Detection\images\real\2333.jpg,real,test,0.586691737,0.605018198,-0.106338635,0.078477591,0.15825735,0.085165367,0.167154804,-0.047323205,0.06193269,-0.214578032,-0.043973118,0.096199781,0.062477943,-0.023198586,0.117786318,0.017209485,-0.024577297,0.138308689,0.025197053,-0.05891943,0.219410062,0.093391962,0.129788786,0.068428054,0.025967658,0.009339773,-0.029280992,-0.031619586,-0.034566082,-0.041976072,0.00652539,-0.047971305,0.042573035,0.042250898
E:\Project\Fake News Detection\images\real\2344.jpg,real,train,0.639784932,0.714389861,-0.362644553,0.107502043,0.230336592,-0.148060158,0.007747049,0.01309874,-0.052803397,0.102520853,-0.050527465,-0.037366297,-0.026402291,-0.133292511,-0.085307062,-0.017883152,-0.12883997,0.025129009,-0.112738334,-0.085189126,0.007514205,0.058173321,-0.10962645,-0.030447381,0.021416212,-0.001461638,-0.212780505,-0.029751146,-0.103928111,0.026961466,-0.044420231,-0.094369866,-0.026141113,-0.027983762
E:\Project\Fake News Detection\images\real\2347.jpg,real,train,1,1,-0.26851663,0.114649788,0.133650616,-0.143392667,-0.092368647,-0.021572933,0.071131587,-0.039837986,-0.108373918,-0.003792011,-0.146256149,0.146992743,0.066417485,0.166734353,0.064004868,-0.003144559,0.065542452,0.05869405,-0.09903758,-0.084935263,-0.044495225,0.197933897,0.146658093,0.220671639,0.006129806,0.056840107,-0.345948398,-0.137542054,-0.054276347,0.196537241,-0.132353216,0.010871964
E:\Project\Fake News Detection\images\real\2350.jpg,real,train,0.910043418,0.932775617,0.118911706,-0.496482074,0.023411194,0.071259208,-0.127044991,-0.041497458,-0.092744172,-0.038144339,0.006531194,-0.052363474,0.197049841,-0.05697535,-0.059825581,-0.012663002,0.031486377,-0.049527675,-0.016191425,-0.102679603,-0.01103423,0.031476464,-0.0229993,0.005897773,0.076759212,-0.055924173,0.054471992,-0.006616489,-0.010920996,-0.011944402,0.027717281,-0.036453236,-0.0763603,-0.049637854
E:\Project\Fake News Detection\images\real\2365.jpg,real,test,0.971899033,1,0.144713998,-0.193215519,0.248984843,-0.02878876,0.401494265,0.054999348,0.298826814,-0.171514481,0.087822318,-0.125804648,-0.096719876,-0.191612154,0.119924545,-0.023464803,-0.096898153,-0.154657915,-0.00307947,-0.013765015,-0.235482097,0.083148576,0.049484842,0.072575472,-0.079859808,0.100216255,0.121573485,0.027558178,-0.002944909,0.032935515,0.012868136,-0.009174874,0.030239597,-0.01405216
E:\Project\Fake News Detection\images\real\2366.jpg,real,train,0.777545631,0.999999881,-0.156760976,0.052503392,0.113782853,-0.023687918,0.016039127,-0.059581339,0.099422619,-0.159748375,-0.071869761,0.231954485,0.050851818,0.206239685,0.274551988,-0.051888272,0.191015914,0.099242039,0.006953746,-0.116860166,0.147921905,-0.058860924,0.142910138,0.144803315,-0.007771097,-0.03040228,0.026135957,-0.014460162,0.004300505,0.079976998,0.058534607,-0.02137351,-0.031827528,-0.043696512
E:\Project\Fake News Detection\images\real\2367.jpg,real,train,1,1,-0.26851663,0.114649795,0.133650571,-0.143392682,-0.092368692,-0.021572914,0.071131527,-0.03983799,-0.108373895,-0.00379198,-0.146256149,0.146992773,0.06641753,0.166734278,0.064004816,-0.003144613,0.065542437,0.058694046,-0.099037565,-0.084935352,-0.044495147,0.197933942,0.146658063,0.220671698,0.006129709,0.056840103,-0.345948398,-0.137542129,-0.054276373,0.196537226,-0.132353142,0.010871983
E:\Project\Fake News Detection\images\real\2369.jpg,real,train,1,1,-0.26851663,0.114649788,0.133650616,-0.143392667,-0.092368647,-0.021572933,0.071131587,-0.039837986,-0.108373918,-0.003792011,-0.146256149,0.146992743,0.066417485,0.166734353,0.064004868,-0.003144559,0.065542452,0.05869405,-0.09903758,-0.084935263,-0.044495225,0.197933897,0.146658093,0.220671639,0.006129806,0.056840107,-0.345948398,-0.137542054,-0.054276347,0.196537241,-0.132353216,0.010871964
E:\Project\Fake News Detection\images\real\2374.jpg,real,train,0.61271584,0.647988677,-0.019865025,0.078417279,0.305998236,0.109275296,0.123505153,-0.108212322,0.12725009,-0.137472764,0.288204789,0.068049654,0.044864338,0.018939922,-0.048397079,-0.109640166,-0.042182431,-0.033328436,0.0141461,-0.021004243,-0.019345716,0.048914272,0.050852537,0.051646497,-0.110039525,0.039644681,-0.157337144,-0.106503978,0.024284808,0.06641005,0.050781731,-0.021026662,-0.054968625,0.028391536
E:\Project\Fake News Detection\images\real\238.jpg,real,train,0.826197743,0.830875635,0.370231748,0.251573712,0.267480671,0.050839256,0.035805758,0.167912722,-0.225635439,-0.010418163,0.166594967,-0.002662193,-0.000920014,-0.020823145,0.072901681,-0.014067764,0.006678625,0.035027243,-0.114459164,0.058493525,0.016821669,-0.058078799,-0.075434603,0.102474585,0.057061113,0.027959224,-0.030404588,0.008461418,0.040583849,0.009015986,-0.02214494,-0.074457861,0.038833287,0.001002295
E:\Project\Fake News Detection\images\real\2393.jpg,real,train,0.619596243,0.738691449,0.031303994,-0.104706742,-0.112761959,0.002185642,0.215489671,0.063346498,0.059753984,0.094848238,-0.16756025,-0.001223486,-0.168479025,-0.004415878,0.077122442,0.031767976,0.081808731,0.048741419,0.014106962,0.111791477,0.001024602,0.022675686,0.080206372,-0.042885918,0.117544889,0.040839132,0.079319157,-0.025960937,0.000987675,-0.074401833,-0.040906258,0.04319524,0.118005611,0.011068272
E:\Project\Fake News Detection\images\real\240.jpeg,real,train,0.96685344,1,-0.007877924,-0.460748076,-0.228350893,0.013259393,-0.202612534,-0.006137284,-0.140232265,-0.12777096,-0.000746918,0.003108077,0.119125411,-0.076620422,-0.0212097,0.007116104,0.044093069,-0.147878781,-0.017568033,0.002350871,0.09673091,-0.004645749,0.01635343,-0.008102177,0.032387394,0.036340844,0.012660043,-0.010928271,-0.018325038,0.014511589,0.007833099,-0.012889449,-0.009760089,-0.014416123
E:\Project\Fake News Detection\images\real\2402.jpg,real,test,0.727025867,0.787265658,-0.168045372,-0.092179723,-0.061892211,0.292450458,0.134194791,0.200392067,0.089301087,-0.22993584,0.108355075,-0.07003738,0.00804509,-0.160323769,0.02604638,-0.035751749,-0.073395297,-0.183312789,0.040528845,-0.029355884,0.001845494,0.084528878,0.059426684,0.028963685,-0.050948992,0.121599138,0.034073234,0.08459264,0.101191573,0.036359802,-0.002629641,0.073126502,-0.099139728,-0.006534629
E:\Project\Fake News Detection\images\real\2408.jpg,real,train,0.641243339,0.659395933,-0.069381699,-0.021484252,0.172362372,0.022353204,-0.027701056,0.002702261,-0.04933783,-0.131722972,-0.194516331,0.088754706,0.00050318,-0.047725111,0.014627883,0.038621727,-0.11701344,0.103334956,-0.029926464,0.001847612,-0.021448398,0.065222047,-0.085240744,-0.014099578,0.176924273,-0.056680322,-0.03752818,-0.09531828,-0.056128275,0.026326343,0.04092871,-0.06706395,-0.00740835,-0.137495846
E:\Project\Fake News Detection\images\real\2411.jpg,real,train,0.884571433,0.912828326,-0.147918358,-0.260017037,0.037408456,0.465777814,-0.127529144,0.06054204,-0.059280764,0.174779743,0.072730392,-0.014532186,0.003796438,-0.031235298,0.015346642,-0.000189021,0.014528057,0.020813713,-0.064299941,-0.020190485,0.039292511,-0.116369531,0.033000745,0.016845647,-0.102709778,-0.001029777,-0.032191645,-0.013469047,-0.051538624,0.068385899,-0.020874346,-0.037444413,-0.053695619,0.02493339
E:\Project\Fake News Detection\images\real\2415.jpg,real,train,0.58781451,0.617231131,-0.168060616,-0.052611593,0.188403994,-0.033088583,0.032323305,0.039797306,0.106056638,-0.15104641,-0.096507646,0.008201095,0.010485229,0.05920225,0.13543579,-0.001397986,-0.010288567,0.075730123,0.024242828,0.027319355,0.155270502,0.078600012,0.129554778,-0.014318231,0.00665059,0.066368483,0.052107785,-0.050752964,-0.016700793,0.089258038,-0.025146268,-0.058172598,-0.004266175,-0.023270529
E:\Project\Fake News Detection\images\real\2416.jpg,real,train,0.732569337,0.999999821,-0.247900099,0.061301943,0.111965299,-0.227711767,-0.103557326,0.054629214,-0.043125898,0.135713637,-0.073757149,-0.045053788,-0.263168752,-0.218434945,-0.095977701,-0.151653066,-0.051736649,-0.039597265,-0.067879044,-0.100946173,0.100186773,0.028029202,0.010551151,-0.036172386,0.01496388,-0.040533286,-0.054142177,0.028523449,-0.047276217,0.07966134,0.048858698,0.047371786,-0.129420146,0.000434371
E:\Project\Fake News Detection\images\real\2417.jpg,real,train,0.88351047,0.902104378,-0.453374296,0.141504616,0.22926487,-0.281318843,0.044331286,0.004685892,-0.088291176,0.148481146,0.175967038,-0.229427025,0.161658764,0.026335463,0.095491283,0.173274234,-0.02186084,0.033395391,0.079304293,0.038454864,0.107938863,0.026853083,-0.046131968,0.038163941,0.045208059,0.026470676,0.014781939,-0.023043718,0.045385402,0.079475388,0.030641373,-0.024388172,0.000395793,0.046401799
E:\Project\Fake News Detection\images\real\2426.jpg,real,test,0.977504551,1,-0.03554979,-0.439970404,-0.150343478,0.178752393,-0.173217624,0.020633969,-0.049947865,-0.072345823,0.039126948,-0.050724063,0.146310762,-0.069102794,-0.026958555,-0.008847032,0.077265486,-0.094308771,-0.028341424,-0.059847735,0.060263991,-0.01833624,-0.005732801,-0.023666799,0.090102375,0.007422445,0.024220666,-0.025515154,0.001611359,0.034297839,0.017332338,-0.078971662,-0.047274701,-0.070345007
E:\Project\Fake News Detection\images\real\243.jpeg,real,train,0.82938832,0.836224675,0.356663167,0.255436301,0.175823584,-0.029365998,-0.017068485,0.168773741,-0.245419979,-0.092564225,0.069350742,0.104199648,-0.075225048,0.055383727,0.032353044,0.001474825,0.007859405,-0.023542542,-0.047405973,0.047162484,0.012706107,-0.062360846,-0.039907262,0.007029125,-0.031121785,-0.013768096,0.005208976,-0.043778691,-0.009568884,0.014536797,-0.043118957,-0.049267497,-0.020991577,-0.024029221
E:\Project\Fake News Detection\images\real\2448.jpg,real,test,0.77655983,0.839526176,-0.035769235,-0.269629687,-0.036762349,0.365386784,-0.074247718,0.085355923,-0.138228297,-0.026798794,0.048795786,-0.098763168,0.029570632,0.054324962,0.088665761,0.037377071,0.046967421,-0.043606237,0.01256711,-0.034713134,-0.053122371,-0.044076946,0.016874006,-0.100993052,0.077899233,0.097623952,0.036386102,-0.040153123,-0.015122347,-0.003016025,0.003976591,0.019422607,0.036503918,-0.048422426
E:\Project\Fake News Detection\images\real\2449.jpg,real,train,0.613382936,0.663598001,-0.176848292,-0.183395073,-0.344293714,-0.193948656,-0.098831609,0.116742484,-0.018888375,0.018515093,-0.018538525,-0.110226162,-0.110119179,0.013946217,0.065759279,-0.038044062,-0.018647604,0.143951669,0.042508591,-0.109503448,-0.081181288,-0.016799087,-0.01421047,0.007536021,-0.067523472,0.0058056,0.017185688,0.167112619,0.031471536,-0.076991245,0.007472525,-0.037008002,0.067303799,-0.033203784
E:\Project\Fake News Detection\images\real\2463.jpg,real,train,0.842672825,0.852111757,-0.072097622,-0.394244075,-0.187883124,-0.005608218,-0.237336233,0.056159634,-0.115876429,-0.124113947,-0.008966829,0.03450175,0.138198838,-0.024135502,-0.059203979,-0.052499428,0.012311541,-0.11143519,0.002616535,0.04515129,0.014122758,0.015655017,0.000210209,-0.018647274,-0.010523866,-0.023763958,0.053573851,-0.017171534,-0.034912415,-0.01067752,0.006358583,-0.042569578,0.036359839,-0.035387117
E:\Project\Fake News Detection\images\real\2464.jpg,real,train,0.662890136,0.696697712,0.115213163,0.124064967,0.025859425,-0.01331047,0.058757715,-0.275679618,-0.004859188,0.007014711,0.045285564,0.097565547,0.065629639,-0.016909063,-0.057380393,0.067929529,0.15937303,-0.032049794,-0.013050217,0.054702029,-0.065314181,0.083152466,-0.144722596,-0.113703668,-0.098109014,0.039430346,-0.132649451,-0.057370488,0.134451285,0.065456122,0.014173259,-0.015611226,-0.0428815,-0.020657029
E:\Project\Fake News Detection\images\real\247.jpg,real,train,0.803640664,0.841480494,0.017782586,-0.423879057,0.104258031,0.039724592,-0.159502372,0.006708494,-0.065986186,-0.058196317,0.021610275,0.071314879,0.161302403,0.033632457,-0.132267594,-0.046684906,-0.01690607,0.023816302,-0.006710262,-0.068056658,-0.057854228,0.026733365,-0.025688691,-0.002414156,0.017683579,-0.043897998,0.096260197,-0.043508712,-0.018271379,-0.041721243,0.013312524,-0.064678334,-0.073289357,-0.044534944
E:\Project\Fake News Detection\images\real\2476.jpg,real,train,0.822294414,0.843199492,0.203663275,-0.369982749,0.144427434,0.218569934,-0.181881785,0.006845682,0.103844084,-0.019236963,-0.088095032,-0.171031058,0.10157831,-0.028486807,-0.024761731,0.142943233,0.033662383,-0.01385367,-0.028219832,-0.110699132,-0.084240876,-7.50E-05,-0.063581303,-0.002645725,0.018373866,-0.068789788,0.003274056,-0.044787366,0.011588131,-0.025732066,0.024370719,0.002317661,-0.055874288,-0.005248374
E:\Project\Fake News Detection\images\real\2479.jpg,real,train,0.732592583,0.758950293,0.379199445,0.25209105,0.215211064,-0.064326525,0.062402625,0.104700431,-0.093876317,-0.16155839,0.167521641,-0.009063091,0.071018204,-0.063338898,-0.038730793,-0.030769253,0.027685748,0.002400843,0.007245341,-0.082096487,0.160338536,0.039692491,0.023913994,0.001028057,0.031714674,0.058771912,-0.027189512,-0.07925687,-0.024475481,-0.04408782,-0.062481321,-0.044467032,0.058340274,0.006351034
E:\Project\Fake News Detection\images\real\2486.jpg,real,test,0.809445739,0.999999642,-0.05543144,0.028594255,-0.075750552,-0.036935315,-0.119520918,-0.198518157,-0.002212064,-0.045109052,0.081875041,-0.052988112,-0.042021979,0.014848843,0.028905964,-0.119324654,-0.006496839,-0.066603541,0.057338178,0.022384524,0.030195042,0.053147018,0.019716941,-0.059805363,-0.064507321,-0.003887651,0.067370601,-0.06627062,0.148949981,0.021310866,0.02425611,0.000215043,-0.109173425,-0.088751338
E:\Project\Fake News Detection\images\real\2487.jpg,real,train,0.739031911,0.999999642,-0.049743902,0.021370389,-0.063834123,-0.043737926,-0.119913161,-0.19646135,-0.000789298,-0.048635066,0.089432314,-0.044751983,-0.038882114,0.018787345,0.027337672,-0.118160769,-0.021703158,-0.060893983,0.057260215,0.024812322,0.035394408,0.058849309,0.021138472,-0.062247492,-0.05920393,-0.000191107,0.063005038,-0.067687996,0.141993776,0.027889267,0.020020045,-0.005907038,-0.115171984,-0.096382186
E:\Project\Fake News Detection\images\real\2490.jpg,real,train,0.739031911,0.999999642,-0.049743898,0.021370387,-0.063834123,-0.043737926,-0.119913161,-0.19646135,-0.000789298,-0.048635077,0.089432307,-0.044751998,-0.038882136,0.018787362,0.02733768,-0.118160784,-0.021703174,-0.060893983,0.057260197,0.024812317,0.035394412,0.058849301,0.021138459,-0.062247492,-0.059203915,-0.000191113,0.063005023,-0.067687996,0.141993791,0.027889268,0.020020071,-0.005907064,-0.115171947,-0.096382141
E:\Project\Fake News Detection\images\real\2495.jpg,real,test,0.756254733,0.820638359,0.272302717,0.161695689,0.018336505,0.050588027,0.08441101,-0.175791278,-0.008692838,0.098784722,-0.142903328,-0.056542505,0.24385348,-0.076255359,-0.115481101,-0.028785352,-0.055490874,0.02489467,-0.027628351,0.070448801,0.079667956,0.06106415,-0.01283953,0.017283157,-0.152724773,0.054153912,0.070253097,0.036067341,-0.034526117,0.062394172,0.01419846,-0.013860155,0.046957701,-0.018453009
E:\Project\Fake News Detection\images\real\2497.jpg,real,test,0.708444476,0.814001143,0.096803635,0.081832938,-0.12291234,0.040994078,0.01674848,-0.124694631,-0.057462126,-0.051291253,0.05109277,0.01221412,-0.014276318,0.017216086,0.085446179,-0.073504642,0.077930108,-0.071662039,-0.026464347,-0.002954543,-0.025650717,0.101861097,-0.047733445,0.035082355,-0.036911853,0.00126734,-0.000199594,-0.04532373,0.037708081,-0.019736908,0.070003599,-0.081007622,0.016935173,-0.050229438
E:\Project\Fake News Detection\images\real\2498.jpg,real,train,0.913067818,0.945619762,0.156302929,-0.385902345,0.219699055,0.211830363,0.045111123,0.043420687,-0.037333407,0.107535601,0.002179019,-0.075600326,0.139085233,0.059961427,-0.021311764,0.022214225,0.005275691,0.069292679,-0.026196759,-0.047482759,-0.096526369,0.042042989,-0.156932488,0.017113345,0.101354867,-0.073346607,0.053126752,0.019097378,-0.029083768,-0.073037975,0.036281433,0.027349835,-0.009138976,-0.035545204
E:\Project\Fake News Detection\images\real\25.jpg,real,test,0.590969205,0.625342488,0.022703536,-0.012844935,-0.059380069,0.01775042,0.090420768,-0.180135727,0.011401379,-0.07469964,-0.16907981,0.01779519,-0.092223257,0.094225056,0.10915409,0.030180113,0.066723198,0.108787805,-0.105954871,-0.09465681,0.103271812,-0.045945045,0.077999815,0.12869139,0.091946319,-0.009979958,0.052064866,0.009087026,0.014038779,0.003393732,-0.021580726,0.016162371,-0.038605534,0.0023783
E:\Project\Fake News Detection\images\real\2500.jpg,real,train,0.785881639,0.810249686,-0.241579175,-0.328102857,-0.038429998,-0.109644443,-0.250057518,0.085365817,-0.12824291,-0.057439733,-0.004095495,0.041620683,0.127693146,0.05154204,-0.03758958,-0.012837878,-0.019641105,-0.045235232,0.082873359,0.038199659,-0.01046302,-0.048386712,-0.058156174,-0.024065254,0.037416395,0.004756663,0.011935484,0.034362253,0.008538615,0.043417957,0.0193315,-0.07118126,-0.028835632,-0.042625487
E:\Project\Fake News Detection\images\real\2509.jpg,real,train,0.641529739,0.663573503,-0.174399987,0.031395063,0.013844996,0.132272661,0.039718021,-0.133574471,-0.086699635,0.088199802,0.084948599,-0.033230431,-0.116900451,-0.056950219,0.098328568,0.053682055,-0.165961042,0.125410944,-0.139454201,0.14566797,0.044690005,-0.035368055,0.129536882,0.063320443,-0.054811332,0.049029596,-0.143314824,-0.015890939,-0.107593134,0.130622253,-0.086940214,-0.059194211,-0.022880105,0.053579457
E:\Project\Fake News Detection\images\real\2526.jpg,real,train,0.649543643,0.748288691,-0.201963529,-0.009780711,0.115535058,0.055348925,-0.103665762,0.097561769,0.10112112,-0.089687787,-0.018495083,0.131202862,-0.109687977,0.00863634,0.065412529,-0.03550164,-0.06330616,0.052585676,0.022231502,0.111859493,0.01548044,0.099115133,0.058808725,-0.046035089,0.093679756,0.064747155,0.04241401,0.004414946,-0.006238279,0.044523146,0.037355009,-0.011034426,-0.003807941,-0.102979593
E:\Project\Fake News Detection\images\real\253.jpg,real,train,0.878299534,0.985999227,0.264249146,0.022813493,0.134487018,0.201933682,-0.307061881,-0.030756114,0.259090275,0.154466614,0.043457381,-0.031027963,0.002025242,-0.200074658,-0.025166325,-0.075812034,0.037221219,0.062339723,0.117617913,-0.038322065,0.116190679,0.126774877,0.007464072,-0.078538164,0.141779423,0.036092035,0.023624491,0.074297816,0.063512057,-0.058662113,-0.026476227,0.035365999,0.066176832,0.029178055
E:\Project\Fake News Detection\images\real\2531.jpg,real,test,0.752068877,0.788807809,-0.027248681,0.030440703,-0.007724397,0.143363893,0.128977567,-0.034945577,-0.011352284,0.032371163,-0.259099841,-0.005076781,-0.168901697,0.020391509,-0.084834419,0.031948689,-0.061595321,-0.15416263,0.126223624,-0.061345518,0.074213833,0.004129783,-0.018407285,0.007980362,0.138695434,-0.112128384,-0.053433158,0.05636394,-0.042527035,0.134318069,-0.037275799,-0.00341878,-0.018240564,-0.075574212
E:\Project\Fake News Detection\images\real\2533.jpg,real,train,0.651648164,0.719076753,-0.151447102,0.067832015,-0.11072316,0.104319237,0.065942287,-0.166745514,0.000704894,-0.078729734,0.106066614,-0.000471304,0.077682778,-0.214480117,-0.145329267,-0.102332957,0.176689491,0.065649122,-0.029529072,0.095323324,-0.022832515,-0.060445651,0.051610589,0.099417865,-0.08588703,-0.155008674,-0.134009853,0.0564082,-0.019160362,0.00428701,-0.007463233,0.112360217,0.09821593,-0.068491809
E:\Project\Fake News Detection\images\real\2538.jpg,real,train,0.963772476,1,-0.033440396,-0.443558276,-0.156828195,0.167230695,-0.176286131,0.018934844,-0.056599315,-0.076643474,0.036017351,-0.046775661,0.144585311,-0.069631211,-0.026628574,-0.008249326,0.074543089,-0.098350421,-0.0276979,-0.054747105,0.063476078,-0.017219221,-0.00423071,-0.022621483,0.086297259,0.00968394,0.023110257,-0.025349714,0.000645166,0.033740688,0.016050041,-0.074407056,-0.044558965,-0.06623102
E:\Project\Fake News Detection\images\real\2540.jpg,real,train,0.892624736,0.92978996,0.192354396,-0.468459964,0.048948571,-0.054348301,-0.135084718,-0.059187509,-0.190218136,-0.035967939,-0.064998098,0.013024841,0.115636431,-0.051477078,-0.016715623,0.008226062,-0.026018985,-0.040075075,0.00066077,-0.034377985,-0.035114288,0.081470929,-0.07022398,0.030601656,0.020341385,-0.033467285,0.055458836,0.021190519,-0.024397736,-0.03464384,0.021801181,0.106984347,-0.004121533,0.042835336
E:\Project\Fake News Detection\images\real\2558.jpg,real,train,0.760584533,0.816747844,-0.140231878,0.349907964,-0.293719083,0.090520531,0.092258722,0.12447089,-0.040275026,-0.014053134,-0.075047337,0.008608584,0.180850431,-0.016030135,-0.084124401,0.023027211,-0.086763859,-0.069423936,0.052502654,-0.01026067,0.056621607,0.010335763,0.05035064,0.051271215,-0.026639618,0.040691394,-0.052972186,0.025047207,0.067070596,-0.166926518,0.096840709,0.002708938,-0.041337915,-0.000230412
E:\Project\Fake News Detection\images\real\2563.jpg,real,train,0.926481605,0.937311172,0.488577306,0.167961136,0.073623985,-0.191803753,-0.100442544,0.140506074,-0.33846274,-0.014472809,0.116000555,0.097843602,-0.059375986,-0.088692516,0.0476567,-0.009494703,0.087560639,-0.061958328,-0.032506704,0.045495629,0.021922281,-0.015978109,-0.00399866,0.080536149,-0.020942643,0.046320591,-0.022827674,-0.006773959,-0.000674595,-0.030836729,-0.012155257,0.00249348,0.040520422,0.001778533
E:\Project\Fake News Detection\images\real\2580.jpg,real,train,1,1,-0.26851666,0.114649788,0.133650631,-0.143392682,-0.092368647,-0.021572929,0.071131565,-0.039837979,-0.108373918,-0.003792011,-0.146256149,0.146992743,0.066417485,0.166734353,0.064004868,-0.003144559,0.065542452,0.05869405,-0.09903758,-0.084935263,-0.044495225,0.197933897,0.146658093,0.220671639,0.006129806,0.056840107,-0.345948398,-0.137542054,-0.054276347,0.196537241,-0.132353216,0.010871964
E:\Project\Fake News Detection\images\real\2581.jpg,real,train,0.840586007,0.871189296,-0.147223905,-0.18881318,-0.005230619,0.378146231,-0.041280739,-0.076571688,-0.170511246,0.015251249,-0.041231591,-0.000269399,-0.077550501,0.100421883,-0.130087391,0.140276581,0.085220121,-0.236575693,0.023561787,0.001696878,-0.00191531,0.08581917,0.065863647,0.059215851,-0.04244737,-0.010746988,0.038306087,0.024972478,0.132251009,-0.066110671,-0.027893567,0.011555189,0.039992426,-0.00321115
E:\Project\Fake News Detection\images\real\2585.jpg,real,train,1,1,-0.26851663,0.114649788,0.133650616,-0.143392667,-0.092368647,-0.021572933,0.071131587,-0.039837986,-0.108373918,-0.003792011,-0.146256149,0.146992743,0.066417485,0.166734353,0.064004868,-0.003144559,0.065542452,0.05869405,-0.09903758,-0.084935263,-0.044495225,0.197933897,0.146658093,0.220671639,0.006129806,0.056840107,-0.345948398,-0.137542054,-0.054276347,0.196537241,-0.132353216,0.010871964
E:\Project\Fake News Detection\images\real\2587.jpg,real,train,0.777545631,0.999999881,-0.156760976,0.052503396,0.113782845,-0.023687914,0.016039129,-0.059581354,0.099422626,-0.15974839,-0.071869761,0.231954485,0.050851818,0.206239685,0.274551988,-0.051888272,0.191015914,0.099242039,0.006953746,-0.116860166,0.147921905,-0.058860924,0.142910138,0.144803315,-0.007771097,-0.03040228,0.026135957,-0.014460162,0.004300505,0.079976998,0.058534607,-0.02137351,-0.031827528,-0.043696512
E:\Project\Fake News Detection\images\real\2588.jpg,real,train,1,1,-0.26851663,0.114649795,0.133650571,-0.143392682,-0.092368692,-0.021572914,0.071131527,-0.03983799,-0.108373895,-0.00379198,-0.146256149,0.146992773,0.06641753,0.166734278,0.064004816,-0.003144613,0.065542437,0.058694046,-0.099037565,-0.084935352,-0.044495147,0.197933942,0.146658063,0.220671698,0.006129709,0.056840103,-0.345948398,-0.137542129,-0.054276373,0.196537226,-0.132353142,0.010871983
E:\Project\Fake News Detection\images\real\26.jpeg,real,train,0.814553738,0.858408272,0.13948223,-0.360250562,0.179749757,0.277818084,-0.032286149,-0.016275711,-0.116947874,0.10724321,0.002126092,-0.136615947,0.094271891,-0.035430994,0.010402404,-0.010436412,0.024490835,0.02860767,-0.039698772,-0.074949175,-0.109669879,0.072959974,-0.064480431,0.046531729,0.041435856,-0.043981384,0.064265758,-0.035023645,-0.012340655,-0.020289084,-0.028483981,0.050417945,-0.035944391,0.036475219
E:\Project\Fake News Detection\images\real\2609.jpg,real,train,1,1,-0.26851663,0.114649795,0.133650571,-0.143392682,-0.092368692,-0.021572914,0.071131527,-0.03983799,-0.108373895,-0.00379198,-0.146256149,0.146992773,0.06641753,0.166734278,0.064004816,-0.003144613,0.065542437,0.058694046,-0.099037565,-0.084935352,-0.044495147,0.197933942,0.146658063,0.220671698,0.006129709,0.056840103,-0.345948398,-0.137542129,-0.054276373,0.196537226,-0.132353142,0.010871983
E:\Project\Fake News Detection\images\real\2611.jpg,real,train,0.714253724,0.99999994,-0.093424171,0.291813433,-0.381495267,0.088686481,0.02704001,0.022747936,-0.020111296,-0.051757578,0.0149414,0.01634389,0.043250639,0.022301577,0.025160549,-0.035842758,-0.035084128,-0.09590631,0.061606582,-0.051756352,-0.060721733,0.031578012,-0.135643065,0.075819604,-0.00308408,0.014658873,0.04537002,0.122624055,0.018434435,0.066218555,-0.014039359,-0.063693725,0.041058723,-0.008192508
E:\Project\Fake News Detection\images\real\2618.jpg,real,train,0.632255375,0.659410059,0.110743292,0.089811511,0.029576741,0.017559387,-0.074946679,-0.187221035,-0.138861582,0.277197778,0.107198931,0.037505243,-0.000474182,0.022396185,0.162221491,-0.045550309,-0.060126346,-0.049477637,0.101432331,0.064785242,-0.125349835,-0.01703384,0.001970686,0.062047046,-0.048872694,0.026185373,-0.048496414,-0.156392142,-0.167632043,0.003927346,0.029203575,0.064424649,0.078777015,0.10029763
E:\Project\Fake News Detection\images\real\2619.jpg,real,train,1,1,-0.26851666,0.114649788,0.133650631,-0.143392682,-0.092368647,-0.021572929,0.071131565,-0.039837979,-0.108373918,-0.003792011,-0.146256149,0.146992743,0.066417485,0.166734353,0.064004868,-0.003144559,0.065542452,0.05869405,-0.09903758,-0.084935263,-0.044495225,0.197933897,0.146658093,0.220671639,0.006129806,0.056840107,-0.345948398,-0.137542054,-0.054276347,0.196537241,-0.132353216,0.010871964
E:\Project\Fake News Detection\images\real\2635.jpg,real,train,0.865080953,0.900460005,0.076377377,0.093824595,-0.496755928,-0.085730806,-0.350024998,-0.077680826,0.181089714,-0.03536284,0.031673145,-0.059278715,-0.060855087,-0.084087536,0.06600453,0.136601761,-0.085028797,0.01880876,0.033839073,-0.13335821,-0.041081324,-0.029928854,-0.019405384,0.036613036,-0.087709419,0.025103996,-0.056317199,0.014700603,0.024354827,-0.04082917,0.00183109,-0.016566221,-0.016694296,0.000404947
E:\Project\Fake News Detection\images\real\2639.jpg,real,train,0.776727676,0.82293117,0.343035519,0.148195803,0.158144891,0.031256273,-0.290299296,-0.010043759,0.220197871,0.025211815,-0.118929192,-0.03693714,-0.050825424,-0.16345571,0.0352339,0.047987752,-0.068899684,0.077347249,0.125661507,-0.02912401,0.042226829,0.079355657,0.041999593,-0.050394204,0.096729659,-0.058462936,-0.025095195,0.032773495,0.03797232,-0.041462217,-0.050322555,0.007238525,-0.017241443,-0.056419455
E:\Project\Fake News Detection\images\real\264.jpg,real,test,0.658929229,0.673343003,-0.01564689,0.032061491,-0.057819225,0.145963937,0.138237834,-0.24575901,-0.061709031,-0.054152116,0.086411268,0.021346539,0.043739993,-0.170514852,-0.017174732,0.080612138,0.15381524,0.026020115,0.004783984,0.055046961,0.054270715,-0.006647442,-0.107656255,-0.051020324,-0.203502014,-0.062190555,-0.17862004,0.040991202,-0.00984177,0.061397001,0.084483176,0.008750631,0.016176812,-0.074187182
E:\Project\Fake News Detection\images\real\2641.jpg,real,train,0.625793755,0.64659363,-0.286271989,0.099436186,0.157634586,-0.063782714,0.044062503,-0.05693049,-0.088705257,-0.058887661,0.009864581,-0.145091549,0.062213894,0.066991858,0.068847828,0.077017561,-0.225468248,0.119066492,-0.031990428,0.082365483,0.087398618,0.04415454,-0.002178167,0.00480599,0.045792114,-0.01319947,-0.046850804,-0.060679115,0.031961489,0.069484934,-0.065066919,-0.019521689,0.053037714,-0.040841229
E:\Project\Fake News Detection\images\real\2648.jpg,real,train,0.769027114,0.811314702,-0.056198627,0.156671003,-0.03711855,0.020265376,-0.080361314,-0.118822552,0.098477669,-0.136383504,0.111516312,-0.179505527,-0.108745538,0.146468401,0.02996959,-0.071438856,-0.176770151,-0.161861718,-0.258466363,0.071973898,0.149560392,-0.106139563,-0.094029672,0.022575768,0.065270185,-0.191645384,-0.032435816,-0.008058145,2.36E-06,-0.050827146,0.089131944,-0.023593612,0.089435458,0.122216694
E:\Project\Fake News Detection\images\real\2653.jpg,real,train,0.684609056,0.73367703,-0.1022425,0.132035464,0.044055317,0.006117488,-0.119141005,-0.059458863,0.14827843,-0.159557045,0.052217614,-0.11038287,-0.084866092,0.159387037,0.027565915,-0.090885535,-0.116433479,-0.0857962,-0.169538185,0.079694554,0.041390363,-0.152406156,-0.053318653,-0.00028273,0.015569163,-0.13298583,-0.031854253,0.00549663,0.033964276,-0.042944264,0.194572583,-0.059761047,0.00722692,0.047149435
E:\Project\Fake News Detection\images\real\2654.jpg,real,train,0.7410689,0.811314702,-0.065478593,0.182871014,0.010552408,0.037094496,-0.023413399,-0.130726799,0.091257796,-0.134497553,0.131274,-0.184194252,-0.10673359,0.106196098,0.062727019,-0.050635796,-0.211515486,-0.120869413,-0.236255556,0.068345264,0.128854185,-0.125282452,-0.120137759,0.011977045,0.074475683,-0.144481048,0.00108424,-0.057964429,0.057574656,-0.043494143,0.103141382,-0.057975922,0.079021707,0.121542104
E:\Project\Fake News Detection\images\real\2659.jpg,real,train,0.665278018,0.673205912,-0.202754736,-0.036337499,-0.024393776,-0.070664369,-0.071524844,-0.115638435,-0.140984222,0.010952309,-0.040531795,-0.069905475,-0.043947034,-0.014106316,0.119530112,0.038649738,-0.125726044,-0.006425826,-0.179401025,0.031911775,0.017684869,-0.002835831,-0.066820659,-0.085553728,0.049266662,-0.079314932,-0.012106602,-0.05031218,0.045523755,-0.001012556,-0.108963385,-0.088376522,0.043058742,-0.098446131
E:\Project\Fake News Detection\images\real\2676.jpg,real,train,0.661922157,0.748488307,-0.209761575,0.091738775,0.108311512,-0.001396233,0.073262557,-0.157486215,-0.027854912,-0.056480125,-0.000798889,-0.1141783,-0.044092048,-0.009378161,0.049487114,0.06693624,-0.201321483,0.119821697,-0.187868252,0.106837615,0.109309293,-0.053801399,-0.113311112,0.069615789,0.08032342,-0.056262806,0.050664522,-0.027048862,0.090020023,-0.022091812,0.031612821,-0.106761642,0.086358987,0.070617147
E:\Project\Fake News Detection\images\real\2678.jpg,real,test,0.678767741,0.718058228,0.114206463,0.148816764,-0.020667233,0.022530958,-0.032619838,-0.059110917,-0.002583958,-0.107303374,0.013901832,-0.00830764,-0.073855922,0.075319342,-0.004750825,-0.170267999,-0.077128574,-0.093025386,-0.061863508,-0.136517793,-0.010428697,-0.084023304,-0.077990621,-0.117923573,0.033747032,-0.016239449,-0.062891178,-0.05276905,0.061882965,0.016470313,-0.043720432,0.025898587,0.104282118,-0.007038526
E:\Project\Fake News Detection\images\real\2681.jpg,real,train,0.586816907,0.611821055,-0.26699996,0.031469688,0.095477022,-0.081573293,-0.030982679,-0.127620846,-0.049244963,-0.047286477,-0.05447185,0.01914349,-0.10313496,0.05246225,0.041588325,0.072105758,-0.139297843,0.100006498,-0.118357189,0.046636183,0.008958136,-0.00639285,-0.067799315,0.003614712,0.088693142,-0.093130961,0.065872103,-0.122203425,0.094532646,-0.034287211,-0.052247901,-0.088945016,0.010156755,-0.087336086
E:\Project\Fake News Detection\images\real\2694.jpg,real,train,0.603527248,0.676182747,-0.113535635,0.11326848,0.008268316,-0.015885193,0.033379294,-0.184344798,-0.091744207,-0.103981651,0.013363683,0.010424849,0.018193599,-0.054689787,0.058882512,-0.020473206,-0.093354739,0.136004567,-0.044227291,0.060195625,0.026442796,-0.094574891,0.03311684,0.037050441,0.013486922,0.022452019,-0.024200788,0.054647021,-0.080253974,0.042569209,-0.035412066,-0.100047946,0.043735586,-0.079266243
E:\Project\Fake News Detection\images\real\2700.jpg,real,train,0.63817215,0.652613997,0.016896544,-0.036160368,0.187471941,-0.042475443,-0.258950323,-0.057764526,0.306988567,-0.09929359,0.027702745,0.067309856,-0.01411148,0.075856335,0.014357029,0.16351144,-0.146121681,0.008136021,-0.011190002,-0.049070556,-0.176446602,-0.172025785,-0.07179416,0.015410734,-0.028026301,0.003193069,-0.018812327,0.000589186,-0.082641676,-0.002224728,-0.067251354,-0.053814806,0.061172422,-0.088150553
E:\Project\Fake News Detection\images\real\2701.jpg,real,train,0.778147399,0.789158881,-0.227974996,0.134992748,-0.214785516,-0.038810845,0.132664815,0.189616337,0.085285127,-0.05677015,-0.016311619,0.166818634,0.065429337,-0.010543018,-0.11496795,0.0379887,-0.060442965,-0.003674058,-0.076776028,0.040675875,-0.177698404,0.008841534,-0.07756976,-0.075344905,0.076419152,-0.078412578,0.056151636,-0.100228339,0.040485829,0.072948106,-0.085415639,-0.002561834,-0.014830549,0.065850809
E:\Project\Fake News Detection\images\real\2706.jpg,real,train,0.707707882,0.99999994,-0.20704639,0.211083248,-0.251255304,0.011485618,0.02958039,0.035997275,-0.107050776,-0.095337331,0.143658608,-0.069977455,-0.088183418,0.160677552,-0.112184078,-0.047106992,-0.052047912,-0.01997913,-0.043622967,-0.069961198,-0.101612337,0.039055713,0.039955046,-0.020831367,0.064983301,0.044643175,0.013509572,0.00909253,0.049248356,0.008250371,-0.061972789,0.081153177,0.039465953,-0.067154936
E:\Project\Fake News Detection\images\real\2714.jpg,real,train,0.763706982,0.988305509,-0.221877038,-0.156734273,0.048860978,0.276773334,-0.101689249,-0.078381367,-0.067854203,-0.018883221,0.01058638,0.028726658,-0.077159427,0.027021384,-0.116204672,0.092149347,0.059064131,-0.147690371,0.026604831,0.025342459,0.00955595,0.026643928,0.01243143,-0.132598191,-0.050181326,-0.008673407,-0.000244648,0.102812201,0.08360453,0.012011321,-0.006290109,0.069301203,0.160346031,-0.009324082
E:\Project\Fake News Detection\images\real\2717.jpg,real,train,0.630456567,0.647982419,-0.332174242,0.062011868,0.074201182,-0.092866607,-0.127004415,-0.016538097,-0.113246337,0.032501739,-0.127454281,-0.063582852,-0.09400741,-0.053741831,0.012590231,-0.093208827,-0.070476435,0.12399032,0.045728572,0.072046719,-0.018374735,0.198707655,-0.065193444,-0.00786707,-0.035018224,-0.151547611,-0.175278723,-0.077760816,0.069661126,0.009406725,-0.158139572,-0.038979489,-0.06042796,0.003513338
E:\Project\Fake News Detection\images\real\2726.jpg,real,train,0.653864026,0.693087399,-0.140820175,0.220792606,-0.10858991,0.067101113,0.042040043,-0.066904187,-0.055824749,0.002776344,0.006229467,0.043138716,0.0659554,0.015943954,0.050378822,0.035151679,-0.163912043,-0.094744913,-0.138368711,0.053892504,-0.040178213,-0.01743117,-0.120496944,-0.086970389,0.090692103,-0.003441,-0.080077916,0.040957872,-0.00397103,0.036606304,-0.110356778,-0.053993672,0.109476484,0.091889121
E:\Project\Fake News Detection\images\real\273.jpg,real,test,0.764819264,0.809119701,0.214426905,0.242197156,0.113024153,0.045733154,0.049215861,-0.137005299,0.000303367,0.05698923,-0.227853388,-0.023322236,0.223136485,0.023028813,-0.018431218,-0.013494376,-0.080900192,-0.02924462,-0.101721957,0.16124405,0.013455324,0.036076754,-0.045110811,0.039173923,0.017773204,0.07797505,-0.019444937,-0.016757891,-0.074730217,0.005313732,0.196112886,0.023879819,-2.54E-05,-0.029063746
E:\Project\Fake News Detection\images\real\2738.jpg,real,train,0.638789952,0.663934171,-0.039594278,0.070539363,-0.009990074,-0.090168402,-0.054345939,-0.184531942,-0.024417551,-0.1322622,0.021694684,-0.159966275,-0.084367618,0.061671406,0.193930775,-0.003129413,-0.079799034,-0.058194157,-0.198667973,-0.01592884,-0.067631222,0.03062469,-0.020330245,-0.066677906,0.095161214,0.019302562,-0.053464379,0.047755908,0.096324928,-0.05966967,0.01261603,-0.092420854,0.037890352,-0.102198616
E:\Project\Fake News Detection\images\real\2742.jpg,real,train,0.5709849,0.681159198,-0.416878045,0.034389012,0.148311093,-0.141365945,-0.06545189,-0.048548572,-0.112601221,0.193246067,-0.101368397,-0.077441633,-0.103057519,-0.065513171,0.03341962,-0.028591281,-0.030952105,0.157093316,-0.062472384,-0.011397574,-0.106392384,0.048062716,0.01678911,0.067501493,-0.108297929,-0.082369968,-0.008451132,-0.01798504,0.006408449,-0.045880463,-0.094580531,-0.135946661,-0.122357629,0.006943328
E:\Project\Fake News Detection\images\real\2754.jpg,real,train,0.718531489,0.790581346,-0.129357144,0.019658953,0.107157469,0.014496677,0.011006664,-0.063767895,-0.088895865,0.007050994,-0.188605532,-0.031008614,-0.201256484,0.016160253,-0.058612946,0.049917262,-0.193038836,-0.069122069,0.081514657,-0.095872283,-0.040502373,0.063482098,-0.042341363,0.002519957,0.176054552,-0.212548971,-0.091065593,0.097961091,-0.052985776,0.114853084,-0.090228714,-0.052504111,0.041801967,-0.140207797
E:\Project\Fake News Detection\images\real\2759.jpg,real,train,0.878776848,0.911833286,-0.470635891,0.12813428,0.256607383,-0.276888281,0.034663651,-0.002290426,-0.08051721,0.188276172,0.234494448,-0.236653417,0.153612345,0.018685518,0.108879291,0.201087415,-0.049002539,0.010616056,0.073195182,0.029801872,0.063830756,0.027514488,-0.044644546,0.062064327,0.04538472,-0.016511712,3.11E-05,0.010998742,0.033006005,0.075043313,0.026697768,-0.009558108,0.047381654,0.066703953
E:\Project\Fake News Detection\images\real\2760.jpg,real,train,0.667231739,0.686348498,-0.266961098,0.046778008,0.028364955,-0.065549433,-0.037558705,-0.09662737,-0.106645413,-0.028705034,-0.073011287,0.009569914,-0.049646877,0.00304449,0.069191404,-0.013802737,-0.140046388,0.172989592,-0.090128139,0.1126315,-0.001445787,0.015770059,-0.004644922,0.00850992,0.066427208,-0.129401341,0.021611251,-0.039530993,0.07953649,0.029536396,-0.098683514,-0.106876135,0.0174735,-0.005994903
E:\Project\Fake News Detection\images\real\2762.jpg,real,train,0.571284115,0.597188294,-0.027686592,0.025244957,0.038113587,-0.121391594,-0.05859543,-0.158862218,0.028515963,-0.084920995,0.131318688,-0.010663207,-0.089077428,0.190509796,0.082167916,-0.025960198,-0.066415034,-0.038744602,-0.140838891,-0.004812498,-0.01797305,-0.008047364,-0.067854092,-0.041036144,0.073859356,-0.005606109,0.04518963,0.081394479,0.09009213,-0.088168897,0.025640018,-0.06702964,0.02013026,-0.053485867
E:\Project\Fake News Detection\images\real\2763.jpg,real,train,0.755282044,0.948183775,-0.328098655,0.05674031,0.075735882,-0.012455469,-0.056398652,-0.029459562,-0.107778981,-0.047988642,-0.069737658,-0.049190175,0.010914896,-0.007634771,0.127024591,-0.04126095,-0.168782577,0.160815716,-0.006063347,0.185140908,0.006524747,0.176563188,-0.017051525,0.060688399,-0.044641934,-0.158593118,-0.074545257,-0.097065307,0.081512995,-0.015854463,-0.174178481,-0.104768761,0.012038074,0.046884872
E:\Project\Fake News Detection\images\real\2776.jpg,real,train,0.663602412,0.763837218,-0.22718823,0.120830201,0.177774593,-0.024734991,0.023630796,-0.000175241,-0.070293911,-0.170988828,-0.097387396,-0.109557711,0.088527381,0.011909118,0.089844264,0.189456373,-0.218865559,-0.022874076,-0.171894073,0.089600354,0.052434258,-0.000695504,-0.131491691,0.068717964,0.105027102,-0.005922836,-0.093833238,-0.050584614,-0.041995313,0.057443187,-0.105248883,-0.104770504,0.125093743,0.064488024
E:\Project\Fake News Detection\images\real\2779.jpg,real,train,0.707707882,0.99999994,-0.20704639,0.211083218,-0.251255304,0.011485555,0.02958037,0.035997275,-0.107050732,-0.095337324,0.143658608,-0.069977477,-0.088183418,0.160677537,-0.11218413,-0.047106978,-0.052047923,-0.019979153,-0.043623,-0.069961235,-0.101612337,0.039055765,0.039954998,-0.02083138,0.064983301,0.044643149,0.013509582,0.009092524,0.049248308,0.008250334,-0.061972819,0.081153169,0.03946593,-0.067154892
E:\Project\Fake News Detection\images\real\278.jpg,real,train,0.556775033,0.575487435,0.022566831,0.142208859,-0.047271449,0.002875164,-0.226531744,0.040895678,0.282292634,-0.079987228,-0.168705657,0.036774959,-0.065293223,-0.032866474,0.015464918,0.155459672,0.077566944,-0.004562769,-0.119830467,0.035312153,-0.051116399,0.014123421,-0.08711604,0.001955555,0.037293766,0.019081347,0.057679027,-0.101159789,-0.027289221,0.041515224,-0.011169568,0.021566767,0.119092822,0.128385365
E:\Project\Fake News Detection\images\real\2792.jpg,real,train,0.736870289,0.748756051,-0.058640521,0.080562614,0.029645275,-0.067635782,-0.015455823,-0.13976261,-0.022450233,-0.054747827,0.21908778,-0.101894647,-0.09059383,0.144399464,-0.091978662,0.086532116,-0.049700752,0.071054175,0.05691155,-0.062862806,0.090510331,0.088877946,-0.036206387,-0.023622721,0.057406124,0.125983223,0.089674346,-0.135481775,0.00056891,0.133711427,-0.011361302,0.102605946,0.091350697,-0.052159995
E:\Project\Fake News Detection\images\real\2805.jpg,real,train,0.560678661,0.57147485,-0.149068117,0.078315943,0.131055877,-0.087137058,-0.06535539,0.183192655,0.03440905,-0.048552185,0.088227525,-0.128294945,0.007476366,0.024090515,0.022452462,-0.047825858,0.043303885,-0.128984228,0.049222536,0.053052749,-0.056320298,0.05940149,-0.059929021,-0.058050353,0.033369239,-0.06875433,0.000902747,0.115075372,0.040885434,-0.038547207,0.037727483,-0.037549295,0.155873343,-0.056744236
E:\Project\Fake News Detection\images\real\2808.jpg,real,test,0.808800817,0.859381199,0.22525838,0.098799013,0.012313262,-0.09426102,-0.115903333,-0.149880856,0.003519265,0.1238636,-0.183565408,0.009170655,0.162036449,5.43E-05,-0.05071513,-0.051261958,-0.241946444,-0.039039865,-0.036407251,0.086894631,0.077136815,-0.019085877,-0.245303661,0.066417754,-0.098874055,0.006103046,0.043027386,0.004386246,-0.109378554,0.049805179,0.047601894,-0.028730243,0.16089198,0.032569796
E:\Project\Fake News Detection\images\real\2809.jpg,real,train,0.760586619,0.948183775,-0.34033516,0.024152221,0.073327094,-0.030474896,-0.05383601,-0.026454208,-0.089935251,-0.063284285,-0.079886585,-0.035965282,0.008275806,-0.015374477,0.130201861,-0.04539486,-0.169002399,0.170544654,-0.025974048,0.174298942,-0.012132465,0.166719183,-0.038207348,0.04654729,-0.032384463,-0.151179552,-0.069995992,-0.092320949,0.087461643,-0.007013454,-0.186488375,-0.114540622,0.021002088,0.033792451
E:\Project\Fake News Detection\images\real\2811.jpg,real,train,0.79456985,0.903720737,0.193066359,-0.338386625,0.037261359,-0.234653026,-0.014575449,-0.026508722,0.045903418,0.033372473,-0.078033358,0.019365164,-0.036787536,0.01805911,-0.069132708,0.067779191,-0.083879575,0.022976283,-0.085373349,0.029694293,-0.094418302,0.059635438,-0.060993262,2.61E-05,-0.053265411,-0.060668178,-0.026190938,0.053585008,-0.00427265,0.013363747,0.044334084,0.033480614,0.139329821,0.020150375
E:\Project\Fake News Detection\images\real\2823.jpg,real,train,0.683749497,0.728241563,-0.23454228,0.362847835,-0.222733617,0.077586368,0.050815377,0.14038606,-0.015605462,-0.077304982,0.101815887,-0.006104826,0.173782423,-0.055290435,-0.127645195,-0.050262008,-0.010305764,-0.004824954,-0.021094358,0.061439712,-0.022231678,0.031174056,0.01478276,0.028965065,0.00326165,-0.080721378,-0.117688313,0.117793731,0.032617934,-0.114241086,0.017288854,0.073784515,0.053429391,0.016134525
E:\Project\Fake News Detection\images\real\283.jpg,real,train,0.638836205,0.669542789,0.12395566,0.145283699,0.102758951,0.041785382,0.134274513,-0.141371965,-0.013732129,-0.121260516,0.163801834,-0.082602464,0.024106378,0.092696056,-0.02121702,-0.121441394,-0.028587049,-0.05241425,0.037916984,0.086923338,-0.032924697,0.003700972,0.026415313,-0.038472492,0.079916544,0.033292316,-0.03384411,0.003585519,0.007665061,-0.009081285,-0.03401982,0.028255967,0.034035329,-0.028455561
E:\Project\Fake News Detection\images\real\2831.jpg,real,train,0.676434636,0.751968145,-0.226826474,-0.018351352,0.080217443,-0.01714764,-0.039441839,-0.04221243,-0.068945967,-0.14265649,-0.080793299,-0.057612926,0.015134386,-0.039569326,0.061123002,0.179757029,-0.234317794,-0.059061531,-0.217964485,0.046555463,0.001078679,0.027269194,-0.060522433,-0.016412964,0.10763628,-0.107048325,-0.131135494,-0.044606306,-0.035335712,0.00481076,-0.127723679,-0.105128102,0.158457503,-0.015073497
E:\Project\Fake News Detection\images\real\2836.jpg,real,test,0.71433866,0.764484882,-0.181090444,0.296353042,-0.239619464,-0.041942596,0.059839729,0.132505789,0.04011327,-0.13740547,0.192888439,-0.140845105,0.107748516,-0.00219442,-0.125257283,0.057399172,-0.17364572,0.020066645,-0.103448987,-0.209746376,-0.058430199,0.082762197,0.00136923,0.013773218,0.097427055,0.020600963,-0.025164494,-0.080563501,-0.191866606,-0.104457825,-0.127495021,-0.013605206,0.137391299,-0.014748745
E:\Project\Fake News Detection\images\real\2841.jpg,real,train,0.675451636,0.753151894,-0.201187715,0.010009823,0.020143844,0.060636133,0.037255444,-0.217035055,-0.073894367,0.079321742,0.0436044,0.1037874,-0.074133448,-0.122315601,0.050128676,0.146484628,-0.149082541,0.071561538,-0.148252741,0.13435553,0.008700601,-0.143353909,0.108505547,-0.05497577,-0.13913323,-0.101861991,-0.034649946,0.027067002,-0.141087666,0.008167442,-0.027593736,-0.027635617,0.064329423,-0.02522254
E:\Project\Fake News Detection\images\real\2852.jpg,real,test,0.773765206,0.795906305,-0.023863621,0.174673885,0.04022539,0.042618677,-0.040968407,-0.098534673,0.063857362,-0.131696254,0.163159907,-0.173580989,-0.154772967,0.157630235,0.026809279,-0.039474461,-0.199684337,-0.100458778,-0.181709766,0.03075628,0.142498642,-0.058471277,-0.099941313,-0.018580966,0.090311304,-0.201665223,-0.060120605,0.000780523,0.047009401,-0.008964941,0.050470307,0.005759097,0.072268791,0.112892494
E:\Project\Fake News Detection\images\real\2859.jpg,real,test,0.672988236,0.735212326,-0.170816019,0.297172219,-0.269067377,0.017243855,-0.059560206,0.108354129,-0.000596742,-0.074051648,0.001493061,-0.010644628,0.083710864,0.009456754,0.034105785,0.020618357,-0.171405062,-0.035738982,-0.161430433,0.027059302,-0.036930442,0.068825625,-0.06802094,0.007989407,0.060015231,-0.028183851,-0.034692302,0.03902391,-0.008365288,-0.003339142,-0.053639926,-0.042324096,0.066610418,0.036016285
E:\Project\Fake News Detection\images\real\2863.jpg,real,train,0.625274658,0.650081515,0.094118826,0.031871852,0.021296067,-0.096752264,-0.009737453,-0.11495737,-0.07752426,0.014195051,0.066899933,0.028937966,0.029613966,0.104167528,0.034713969,-0.060887977,-0.069523357,-0.218860537,-0.028181227,0.032713141,-0.100499779,0.165108949,-0.097320184,-0.047874905,0.035962269,-0.053119536,-0.035567418,-0.012996008,0.012253582,-0.033878427,-0.021772325,-0.054571155,0.125552773,-0.041498959
E:\Project\Fake News Detection\images\real\2864.jpg,real,train,0.718853772,0.72674036,-0.226212576,0.076688707,0.204462409,-0.228766084,-0.200236946,0.108480811,0.146907225,0.200020492,0.02713735,-0.160701826,0.109824561,0.023873724,0.025409749,0.08744102,0.05552705,-0.11228741,0.073311284,0.100940421,-0.024689356,-0.043874167,-0.003727596,-0.038759589,-0.019271091,-0.027255453,0.070833758,0.029387519,0.097518571,0.016848844,0.016239632,0.057389006,-0.023024054,-0.091929436
E:\Project\Fake News Detection\images\real\2878.jpg,real,test,0.715285897,0.725033641,0.228562653,0.188897967,0.090849705,-0.05434823,-0.024059247,-0.020147681,-0.087892763,0.042861506,-0.146988377,-0.017753163,0.108156726,0.03326682,-0.025321592,0.016455986,-0.229886398,-0.095483676,-0.139022633,0.044740632,0.043114915,-0.039006025,-0.06077807,-0.052716732,-0.025942944,-0.079521447,0.038691565,0.103433013,-0.047267899,0.059536055,-0.038180582,-0.070979618,0.148424491,-0.024955966
E:\Project\Fake News Detection\images\real\2881.jpg,real,test,0.786063135,0.849211931,0.209650517,0.152760848,0.111047365,-0.073586121,-0.267508596,-0.065433905,0.267205447,-0.006470045,-0.072770387,-0.087181136,0.01544508,0.058961309,-0.033963889,0.217157096,-0.090434626,-0.022915147,-0.125449553,0.005687654,-0.153882101,0.045460068,0.064343587,-0.027631328,-0.023376111,-0.058470257,-0.09593191,-0.016503282,0.030516945,0.056726649,-0.097737029,0.036611013,0.040016904,0.024493352
E:\Project\Fake News Detection\images\real\2891.jpg,real,test,0.506426275,0.523296833,-0.125619471,0.106300391,0.013071015,-0.082099095,0.008515568,-0.015598711,-0.047800489,-0.047974311,0.025874,0.026659146,0.003160887,-0.101118952,0.045752876,0.004540935,0.033902694,-0.049418584,-0.072902411,0.05152522,-0.020039175,0.013046713,-0.011335706,-0.056262627,-0.101353504,-0.088603057,0.084872052,-0.139134422,0.064199619,0.078277469,-0.040437348,0.029837642,-0.037101321,-0.009038202
E:\Project\Fake News Detection\images\real\2895.jpg,real,train,0.805937469,0.839081287,-0.264770776,0.145050257,0.012705239,-0.188989475,0.06049376,0.00934911,-0.108948663,-0.075928144,0.139767587,-0.219907418,0.08156614,-0.027667411,-0.274224311,0.046278186,-0.179148108,0.08082217,-0.191824883,-0.26059103,0.046038188,0.040670067,0.12921828,-0.045468897,0.01914797,-0.008560989,-0.008658713,-0.205010056,-0.140298307,-0.077900685,-0.143000066,-0.028045643,0.215199918,-0.106875785
E:\Project\Fake News Detection\images\real\2897.jpg,real,train,0.766368508,0.988305509,-0.222327918,-0.151032254,0.045749288,0.268870264,-0.103919104,-0.092392102,-0.071539208,-0.021153865,0.004978828,0.023627551,-0.081143759,0.03316845,-0.1192967,0.101331972,0.058767475,-0.142219424,0.02651261,0.029660039,0.014722126,0.022390053,0.00157754,-0.12186721,-0.037334189,-0.001448448,-0.003482562,0.101324253,0.085051551,0.01251129,-0.009563146,0.066497743,0.163114086,-0.015367012
E:\Project\Fake News Detection\images\real\2898.jpg,real,train,0.62430495,0.697552323,-0.237594649,0.002415626,0.17445372,-0.004533987,0.154432252,0.033157419,0.018859014,-0.18431139,0.096320048,0.132860065,0.031037947,-0.277196974,0.108940713,-0.029543269,-0.286926597,-0.081699371,0.000482149,0.011115133,0.015905755,-0.016913695,-0.021892473,0.018979501,0.105097339,0.017277153,-0.057686221,-0.099615149,0.072582029,0.056877375,-0.035527647,0.051203571,0.050541088,-0.006330117
E:\Project\Fake News Detection\images\real\2909.jpg,real,train,0.674437404,0.712827444,0.145972535,-0.031877827,0.025387565,-0.150301084,-0.166679695,-0.205453232,0.021828203,0.104927063,0.043614816,0.0709657,-0.028309958,0.111768521,0.084929228,-0.068649523,-0.148816347,0.004845079,-0.160554677,-0.010361025,-0.063089736,-0.02569866,-0.099075243,-0.005901641,0.031674791,-0.023356723,0.035465091,0.033476032,-0.022269763,-0.014626252,-0.048258971,0.017187933,0.133776486,0.038493466
E:\Project\Fake News Detection\images\real\2913.jpg,real,test,0.698622227,0.726257026,-0.205172673,-0.132653803,0.159450263,0.216247767,0.035102692,0.040999472,0.080671899,-0.175437167,0.085996762,0.054204464,0.014303405,-0.179489493,0.084708124,0.021365564,-0.052448452,-0.17409122,-0.056956369,0.027476206,-0.003663108,-0.036264054,-0.006285291,-0.092512175,0.075882673,0.092614532,-0.027655479,-0.008577161,0.051316671,0.057374805,-0.044647016,0.079723433,0.081930041,-0.033001892
E:\Project\Fake News Detection\images\real\2920.jpg,real,train,0.842568398,0.911633015,-0.476192117,0.076865688,0.294450551,-0.254747599,0.141224548,0.073331296,0.013477549,0.05621649,0.107634939,-0.014756758,0.186676145,-0.098418117,0.14093788,0.132234827,-0.005012063,-0.132942528,0.073577575,0.037310321,-0.0512213,-0.095972888,-0.020110782,0.04059891,0.034645304,-0.030847847,-0.021554643,0.008219069,0.135856524,0.002607117,-0.028588086,0.060832683,-0.056523208,-0.032343939
E:\Project\Fake News Detection\images\real\2922.jpg,real,train,0.667668223,0.686149478,-0.345487475,0.053743549,0.28785789,-0.078345612,-0.046085726,0.10267996,-0.031314917,-0.067238823,-0.040773589,0.078808449,-0.099683829,-0.12313775,-0.02312113,-0.097464442,-0.192478269,0.085813239,-0.01624652,0.115613237,0.083933912,0.100669473,-0.07042972,-0.005695193,0.055750336,-0.001763891,-0.071967885,0.0950922,0.008050061,0.156127855,0.071694151,-0.022415955,0.13250652,0.025764436
E:\Project\Fake News Detection\images\real\2930.jpg,real,train,0.54806596,0.563298047,-0.27434817,0.051412448,0.099421635,-0.267852068,-0.016057679,0.040573154,0.017875107,0.08409252,-0.137526676,0.03344873,-0.070813827,0.063143991,0.02783563,-0.071033269,0.10188356,-0.083100408,-0.141441047,-0.004467611,-0.055414051,0.043505382,-0.125379488,-0.13638401,-0.048419368,0.011694146,-0.054763954,-0.015928658,-0.041755833,0.076095268,-0.138046712,0.045230623,0.147657827,0.039893404
E:\Project\Fake News Detection\images\real\2938.jpg,real,train,0.736521006,0.823272169,-0.159096286,0.16080074,-0.262313008,0.031597372,0.148468941,0.261998326,-0.044333681,-0.056801923,-0.1048012,-0.020524696,0.043746989,0.051180568,-0.005158306,0.113203332,-0.1442509,0.035608985,-0.090702519,-0.093823671,-0.076015003,0.085319318,-0.077087618,0.042418059,0.040624008,-0.016384363,0.000899752,0.112442061,0.075635239,0.013057751,-0.067164905,0.008651384,-0.043696936,0.054466002
E:\Project\Fake News Detection\images\real\2948.jpg,real,train,0.877583206,0.935548902,-0.240204722,-0.149628103,0.151067793,0.228374481,-0.09191338,0.205396503,0.039887372,-0.174694091,0.130670801,0.045985799,0.070270404,0.001506889,0.018192952,-0.058455132,-0.067753509,-0.048474889,-0.045399524,0.135934934,0.139012948,0.013936792,-0.076567464,-0.014357535,-0.009740623,0.007148461,-0.049936105,0.074629985,-0.041192688,-0.054316875,-0.058270883,0.019343533,-0.048357256,0.087298445
E:\Project\Fake News Detection\images\real\2962.jpg,real,train,0.76903981,0.826908827,-0.003306515,-0.00427382,-0.125710204,0.015979229,0.206399605,0.117523357,0.148974538,0.102872722,-0.000556754,0.027817078,-0.02770883,0.115346283,-0.017076602,0.035871431,-0.041191079,-0.050906889,-0.139816508,0.15961495,0.093589209,0.001620638,-0.152228594,-0.068648383,0.076993667,-0.047290657,-0.05159267,-0.021271443,-0.000743925,-0.012598952,-0.074378081,-0.049876973,0.045671944,0.001986445
E:\Project\Fake News Detection\images\real\2963.jpg,real,test,0.71433866,0.764485002,-0.181090444,0.296353042,-0.239619464,-0.041942596,0.059839737,0.132505774,0.04011327,-0.137405455,0.192888409,-0.14084509,0.107748523,-0.002194427,-0.125257254,0.057399176,-0.17364572,0.020066645,-0.103448972,-0.209746391,-0.058430195,0.082762189,0.001369225,0.013773218,0.097427055,0.020600965,-0.025164498,-0.080563486,-0.191866606,-0.10445784,-0.127495006,-0.013605211,0.137391284,-0.014748737
E:\Project\Fake News Detection\images\real\2972.jpg,real,train,0.730645537,0.791907549,-0.192188784,0.261498183,-0.254343718,0.029318986,0.032920279,0.12604478,-0.049404677,-0.064450748,-0.019271623,0.096635774,0.069393873,0.032995053,-0.017268889,0.067096204,-0.11181774,0.026199043,-0.117611602,-0.010176534,-0.094557352,0.055998873,-0.073141485,0.010697725,0.07059069,-0.05880278,-0.00718759,0.076384164,0.095057093,0.035202559,-0.097049437,0.021464968,0.015550762,0.018243419
E:\Project\Fake News Detection\images\real\298.jpg,real,train,0.929575324,0.94873035,-0.06228102,-0.432254672,-0.135986641,0.152392,-0.188616514,0.030503374,-0.039603319,-0.080209814,0.048622701,-0.014817927,0.136485368,-0.040756375,-0.046909213,-0.030866096,0.059472565,-0.064819358,-0.008625502,-0.040664166,0.060051952,-0.020567501,0.002167962,-0.024598422,0.066191614,0.024125619,0.022413488,-0.006204241,-0.020757198,0.034810323,0.020425864,-0.092665516,-0.043011442,-0.082453877
E:\Project\Fake News Detection\images\real\2982.jpg,real,train,0.677601337,0.706880867,0.014051089,0.111050136,0.169413045,0.077643514,-0.035334736,-0.263022125,-0.073780775,0.163496435,0.132984459,0.140312031,-0.063692734,0.163542852,-0.087135404,0.050176952,-0.106712364,-0.086586475,0.045688324,0.039073262,-0.076378778,0.058740344,0.023939723,0.098278433,0.04694128,-0.026828585,-0.024868587,-0.004812607,0.070383519,-0.040426288,-0.038568806,-0.023288529,0.017497921,-0.002723056
E:\Project\Fake News Detection\images\real\2992.jpg,real,test,0.746236444,0.756116152,0.204032749,-0.225082368,0.222368598,0.122222081,0.146475166,0.139643222,-0.028606126,0.118885614,-0.115206093,-0.074029125,0.112206295,0.062340863,-0.063704595,0.042459309,-0.126135647,0.053755578,-0.00958541,-0.051693946,-0.131649584,-0.072721116,-0.064572155,-0.06424278,0.115772024,-0.04354991,-0.063697986,-0.031554498,0.004181974,-0.078574568,0.059089459,-0.047164947,0.055084549,-0.004305713
E:\Project\Fake News Detection\images\real\303.jpeg,real,train,0.763984025,0.848351896,-0.042272434,-0.188941076,-0.024879619,0.375270605,-0.028872289,0.11692524,-0.037240662,0.009512058,-0.023978932,-0.136634231,0.087362692,-0.133095071,0.004222434,-0.003341563,0.02942422,-0.08609125,-0.090135992,0.009708115,0.184042439,-0.01025743,-0.048840985,-0.029224718,-0.010643227,0.025832573,-0.053961538,-0.016390314,-0.055564128,-0.045654576,-0.057154309,-0.063834563,0.037071463,0.104605064
E:\Project\Fake News Detection\images\real\3030.jpg,real,train,0.820520401,0.843457758,-0.450102508,0.121969767,0.221082404,-0.270104736,0.019693147,0.056599203,-0.057977725,0.172954425,0.08794532,-0.228354916,0.218122438,-0.017227964,0.1807978,0.124829754,-0.012400881,-0.005883013,0.058359746,0.111392386,0.020340808,0.01610297,-0.066537961,0.037479546,0.018063016,-0.05830944,-0.04286823,0.018858194,0.093098454,0.016450373,-0.077947222,-0.072827972,-0.01653106,0.045060866
E:\Project\Fake News Detection\images\real\3035.jpg,real,train,0.653567314,0.681127071,-0.095507681,-0.02371593,0.022229891,-0.03392138,0.009879916,-0.085110337,-0.033538163,-0.110421553,0.123914003,-0.179926485,-0.180893779,0.042243052,0.022562863,0.002378742,-0.164417669,-0.133641526,-0.065466367,-0.032920159,0.013258411,0.092029594,-0.09701512,-0.003021586,0.093012698,-0.120156817,-0.075827301,-0.012313761,-0.054725956,0.052993834,-0.084443048,-0.069613077,0.065988414,-0.05885167
E:\Project\Fake News Detection\images\real\3039.jpg,real,train,0.904971302,0.951792419,-0.473530173,0.12086267,0.22953102,-0.313325822,0.042456545,0.033831283,-0.087117724,0.201095298,0.19865714,-0.288570285,0.182123318,0.011558247,0.111359231,0.18021369,-0.004977928,0.001350107,0.103222542,0.030250179,0.073636524,0.038615707,-0.033209,0.013478339,0.010303453,0.0005482,0.031900007,-0.030789927,0.050932139,0.064964458,0.019200977,-0.007058487,0.024942031,0.044776738
E:\Project\Fake News Detection\images\real\3065.jpg,real,test,0.73678863,0.818759203,-0.28481108,0.283259124,-0.114271887,-0.162590608,0.014235754,0.146862611,-0.014751725,-0.010038145,-0.080912739,-0.023815427,0.032296088,-0.069280058,-0.137590393,-0.091243833,-0.060915023,0.016877862,-0.172909275,-0.064925037,-0.079435274,0.047336999,0.012205759,-0.061923951,-0.018164471,-0.01026573,0.006342581,-0.080240056,-0.069126099,-0.006464586,-0.066472113,-0.039976779,0.165446386,0.054380305
E:\Project\Fake News Detection\images\real\3067.jpg,real,test,0.567782044,0.600207448,0.025326282,-0.068007119,0.246101081,-0.077089362,0.235023707,0.124345943,0.045312591,-0.066152222,-0.003853492,-0.044447973,0.073878333,0.160180897,0.105992004,0.001645952,-0.044490211,0.051725484,-0.139642969,-0.005805612,-0.119222797,0.067836769,0.038824581,-0.059051275,-0.01908502,0.000956073,0.038005553,0.056533679,-0.007389545,0.034086913,0.018020213,-0.101478994,0.009575419,0.092932552
E:\Project\Fake News Detection\images\real\3070.jpg,real,test,0.624953151,0.680153012,-0.263705254,0.021210834,0.09922953,-0.079278618,-0.021128636,-0.156178311,-0.040428713,-0.030196959,-0.070375115,0.030485988,-0.074487567,0.054440849,0.057798903,0.037234116,-0.062996686,0.020359753,-0.130492494,-0.046405174,0.059383482,-0.027426638,-0.051878948,-0.005262472,0.069368184,-0.095041655,0.039063461,-0.049482688,0.090600364,0.006112471,-0.02580595,-0.10521543,0.01711705,-0.127428144
E:\Project\Fake News Detection\images\real\3074.jpg,real,test,0.64021349,0.687768459,-0.079985179,0.090883389,0.096809864,-0.016767778,0.072268531,-0.134135872,0.043352194,-0.119439207,0.24113147,-0.258317709,-0.066797853,0.141672373,-0.04435936,0.029048655,-0.098216683,0.099786252,-0.02406111,-0.037326343,0.065122604,0.069000185,-0.046392206,0.0250136,0.051128879,0.058389481,0.108794339,0.005801633,-0.013619438,0.094282433,0.033846397,-0.038571026,0.105904542,0.050494112
E:\Project\Fake News Detection\images\real\3097.jpg,real,train,0.636811614,0.659451365,-0.36520648,0.07518848,0.15099822,-0.159505829,-0.09350878,-0.000488775,-0.133697361,0.125432029,-0.063712984,-0.038090333,-0.219991371,0.038027424,-0.00169065,-0.062341135,-0.128154755,-0.094257139,0.025496019,0.015014064,-0.100037865,-0.006533656,-0.019775037,-0.006839746,0.111664981,-0.114237443,-0.125375524,0.01174151,-0.079121545,0.04014235,0.009038407,-0.086119831,0.009488408,0.011497958
E:\Project\Fake News Detection\images\real\3109.jpg,real,train,0.804249942,0.830321193,-0.11242687,0.133459523,-0.045833845,0.075805672,0.104505114,-0.21069786,-0.113214724,-0.146981463,0.133232221,0.10531643,0.039051507,-0.136024594,0.066083044,0.264201224,-0.01956412,0.049708478,-0.026959974,0.070092753,-5.32E-05,-0.118438154,-0.102845006,-0.366726816,-0.016415741,-0.001999224,0.062773846,0.150897563,-0.155751482,-0.103432015,-0.05989974,-0.016543508,0.009769139,0.015973972
E:\Project\Fake News Detection\images\real\3111.jpg,real,test,0.604290009,0.729673147,-0.237945378,0.122247681,0.020259822,-0.075855814,-0.041908864,-0.028336868,0.038588859,-0.002351791,-0.012121916,0.123505428,-0.120290667,-0.046312124,-0.007001709,0.004973583,0.093600653,0.035177063,-0.183357552,0.066491991,-0.057674408,-0.050969362,-0.080924094,-0.094237253,0.016386241,-0.117641293,0.10844373,-0.05571416,0.049212269,-0.057993695,-0.032111183,0.064010322,0.017682705,-0.043604188
E:\Project\Fake News Detection\images\real\3130.jpg,real,train,0.681554556,0.718461633,-0.082504675,-0.008377776,-0.009148382,0.02713079,-0.083148822,-0.065241948,0.03741302,-0.078376457,-0.10077285,0.081233412,-0.046903167,0.044175953,0.066697016,0.044016507,-0.069064006,-0.111733906,-0.157222867,0.021105798,0.034933113,-0.023425825,-0.15519017,-0.045474708,0.12988013,-0.069498882,-0.036690906,-0.092403173,-0.012302568,0.054826055,-0.050640915,-0.030493885,0.159842223,-0.087806351
E:\Project\Fake News Detection\images\real\3131.jpg,real,train,0.696884632,0.82744205,-0.124275215,0.347226351,-0.237829685,0.089228816,-0.008251891,0.166672125,-0.132243589,-0.072235197,-0.00784644,0.067129232,0.095553927,0.051161416,-0.027381999,0.050678056,-0.054716889,0.102269284,-0.086087883,0.039082605,-0.091148615,0.010321292,0.001946072,0.065132856,0.007698659,0.027884727,0.010482436,-0.028646573,-0.053066634,-0.040107168,0.03768567,0.029719805,0.06884449,0.071906127
E:\Project\Fake News Detection\images\real\3143.jpg,real,train,0.748769104,0.790757835,-0.02929859,0.126025572,-0.029672092,-0.025884787,-0.070454523,-0.13830547,0.026775448,-0.08419054,0.183824092,-0.192934424,-0.143654823,0.260962456,-0.048924692,-0.019122696,-0.09631408,-0.075437717,-0.091010287,-0.028013129,0.110308267,-0.022879666,-0.043761477,-0.075927235,0.076456457,-0.089465134,-0.005488982,-0.024313565,-0.004853539,0.021319939,0.129557982,0.097761542,0.014818334,0.082336016
E:\Project\Fake News Detection\images\real\3148.jpg,real,train,0.652580142,0.778341949,-0.075612478,-0.061347671,0.235010907,0.080181241,0.036374617,0.06932582,0.032787364,-0.153448582,-0.181649223,-0.008330603,0.024025947,-0.114854559,0.10976208,0.000768164,-0.27042076,-0.091986932,-0.007034166,-0.022076664,-0.045889165,0.072716303,-0.050462835,-0.03230169,0.100947164,-0.078649953,-0.036205348,0.002227991,-0.102782749,-0.022100152,-0.049382091,-0.132840797,0.033311412,-0.114072971
E:\Project\Fake News Detection\images\real\3164.jpg,real,test,0.659851015,0.701887608,0.162045896,0.150103852,0.122015767,0.041679204,-0.021356706,-0.193757668,-0.01861104,0.107794844,0.102263048,0.027341992,0.030872887,0.09322127,-0.029277638,0.063180424,-0.124311015,-0.101553291,-0.154999599,0.010660306,-0.078783661,0.127272293,0.021802422,0.058514923,0.127853289,-0.020885684,-0.023328329,0.055424154,0.035003088,0.054290429,-0.069609359,0.000795847,0.066371575,0.048449289
E:\Project\Fake News Detection\images\real\3175.jpg,real,train,0.775239646,0.811095357,-0.426281035,0.144704506,0.314520061,-0.254057229,0.023894563,0.096540421,-0.002484488,0.086930715,0.006810454,-0.093794011,0.237696752,0.001382521,0.181028888,0.084546052,0.049717005,-0.089859933,-0.039633542,-0.035161741,0.034662224,0.00346808,-0.080111995,-0.008744436,-0.001534079,-0.019802434,-0.096010707,0.064665355,0.103087567,0.008215593,-0.101224937,-0.019136401,0.040786851,0.028343525
E:\Project\Fake News Detection\images\real\318.jpg,real,train,0.787432075,0.826908827,0.110859953,0.061806288,-0.147694021,0.069350056,0.223461211,0.253375471,0.108290888,0.084748633,-0.043340042,0.020598315,0.043991867,0.054160189,-0.055327427,0.002918235,0.013864346,-0.033143993,-0.10122367,0.162523955,0.122127794,-0.010397966,-0.063185997,-0.006109073,0.028052164,0.039297301,-0.071616665,-0.009377368,-0.001915501,-0.024888601,-0.068362005,-0.0480823,-0.063806608,0.007916174
E:\Project\Fake News Detection\images\real\3183.jpg,real,train,0.697989166,0.718461633,-0.104754537,-0.041188434,0.044999644,-0.087737568,0.042351298,-0.006858668,0.096477643,-0.040246297,-0.057702582,0.172245845,-0.00314582,0.161461458,0.094429471,0.027437001,0.039826788,-0.036260605,-0.153335169,-0.031624377,0.091593571,0.03332299,-0.077738874,-0.111851498,0.045855496,-0.063960142,0.004179481,-0.06507504,0.06614244,0.038951252,-0.05758347,-0.021120546,0.126136377,-0.045622908
E:\Project\Fake News Detection\images\real\3186.jpg,real,train,0.692694306,0.81178236,-0.274772584,-0.030151974,0.239180654,-0.120864436,0.231721282,0.038531166,0.047504973,-0.063979283,-0.014815562,0.044381373,0.02854489,-0.235578239,0.125722036,0.040853757,-0.217037052,-0.071147971,-0.003891445,0.042830225,0.003167279,-0.045474246,0.053401034,0.060831949,0.067314543,-0.076176293,0.039645165,-0.061224058,0.049614586,-0.042554688,-0.104887955,0.083069615,0.004542276,-0.127993956
E:\Project\Fake News Detection\images\real\3187.jpg,real,test,0.590498149,0.61784786,-0.051708803,-0.049631827,0.21493566,-0.000194486,-8.37E-05,-0.05290176,-0.089961216,0.074292794,-0.195323139,0.073279247,-0.106277883,0.009559385,-0.091947868,0.009962823,-0.153941408,-0.163857013,0.037653185,-0.110091805,-0.073727198,0.05375604,-0.063383743,0.019351721,0.104933247,-0.140363157,-0.042182826,0.05647045,-0.094209515,0.029044345,-0.116937712,-0.012967195,0.075395167,-0.050737225
E:\Project\Fake News Detection\images\real\3190.jpg,real,train,0.666541696,0.783880115,-0.120458059,-0.044499353,-0.069792472,0.08090882,0.207913309,-0.02316862,0.007379925,0.092278682,-0.016580228,0.104869038,-0.131615222,0.082098223,-0.095136799,0.16092971,0.055855598,-0.125860691,0.00623409,0.104506984,0.025474744,0.008685795,0.045027737,-0.105319627,-0.125674799,-0.104244485,-0.04581717,0.158108369,0.064739607,-0.048193961,0.005908492,-0.048295435,0.127486706,-0.030549373
E:\Project\Fake News Detection\images\real\3194.jpg,real,train,0.61875838,0.755928516,-0.001471724,-0.109420501,-0.124028258,-0.126789138,0.172096536,0.002220566,0.060731579,0.04368541,-0.035526142,0.153128713,-0.072939605,0.173384339,-0.085609034,0.200438172,-0.012330023,-0.094808444,-0.070521355,0.077064052,-0.012145448,0.039602567,-0.215991467,0.036311474,0.051988475,0.090093598,-0.036694415,-0.005561736,0.048885487,-0.063953444,-0.017314188,0.101266049,0.189732179,-0.019037098
E:\Project\Fake News Detection\images\real\3203.jpg,real,train,0.62597096,0.671594977,-0.203935176,0.151472569,-0.038918726,-0.002975535,0.07441476,-0.205548614,-0.075528018,-0.099984325,-0.02570273,-0.016500637,0.003399507,-0.033557683,0.0703004,0.031501964,-0.078503221,0.053228348,-0.091263935,0.067564078,-0.057180263,-0.039257064,-0.110213354,-0.003362054,0.097758912,-0.050221745,-0.138883412,-0.084956154,0.010984138,-0.000337656,-0.082888141,-0.028889269,0.08315137,0.047057826
E:\Project\Fake News Detection\images\real\3209.jpg,real,train,0.848831952,0.871148705,0.231468961,0.151146069,0.089775629,-0.05364801,-0.273690403,-0.102136709,0.282698393,0.009073522,-0.080910228,-0.135752708,0.065848298,0.041465014,-0.009729046,0.216517687,-0.09849795,-0.068588078,-0.14402169,0.007000519,-0.156075493,0.033204876,0.109618612,-0.008354761,-0.005615572,-0.061017334,-0.124734312,-0.030328082,0.00257081,0.084516086,-0.073076874,0.022116598,0.015054651,-0.020557012
E:\Project\Fake News Detection\images\real\3212.jpg,real,train,0.709010303,0.816150546,-0.379251361,0.061440926,0.142803639,-0.11624375,-0.022256829,-0.067900635,-0.100713976,0.169388384,0.067717396,-0.056574356,-0.127279714,-0.072985873,-0.034954038,-0.01108192,-0.090098925,0.022949697,-0.194424182,-0.001044576,0.015242917,0.006540413,0.037492964,-0.010084973,-0.010276241,0.059916358,-0.156115428,-0.029145537,-0.052354258,0.06368684,-0.044543169,-0.147359654,-0.063054726,0.068969302
E:\Project\Fake News Detection\images\real\3216.jpg,real,train,0.743418336,0.80518496,-0.107912943,0.221897945,-0.082641572,-0.076306388,0.045523025,0.046669926,-0.032953199,-0.135555729,0.231376246,-0.168140382,0.11805433,0.011867179,-0.214021459,-0.013536284,-0.187697023,-0.033614732,-0.162991762,-0.156987324,0.067345873,0.102727942,0.074776813,-0.016659023,0.014584176,-0.03725813,-0.099768363,-0.186399668,-0.128828809,-0.162419617,-0.08123564,-0.009306392,0.226563856,-0.073036514
E:\Project\Fake News Detection\images\real\3223.jpg,real,train,0.643466771,0.649140537,-0.153511077,0.040062834,0.042216592,0.06021674,0.074751236,-0.24754867,-0.107657239,0.056068506,0.014944863,0.120829493,-0.149219736,0.100169137,-0.078238554,0.17098698,-0.142379418,-0.188353136,-0.028331339,-0.102610603,0.071457647,0.066630863,-0.107000977,0.047314726,0.056817576,-0.07123372,-0.07036078,0.116404876,0.014070896,-0.102770507,-0.166127443,-0.077198431,0.16250436,0.072363555
E:\Project\Fake News Detection\images\real\3226.jpg,real,train,0.672844172,0.740155816,-0.31894201,0.055906612,0.071009092,0.03731988,-0.057495233,-0.089309871,-0.13307564,-0.037781574,-0.08565411,-0.008166506,-0.118123651,-0.019027513,0.031767286,-0.031038005,-0.100253038,0.166849777,0.00579344,0.145435542,-0.052828878,0.200845301,-0.00653109,0.073331013,-0.067976989,-0.114447407,-0.107241474,-0.098350115,0.027149426,0.003829123,-0.180134818,-0.056500006,0.002964771,0.037265893
E:\Project\Fake News Detection\images\real\3233.jpg,real,train,0.528951943,0.540801406,-0.257276267,-0.015867068,0.066322103,0.042107452,-0.026148321,-0.092235155,-0.017224532,-0.124665909,-0.082308747,-0.087272562,0.006441081,0.031366155,-0.121366628,0.052952856,0.098190665,0.061617747,-0.058033243,0.119910628,-0.090767443,-0.051747195,0.033146642,0.007626065,0.109949045,-0.094479635,0.095365152,0.234153867,0.044171549,0.082975656,-0.049878407,0.145171136,0.24598892,-0.010874116
E:\Project\Fake News Detection\images\real\3240.jpg,real,train,0.646536827,0.719738007,-0.144717962,0.054984409,0.184456259,0.039891332,-0.001696912,0.042425815,0.003946378,-0.060964648,-0.190953106,0.00079983,-0.210850254,0.002049555,-0.064141594,0.011210526,-0.180984691,-0.00285446,0.175507888,-0.058389261,0.063670471,0.052493047,0.04319587,0.018853195,0.146447331,-0.084169492,-0.05197414,0.099029712,-0.084607698,0.128843054,-0.068165347,0.058233403,-0.015653711,-0.119517893
E:\Project\Fake News Detection\images\real\3242.jpg,real,train,0.687499702,0.728964031,0.028781332,0.018048653,-0.075492874,-0.019461863,-0.052028716,-0.004379477,0.020543318,-0.156664282,0.150428355,-0.180760935,-0.05308162,0.061146166,0.087948523,-0.113816328,-0.058797002,-0.211866572,-0.063531823,-0.007191491,-0.089469776,0.07743562,-0.037544977,-0.095211513,0.055309128,-0.050725695,-0.070328265,0.005310027,-0.005573802,-0.005513394,-0.022805024,-0.144255862,0.12327148,-0.029741006
E:\Project\Fake News Detection\images\real\3252.jpg,real,test,0.676690459,0.70234865,0.119279474,0.189633429,0.198381543,0.05231104,0.036833305,-0.084119201,-0.04542198,0.00370937,-0.093737364,0.108843341,0.085486606,0.040162466,-0.009252068,0.003533814,-0.216743514,-0.008010479,-0.078311428,-0.053793155,-0.099755302,0.003129181,-0.033465337,-0.085127458,0.138349593,-0.067613833,-0.08649417,0.014320537,0.033685647,0.015297875,-0.147816852,0.001632188,0.05754023,0.005252212
E:\Project\Fake News Detection\images\real\3254.jpg,real,train,0.602975726,0.615766585,-0.369592428,0.091017261,0.228169367,-0.170659885,0.015535807,0.026382267,-0.048654094,0.020807153,-0.100421816,-0.111693099,0.023444308,-0.102648601,0.10167975,0.012504207,-0.192792475,0.001015254,0.018872831,0.083364613,-0.023807669,-0.007479598,-0.032782014,0.00697339,0.102094166,-0.080614641,-0.092455886,-0.017709039,0.00013964,0.014896397,-0.122056477,-0.04703097,0.047845293,-0.120454445
E:\Project\Fake News Detection\images\real\3260.jpg,real,train,0.871839702,0.932348013,-0.434296787,0.097988911,0.180944622,-0.383973062,-0.0338035,0.058651861,-0.053952597,0.124378189,0.253393739,-0.26676932,0.082718469,0.06979686,0.034749165,0.180776119,0.011851098,-0.031120172,0.113574028,-0.029835144,0.068719625,0.047294602,0.023620402,0.006955294,0.038685504,0.01439599,0.0325341,-0.045836207,0.039175551,0.069882669,-0.015126432,0.071109504,0.049250387,-0.002486527
E:\Project\Fake News Detection\images\real\3265.jpg,real,test,0.567080081,0.640181303,0.182412565,0.061781492,0.022960717,-0.180989444,-0.195118323,-0.180327654,0.018126871,0.049803637,0.080855817,0.01291338,0.060528412,0.106679223,0.02424223,0.088379636,-0.0880014,-0.03908024,-0.014025461,0.050687641,-0.140131056,-0.004255672,-0.178772688,0.036462627,-0.039891575,0.025102448,-0.05549743,-0.106784314,-0.100978531,-0.065607518,-0.100450307,0.079350539,0.116264567,0.092245422
E:\Project\Fake News Detection\images\real\3271.jpg,real,train,0.651097298,0.714389861,-0.402629763,0.138507366,0.295135975,-0.173137426,0.095657654,-0.00422427,-0.065226465,-0.033642348,-0.072826177,-0.066338815,0.080719836,-0.106009617,0.034196239,-0.000877092,-0.121853925,0.032550476,-0.07670527,-0.003781669,-0.057250444,0.017107995,-0.172431499,0.009565013,0.047057316,-0.028588753,-0.205247745,-0.05377844,-0.048247699,0.035404883,-0.091222964,-0.085402943,0.027308714,-0.073670514
E:\Project\Fake News Detection\images\real\3272.jpg,real,train,0.829745591,0.844509244,0.129990831,0.161255807,0.084285378,0.010866713,0.011272592,-0.134737641,0.069873311,0.090813115,-0.253238112,-0.017630439,0.14593026,0.000357294,-0.06242526,-0.010760147,-0.164635897,-0.037264209,-0.029455988,0.106770009,0.082591653,-0.055330642,-0.311160505,0.114404678,-0.069924079,-0.038365934,0.068567485,-0.080925658,-0.067867152,0.051179368,0.019023344,-0.028095014,0.088360116,0.0146478
E:\Project\Fake News Detection\images\real\3279.jpg,real,train,0.858623147,0.930242002,-0.441420525,0.098825164,0.258755118,-0.271301746,0.127160102,0.080393791,0.006015165,0.060401134,0.108189188,-0.041759979,0.172633812,-0.084597394,0.13444224,0.128827497,0.018588349,-0.153258696,0.063566044,0.042410318,-0.027625563,-0.104659192,-0.035295483,0.016919795,0.050155718,-0.043078803,-0.014722543,-0.006775944,0.13628605,0.021390885,-0.050607599,0.026946517,-0.049902502,-0.045897551
E:\Project\Fake News Detection\images\real\3283.jpg,real,train,0.722664058,0.800676107,-0.093258798,0.20508422,-0.346106648,-0.02226389,-0.080155082,0.147090688,-0.145322174,0.070665047,0.003875937,-0.0444493,-0.071338363,0.046602037,0.137353063,-0.028704068,-0.08338362,-0.048353743,0.233534068,-0.021288615,-0.170469359,0.079214446,0.015069013,-0.046483424,0.060437903,-0.175895736,-0.080950037,0.004416289,-0.058617897,0.017035188,0.010841446,-0.038048927,0.118847676,-0.036818422
E:\Project\Fake News Detection\images\real\329.jpg,real,train,0.781373203,0.802136421,0.112614833,-0.056229796,-0.157227233,0.03464292,0.233790621,0.061710555,0.062654711,0.138860479,-0.031692967,0.021381967,0.047852118,0.066967607,-0.029168047,0.02170399,-0.002179737,-0.012705998,-0.106893487,0.099447802,0.125757784,0.00493101,-0.094553493,-0.031447284,0.123892218,-0.019234115,-0.031465624,-0.039102007,-0.019182971,0.0020415,-0.021620424,-0.011157027,-0.043383751,-0.03467245
E:\Project\Fake News Detection\images\real\3293.jpg,real,train,0.689442456,0.732214928,-0.305170566,0.044529982,0.241661787,-0.238010585,-0.010719868,0.081663117,0.082177944,0.020574836,-0.11792399,0.105910532,0.014191612,0.017926453,0.135456383,-0.07500618,0.086703002,-0.069645517,0.025429266,-0.172054291,0.075473323,-0.001365994,0.006059832,-0.017643563,0.017832799,0.00181994,0.028090077,0.08641994,-0.08127591,-0.210288927,-0.084665596,0.024299042,0.022908043,-0.103994086
E:\Project\Fake News Detection\images\real\3327.jpg,real,test,0.722925603,0.789246082,-0.023535237,0.050140884,0.054784302,0.02342876,-0.205935985,0.01402859,0.27807796,-0.062624991,-0.099897772,0.097337529,-0.119539052,0.041348279,0.051772125,0.077227011,-0.000795737,-0.025759812,-0.084656015,0.027144626,0.015396118,0.045705281,-0.02157997,-0.067938864,0.015095331,0.016572768,0.002729226,-0.035800248,0.073823653,0.006982997,-0.027453408,0.047675818,0.120998368,-0.068151377
E:\Project\Fake News Detection\images\real\3330.jpg,real,train,0.882740617,0.890040159,-0.075309165,-0.411001951,-0.18039687,-0.022249008,-0.228258923,0.008546488,-0.137042746,-0.114914805,0.001700121,-0.009368912,0.066288292,-0.043835074,0.009974794,0.023050362,-0.074595265,-0.149088129,-0.105264351,0.008792627,0.045167834,-0.00929254,-0.0477775,-0.029909421,0.084183916,-0.031272206,-0.035314444,-0.026163151,-0.03787069,0.021127759,-0.05042439,-0.064300798,0.081528679,-0.026080066
E:\Project\Fake News Detection\images\real\3349.jpg,real,train,0.601506233,0.658085108,-0.321460158,0.208829433,-0.077116445,-0.126429901,0.027664956,0.127298951,0.072607361,0.076289505,0.047266051,-0.018439883,0.056394249,0.008160206,0.029345328,0.102248594,-0.093997762,-0.111240566,-0.057353586,0.038304888,-0.080704622,-0.056014683,-0.166383371,-0.065821141,0.06414488,-0.061712373,-0.034295566,0.035221782,0.067581862,-0.052259196,-0.055212583,0.016196724,0.033248916,-0.050465096
E:\Project\Fake News Detection\images\real\3352.jpg,real,train,0.867056727,0.932348013,-0.42831555,0.096537411,0.192432687,-0.377754867,-0.025990907,0.067351945,-0.055098437,0.115293272,0.23854132,-0.259747803,0.078304976,0.083886445,0.010849569,0.171087056,0.012954268,-0.007871985,0.108370237,-0.032673571,0.074470617,0.055940155,0.010521155,0.009019337,0.030319601,0.041702792,0.022052627,-0.04849406,0.044062641,0.048604108,0.000340506,0.097359985,0.028502919,-0.014164603
E:\Project\Fake News Detection\images\real\3359.jpg,real,train,0.854895473,0.872556329,-0.060295939,-0.310690135,-0.101802647,0.219802976,-0.214652643,0.05354071,-0.090689965,0.024694348,-0.033988249,-0.129821435,0.017538104,-0.01427284,0.14268598,-0.006976556,-0.035007771,-0.061036974,-0.127057865,-0.01671863,-0.075854309,-0.019811194,-0.041423623,-0.075116359,0.086320937,-0.029510314,-0.019847244,-0.107556961,-0.036429241,0.076040938,-0.063543402,-0.021114036,0.097537443,-0.038452134
E:\Project\Fake News Detection\images\real\3374.jpg,real,train,0.623495162,0.637742579,-0.228724837,0.095031284,0.087718219,-0.08388558,0.015754586,-0.147327498,-0.044138104,-0.130767584,-0.075434536,-0.060128123,-0.044313874,0.019955689,0.01964738,0.099395968,-0.044037245,0.076668754,-0.064620331,0.043078803,-0.05204393,-0.008521514,-0.143848404,0.023756994,0.127925202,-0.032871712,-0.115477487,-0.078309067,-0.01213424,0.020717597,-0.087730065,0.002989003,0.112716608,-0.078231908
E:\Project\Fake News Detection\images\real\3376.jpg,real,train,0.674983203,0.693421304,0.126088709,0.172288358,0.162683755,0.080689214,0.024547437,-0.169433787,-0.016922496,0.151606858,0.082901657,0.002951315,0.206957415,-0.024074126,-0.008622113,-0.048681874,-0.124880254,-0.007972037,-0.204838052,0.119445033,-0.08524695,0.06015458,0.058109738,-0.024344217,0.078108072,-0.03088326,-0.222839162,0.009364012,-0.059726074,-0.02031761,0.121381432,-0.055708595,0.080514304,-0.092076942
E:\Project\Fake News Detection\images\real\3377.jpg,real,test,0.850013912,0.895083249,-0.490873635,0.083551317,0.249021798,-0.258898467,0.066012591,0.071856834,-0.060278922,0.161341473,0.086901471,-0.092628606,0.163300678,-0.128558934,0.110326767,0.132037356,0.039550699,-0.140403226,0.036819458,0.043332651,-0.020290956,-0.0791201,-0.024186712,-0.017584592,0.010989174,-0.041241512,0.002052023,-0.024572931,0.142782837,-0.030450933,-0.023196697,-0.018962534,-0.077824108,-0.033710726
E:\Project\Fake News Detection\images\real\3384.jpg,real,train,0.733855844,0.763045192,-0.09638834,-0.165096596,0.029893801,0.190954432,-0.094043955,0.078659877,0.047189578,-0.183003679,0.078929178,-0.118780874,-0.086672649,0.071860522,0.05867815,-0.012522686,0.030086055,-0.198357269,-0.068176895,0.029186411,-0.050023519,0.062097684,-0.057349462,-0.082442872,0.035767552,0.0434939,-0.03384034,0.067204624,0.022977045,0.002222722,-0.041583907,-0.060023241,0.034174398,-0.068282209
E:\Project\Fake News Detection\images\real\3409.jpg,real,train,0.647310674,0.674919128,-0.102617726,0.115654573,-0.003910668,-0.055283803,-0.013407302,-0.187449425,-0.015273283,-0.117904894,0.061650228,-0.159763396,-0.185365498,0.154892519,0.032414619,0.084695853,-0.154398009,-0.009003529,-0.136562645,0.004765838,0.075391486,-0.089620069,-0.046505954,-0.011169313,0.113739155,-0.195380837,-0.071573056,-0.003808933,0.025202027,0.043098066,0.039311435,0.067886658,0.062231805,0.051910285
E:\Project\Fake News Detection\images\real\3410.jpg,real,train,0.791175067,0.826096773,-0.402197629,-0.018197386,0.229965255,-0.231771603,-0.144555271,0.079463422,0.011517962,0.07559251,-0.099231906,0.012820885,-0.208885595,-0.139775977,-0.059004784,-0.118750207,-0.061017733,-0.035663202,-0.105050355,0.021525728,-0.019645181,0.051562592,-0.086385585,-0.024310978,0.008209599,0.011882151,-0.080480941,0.072124727,0.027487438,0.118370116,0.138301492,-0.026200462,0.106303014,0.009156728
E:\Project\Fake News Detection\images\real\3413.jpg,real,train,0.641776383,0.66972059,-0.374438107,0.054743681,0.155357629,-0.077459358,-0.029264968,-0.093536414,-0.016906301,0.066730961,0.042984139,-0.043486129,0.018759368,-0.067153335,0.059193425,0.006089479,-0.109844558,0.094660968,0.058537155,0.083325036,0.04506623,0.011415142,0.001492991,0.024634656,-0.097956054,-0.059355147,-0.003023204,0.000704673,-0.009251472,-0.107324272,-0.139548317,-0.104306191,-0.052858848,-0.119750254
E:\Project\Fake News Detection\images\real\3414.jpg,real,train,0.647331536,0.6726017,-0.385121495,0.043357063,0.103331752,-0.211010829,-0.023667935,0.002030092,-0.142585963,0.16378817,0.174374923,-0.136366487,-0.01662104,-0.02724373,0.0707957,0.070385128,-0.074503556,-0.07246241,-0.021151105,0.049953837,-0.06430392,-0.086367846,0.009284044,0.000267334,-0.010953307,-0.057302382,-0.10589277,-0.05151476,-0.027114296,0.000158973,-0.069526628,-0.047527026,0.010929013,0.023491243
E:\Project\Fake News Detection\images\real\3417.jpg,real,train,0.67524302,0.753151894,-0.153391957,0.0344119,-0.021127548,-0.036603335,0.015139437,-0.194158524,-0.070960112,-0.060329273,-0.052523017,0.070974931,-0.024204616,-0.099501245,0.082575724,0.146615848,-0.167682439,-0.002833687,-0.203039467,0.119097061,-0.018107863,-0.113731459,0.063813113,-0.062759578,0.009526382,-0.093925647,-0.041563258,0.010001129,-0.068812095,-0.033287246,-0.021805011,-0.068417862,0.095259733,-0.082106143
E:\Project\Fake News Detection\images\real\343.jpg,real,train,0.718026042,0.791120529,0.018928787,-0.131224945,0.048822768,0.157384619,0.107588038,0.047130857,0.178527683,-0.217208281,0.023205202,-0.133020535,-0.126660898,-0.055633441,0.135531887,-0.008205076,0.04986104,-0.21697177,-0.033120565,0.059205558,-0.087797776,0.047299076,0.058361921,-0.021341264,-0.155030727,0.086318493,0.070400156,0.11714194,-0.046509467,0.022597065,-0.003649049,-0.053175583,-0.009202402,-0.085464127
E:\Project\Fake News Detection\images\real\3445.jpg,real,test,0.759500146,0.906697273,-0.111513928,-0.185733944,0.212083757,0.179787874,0.119837701,0.1084949,0.146645963,-0.263531208,0.061030582,-0.072430238,-0.014190204,-0.178942531,0.175180286,0.011816006,-0.137879089,-0.25123626,-0.077327326,0.02562438,-0.095767908,-0.036368512,-0.004389532,-0.037733614,-0.031579636,0.082994014,-0.003849177,0.023753434,0.036568262,0.021841973,-0.027939893,0.011553108,0.002803437,-0.076964356
E:\Project\Fake News Detection\images\real\345.jpg,real,train,0.746188998,0.824759245,-0.054212771,0.35167262,-0.32253471,0.044781405,0.020845272,0.233764455,-0.068980917,-0.052930776,0.072657265,-0.024313657,0.154928029,-0.072644532,-0.213153258,0.068451583,-0.089574814,0.080972344,-0.028413313,-0.207086101,0.001520737,0.040571306,0.114037514,-0.007748427,0.007321808,0.025454275,0.009663646,-0.081788786,-0.06313929,-0.157621428,-0.027670825,0.06767799,0.093548939,-0.0504389
E:\Project\Fake News Detection\images\real\3450.jpg,real,train,0.728847444,0.786815584,-0.018351879,0.076022767,0.152315557,0.126718953,-0.013618752,-0.214631528,-0.030301303,0.156030387,0.081805229,0.138646379,-0.07501258,0.102905847,-0.060562689,0.12026567,0.029443149,0.081755839,0.043056466,-0.014605175,-0.136152804,0.129027322,-0.0755288,-0.03190802,0.133572668,0.055773776,-0.056178935,-0.062422644,0.074450657,-0.02586524,0.06710849,-0.040905692,-0.013370048,0.077149771
E:\Project\Fake News Detection\images\real\3457.jpg,real,train,0.604823232,0.640690923,-0.206559747,0.035391554,0.068363898,0.012082703,0.088949889,-0.166404426,-0.034541186,-0.012651755,0.004450602,0.019667692,-0.09055075,-0.107315868,0.117483325,0.03872269,-0.159632221,0.143984124,-0.148430467,0.04110045,-0.011705172,-0.090613715,0.018240986,0.043906271,-0.074447453,0.017224794,-0.010764761,0.058588453,-0.079212189,-0.042444684,0.045668527,-0.001453087,0.031221366,-0.059729923
E:\Project\Fake News Detection\images\real\3471.jpg,real,train,0.854284465,0.876354635,0.401879936,0.206102595,0.13495481,-0.078894794,-0.284735322,0.113065064,0.109835371,-0.030791096,-0.091782443,-0.105114877,-0.092657045,-0.007450431,-0.017141817,0.210805207,-0.008070556,-0.042357031,-0.102153331,-0.005374232,-0.043413684,-0.060017075,0.011441225,-0.036575079,-0.057755943,-0.09943337,-0.011764186,-0.006776431,0.010852397,0.054768931,-0.059689898,-0.027418211,0.05269317,-0.050786361
E:\Project\Fake News Detection\images\real\3472.jpg,real,test,0.777381539,0.883494258,-0.054234747,-0.008931257,-0.107276104,-0.065062061,0.148013294,0.032257408,0.075385772,0.104988523,0.014953162,0.057855234,-0.035708375,0.130039871,-0.040301483,0.056161311,-0.092827111,-0.046552856,-0.142198086,0.098240241,0.012324959,0.038284685,-0.165239155,-0.076029375,0.079403818,-0.089128204,-0.041783616,-0.002822317,0.039824329,-0.00469397,-0.085655078,-0.014907377,0.10877578,-0.054236777
E:\Project\Fake News Detection\images\real\3477.jpg,real,train,0.608175337,0.64217943,-0.113706298,0.329146475,-0.285673827,0.037704464,-0.018737819,0.146065518,-0.121197991,-0.075134709,0.101092689,-0.033437695,0.056189194,0.03571,-0.09738607,-0.004167617,-0.057042945,0.119807787,0.061544236,-0.009692873,-0.114886671,0.014676281,-0.030374223,0.010200647,0.025985856,-0.02981779,0.044665881,0.11968559,0.029006775,-0.040617425,-0.047000024,-0.063689195,0.1459295,0.019051623
E:\Project\Fake News Detection\images\real\3484.jpg,real,test,0.611617923,0.665401578,-0.084714934,0.071260758,0.204497546,-0.037222356,-0.003939614,-0.015075799,0.041247584,-0.080094151,-0.037473883,0.130844101,0.075445458,0.182617813,0.192819506,0.018446079,0.004104249,-0.015840683,-0.029564973,-0.060925171,0.061443925,0.074261658,0.039552815,-0.005209066,0.105608478,-0.058382876,0.03107349,-0.098443538,-0.006878488,0.077332273,-0.054388463,-0.1029016,0.157366693,0.046757735
E:\Project\Fake News Detection\images\real\3488.jpg,real,test,0.571054816,0.644286394,-0.022055693,0.098340757,0.076322876,0.01131741,0.041835561,-0.105704606,-0.075532243,-0.187990412,0.101850122,0.018143911,-0.115905389,-0.015021764,0.014840404,0.055711944,-0.104080081,-0.043971289,-0.001507904,0.039079323,-0.020153571,0.013123411,-0.102059364,0.083416544,-0.058312684,-0.017827094,-0.140932143,-0.058376089,0.008478679,-0.023179218,0.011985224,0.025720298,0.045892484,-0.148646951
E:\Project\Fake News Detection\images\real\3494.jpg,real,train,0.845593452,0.861839533,0.16910851,-0.144127548,0.303769529,-0.084937863,0.325506181,0.184912413,0.175295264,-0.174062431,0.088376261,-0.113378376,-0.141922936,-0.115702271,0.122320302,0.029824864,-0.12887089,-0.114500791,-0.055524986,0.004307572,-0.225567386,0.051058281,-0.011858294,0.049052916,-0.048225995,0.042731468,0.1293661,0.059559662,-0.006326504,0.049431063,-0.021894589,-0.043685295,0.08793322,-0.008394877
E:\Project\Fake News Detection\images\real\3504.jpg,real,train,0.645525694,0.662976384,0.112811871,0.126457348,0.289178789,-0.067620099,0.008930928,0.140629381,-0.068607822,-0.09199845,0.061653189,0.126953676,-0.005170517,0.155489534,0.113006957,0.0282159,-0.0273568,0.025042843,-0.030650932,0.001042268,0.043453749,-0.010568304,-0.008586067,-0.063514218,0.010192202,0.044083703,-0.007740627,0.00905777,-0.013714773,0.101304643,-0.060169667,-0.035644144,0.05200104,0.001187498
E:\Project\Fake News Detection\images\real\3505.jpg,real,train,0.662884235,0.788562179,-0.293154418,-0.098147102,-0.071530923,0.115591392,-0.068800151,0.058915161,-0.172550455,-0.173792422,-0.209197238,-0.061781589,-0.099127412,0.033881903,0.051689819,0.029044924,-0.015235347,0.037180949,-0.05617173,-0.02353246,-0.03933838,0.182626262,-0.085864715,0.037972085,-0.071211547,-0.115042858,-0.063555405,-0.00749198,0.126356795,-0.038837101,-0.126097217,0.033952545,0.07627932,0.064042397
E:\Project\Fake News Detection\images\real\3509.jpg,real,train,0.647435963,0.672273099,-0.092876904,0.053627227,0.135380074,-0.043035932,-0.077548921,-0.008280956,0.112418868,-0.176191464,-0.080529481,0.124702901,0.031035805,0.085571371,0.187057287,-0.031584051,0.037741762,-0.035282895,-0.12703003,-0.013578332,0.156813309,0.031540353,-0.050823424,0.009344222,0.069316939,0.010568196,-0.011288142,-0.029024342,-0.023061287,0.022654979,-0.051218286,-0.111030959,0.195394605,-0.028403398
E:\Project\Fake News Detection\images\real\3513.jpg,real,train,0.758939028,0.880964875,-0.012486316,0.048955873,0.111279644,0.069066793,0.026632424,-0.203183234,0.098059542,0.049646094,0.16909714,-0.059688441,0.157271355,-0.022408683,-0.07809338,0.012515476,0.098316871,0.088178903,-0.021026786,-0.023678062,-0.198973909,-0.065897547,-0.203346744,0.024027361,-0.007722046,-0.021037258,-0.229125336,-0.006130028,0.032104097,-0.037790887,0.000683375,-0.026835104,0.115584537,-0.100942031
E:\Project\Fake News Detection\images\real\3514.jpg,real,train,0.814228415,0.838832855,-0.090133898,-0.367726177,-0.059789062,0.1073571,-0.194565371,0.04228361,-0.028691959,-0.167979136,0.06860026,0.027822083,0.127189487,-0.005468675,-0.060876552,0.015491269,0.011683897,-0.032323632,-0.028896295,0.004252997,-0.010110538,-0.074395433,-0.095747299,-0.03619739,0.113310896,-0.012411247,0.021754866,-0.008614111,-0.046030998,0.041148975,-0.02984152,-0.060029685,0.019250587,-0.055784665
E:\Project\Fake News Detection\images\real\3519.jpg,real,train,0.84783709,0.930242002,-0.46521616,0.092918038,0.252832204,-0.276086062,0.066639975,0.058120925,-0.008896693,0.094291851,0.084468193,-0.075128861,0.172348097,-0.101174854,0.143165216,0.140940398,-0.000440671,-0.139723659,0.02672144,0.050995257,-0.045301519,-0.076550536,-0.052630048,-0.001502965,0.055670131,-0.06031948,-0.0036859,-0.019537214,0.148374975,0.005784874,-0.037760589,0.030451404,-0.027523901,-0.045569245
E:\Project\Fake News Detection\images\real\3520.jpg,real,train,0.716603398,0.790581346,0.04708885,0.067818761,0.169283688,0.040234689,0.000428674,-0.140413791,-0.068961896,0.03508665,-0.121508554,0.07380788,-0.145377368,0.075352505,-0.051847376,0.01144018,-0.237104625,-0.206667379,0.063936703,-0.078037143,-0.116279632,0.060695842,-0.008299667,0.005189091,0.213107646,-0.228084877,-0.122581832,0.076373346,-0.104919322,0.018400671,-0.125980005,-0.01654727,0.07894671,-0.097038493
E:\Project\Fake News Detection\images\real\353.jpg,real,train,0.793891788,0.866248131,0.178661063,-0.242797017,0.096434362,-0.01691284,0.248975396,-0.031971205,-0.005163334,0.080449417,-0.117089741,-0.048383135,0.040662631,0.016027659,-0.017742559,0.058181744,-0.053283352,0.0898166,-0.1045819,0.001300311,0.04669451,0.024339387,-0.058397323,-0.004145854,0.089903183,-0.078641854,-0.001767206,-0.017960859,-0.017629117,-0.02195623,0.050666783,-0.027121857,-0.029495239,0.036078524
E:\Project\Fake News Detection\images\real\3542.png,real,train,0.771831512,0.794486761,0.239172608,0.075416878,-0.103154816,0.020010957,-0.13603051,0.141725197,0.331393182,0.049478617,-0.1335181,-0.12228936,0.045669015,0.086159632,-0.04841131,0.267712235,0.030386129,-0.015349657,-0.111498997,0.041219465,-0.101851292,0.007606406,0.153472453,0.015527002,-0.04245713,0.024813579,-0.102994628,0.003378894,0.032158084,0.05443389,-0.02356278,0.101111732,-0.065520346,-0.037032381
E:\Project\Fake News Detection\images\real\3543.png,real,train,0.755716443,0.795435011,-0.345206827,-0.02852813,0.196352839,-0.171698824,-0.146538258,0.07267148,0.04996673,0.007298323,-0.105045781,0.048649009,-0.166424006,-0.20846346,-0.013207384,-0.10290841,-0.011123314,-0.015719313,-0.027689615,0.064155281,0.045465123,0.083949879,-0.039445858,0.022759028,-0.07251551,0.047529276,-0.096414231,0.086273126,0.033810109,0.087534368,0.164975137,-0.020086953,0.111408517,0.014660819
E:\Project\Fake News Detection\images\real\355.jpg,real,test,0.66283381,0.670647681,0.074372023,0.005877487,-0.030074798,0.063328654,0.140476987,-0.159066871,0.047201738,-0.122013293,0.078251719,-0.157403097,-0.054054491,-0.050563022,0.016100092,-0.101302743,-0.013479054,-0.021945003,-0.031754699,-0.020005018,0.016188025,0.122031331,-0.028449047,0.017631911,-0.026414618,-0.013131414,0.034175567,-0.03870362,0.023017712,-0.052316338,0.040626321,-0.113351814,-0.087767728,-0.170707077
E:\Project\Fake News Detection\images\real\3550.png,real,train,0.695619762,0.717451811,0.114760585,-0.073340714,-0.319964707,-0.112529919,0.031364843,0.033210743,0.077449359,0.065888941,-0.072394297,0.087589234,-0.078918874,-0.048986763,0.002566942,-0.037297007,0.136433408,-0.015974885,-0.032926485,0.114327788,0.043754995,0.048215225,-0.025571069,-0.043425273,0.027304314,0.010149238,0.043714717,-0.046133827,-0.001840978,0.022353126,-0.074566074,0.03146496,0.047319833,-0.02593434
E:\Project\Fake News Detection\images\real\3552.png,real,train,0.663253129,0.671810925,0.173424214,-0.207260266,0.235190481,0.183543876,-0.028482869,0.096950695,-0.133416846,0.026793944,-0.085517474,-0.056715112,0.216549009,-0.008456132,-0.079937115,-0.007623415,0.058822718,-0.051947113,-0.018938048,0.026051132,-0.155946299,0.044033572,0.034974679,-0.020967623,0.043077305,0.026194317,0.025226111,0.024668496,0.032059755,-0.048095126,-0.069235817,0.112519145,-0.041853394,-0.067794144
E:\Project\Fake News Detection\images\real\3553.png,real,train,0.62817806,0.669836819,-0.280714244,0.236529648,-0.079514168,-0.205005512,-0.105654955,0.130768597,0.175857946,0.091959573,-0.114936411,-0.033021152,-0.088954665,-0.159750417,-0.052728288,-0.128869399,0.151935443,-0.06163187,-0.073232584,-0.075130887,-0.029798886,0.015089141,-0.020429125,-0.122226201,-0.011633592,0.078682117,-0.021540325,0.053207994,-0.018343335,-0.056851268,0.000101817,-0.008362222,0.024733348,0.078366697
E:\Project\Fake News Detection\images\real\3561.png,real,train,0.758273005,0.823272169,-0.035590168,0.03442004,-0.331495106,0.065735109,0.214002535,0.285412669,-0.038014226,-0.004643318,-0.176338524,-0.05329844,-0.006315966,0.030342126,-0.005473369,0.08930435,-0.04692325,0.085752785,-0.06478548,-0.076359704,-0.021307601,0.062129866,-0.016884772,0.066768438,0.022663392,0.014382216,0.018243743,0.052249432,0.125862166,0.011115419,-0.014484772,0.056874286,-0.092147,0.025098484
E:\Project\Fake News Detection\images\real\3567.png,real,test,0.747563243,0.812775731,0.175922334,-0.063882507,0.107788607,0.251647651,-0.161163867,-0.051367566,0.041257106,0.068717025,-0.00626027,0.025927365,0.060487457,-0.033092503,-0.03596155,-0.096213639,0.077943265,-0.13524735,-0.019393314,0.01477243,-0.021407351,0.070949949,0.041649919,-0.11399816,0.120479614,0.024561852,0.041119099,-0.001266278,0.061474733,0.04224287,-0.025513291,0.060303502,0.016662709,0.004480436
E:\Project\Fake News Detection\images\real\3582.png,real,train,0.778272331,0.789844275,-0.180675283,-0.246575683,0.096983179,0.37435776,-0.080902278,0.05931253,-0.025797376,-0.082726851,0.163250163,-0.019664079,0.02352006,0.0355107,-0.011511249,0.015743341,-0.093410119,-0.042710602,-0.041549467,0.052855592,0.01516423,0.042958964,-0.032957818,0.006505107,0.02236467,0.145857558,-0.052975416,-0.003404539,-0.015564267,-0.018690327,-0.02787899,-0.105069578,0.004135434,-0.043157589
E:\Project\Fake News Detection\images\real\3584.png,real,train,0.716967702,0.812935591,0.221534222,-0.31366241,0.062981442,-0.194372311,-0.01703991,0.023944974,0.044670928,0.035236143,-0.10939309,0.004178974,0.008906098,-0.022782099,-0.062611692,0.010031003,-0.032586988,0.045790538,-0.008574934,-0.007670719,-0.107122183,0.071238205,-0.033937063,0.005798485,-0.080977149,0.014678193,-0.016934492,0.042792242,-0.064795688,0.012979948,0.024429604,-0.003281274,0.078299083,0.018547529
E:\Project\Fake News Detection\images\real\3589.png,real,train,0.833435357,0.903720737,0.289413869,-0.370925635,-0.00671198,-0.195116743,-0.008148399,-0.017197287,0.025344675,0.021706069,-0.112237133,0.003169826,0.004931052,-0.020164561,-0.051348928,0.054310057,-0.018474987,0.017442117,-0.047875158,0.009659752,-0.085348569,0.055329122,-0.021077311,0.032752275,-0.08060535,-0.006927718,-0.014997213,0.051653828,-0.023955027,0.019656751,0.080421217,0.06157203,0.092527784,0.041895658
E:\Project\Fake News Detection\images\real\359.jpg,real,train,0.771278501,0.80864048,0.243693992,0.189908475,0.049399599,0.013724727,0.039551631,-0.158821851,-0.003132985,0.06809894,-0.154042959,-0.031993609,0.243053198,0.04049911,-0.022922056,-0.026679439,-0.096666887,-0.04807464,-0.121969692,0.082912758,0.037542515,0.057022855,0.134225264,-0.026554924,-0.009714057,0.032441609,-0.012215657,0.147567138,-0.008472628,0.051744908,-0.036110707,0.125045419,-0.015964175,0.030002156
E:\Project\Fake News Detection\images\real\3602.png,real,train,0.708125114,0.790279388,0.236678973,0.181983128,0.080561593,0.166268066,0.071379811,-0.084145755,-0.001464512,0.050277457,-0.040957913,0.156600475,0.070384815,0.013031988,0.03029863,0.030876314,0.018900631,-0.01541407,0.005859553,-0.031506907,0.025531957,0.046200763,-0.046373181,0.109130882,0.089053482,0.001825339,0.055476166,-0.035213083,0.049379732,-0.016137775,0.1424568,-0.152645156,-0.175730094,0.043002874
E:\Project\Fake News Detection\images\real\3606.png,real,test,0.604144454,0.625392914,0.17485103,-0.170619458,0.038934365,-0.148736656,0.14912045,0.021994933,-0.018770691,0.000332391,-0.078413293,0.07812687,0.031820823,0.068494104,-0.03052428,-0.006997343,-0.069763333,0.091812126,-0.035387795,0.085941046,-0.089261636,-0.010330173,0.003108453,0.039616093,-0.064546026,-0.027989794,0.04397843,0.048261151,-0.03736227,-0.012378305,0.061820846,0.106502317,-0.029686585,0.150111645
E:\Project\Fake News Detection\images\real\3609.png,real,train,0.674321532,0.699303389,-0.361713439,0.164030805,0.209371552,-0.204046041,-0.005455882,0.127033919,0.100507744,0.136629105,-0.093640245,0.056121126,0.155371666,0.045113388,0.208869874,0.040605571,0.187721699,-0.150383949,0.040712122,-0.127245098,0.059381843,-0.037952285,0.020128336,-0.014294409,-0.014602625,0.021356547,0.077749141,-0.001613711,0.030589487,-0.098582193,-0.017949088,-0.000968984,0.041895136,0.034566175
E:\Project\Fake News Detection\images\real\3610.png,real,train,0.605561554,0.660470724,-0.047066722,0.133753449,0.155732304,-0.072509065,0.018264398,-0.141183674,0.084362216,-0.09441749,-0.091503456,0.168223202,0.062711157,0.090369344,0.177110717,-0.042420637,0.168030545,0.024375698,-0.052689653,-0.16441603,0.115799047,0.090442061,0.003528835,-0.072504871,-0.00698257,-0.041768074,0.085468419,-0.112022109,-0.038026277,0.023519725,-0.070009463,-0.030014435,0.030253328,-0.028268253
E:\Project\Fake News Detection\images\real\3615.png,real,test,0.572056174,0.588804066,-0.302104414,0.076877475,0.069904089,-0.115308054,0.022631057,0.120896049,0.042439632,-0.140243188,-0.193093956,0.192372635,0.00931607,0.109206282,0.060674042,-0.087176532,0.124566689,0.019621408,-0.041759457,-0.179869235,0.048621446,0.112228893,-0.08130455,-0.019549921,-0.033296883,0.011446267,0.004054851,-0.000272997,-0.00517533,0.036222115,-0.002560697,-0.030158535,0.015229333,-0.004134484
E:\Project\Fake News Detection\images\real\3628.png,real,train,0.519437194,0.528556585,-0.175079182,0.120532818,-0.012075868,0.086650379,0.024103111,-0.081620425,-0.0121879,-0.082630254,-0.023078181,0.06262017,-0.133019745,0.01301825,0.091688372,-0.008547329,-0.01332829,0.208651021,-0.006275356,-0.042620249,0.11070706,-0.023598811,0.145125121,0.15114367,0.025783097,-0.084767699,0.128690287,-0.083177656,0.02322254,-0.000929453,0.005029268,-0.113460667,-0.072615728,0.08808928
E:\Project\Fake News Detection\images\real\3634.png,real,test,0.736531258,0.787562013,-0.330457538,0.107117653,0.269087434,-0.271067262,-0.036246993,0.118462652,0.093711779,0.067493223,-0.033947166,0.011748381,0.201684088,0.025550902,0.22111699,-0.028508905,0.230508223,-0.136863485,-0.008986659,-0.062865019,0.081881717,-0.002235528,-0.009966133,-0.031018659,-0.040253546,0.011273108,-0.058332771,0.090022296,0.025412314,-0.054126978,-0.055547267,0.039514177,-0.001158632,0.033952929
E:\Project\Fake News Detection\images\real\3650.png,real,train,0.819601357,0.913116097,0.230944723,0.205522865,0.105484329,0.006907646,0.071039915,-0.121196404,-0.046510141,0.061214291,-0.064277567,0.008581855,0.245063931,0.086031519,0.023167858,-0.023704635,-0.083612777,0.022857405,-0.143307164,0.095384978,-0.07927762,0.141398013,0.196497902,-0.042964637,0.106762215,0.056209948,-0.089642555,0.057217617,-0.017939797,0.047242716,-0.041535821,0.089215972,-0.076962605,0.10710609
E:\Project\Fake News Detection\images\real\3654.png,real,train,0.833087742,0.909475327,-0.036499087,-0.161604047,0.308592498,-0.091894038,0.023407549,-0.040845629,0.003425255,-0.042623229,-0.111145973,0.102731459,0.14000921,0.114656173,0.113980547,-0.089931451,0.204900086,-0.101324178,-0.155945525,-0.304357111,0.043787971,0.007178515,-0.114475988,-0.06312754,-0.100289389,-0.017429056,-0.120630212,0.067176916,0.024873631,0.055914622,-0.088325649,0.123995803,-0.02028022,0.002392031
E:\Project\Fake News Detection\images\real\3661.png,real,test,0.598092616,0.650130689,-0.077405944,0.273446649,-0.110039465,-0.0727337,-0.024173621,0.063318364,0.063921019,-0.057083249,-0.042648237,0.064347573,0.09141928,0.057146452,0.123931192,-0.063065067,0.093660057,-0.100945286,-0.257266581,-0.122251101,0.055801719,0.010177844,-0.018930655,-0.120854333,-0.031666033,0.025398312,-0.140366718,0.149233744,-0.027890518,0.045854643,0.04733694,0.006699245,-0.036178298,-0.013175242
E:\Project\Fake News Detection\images\real\3663.png,real,test,0.70228225,0.73038125,-0.025858756,0.068197966,0.082188979,-0.018490084,0.103373766,-0.111932337,0.087535575,-0.185795665,-0.039784674,0.218824908,0.0590121,0.208566785,0.237065494,-0.049927149,0.210242689,0.00847204,0.011406966,-0.166077018,0.108944952,0.018866185,0.127571702,0.088392802,-0.026346836,-0.07163655,0.002628652,-0.055729255,0.033627801,0.092718989,0.025194503,-0.058663987,0.040159583,-0.043399781
E:\Project\Fake News Detection\images\real\367.jpg,real,train,0.635186195,0.81178236,-0.205066085,0.007711357,0.181897894,-0.046091948,0.243859783,0.075204797,0.034574606,-0.027381875,-0.096011825,0.06938947,0.026169531,-0.224856362,0.08252614,-0.01715045,-0.075347021,-0.051812187,0.008882117,0.052987948,0.05822951,-0.038581904,0.132639378,0.105935335,-0.035469521,-0.014514878,0.106363274,-0.002025702,0.02490147,-0.114187568,-0.08014366,0.151062831,-0.075475082,-0.162563756
E:\Project\Fake News Detection\images\real\3674.png,real,train,0.702694058,0.739852965,0.162604466,0.102517188,-0.016111007,0.023412893,0.008932667,0.182396904,0.170747966,0.086802393,-0.143897638,-0.057388347,0.031219445,0.126170948,-0.029486571,0.050169371,0.001763465,-0.038666792,-0.06634891,0.132533491,-0.052926742,0.007873282,0.160505027,-0.031341553,0.001909963,0.038588949,-0.054335438,0.06633009,0.013045573,0.035559248,0.099586979,0.14398694,-0.015018867,-0.07263606
E:\Project\Fake News Detection\images\real\3691.png,real,train,0.664908409,0.711861849,0.188781068,0.201093137,0.092066966,0.166964844,0.066618457,-0.123500913,-0.01555911,0.068570033,0.036050834,0.130332947,0.034932263,-0.020433167,0.061437622,-0.019096816,-0.020914983,0.012089638,-0.07217028,-0.024906645,0.024822336,-0.056987863,-0.063526109,0.020309303,0.047772273,-0.031159893,0.152549356,-0.040133972,0.009263714,-0.035651837,0.004335586,-0.128451943,-0.194691554,0.048862811
E:\Project\Fake News Detection\images\real\3693.png,real,train,0.614161611,0.694657266,-0.275125474,-0.015648963,0.173534229,-0.116803542,0.250299871,-0.032097973,0.055227287,-0.110709198,0.089658849,-0.035024669,-0.006102601,-0.166786358,0.204563171,0.046676453,-0.174905285,-0.029734433,-0.042131044,-0.006628275,-0.042677581,-0.177637517,0.081221387,0.04963572,0.050116207,0.016188899,0.079088539,-0.071395926,0.104353197,-0.100860283,0.007572442,0.091968372,-0.055056375,-0.04110492
E:\Project\Fake News Detection\images\real\370.jpg,real,train,0.751615405,0.891263127,-0.02919505,0.096558094,-0.082947806,0.058512393,0.148941696,-0.092642136,-0.031839754,-0.021898851,-0.082402438,0.034278668,-0.095064618,-0.157216385,0.041491166,-0.005482616,0.046453815,0.034452349,-0.101505265,0.016172735,0.099673033,0.049996622,-0.014599624,-0.051464468,0.026400039,-0.033877082,0.132003009,-0.029242875,0.083206251,0.088092692,-0.079888403,0.072175816,0.010342525,-0.032010555
E:\Project\Fake News Detection\images\real\3709.png,real,train,0.752328992,0.79826057,-0.02381742,0.136619464,-0.052380167,0.035300851,-0.071554996,-0.102086447,0.114295013,-0.136784241,0.126406282,-0.139887556,-0.108233698,0.230331764,0.013738349,-0.077347577,-0.096841224,-0.133875355,-0.151146874,0.095588803,0.10353519,-0.131237105,-0.076303236,0.024931021,0.014801822,-0.10691268,0.014132802,-0.000611577,-0.010821503,-0.039811134,0.127858356,0.058131132,-0.038711868,0.133023486
E:\Project\Fake News Detection\images\real\3712.png,real,train,0.575870335,0.610687256,-0.130620316,0.225259051,-0.249321997,0.063923456,-0.02800183,-0.052071717,0.023621228,-0.019515803,0.087554887,0.000378911,-0.199632302,0.10923399,-0.025094472,0.012078362,-0.062084846,-0.096110478,-0.117095828,-0.114472762,0.001492752,-0.127580538,0.005300013,0.091370054,0.062281907,-0.133872852,0.101664722,0.084753834,0.058367547,-0.023897244,0.113016561,0.094919488,-0.079184644,0.013380702
E:\Project\Fake News Detection\images\real\3713.png,real,test,0.709447265,0.757532477,-0.238340288,-0.106628008,0.118196018,0.046888605,-0.014610846,-0.124887094,-0.09871909,0.052826874,-0.14051573,-0.038144335,-0.07900627,-0.052686848,0.075110227,0.068953976,-0.053040519,0.251747489,-0.03951573,-0.011813045,0.110621467,0.034085754,0.033528339,0.036632203,-0.027522035,0.031600948,-0.03194923,-0.042169943,-0.031641982,0.0421675,-0.008217402,-0.071309216,-0.095046781,-0.106115185
E:\Project\Fake News Detection\images\real\3719.png,real,test,0.790005028,0.847777486,0.111992568,0.115400612,-0.103452183,0.05290442,-0.023130294,-0.138221219,0.127186462,-0.132892206,0.140730292,-0.258921206,-0.196861222,0.106556349,0.030186467,-0.16865021,-0.021641798,-0.187893882,-0.128581986,-0.090821289,0.116022512,-0.052629672,-0.014857382,-0.004020929,0.018972114,-0.104676418,-0.005939575,-0.015477762,0.004645638,-0.078370854,0.069064692,0.022430975,-0.094857998,0.021536194
E:\Project\Fake News Detection\images\real\3721.png,real,train,0.712175131,0.725478053,0.262121469,0.235888332,0.154983267,0.037010059,0.072183311,-0.134165704,-0.025011156,0.050979286,-0.132511422,0.025855292,0.159236848,0.075760461,0.022741314,0.031533334,-0.07726863,-0.09082552,0.00235825,0.01376655,0.024831966,0.078116819,0.107149512,0.011255139,-0.006048916,0.077754505,-0.071694069,0.052104577,-0.01429355,0.010026718,-0.087736659,0.060132731,-0.027668783,0.003234375
E:\Project\Fake News Detection\images\real\3723.png,real,test,0.518230796,0.540610731,-0.072790317,0.085107088,-0.07376501,-0.088566422,-0.000520051,-0.153012991,-0.111165918,-0.135653809,-0.020112645,-0.099907652,-0.086111233,0.014802419,0.043802802,0.059162568,-0.11887975,0.090974823,-0.158077613,-0.065850735,0.063457996,0.052848123,0.077312842,0.006697059,0.136539057,-0.042501904,-0.027654959,0.0227242,-0.005010493,-0.027511656,-0.000925384,0.048595876,-0.046549797,-0.000235669
E:\Project\Fake News Detection\images\real\3738.png,real,train,0.785145462,0.811916351,0.068420649,0.109663852,-0.074114606,0.078534715,-0.10584113,-0.142752245,0.115087226,-0.143591881,0.181843296,-0.140553132,-0.190303534,0.197022319,0.022494894,-0.114380278,-0.06403593,-0.140971184,-0.131098524,-0.019302897,0.127874538,-0.14414297,-0.042534992,-0.011565967,0.044415798,-0.088424563,-0.018040754,0.000968465,-0.012238298,-0.07420285,0.109231494,0.086241059,-0.035049211,0.059633002
E:\Project\Fake News Detection\images\real\3740.png,real,train,0.602689207,0.630631268,-0.120782807,-0.043423217,-0.048897792,0.222907186,0.10266649,0.000716771,0.010780906,0.034254983,-0.006470274,-0.126591817,0.077422969,0.039143179,0.092180416,0.034554623,-0.139379755,-0.132454336,-0.101306967,0.11808908,0.135489166,-0.12291003,-0.116680987,0.098957807,0.019975197,0.039474957,-0.021077484,0.089243226,-0.041642174,0.01853274,0.018714737,-0.042344384,0.015588288,0.193858102
E:\Project\Fake News Detection\images\real\3744.png,real,train,0.76902771,0.805603743,0.096446462,0.024755044,-0.202277794,-0.051252682,-0.147917435,-0.215099707,0.089195356,-0.119162299,0.117775835,-0.075761952,-0.110945426,0.117992029,0.015624856,-0.106481239,-0.044063762,-0.142520845,-0.112118043,-0.048529759,0.115572475,-0.124116465,0.00928037,-0.001669354,0.056132972,-0.117385015,-0.027012622,-0.011468493,0.028421057,-0.014701017,0.067131519,0.003649411,-0.046001222,0.019225165
E:\Project\Fake News Detection\images\real\3748.png,real,train,0.708196342,0.745518386,-0.029127566,0.183289275,-0.305059969,-0.016847927,-0.047691017,-0.1167586,0.009484504,-0.008086286,0.09551686,-0.150453985,-0.077039316,0.119602196,0.014166377,0.081368953,-0.042078231,0.046069615,0.007294905,-0.119332477,0.068805695,0.071531445,-0.022949928,-0.043820526,0.07009431,0.067463949,0.048140772,-0.008473566,0.039210718,0.074831061,0.026119541,0.107407227,-0.086199261,-0.000875689
E:\Project\Fake News Detection\images\real\3758.png,real,train,0.772485852,0.901973009,0.041994944,0.234869584,-0.41689238,-0.060834169,-0.152951702,0.097057566,-0.203236833,0.023640761,0.027465805,0.121947654,0.075314932,-0.090275221,0.05391584,0.063747503,-0.085018404,0.040627707,-0.098436788,0.00124577,-0.013368056,0.039431136,0.090231627,-0.00200888,0.012679102,0.053004678,-0.086643733,0.085616112,-0.007508709,-0.075976811,0.203382134,-0.012861251,0.071782254,-0.02469396
E:\Project\Fake News Detection\images\real\3759.png,real,train,0.589077353,0.738691449,-0.054305516,0.011020269,-0.069033705,0.009783749,0.203616202,0.035118449,0.083258592,0.116737932,-0.180332109,-0.080148079,-0.147125944,-0.011653789,0.010162954,0.116372295,0.120701469,-0.026261071,-0.038972836,0.053045183,0.046299618,0.016314711,0.051592339,0.034368098,0.148479208,0.030490499,0.11760176,-0.008196123,0.013686149,-0.159130707,-0.049236,0.010281664,0.055185776,0.001074892
E:\Project\Fake News Detection\images\real\3771.png,real,train,0.530632913,0.552502096,0.096714489,-0.002620941,0.009444321,0.15958263,0.041280553,-0.257143646,-0.040360507,0.161811396,-0.03666383,0.022122113,-0.018265877,0.044752877,-0.045705803,-0.055006027,-0.021660995,-0.15217337,0.061311621,-0.003147087,-0.068533354,0.011873436,-0.00156987,-0.007571699,-0.065797478,-0.052021507,0.041173123,-0.029865267,-0.101348758,-0.031959936,-0.069644243,0.066998467,0.035783581,-0.00519263
E:\Project\Fake News Detection\images\real\3778.png,real,train,0.631291091,0.713259816,0.264624327,0.209612474,0.124078691,0.038649868,0.069995582,-0.126842141,-0.058166936,-0.060242742,0.175980479,0.03947648,0.068564065,-0.079696529,-0.031862821,0.034087829,0.137801677,-0.061411105,-0.029883139,0.065171346,-0.020050688,0.017325079,-0.081689931,0.110154875,-0.143647239,0.040347368,-0.11299789,-0.086617701,-0.00207471,-0.0430943,0.085421458,0.065128423,-0.090648994,-0.077640869
E:\Project\Fake News Detection\images\real\3781.png,real,test,0.536899865,0.592515528,-0.178333133,0.098509587,0.029190913,0.059142962,0.106538504,-0.001662524,0.00417917,0.004829353,-0.069287091,0.046449527,-0.028853316,-0.080555893,0.011248197,0.036516547,0.006520428,-0.131649628,0.123975635,0.024704382,-0.031800777,-0.202335253,0.059958268,0.143579036,-0.120817333,-0.031304754,0.100022614,0.134318665,-0.071170479,0.061426237,-0.078188151,-0.044810526,0.042515375,-0.112388752
E:\Project\Fake News Detection\images\real\3785.png,real,train,0.613975167,0.640034676,-0.131912842,0.072660163,0.066738695,-0.001072885,0.082886174,-0.176591158,0.017058687,-0.094342545,-0.0894733,0.020768844,-0.158215374,-0.132168263,0.162003472,0.065082587,-0.005228482,0.104366474,-0.037479676,0.036016718,0.005731696,-0.14808853,0.095511876,-0.010348165,0.066936925,-0.060862705,0.126845688,-0.011200108,0.004458921,-0.140758991,0.000226958,-0.059307866,-0.011101614,-0.048032202
E:\Project\Fake News Detection\images\real\3787.png,real,train,0.629878938,0.669291496,-0.358234197,0.132795632,0.153857946,-0.12588124,0.061822023,-0.059654612,-0.112585306,0.150558099,0.177535415,-0.302923501,0.0863159,-0.019914772,0.135656074,0.116241597,-0.062888086,0.07728485,0.004713662,0.051798742,0.107603356,-0.029586637,0.008294463,-0.015102351,-0.011248016,0.029207513,0.015136643,-0.019994007,0.008869678,0.035738781,-0.071056865,-0.070963077,0.074567504,0.104546659
E:\Project\Fake News Detection\images\real\3789.png,real,train,0.728002131,0.815545678,0.097379096,-0.006918089,-0.171027422,0.018921774,-0.092705853,-0.112576172,-0.103389829,0.076669745,0.029802732,0.010071366,-0.059454635,0.085035004,0.11028102,-0.025388809,-0.021795353,-0.190222785,0.187606215,0.039537217,-0.103853643,0.132031605,-0.019135693,-0.012249517,0.070772015,-0.035231736,-0.048283573,-0.03664089,-0.009788982,-0.051931523,0.024918832,-0.058185846,0.120875634,0.031361446
E:\Project\Fake News Detection\images\real\3794.png,real,train,0.597098708,0.624985099,-0.037347276,0.1416886,-0.400203586,-0.027658928,-0.097263969,-0.055278681,-0.006326301,0.00010041,-0.000933973,0.107259892,-0.009260824,0.05978125,0.204265058,-0.071623467,0.01225079,0.04458103,0.003544082,-0.221173242,-0.083421536,0.032806855,0.025037393,0.03670276,-0.062458105,0.04493019,0.081810452,-0.056619585,-0.045293048,0.073342435,-0.078761376,0.047624424,0.043982279,0.033987243
E:\Project\Fake News Detection\images\real\38.jpg,real,test,0.745050013,0.882222891,-0.020043239,0.080834836,-0.1086201,0.002408739,0.039509717,-0.183117479,0.025109882,-0.066890262,-0.061911415,-0.240338817,-0.219557598,0.029910885,0.033195175,-0.027745921,-0.062047541,-0.059294797,-0.21242626,-0.131560504,0.154472232,-0.076906487,0.012481724,0.089512825,0.059978232,-0.158772826,0.021706916,-0.011831678,0.042861275,-0.088084921,0.012774952,0.055335946,-0.097787045,0.023374256
E:\Project\Fake News Detection\images\real\3803.png,real,train,0.689886212,0.704470396,-0.305296987,0.050198276,0.063596457,-0.076836981,-0.072984338,-0.0758975,-0.121454135,0.19037734,-0.135217905,-0.027272152,-0.191103205,-0.154548883,-0.111676224,-0.088934429,0.067395419,-0.031991027,-0.118190899,-0.063470729,0.018465105,0.045999866,0.079303838,-0.030428199,-0.042700302,0.063996367,-0.049652014,-0.054425266,0.01221852,0.049933229,0.037274335,-0.056178182,-0.214044571,0.002661789
E:\Project\Fake News Detection\images\real\3804.png,real,train,0.693290532,0.720838308,-0.23341018,-0.100388765,-0.020519035,0.231436417,-0.052791007,0.237215191,0.099638313,-0.16871959,0.132736206,-0.031924214,-0.014756814,0.055198286,-0.035007812,-0.06623397,-0.033091996,-0.111379907,0.033386078,0.052513696,-0.01658538,0.058362853,-0.009619462,0.007128118,-0.105842888,0.037675112,0.008001403,0.116628997,0.076661929,0.017019551,0.011930501,-0.013362875,-0.034340367,-0.006053676
E:\Project\Fake News Detection\images\real\3811.png,real,train,0.81665504,0.875598073,0.142592058,0.129189506,-0.123624593,-0.010568028,0.093883634,-0.04867157,0.009207344,-0.07395409,0.129228741,-0.126400769,-0.075386405,0.020613633,0.013699819,-0.114961289,0.168769091,-0.128428251,0.107640252,0.108337045,0.074136682,0.187639117,-0.0362138,-0.054998856,0.038451936,-0.137193605,-0.062038202,-0.087431401,-0.154504269,-0.067705199,0.125096008,0.016554201,-0.165602207,0.071753055
E:\Project\Fake News Detection\images\real\3813.png,real,train,0.687657475,0.712942123,0.041797929,0.051955115,-0.060558446,0.078486361,0.268073082,-0.140016228,0.111148655,-0.016832015,0.053257924,-0.045613311,0.002558252,-0.055611271,-0.009992222,-0.008971009,0.10520155,-0.043189336,-0.069097802,0.053134751,0.033017151,0.074254259,-0.106332198,0.040872071,-0.120846517,-0.000282019,-0.171320751,-0.041223992,0.0432055,0.042443343,0.05588524,-0.073301248,0.011170452,-0.07515841
E:\Project\Fake News Detection\images\real\3816.png,real,test,0.657892823,0.695576787,-0.019151598,0.002684228,-0.02136606,0.095825821,0.071994692,-0.153291777,-0.072319873,-0.012565492,-0.038522344,-0.083470032,-0.080980584,-0.061884154,0.054534636,0.042280868,0.007906646,0.055215575,0.040593717,-0.022331491,0.054069459,0.03267106,0.064769685,0.056080125,0.056812569,-0.022840835,-0.015608421,-0.016212642,-0.019475974,0.05484049,-0.106020138,0.003503081,-0.090532221,-0.09527757
E:\Project\Fake News Detection\images\real\3827.png,real,train,0.774236143,0.824406743,-0.028865268,0.319988668,-0.319671988,0.115748219,0.06770017,0.05388055,-0.024500296,-0.007424204,-0.002676844,0.007006046,0.198172048,0.007975333,0.052694816,0.05470933,-0.077682614,0.030655608,-0.107674114,-0.018105958,-0.069418415,0.108371377,0.116787151,0.045461308,0.050703071,0.083887599,-0.033287089,0.099938035,-0.007895081,0.090230331,-0.074765138,0.104184389,-0.067395955,0.095098756
E:\Project\Fake News Detection\images\real\3829.png,real,train,0.54070437,0.581929803,-0.188497901,-0.022535199,-0.0057561,0.015694682,0.072985291,-0.145558611,-0.061229985,0.076212257,-0.023193028,-0.065213814,-0.025353331,-0.177183494,0.015019411,0.06066544,-0.057277367,0.171235278,0.02095804,0.05669437,0.082781807,-0.000238225,0.125791669,0.006471904,-0.116245218,-0.049073439,0.044796538,-0.109794565,-0.047061108,-0.104459047,0.008694117,0.040865794,-0.009412692,-0.064599343
E:\Project\Fake News Detection\images\real\3832.png,real,train,0.760530472,0.84074074,-0.065522648,0.057215963,-0.004573447,0.171271965,0.072272673,-0.209114939,-0.090028577,0.049018774,-0.045281921,0.008130241,-0.079883754,-0.109056495,0.04030852,0.008416179,0.06068011,0.033517335,0.020390647,-0.067605481,0.007281747,-0.128947675,0.054451257,0.096916497,0.003651984,0.027676011,0.028196618,0.001664813,-0.114069484,0.139692292,-0.043146674,-0.118079163,0.021092381,-0.089817651
E:\Project\Fake News Detection\images\real\3842.png,real,train,0.871293068,0.927891791,0.260163903,-0.368867755,-0.083682857,-0.325273514,-0.116453178,-0.023632301,0.163518414,-0.033950511,-0.050108824,-0.036996547,-0.022815075,-0.006179257,-0.064298816,0.222827673,-0.030946542,0.02516439,-0.01580783,-0.041422173,-0.042084944,-0.08797738,0.057382677,0.005676514,-0.015823014,-0.115383521,-0.056218881,-0.030793181,-0.011613782,-0.014004567,0.032657426,-0.074995391,-0.011985429,0.057931833
E:\Project\Fake News Detection\images\real\3843.png,real,train,0.772470474,0.821336031,-0.249976754,0.167897969,-0.02423848,-0.157837972,0.111241914,0.044882391,-0.096270151,-0.029988589,0.136109859,-0.227960214,0.094135024,-0.057849333,-0.309643954,0.04100747,-0.083749361,0.074249707,-0.082820594,-0.268360168,0.102799572,0.02254856,0.204724357,-0.03692811,-0.071878143,-0.009892959,0.115083009,-0.195364326,-0.171593785,-0.198735103,-0.137973651,0.002499889,0.109033361,-0.114539236
E:\Project\Fake News Detection\images\real\3844.png,real,train,0.606651843,0.607954264,-0.248740569,0.032875095,0.113813013,-0.193269148,-0.065839276,-0.06979806,-0.049212351,0.003356071,0.01752682,-0.0152123,-0.070992,0.088411547,-0.10246449,0.078335881,0.002087009,0.03213409,-0.003691845,-0.089748971,0.095679082,0.110238425,-0.015051773,-0.025828572,0.107487962,0.095964193,-0.017465396,-0.109723426,0.000901803,0.079759821,0.040580474,0.09141358,-0.006633444,-0.061064009
E:\Project\Fake News Detection\images\real\3845.png,real,test,0.726045728,0.840576649,-0.092254914,0.109121464,0.043152347,-0.020002067,0.062086269,-0.153062463,-0.057275839,-0.071054056,0.232351273,-0.120750271,-0.064742558,0.08414831,-0.059026759,0.08971294,-0.087501451,0.035693593,0.07241115,-0.03851638,0.142012492,0.083859771,-0.004473224,0.052844994,0.042489812,0.099171415,0.09456405,-0.115793318,-0.046010002,0.032034531,-0.077393696,0.051751684,0.0672815,-0.022450604
E:\Project\Fake News Detection\images\real\3846.png,real,train,0.884191632,1,-0.311587453,0.155029848,0.028834563,-0.234886318,0.070908554,0.03735549,-0.112933978,-0.005331431,0.112680823,-0.227083325,0.058431558,-0.071954362,-0.358631432,-0.015203538,-0.048475165,0.062753618,-0.168273032,-0.313637465,0.055852372,0.048292696,0.128558502,-0.050708018,-0.05405841,0.066159628,0.000538742,-0.19366847,-0.13707453,-0.105433337,-0.087739266,0.016247882,0.103686295,-0.075152457
E:\Project\Fake News Detection\images\real\3848.png,real,train,0.922605872,1,-0.213933215,0.197950408,-0.250171751,-0.018794803,0.079132117,0.167103171,0.053668495,-0.089833707,-0.044130117,0.212009892,0.098103136,-0.061419237,-0.091409311,-0.002192204,-0.054370891,-0.053562969,-0.069702022,-0.042565692,-0.189609125,0.059263658,-0.026967132,-0.043818746,0.08008121,-0.04740309,0.142940283,-0.142011136,-0.00533727,0.045438558,-0.058220558,-0.035190269,-0.043465786,0.122281089
E:\Project\Fake News Detection\images\real\3849.png,real,train,0.754730344,0.993270934,-0.033304885,0.073319614,0.006537744,-0.017441375,0.022027833,-0.175307736,-0.021898784,-0.114998288,0.214994952,-0.127452895,-0.106343344,0.091017768,-0.078989983,0.097005121,0.010016368,0.052661028,0.106225975,-0.063350677,0.083802149,0.106350251,-0.016849432,0.046856396,0.025607867,0.102409989,0.137365147,-0.124410756,0.029898787,0.054396752,-0.060788896,0.122550473,0.050652582,-0.03317504
E:\Project\Fake News Detection\images\real\3850.png,real,train,0.631681502,0.703784406,0.086478092,0.160547301,-0.146581367,0.06021449,0.042288944,-0.215610653,0.084922142,-0.120086029,0.056420948,-0.094497316,0.042350773,-0.04436475,-0.083127633,0.022105696,0.106331825,-0.051211048,0.113947183,0.005611544,-0.001939312,0.030664323,0.006096345,-0.180620641,-0.011746844,-0.002764193,0.075035788,0.138372362,-0.083534151,0.131650925,-0.014005411,-0.042460971,0.069988415,0.004032923
E:\Project\Fake News Detection\images\real\3857.png,real,train,0.679210544,0.693228126,-0.14781253,0.009182476,-0.023565361,-0.056556799,0.063425824,-0.202709273,-0.076958001,-0.124043733,0.001251686,-0.114296377,0.061603993,-0.067161538,-0.251291275,-0.120781764,0.252379596,0.165324807,-0.047564507,0.028586216,0.025702272,-0.167661682,0.061887965,0.058780391,0.043089624,0.019925995,0.052957673,0.067119718,0.131775007,0.036430579,-0.076244473,0.062683895,-0.032002784,0.001834211
E:\Project\Fake News Detection\images\real\3866.png,real,train,0.490267098,0.527309537,-0.147385955,-0.127855629,0.247707948,0.027031155,0.045338385,0.084035583,0.105123185,-0.023635406,0.103328779,0.067375608,-0.030161664,0.07448101,-0.1082763,0.046478078,-0.067285322,0.15901567,0.114167273,0.051090442,-0.115214914,-0.008710454,-0.021424863,-0.163931876,0.033050422,0.029535066,0.064886279,0.132697359,-0.072541602,-0.002251816,0.02259421,-0.046242259,0.157267109,-0.017690508
E:\Project\Fake News Detection\images\real\3867.png,real,train,0.565383792,0.663480043,-0.023480488,-0.052724481,-0.037400667,0.089624308,0.117151983,-0.162500635,-0.065047592,-0.176438913,0.079025418,-0.059409097,-0.091826379,-0.144014299,0.025380841,0.129325643,0.067228071,0.12403848,0.0965297,0.102089122,-0.049855944,-0.028359326,-0.032119047,-0.119692884,-0.021067062,0.000917425,0.039882943,0.041039713,-0.146498814,-0.021543998,0.079089545,-0.005422789,-0.043911286,-0.059379786
E:\Project\Fake News Detection\images\real\3868.png,real,train,0.663244724,0.69139421,-0.095689982,0.043197304,-0.079486154,-0.021656128,0.099934615,-0.201525241,-0.017478937,-0.226968795,-0.01320577,-0.11634399,0.107180804,-0.093483835,-0.093470052,-0.095336825,0.274221152,0.100807175,0.058319215,0.063754253,-0.037630085,-0.14134492,0.059975326,0.069061734,0.113369264,0.00309751,-0.056166157,-0.020627879,0.015135128,-0.010610622,-0.036008283,0.007295738,-0.025275651,0.047387216
E:\Project\Fake News Detection\images\real\3871.png,real,train,0.660927653,0.812011838,-0.057973895,0.151901513,-0.065991648,0.035473544,0.105622306,-0.084452227,0.05589183,-0.233404338,0.128064543,-0.148168534,0.097229801,-0.038852345,-0.122502141,-0.211483508,0.19244127,-0.020233963,0.033427324,0.103884265,-0.098136641,-0.094975829,0.050215196,0.017043419,0.089644343,-0.043429539,-0.058218043,-0.004766791,0.047803987,-0.023966167,0.049256016,0.03557381,0.007085468,-0.011535275
E:\Project\Fake News Detection\images\real\3884.png,real,train,0.862892807,0.947460651,0.277127236,0.184969306,0.05177018,-0.011004306,0.007696636,-0.159671977,-0.075306527,0.093878187,-0.142939389,-0.045914482,0.237816975,0.074993208,0.009036334,-0.030212361,-0.072281279,0.018606698,-0.17849794,0.125256628,0.009187557,0.144469932,0.225428462,-0.097710915,0.040797099,0.016310638,-0.050561659,0.119938418,-0.043331258,0.013834338,0.131995484,0.021338476,-0.013648715,-0.0472445
E:\Project\Fake News Detection\images\real\3910.png,real,test,0.534405828,0.566055894,-0.132696047,-0.101402573,-0.04647541,-0.010752957,-0.010656517,-0.126733318,-0.085383281,0.016670408,-0.139963984,-0.0806683,-0.044166286,-0.0652477,0.096600547,0.01372252,-0.034604676,0.129345521,0.009437457,0.047031775,-0.004334569,0.129193887,0.028198846,0.034609027,0.004265368,-0.070070341,-0.030848214,-0.023576692,0.056213938,-0.106992841,-0.115223393,0.03116536,-0.075702272,-0.002088062
E:\Project\Fake News Detection\images\real\3914.png,real,test,0.69872874,0.79739368,0.068730816,0.0534476,0.030885234,0.024017029,-0.004148636,-0.182574749,-0.044370778,0.025355073,0.049999665,-0.039225101,0.007030474,0.134706736,-0.127482027,-0.076243073,0.007231288,0.067900605,-0.026445929,-0.002344802,-0.007489122,0.01892776,0.049914312,-0.040014878,0.046320945,0.036134414,0.116428532,-0.100058392,0.03219419,0.129538223,-0.08002615,0.026733259,-0.045760043,-0.046131335
E:\Project\Fake News Detection\images\real\3919.png,real,train,0.625720203,0.69443208,-0.04952807,-0.05213102,-0.024860429,0.030630531,0.046981249,0.034685344,0.063668549,0.073268041,-0.096766144,-0.024505917,-0.092407987,-0.141417176,0.025827831,-0.051471014,0.007368411,-0.053874224,-0.016260818,0.11102026,0.061157607,-0.019103933,0.077000998,-0.029315628,0.131678686,-0.007084285,0.108264141,-0.026482478,0.08940471,0.011037868,0.080082834,0.055206127,0.075583667,-0.072204687
E:\Project\Fake News Detection\images\real\3922.png,real,test,0.871188641,1,0.289914876,-0.360266626,-0.001667328,-0.181196094,-0.013961431,-0.011378646,0.031781465,0.018850731,-0.118286431,-0.001874086,0.000715842,-0.019912578,-0.04948004,0.057692066,-0.01380907,0.015878469,-0.050010365,0.013015375,-0.092882425,0.055625603,-0.025240701,0.035769589,-0.088396013,-0.000592288,-0.016100151,0.055655122,-0.026098698,0.020756766,0.085948236,0.06804233,0.101231895,0.042591002
E:\Project\Fake News Detection\images\real\3924.png,real,train,0.738408685,0.74623251,0.412221938,0.181696624,0.083588645,0.039399914,-0.084183663,0.038111892,-0.151770338,0.22927326,0.063904822,-0.054531094,0.046178278,-0.034611817,0.079407632,-0.073904209,-0.003113484,0.073945738,-0.048850141,-0.016950531,0.026165258,-0.07750468,0.063144922,-0.019125467,-0.013783328,-0.034687281,0.033612754,0.07912758,-0.045528222,0.067459092,-0.033002451,-0.008523387,0.025934162,0.026418794
E:\Project\Fake News Detection\images\real\3930.jpg,real,train,0.629823089,0.676261187,-0.202173501,0.080790192,-0.074653611,-0.043749046,-0.056181271,-0.106220447,-0.051829398,-0.061403591,0.021624865,0.020031432,0.015330119,0.001643212,-0.055278186,-0.097464077,0.008814786,0.065794893,-0.034697179,0.05693328,0.042491928,0.038851403,-0.006737441,-0.053564504,-0.107670225,-0.07533586,0.073520787,-0.073611028,0.104541115,-0.032854781,-0.013725704,0.05591087,-0.097694725,-0.107442327
E:\Project\Fake News Detection\images\real\3931.jpg,real,train,0.884321034,0.896090686,0.203767374,-0.45512253,0.008296426,-0.051487979,-0.172887146,-0.023135586,-0.206239507,-0.006695671,-0.102335937,-0.033218738,0.116722919,-0.056521956,0.030793505,-0.033718102,-0.018567702,-0.019154007,-0.004602389,-0.031641413,-0.084499851,0.062703326,5.79E-06,0.007757394,-0.055709086,0.00914145,0.046654675,-0.010620263,-0.063860953,0.014378825,0.027830698,0.099424794,0.032752316,0.068868838
E:\Project\Fake News Detection\images\real\3947.jpg,real,train,0.71965307,0.769815803,-0.062199254,-0.111174874,0.017092751,0.07546062,0.018805545,-0.119641244,-0.068533517,-0.067165248,-0.179765016,-0.092705093,-0.005033472,-0.035756432,0.094762146,0.043561336,0.067013182,0.122982115,-0.026397057,-0.029803803,0.1417135,0.073594503,0.002761222,-0.02466549,0.096217319,0.053817932,0.071965978,-0.023012727,0.112192556,0.141507521,-0.025040051,-0.018674958,-0.008273679,-0.107559562
E:\Project\Fake News Detection\images\real\3955.jpg,real,train,0.713652134,0.787400842,0.1420791,0.095746927,0.146239176,0.0745067,0.066610187,-0.173508361,-0.070273794,0.028530799,-0.149363205,0.059091955,-0.13982147,0.127359614,-0.054930583,-0.048830993,-0.124616764,-0.141234443,0.15517889,-0.099382132,-0.07761056,0.031220648,0.043956935,0.016419174,0.127035052,-0.248135701,-0.03686152,0.075426176,-0.129264414,0.023906521,-0.063624725,0.104485512,-0.011897423,-0.109736837
E:\Project\Fake News Detection\images\real\3964.jpg,real,train,0.607122421,0.621673226,-0.154218733,0.012220701,0.133082584,0.036038194,0.041347109,-0.120536849,-0.102409676,0.010430083,-0.112737738,0.142801762,-0.11553815,0.091266431,-0.060369138,0.096889868,-0.045775026,0.019025831,0.088197373,0.029064676,-0.09041588,0.08188428,-0.026027473,0.005672451,0.067640767,-0.016715268,-0.01037529,-0.062656246,0.075880788,-0.02068015,-0.058437396,-0.018029729,0.014107051,0.003052991
E:\Project\Fake News Detection\images\real\3973.jpg,real,train,0.745465398,0.803667784,0.100910425,-0.162221476,-0.252291292,-0.123804547,-0.127515644,-0.151416153,-0.015833082,-0.129964158,0.147427559,0.013763777,0.071983755,-0.074506693,0.047043424,-0.103272922,0.004522137,-0.165019348,-0.004678793,-0.048366483,0.048149012,0.041655403,0.00463077,0.0056557,0.014343363,0.012382105,0.022615297,-0.003256468,-0.017867561,0.014203652,0.045924798,-0.136823878,-0.039090659,-0.04172821
E:\Project\Fake News Detection\images\real\3981.jpg,real,train,0.743986189,0.782055616,-0.155972287,0.078355938,0.056786705,0.149329126,0.072001643,-0.109825954,-0.085119762,0.114646092,-0.02191245,0.057597429,-0.132729948,-0.104616411,0.016475735,-0.00756747,0.029067077,-0.035086401,0.080349386,-0.01829667,0.054012667,-0.140759543,0.181463629,0.104723938,-0.180391252,-0.115520895,0.132514492,0.03059922,-0.159105137,0.036720145,-0.112265736,-0.086055093,-0.006145212,-0.102499515
E:\Project\Fake News Detection\images\real\3999.jpg,real,train,0.832702458,0.85479182,0.255560458,0.185783267,-0.017278537,-0.003850546,0.046696164,-0.124827385,-0.069146059,0.07632073,-0.125971466,-0.041541554,0.245479494,0.080810353,-0.019741047,-0.041018587,-0.076575696,0.028737148,-0.09953215,0.043505549,0.000396516,0.152351871,0.135434389,-0.042306788,-0.021477012,0.036494214,0.01303413,0.138684869,-0.048755113,0.065493338,-0.080852926,0.065648153,6.05E-05,0.077038921
E:\Project\Fake News Detection\images\real\4003.jpg,real,train,0.626070857,0.65513432,0.022160552,0.058374833,-0.158157676,-0.032510597,0.081676684,-0.16264011,-0.024353728,-0.118727356,-0.219860375,-0.125571206,0.016525265,-0.019259054,-0.112727113,-0.011376414,0.105476506,0.125016287,0.024140449,0.090543024,0.045952022,-0.011032585,0.018093657,0.024046833,0.017164804,0.007116195,0.039441548,0.222026795,-0.001040808,0.07802055,-0.084566273,0.0589022,0.148605853,0.024525005
E:\Project\Fake News Detection\images\real\4014.jpg,real,train,0.577945352,0.598273158,-0.200736135,0.01154376,-0.045307439,-0.033519,0.150638312,-0.084824853,-0.084989667,-0.214573905,-0.038815204,-0.082825661,0.026972646,0.022947444,-0.175792888,-0.049881492,0.086216465,0.187509462,-0.067208588,0.029719401,-0.036997758,-0.059645638,0.088979468,0.094035469,0.089068785,0.063398212,0.036278743,-0.029104857,-0.000436017,0.057173401,-0.011206556,0.002106394,0.126010194,0.092631422
E:\Project\Fake News Detection\images\real\402.jpg,real,train,0.772409558,0.793354273,0.250491261,-0.242700592,0.078997456,0.011545491,0.260691226,-0.072882287,0.004307892,0.070583172,-0.100504667,-0.070988156,-0.0256279,0.036473535,0.005595435,0.051759694,-0.006853241,0.035528805,-0.048715826,-0.067195825,-0.003139767,0.032009196,-0.030040998,-0.027638096,0.043823451,-0.136773258,0.042247046,-0.015079528,0.02400231,-0.012753971,0.032416083,0.008079709,-0.049243584,0.033604864
E:\Project\Fake News Detection\images\real\4023.jpg,real,train,0.699118793,0.74803859,-0.012781429,0.300198108,-0.340166926,0.076695144,0.053468909,0.174642473,-0.064732075,-0.076297387,0.011162649,-0.003265751,0.037838701,-0.044346269,-0.032378457,0.054324444,-0.095685259,-0.011566534,-0.023412172,-0.099339612,-0.030784849,0.038332105,-0.068550646,0.100982383,-0.044491846,-0.051807292,0.0828363,0.046661798,-0.001860384,0.008981269,-0.026821345,-0.038008224,-0.102412462,0.040989663
E:\Project\Fake News Detection\images\real\4027.jpg,real,train,0.72435075,0.762734234,0.029499542,0.112829521,-0.251945823,-0.063539661,0.047804471,-0.046434157,-0.08030612,-0.052507911,-0.010395697,-0.117760018,-0.121831506,-0.006539482,0.105947874,-0.065650247,0.133798406,-0.08935041,0.218889207,0.068374284,-0.002925702,0.154047981,-0.023232868,-0.020807927,0.029987883,-0.185222298,-0.088756301,-0.08108706,-0.16866757,-0.023990994,0.089779079,0.002292125,-0.040205274,0.052406788
E:\Project\Fake News Detection\images\real\4030.jpg,real,train,0.5629071,0.586126566,-0.070763305,-0.039118871,-0.209326074,-0.049427941,0.018090272,-0.04009033,-0.080275886,-0.055254541,-0.1190193,-0.13156721,-0.041465372,-0.024098603,-0.003117792,0.026928473,0.086741924,0.087484241,0.05254592,0.030874433,0.023208542,0.029358655,-0.038830068,0.104626298,0.071433611,-0.027879694,0.026302321,0.066926606,0.020893784,-0.037210446,0.020953547,-0.022587305,0.002089223,-0.053234883
E:\Project\Fake News Detection\images\real\4031.jpg,real,test,0.608869255,0.622164071,-0.093022779,-0.014179841,-0.119242109,-0.045334153,0.054611389,-0.178698838,-0.046324857,-0.160016105,-0.094708607,-0.191090479,0.098794453,-0.080184229,-0.123615667,0.000400387,0.225594595,0.157056734,0.054872558,0.079583511,-0.039395351,-0.042919628,-0.043375362,0.093169458,0.037811995,0.063333645,-0.084143795,0.033204269,0.097235762,0.057256922,0.022312701,-0.011923061,0.040951546,-0.010367192
E:\Project\Fake News Detection\images\real\4033.jpg,real,train,0.860667408,0.920044184,-0.014214741,0.127071157,-0.475387454,-0.033401307,-0.103251673,-0.045619123,-0.039824393,-0.018464163,0.089875251,0.026120763,-0.040821638,-0.078845292,0.128865719,-0.036514521,-0.041842766,-0.078134552,0.022401672,-0.064874254,-0.062415633,0.072749428,-0.048934992,0.073850416,-0.051364753,0.048077844,0.019070813,0.015479598,-0.005246093,0.006988956,0.07973852,0.041758455,0.041162416,0.000265111
E:\Project\Fake News Detection\images\real\4034.jpg,real,train,0.690011382,0.758835375,0.019088808,0.134022981,-0.174784049,0.108418614,0.015711758,-0.202674836,0.002525514,0.094016246,0.149885103,0.161384851,0.030055383,-0.162742168,-0.039124481,-0.045751501,0.070175536,-0.097591735,-0.027648661,-0.012671879,0.065134928,-0.029257037,-0.098236926,0.136180013,-0.15752542,-0.004310171,-0.21829778,0.027139559,0.029580247,0.011336643,0.077967033,0.094161898,0.067534886,-0.036367379
E:\Project\Fake News Detection\images\real\4039.jpg,real,train,0.523419857,0.53316915,-0.140773967,-0.000284289,0.019161206,0.123928457,0.122209691,-0.169903278,-0.083748996,-0.183543175,-0.012364633,-0.020104844,0.0093684,-0.131168112,-0.088651411,0.029886501,0.206625879,0.179610565,-0.044096913,0.107180193,-0.022764629,-0.12529926,-0.057736568,0.185768828,-0.073774733,-0.048282769,-0.161844656,0.094025522,0.01410656,0.004250652,0.00092739,0.210077122,0.055430606,-0.082198538
E:\Project\Fake News Detection\images\real\404.jpg,real,train,0.722680092,0.825458705,-0.0443592,0.051443361,0.014290598,0.071398281,0.106815815,-0.176382512,-0.111225203,-0.141389459,0.13158381,0.15050298,-0.059630278,-0.052773479,-0.025116684,0.295350432,0.132304683,0.140097558,0.026953194,0.068243943,0.063985109,0.050714713,-0.102620669,-0.175663322,-0.152813226,-0.005513372,0.040859092,0.099921443,-0.095573351,0.041598096,0.12227425,-0.028728718,-0.049862452,-0.029177813
E:\Project\Fake News Detection\images\real\4045.jpg,real,train,0.603482723,0.687275946,-0.120252915,0.010929786,-0.067322485,0.037851986,0.134853169,-0.165181994,-0.022193167,-0.178506061,-0.102316052,-0.140068009,0.070004262,-0.150769562,-0.10479375,-0.109728962,0.232911929,0.149534196,0.026009226,0.098386683,0.002363226,-0.215370655,0.061669301,0.151974693,0.086263739,-0.028371923,-0.008448754,0.023950081,-0.020651197,-0.035265099,-0.029451003,0.037919123,0.007001983,0.084451005
E:\Project\Fake News Detection\images\real\4048.jpg,real,train,0.645038784,0.68586868,-0.033535909,0.210584015,-0.393854976,0.049190562,0.054295551,0.065121599,-0.000198436,-0.126574367,0.120014086,-0.063198745,-0.001402569,0.026155489,0.041170001,-0.057215292,-0.000769437,-0.073063664,0.071454346,-0.099425547,-0.086087428,0.141761884,-0.056230072,0.009248073,5.50E-05,0.007788436,0.000246763,0.087999396,-0.029456405,0.035154115,0.048843618,-0.012351552,0.049092181,-0.037407756
E:\Project\Fake News Detection\images\real\4051.jpg,real,train,0.694700599,0.715417385,0.105211414,-0.063183002,-0.230621174,0.047878362,0.209904358,0.071685411,0.006146205,0.214403629,-0.023193788,-0.011330286,-0.091592625,0.168406129,0.048286673,0.083089046,0.074857242,0.020086039,0.052800193,0.128595129,-0.088370346,-0.010857873,0.075067937,-0.065897167,0.017205916,0.071264647,-0.002352293,-0.041276108,0.036671329,-0.008051997,-0.104745619,0.068251081,0.067039691,-0.067782953
E:\Project\Fake News Detection\images\real\4056.jpg,real,train,0.568383932,0.585860252,-0.009054059,-0.024587335,-0.114598215,0.060718585,0.007669334,-0.127964944,-0.085538983,-0.100455493,-2.94E-05,-0.082214303,0.007576767,0.045455847,-0.027778009,0.020522498,0.101829551,0.122608759,-0.056068942,-0.025841711,0.03494684,0.092218392,0.064538151,-0.013120136,-0.028441975,0.095918715,-0.006290103,-0.009564582,0.025808558,-0.027551701,0.014862178,-0.085753828,0.038298901,-0.03909469
E:\Project\Fake News Detection\images\real\4063.jpg,real,train,0.730477989,0.767706633,-0.012477992,0.163927764,-0.449068993,0.006110679,-0.140861332,-0.040288411,-0.111292116,0.044155668,0.07273864,0.03413808,-0.064003497,-0.048661832,0.137851641,-0.033076283,-0.014677884,-0.034209058,0.030717265,-0.118227609,-0.094694577,-0.01669029,0.000619988,0.099246539,-0.017365482,0.047520228,-0.002749367,0.015219456,-0.061577845,0.065850325,0.015548469,0.016427284,0.073103979,0.08748915
E:\Project\Fake News Detection\images\real\4067.jpg,real,train,0.5586375,0.565031171,-0.157871351,0.240140527,-0.192427844,0.005609991,-0.073844984,0.037410319,-0.077096745,-0.027771985,-0.037200779,-0.069378123,-0.107707411,0.144891486,0.090296887,0.106157824,-0.11255575,-0.086033516,0.098566324,0.002030452,-0.145948768,0.012162313,0.100044139,-0.016531816,0.127482638,-0.149693698,-0.094393328,0.030460175,-0.090787373,0.070207737,0.101232991,0.015245778,0.085873716,0.019923398
E:\Project\Fake News Detection\images\real\4073.jpg,real,train,0.73688364,0.851786017,-0.043665651,0.215009525,-0.413031787,0.08367838,0.007346646,-0.044972442,0.021287911,0.037933916,-0.043321192,-0.026220426,0.07301192,-0.044447374,0.047342572,-0.020731732,-0.085175157,-0.035334796,0.027642807,-0.087905459,0.068630472,0.036932327,-0.085741468,0.10003493,-0.044964202,0.014555646,0.116211072,0.048545331,-0.021328952,0.051400021,0.038699258,0.041414384,-0.022435371,-0.020636456
E:\Project\Fake News Detection\images\real\4078.png,real,train,0.55810678,0.64217943,-0.140286699,0.080867223,-0.143128544,-0.043828003,0.075642377,-0.123789757,-0.11850854,-0.108157516,-0.037057798,-0.05133193,0.002016695,-0.073047362,-0.118253298,-0.113282718,0.039410532,0.153179109,0.06098216,0.042621188,-0.070711389,-0.034773607,-0.032142706,0.02527328,0.025738176,-0.078792229,0.079059362,0.039418153,0.025047872,0.009827632,-0.094832547,-0.02238935,0.125058606,-0.016082896
E:\Project\Fake News Detection\images\real\4090.jpg,real,train,0.822580934,0.842390776,-0.050311763,-0.251875281,-0.006194737,0.412466884,-0.078703851,0.090427965,0.016920261,0.060716234,0.04941212,-0.093803614,0.119230859,-0.139240891,-0.015006815,0.002033361,-0.008813763,-0.029806914,-0.04072788,-0.037553508,0.161416143,0.013857826,-0.040752448,-0.035191305,0.007676576,0.022936715,-0.055214673,-0.006380364,-0.007022246,-0.022400847,-0.038547467,-0.004469736,0.057309955,0.018446542
E:\Project\Fake News Detection\images\real\4106.png,real,train,0.78100431,0.837028027,0.222148642,0.16147463,0.113371588,0.175012603,-0.026292587,-0.141745165,-0.023918755,0.316916823,-0.005781301,-0.056167245,0.206362128,0.031752553,0.021897927,-0.070403934,-0.107068121,0.086401016,-0.193558261,0.065946437,-0.022024771,0.047643173,0.251420557,-0.053789742,0.001954656,-0.015206841,-0.068057507,0.106971465,-0.112182871,0.025252234,0.101863854,-0.021300934,-0.012670518,-0.003380841
E:\Project\Fake News Detection\images\real\4108.png,real,train,0.652304292,0.656550825,-0.017293487,-0.274510831,0.294214964,0.148169398,-0.072785445,0.114400618,-0.086042963,-0.002855193,0.029619338,-0.024759548,0.078621887,0.097186446,-0.028756063,-0.052607846,-0.071384326,0.20987545,0.043255556,-0.065335833,-0.042435888,0.015702162,-0.083893821,-0.002738739,-0.006558718,0.005807604,0.043610524,-0.027129868,-0.025738118,-0.001110313,-0.001759565,0.067696087,-0.048308443,-0.034918476
E:\Project\Fake News Detection\images\real\411.jpg,real,train,0.732569337,0.999999821,-0.247900099,0.061301943,0.111965299,-0.227711767,-0.103557326,0.054629214,-0.043125898,0.135713637,-0.073757134,-0.045053799,-0.263168663,-0.218434945,-0.095977694,-0.151653066,-0.05173666,-0.039597277,-0.067879051,-0.100946173,0.100186788,0.028029211,0.010551152,-0.036172386,0.014963879,-0.040533278,-0.054142166,0.028523447,-0.047276214,0.079661332,0.048858702,0.047371786,-0.129420146,0.000434373
E:\Project\Fake News Detection\images\real\4134.jpg,real,train,0.629451573,0.655055285,-0.229749128,0.070283927,0.092306398,-0.025792647,0.056946158,-0.099442601,-0.0466756,-0.061903849,-0.0065383,-0.105911493,0.041471638,-0.081874438,0.162293091,-0.045317318,-0.16663447,0.229385629,-0.032067936,0.135761738,0.062312424,0.044351999,-0.021529131,0.050058234,0.002075877,0.002596106,-0.041426338,-0.003181625,0.035967294,-0.017588954,-0.121979021,-0.101412699,-0.060379338,0.040715225
E:\Project\Fake News Detection\images\real\4144.jpg,real,train,0.749245286,0.761348724,-0.058142953,-0.180961773,-0.022468748,0.362591147,-0.019498749,-0.019507335,-0.070920676,0.008868934,-0.026415845,-0.04142537,0.01925833,-0.098612115,0.052291133,-0.006729115,0.107029796,-0.07262256,0.021905418,-0.030787256,0.034764308,-0.062170342,-0.013866452,0.058225308,0.018800449,0.008724828,0.032055307,-0.030880636,-0.091836311,0.103486717,-0.001536192,-0.086656451,0.034412898,-0.108022586
E:\Project\Fake News Detection\images\real\4145.jpg,real,train,0.63728106,0.663576007,-0.0852511,-0.051548999,0.017062562,0.071030073,0.032161586,-0.056526486,-0.011583905,-0.136900678,-0.2708022,-0.051837567,-0.138282865,-0.056464206,0.114518903,-0.042703368,-0.020314679,0.068000756,0.022886276,0.024664564,0.024615949,0.128506228,0.029304096,0.002132975,-0.040050879,0.081330024,-0.031297989,0.028517604,0.052715298,0.018555306,-0.05570171,-0.028670348,-0.059938151,-0.064577699
E:\Project\Fake News Detection\images\real\4146.jpg,real,train,0.691785753,0.713571608,0.002619006,0.024719097,0.112991191,-0.009222757,-0.053308249,-0.212978885,-0.002507106,0.048661377,0.133761004,0.022676514,0.010392225,0.019837661,0.068328306,-0.062840164,-0.105686784,-0.026013117,0.052759927,0.032629143,0.007021403,0.066662028,0.077261209,-0.008536648,-0.017544106,0.034679059,-0.006716762,-0.042921498,0.054806504,0.022739876,-0.016685149,-0.016482737,-0.109340191,-0.065548055
E:\Project\Fake News Detection\images\real\4154.png,real,train,0.872795284,0.901695728,-0.053676382,-0.354602188,-0.10906335,0.300934345,-0.182446584,0.022252958,-0.145361453,0.135515645,0.014056229,-0.043099359,-0.0209132,-0.098382764,0.087672286,-0.00700732,-0.005356343,-0.049303759,-0.047980692,0.017725008,0.07280574,-0.056177095,0.059783094,0.027502827,-0.094483458,0.04293061,-0.04355301,-0.013805328,-0.069246523,0.047207091,-0.031189101,0.046760622,0.01336255,0.081975237
E:\Project\Fake News Detection\images\real\4160.jpg,real,test,0.656597614,0.695964277,-0.135433882,0.019785114,-0.032846436,0.18752113,0.045432691,-0.265571624,-0.054471172,0.165647343,0.0909888,-0.018103994,-0.070787475,-0.156700552,0.033574499,0.098402873,-0.022489518,0.111654155,0.005365159,0.057879165,0.08106862,-0.079958454,0.185657144,0.022148758,-0.162894338,-0.068535298,-0.058339521,0.024684906,-0.086816594,0.13953568,-0.060639694,0.008409207,0.034181792,0.028093264
E:\Project\Fake News Detection\images\real\4167.jpg,real,train,0.753397167,0.781339288,-0.064302221,0.090559684,-0.006014667,0.058823034,0.068248801,-0.197853729,0.11547897,-0.130127415,0.047742397,-0.12086615,0.125116453,-0.124039553,-0.096163407,0.057060249,0.158374414,0.122745886,0.056796119,-0.003308248,-0.078570597,-0.044972263,-0.148333192,0.110947311,-0.063558981,0.02288875,-0.242931038,-0.015628418,0.018733468,-0.04828288,-0.01269961,0.006790729,0.077491403,-0.089109242
E:\Project\Fake News Detection\images\real\4178.jpg,real,train,0.610005736,0.719076753,-0.18531619,0.053947747,-0.03098185,0.056382325,0.118188441,-0.154593393,-0.026886705,-0.142006308,0.108633891,-0.014436396,0.056958091,-0.19835034,-0.146527335,-0.089159712,0.205896378,0.039460987,0.016480869,0.106435843,-0.022241235,-0.073579617,0.076737158,0.133671373,-0.041215014,-0.166291595,-0.15034394,0.048514839,-0.022650341,-0.030978927,-0.032841101,0.117165282,0.020090124,-0.086974412
E:\Project\Fake News Detection\images\real\4180.jpg,real,test,0.818081737,0.876143575,0.275970608,0.182533413,0.039706726,0.081857473,0.007660575,-0.15182811,0.153420106,0.08689367,-0.254747599,-0.058031596,0.136297345,0.022710495,-0.028910596,0.06321685,-0.050778948,-0.083211929,-0.059830446,0.070075721,0.060358062,-0.042462986,-0.135781258,0.111546725,-0.092786476,0.000914399,0.090562873,-0.029477015,-0.046406232,0.094266221,0.071209811,0.063553922,-0.016057692,0.021028515
E:\Project\Fake News Detection\images\real\4184.jpg,real,train,0.673687756,0.743238091,0.280027717,0.065703854,-0.019157372,-0.022028284,-0.026956821,-0.22396411,-0.051445831,0.14616853,0.136246577,0.059138115,0.104170941,-0.169689283,-0.02305234,-0.092444405,-0.061259385,0.003944823,0.006050312,0.002211563,0.02049179,0.051923182,-0.043830466,0.004180641,-0.092231661,0.004834699,0.016960651,-0.065871485,-0.001163763,0.014731067,-0.023458397,0.03253172,0.079938859,0.075090051
E:\Project\Fake News Detection\images\real\4189.jpg,real,train,0.718170881,0.745488226,0.089039296,-0.024826124,-0.124975495,-0.163265824,-0.135318935,-0.253824979,-0.008626023,0.017073143,0.053695414,-0.081591465,-0.069003701,0.116646722,0.204102039,-0.126349643,-0.042061914,0.024957106,-0.074379869,-0.111681432,-0.037592102,-0.061864991,-0.072830498,-0.026052913,-0.017564388,0.173245952,0.038321834,0.018943636,0.163602039,-0.090994075,-0.032704171,-0.03065688,-0.020477388,-0.013962822
E:\Project\Fake News Detection\images\real\42.jpg,real,train,0.645225406,0.748488307,-0.141364396,0.061480679,0.032956865,0.058890678,0.12503767,-0.116103426,0.009711318,-0.069335744,-0.021817544,-0.209818512,0.011099271,0.046854228,0.072318666,0.066881344,-0.183390811,0.062712431,-0.173705086,0.134596765,0.16267623,-0.061450209,-0.096773975,0.141960502,0.052674312,-0.006476467,0.078992754,0.005501054,0.079308361,-0.022178875,0.05809306,-0.044896018,0.020362407,0.121461369
E:\Project\Fake News Detection\images\real\4201.jpg,real,train,0.646172464,0.666829348,-0.154145673,-0.065498509,0.069865927,0.188247025,0.018941462,-0.076952189,-0.083830729,-0.025288912,0.226831228,-0.014185766,-0.094328001,-0.000649531,0.068592824,-0.006745158,-0.19614473,0.073240444,-0.014995243,0.103665695,0.026567541,0.019025633,0.08404316,0.117650695,-0.0882819,0.112594515,-0.144121557,-0.020217346,-0.092016272,0.019156283,-0.040875282,-0.118325852,-0.028935006,0.050361056
E:\Project\Fake News Detection\images\real\4203.jpg,real,train,0.384387642,0.3925578,-0.358016908,0.01654797,0.174974293,-0.221354634,-0.052532762,0.073542856,-0.027659925,0.072366975,-0.037631724,0.028565783,-0.047660425,0.00213182,0.103713527,0.084300853,0.004613221,-0.023679754,0.077002116,-0.039739732,-0.089315958,-0.247864887,0.097042032,0.047196418,-0.023187134,-0.084257156,0.081950016,0.107390806,0.026941042,-0.087733261,0.018473223,0.021509454,-0.032031,-0.084746748
E:\Project\Fake News Detection\images\real\4205.jpg,real,train,0.608911633,0.659451365,-0.296738386,0.084753878,0.068854459,-0.209959358,-0.115722701,0.120182283,-0.144289121,0.18349506,-0.025266292,-0.122382671,-0.063162662,-0.001772594,0.121366642,-0.047109462,-0.052839223,-0.060682137,0.234632507,0.030058553,-0.1747756,0.037611462,-0.032131895,0.004152007,0.038866464,-0.207176939,-0.093341745,-0.017099055,-0.050355412,-0.089907154,-0.074153006,-0.076798439,0.053718816,0.026105132
E:\Project\Fake News Detection\images\real\4218.jpg,real,train,0.729808629,0.796364605,-0.132247224,0.044681754,-0.00178767,0.077150404,0.044015974,-0.28788504,-0.156869903,0.019141015,-0.030835997,0.088465229,-0.196445107,0.039003789,-0.013589245,0.093700916,0.107592113,-0.107677467,0.102751143,-0.013810501,-0.010031246,0.013210028,0.121808231,0.040330783,0.02842023,0.082297623,0.035358716,0.019633902,0.072064459,0.005825338,-0.047881082,-0.110907279,0.101270281,0.088116162
E:\Project\Fake News Detection\images\real\4228.jpg,real,train,0.873333752,0.913968682,-0.204266861,0.199162185,-0.248268798,-0.035918459,0.064494133,0.14607124,0.046519715,-0.097169988,-0.059486974,0.203107134,0.097060785,-0.059500404,-0.069232389,0.010028428,-0.053632151,-0.06408985,-0.112671994,0.00678575,-0.182810292,0.051380675,0.013649376,-0.082691297,0.108423837,-0.059256509,0.111757822,-0.125554115,-0.002053814,0.031773947,0.034088034,-0.058703717,-0.051961038,0.068709128
E:\Project\Fake News Detection\images\real\424.jpeg,real,train,0.727614522,0.756089807,-0.046439864,-0.156088367,0.053428907,0.185026169,-0.21350193,0.110684894,0.183590546,-0.147454485,-0.108202979,-0.095450789,-0.051767897,0.034088224,-0.057390951,0.095173031,0.044348281,-0.136147201,-0.043743066,-0.038836006,0.005396989,0.002641316,0.038372245,-0.072144248,-0.029891549,0.117379665,-0.023672275,0.034396056,0.013542457,0.010172797,0.041736472,-0.06828706,-0.074093945,0.010826886
E:\Project\Fake News Detection\images\real\4240.jpg,real,test,0.530777812,0.579273224,-0.085583165,0.153367668,0.044346981,0.088694811,0.165523618,-0.196221381,-0.031535126,-0.078491829,-0.092462599,-0.134323031,0.04246112,-0.08102566,0.120318428,0.010041196,-0.115199834,0.001574557,-0.108365014,0.04678385,0.095695063,0.012339342,-0.074767217,0.060893904,0.034817584,0.081190363,0.036418878,-0.059573218,-0.002624482,0.034976915,-0.088081568,0.011972314,0.063990273,0.037692681
E:\Project\Fake News Detection\images\real\4249.jpg,real,train,0.691724658,0.737974524,-0.033289317,0.321007729,-0.365299851,0.194020718,0.01052548,0.110197648,-0.066416994,0.059368208,0.187051535,0.108840302,0.082122326,-0.099029928,-0.047165524,0.128921002,0.007893523,0.040635642,-0.061019536,-0.117896974,-0.040351693,-0.075496256,-0.141118228,-0.030293971,-0.037697796,-0.094070189,0.008275693,0.09691222,-0.00735611,-0.058584314,0.034163583,-0.133057803,-0.031074813,0.025972649
E:\Project\Fake News Detection\images\real\4254.jpg,real,train,0.771534443,0.806925297,-0.021115676,0.267223358,-0.346374065,0.248242527,-0.057391025,-0.00130398,0.068307817,0.183882043,0.146511093,0.010417466,0.028390711,-0.116916329,0.066865876,-0.041766591,-0.025488583,0.061920304,-0.021395709,-0.148749739,0.003386039,-0.005156185,-0.044064954,0.047771342,-0.001718844,-0.017994333,0.042408168,0.088890456,0.005726977,0.068389505,0.009212239,0.022691214,-0.056190412,-0.027352436
E:\Project\Fake News Detection\images\real\4257.jpg,real,train,0.696924031,0.775749385,-0.267755985,0.170886889,-0.004610317,-0.287057549,-0.019909017,0.04273447,0.084896468,0.124752149,-0.147438139,0.007402576,-0.109164491,-0.201604739,-0.073812246,-0.234252885,0.093345039,-0.055715267,-0.176952511,-0.02408798,-0.00894906,0.031427652,-0.128110781,-0.181011006,0.029684732,0.036373727,-0.035306185,-0.072476715,-0.00451012,0.024591763,-0.002998172,-0.003149539,-0.014545844,0.085914567
E:\Project\Fake News Detection\images\real\4259.jpg,real,test,0.891835034,0.979639351,-0.191225052,0.240432322,-0.274563044,-0.024968674,0.045425963,0.112779804,0.070395455,-0.092402257,-0.026432972,0.183638141,0.112672545,-0.133683711,-0.057928894,-0.008098904,-0.047274105,-0.060035314,-0.071675017,-0.02614747,-0.174270764,0.021703776,-0.025985446,-0.057653829,0.070039064,-0.068416081,0.096505269,-0.124187499,0.025081314,0.039301947,-0.077797174,-0.021943072,-0.067946799,0.067699835
E:\Project\Fake News Detection\images\real\426.jpg,real,train,0.90135479,0.941460252,0.005578384,0.111826099,-0.052469205,0.12305212,0.109837539,-0.215614229,-0.138141289,-0.174150959,0.1368514,0.092710324,0.033573821,-0.141469404,0.070832968,0.272166818,0.088240363,0.085322969,0.05790149,0.048567437,0.001074436,-0.08245331,-0.089093775,-0.410986036,-0.032243278,0.041474018,0.050034646,0.115145065,-0.140365943,-0.057369888,-0.00546121,0.013889569,-0.070462346,0.053138204
E:\Project\Fake News Detection\images\real\4264.jpg,real,train,0.712373197,0.886775374,-0.1861853,0.003445986,0.076685727,-0.151755825,0.12619777,0.011494698,0.047531582,0.109729439,-0.240000859,0.077315286,-0.080390945,-0.075301789,0.01771233,-0.077123225,0.103957571,-0.110527761,-0.101937696,-0.04310298,0.047126368,0.002540958,0.040010173,-0.032246668,0.010959723,-0.015613196,0.141763464,-0.039345648,-0.017433219,-0.164863497,-0.142333329,-0.027104471,-0.007408097,-0.045317009
E:\Project\Fake News Detection\images\real\4266.jpg,real,train,0.697550893,0.76379025,0.003547757,0.347754538,-0.33175534,0.124242753,-0.012293332,0.113233991,-0.159955814,0.036225867,0.085241102,0.070383593,0.141595811,-0.081158429,0.069486476,0.137655377,-0.007163101,0.019567588,-0.141344011,-0.033785746,-0.025473086,-0.059919227,0.063133448,-0.078747839,0.043975409,-0.019415641,-0.01395525,0.111718535,0.027408147,-0.102054939,0.188370794,-0.075640805,0.041782092,-0.089746445
E:\Project\Fake News Detection\images\real\4274.jpg,real,train,0.723566413,0.887148023,-0.011689141,0.287725896,-0.217854455,0.11214792,0.066277824,-0.016007243,0.010940681,-0.068948723,-0.123300642,0.003709219,0.053417135,-0.02978518,-0.017692829,-0.013173549,-0.016237164,-0.036043651,0.035839986,0.042356417,0.007791684,0.007808151,-0.251604944,0.114140369,-0.066740081,0.047655612,0.102307022,-0.079754524,-0.053015225,0.021189261,0.093564034,0.013045269,-0.018026296,-0.039194234
E:\Project\Fake News Detection\images\real\4281.jpg,real,test,0.629249275,0.905958235,-0.160601005,0.0623607,0.064096205,-0.113698065,0.124089718,0.039762035,0.070999667,0.181047454,-0.2012178,-0.06009623,-0.06809254,-0.05570659,-0.027348559,0.008643996,0.156201541,-0.182030156,-0.073788166,-0.124204047,0.083310381,-0.054328658,-0.037179876,-0.017879784,0.041135922,0.051338337,0.155936092,-0.038126931,-0.035011277,-0.242025167,-0.025508404,-0.047194019,-0.039668284,0.004317053
E:\Project\Fake News Detection\images\real\4285.jpg,real,train,0.716779888,0.737974524,-0.08434733,0.290776014,-0.326013803,0.215111509,-0.071690142,0.147758573,-0.051073246,0.149330094,0.167091876,0.113256454,0.061581146,-0.102615684,-0.030987658,0.044320341,0.00438397,0.048522595,-0.054750528,-0.138260171,-0.004947972,-0.045021832,0.006664013,0.070138775,-0.007924804,-0.097892649,0.04432185,0.107878178,-0.000711294,-0.078198358,-0.004406684,-0.030034881,-0.068610981,0.001709919
E:\Project\Fake News Detection\images\real\4286.jpg,real,train,0.66607374,0.711325645,0.141227886,0.088066876,0.044608835,-0.112701848,-0.093386993,-0.116102576,-0.021801956,0.03324214,-0.044587951,0.127935395,0.180998296,0.117719837,-0.082206994,-0.046845544,-0.162006482,-0.021293961,-0.04905444,0.120445944,-0.030892067,-0.004594327,0.037582949,-0.000690861,-0.04428988,0.115513489,0.009240153,0.124525003,-0.068841361,0.054132771,0.010522609,0.088755749,0.026075808,0.032969549
E:\Project\Fake News Detection\images\real\4296.jpg,real,train,0.651294112,0.71642983,-0.053785883,0.059214141,-0.087018944,0.011493561,0.10107705,-0.006919894,0.009493082,-0.016283004,-0.158039346,0.022132302,-0.10037227,-0.163570225,0.03562073,-0.018116364,0.132788613,0.051963393,-0.107317396,-0.069576129,0.035985265,0.118850268,-0.020029137,-0.103683084,0.056408536,0.004443814,0.178421244,-0.02328101,0.121017002,0.108111471,-0.04200932,0.08220458,-0.010416497,0.050017923
E:\Project\Fake News Detection\images\real\4300.jpg,real,test,0.765316606,0.85817486,-0.225546762,0.22848618,-0.127482235,-0.109239966,-0.004286923,0.060015496,0.089019887,0.046984971,-0.170600176,0.09097451,-0.091653265,-0.115507871,-0.022160839,-0.132468671,0.129833341,-0.036603346,-0.090808094,-0.027646087,-0.070720911,0.002011663,-0.067138493,-0.076905504,-0.019008815,0.019448794,0.086769953,-0.017139941,-0.022132166,0.013281763,0.015210904,-0.02653107,0.042062126,0.107036635
E:\Project\Fake News Detection\images\real\4302.jpg,real,train,0.769939959,0.850322008,0.380090833,0.192498565,0.069868781,0.015783247,-0.175128534,-0.032110009,0.221908823,-0.114897482,-0.047858287,-0.075978801,0.029007163,-0.003330638,-0.033759467,0.196901947,-0.017901897,-0.088539697,-0.025295759,-0.034717545,-0.056263592,0.011170275,0.064557947,0.009434129,-0.015587859,-0.05130833,-0.063831456,-0.051866155,0.020609949,0.008566362,-0.047452196,-0.085845456,-0.163021147,0.116546959
E:\Project\Fake News Detection\images\real\4318.jpg,real,train,0.586676717,0.631689191,-0.138095826,0.195167691,0.073332176,-0.010847202,-0.111846991,0.032407381,0.100537755,0.172988117,-0.060030952,0.116137482,-0.117958017,-0.004177344,-0.119866922,-0.149137974,0.060014468,-0.180103123,-0.200821579,-0.066816628,0.029720383,0.011752845,-0.10163331,-0.171910778,0.067999586,0.086042494,0.071269773,-0.02373804,-0.024987599,0.029985843,0.016039196,-0.059721213,-0.003503938,0.146134034
E:\Project\Fake News Detection\images\real\432.jpg,real,train,0.95173347,1,0.463588893,0.252106845,0.162539646,-0.066555105,0.008889273,0.164410979,-0.269211739,-0.056346852,0.046017051,0.036438584,-0.071919017,-0.055811726,0.015709581,0.011262187,0.110115007,-0.041685104,-0.057545811,0.054492112,0.045370817,-0.006075591,-0.002943515,0.055645227,-0.018016692,0.032467164,-0.004421492,-0.03747905,0.041145895,0.003389152,-0.036754332,-0.007676655,-0.014223784,-0.033053041
E:\Project\Fake News Detection\images\real\4324.jpg,real,train,0.667696595,0.719614148,0.003677656,0.161063209,-0.155479982,0.008607699,0.121127658,-0.010503098,0.036054417,-0.071262896,0.130232587,-0.038548883,-0.057274356,0.228935674,-0.05180458,-0.068084508,-0.002990159,-0.09703102,0.007123224,0.033096787,-0.115022995,0.016928758,0.029549021,-0.049644291,0.072750233,0.084826238,0.019338101,-0.025311418,0.021679148,0.00387952,-0.01124758,0.067829937,-0.013585098,-0.154314607
E:\Project\Fake News Detection\images\real\433.jpg,real,train,0.951733589,1,0.463588834,0.252106905,0.162539735,-0.066555128,0.008889282,0.164410979,-0.26921168,-0.056346871,0.04601704,0.036438618,-0.071918949,-0.055811785,0.015709585,0.011262176,0.110115059,-0.041685101,-0.057545822,0.054492135,0.045370828,-0.006075576,-0.002943475,0.055645205,-0.018016689,0.03246719,-0.004421505,-0.037479062,0.041145895,0.003389085,-0.036754273,-0.007676679,-0.01422384,-0.033053059
E:\Project\Fake News Detection\images\real\4333.jpg,real,train,0.801769257,0.848507762,-0.047769997,0.18597205,-0.393070281,-0.013871392,-0.057036579,0.054236028,-0.180669904,0.088112496,0.06151399,-0.057897922,-0.067756325,0.021391921,0.223675162,-0.029375037,0.001446357,-0.058061413,0.262653828,-0.008803616,-0.12206433,0.095233634,-0.014622816,0.01062799,0.063974805,-0.098484918,-0.045768056,-0.056280375,-0.120447874,0.032825816,0.044218041,-0.033351608,0.105200961,0.029726263
E:\Project\Fake News Detection\images\real\434.jpg,real,train,0.883663476,0.906813145,-0.452337623,0.139157563,0.208181635,-0.288429469,0.041010357,0.012414109,-0.099871941,0.171891868,0.195628256,-0.275122017,0.171184763,0.040868752,0.109719336,0.19670929,-0.035570156,8.67E-05,0.096242055,0.061816029,0.084339321,0.024093818,-0.023584122,0.086638376,0.052412212,0.01025633,0.013096543,-0.017520329,0.008348403,0.076306306,0.015795719,-0.016533963,-0.000854034,0.043594852
E:\Project\Fake News Detection\images\real\4350.jpg,real,train,0.615507007,0.634624481,0.266454816,0.112962969,-0.017604776,-0.078582793,0.026079407,-0.239476487,-0.054704618,0.025368975,0.138508648,0.133614719,0.108398251,-0.074661538,0.01473508,0.138284162,0.008313693,-0.08820013,0.025370989,0.037485741,0.04976676,0.015618992,-0.095026933,-0.128708333,-0.120567195,-0.028525423,0.007010361,0.005241192,-0.09892109,0.021777848,0.019618107,0.034826294,0.074762866,0.042415127
E:\Project\Fake News Detection\images\real\4357.jpg,real,train,0.976389706,0.999999881,0.489272952,0.238989279,0.143540293,-0.041957982,-0.251711965,0.170508787,0.052437238,-0.07924702,-0.032502986,-0.09207581,-0.132957086,-0.057015214,-0.016197771,0.216086075,0.119046666,-0.057560284,-0.059931643,-0.006632741,-0.038967296,-0.058397871,0.028504688,0.038844164,-0.086464837,-0.023907023,-0.03705601,-0.056881808,0.053235523,0.034943718,-0.032360598,-0.023690574,-0.01730104,-0.025922485
E:\Project\Fake News Detection\images\real\4359.jpg,real,train,0.628223121,0.639107943,0.154746518,0.055896152,-0.029515879,0.112068556,-0.066881098,-0.024179477,0.245457649,0.084116913,0.119215235,-0.042318668,-0.045414358,0.081835479,-0.040670771,-0.086805135,-0.067258753,0.048077978,0.025564499,0.025234247,0.079812735,0.076596513,-0.041488513,-0.069816716,0.107942425,0.019666884,-0.014673176,-0.001534759,-0.017856024,-0.018746892,-0.071818911,0.076464906,-0.045637731,0.032614972
E:\Project\Fake News Detection\images\real\436.jpeg,real,train,0.668846786,0.691638947,0.182358757,-0.27992186,0.02298652,-0.26652506,0.041180409,-0.038366925,0.043193862,-0.035163388,-0.067169324,-0.015765887,0.019292675,0.091552638,-0.1019435,-0.053834293,-0.058777012,0.091666564,0.057196852,0.028674368,0.039235525,-0.048546139,-0.022982646,0.046288434,-0.05906431,-0.078450993,0.092010215,0.040848017,-0.047410715,0.000748022,0.09356714,0.048360899,0.011809196,0.032672644
E:\Project\Fake News Detection\images\real\4360.jpg,real,train,0.691144466,0.723103762,0.087686025,0.08406543,-0.140580222,0.052976433,0.000162242,-0.119637214,-0.015426465,-0.003514006,0.147682145,0.07468763,0.007569261,-0.032882839,0.149685785,-0.086626254,0.05183398,-0.158842131,-0.003600084,-0.070378184,-0.084533572,0.073174074,-0.028135415,0.049061965,-0.057871636,-0.045697063,-0.047726162,-0.00761487,0.006114129,-0.074871063,0.068441175,-0.014897487,0.055933449,0.004125041
E:\Project\Fake News Detection\images\real\439.jpeg,real,train,0.641348839,0.697546005,-0.249869049,0.00163202,0.171604365,-0.083491303,-0.13175185,0.014799718,0.0548806,0.055406898,-0.05377759,0.023769667,-0.183793798,-0.057862241,0.010819818,-0.007653923,-0.109398171,0.013038257,-0.009374856,0.045082368,-0.03082788,0.002693172,0.049545512,0.000402367,0.07354679,0.082710624,0.113143563,0.028933331,-0.069840916,0.042203959,0.055459581,-0.061291199,-0.016346689,-0.079126477
E:\Project\Fake News Detection\images\real\4391.jpg,real,train,0.636646688,0.676567554,-0.075701296,0.05728212,-0.328872144,0.05853761,0.148447335,0.028460998,-0.043188065,-0.037018154,-0.141281441,-0.04285939,-0.137159899,0.070510067,-0.01705003,0.113780417,0.039994992,0.010711357,0.047252133,-0.078437105,0.001005112,0.123359837,0.014309164,0.053180519,0.04899833,-0.051079348,0.028145149,0.088137858,0.098028496,0.038565844,-0.00253818,0.168314144,-0.006854217,0.098214857
E:\Project\Fake News Detection\images\real\4392.jpg,real,train,0.611244023,0.649121165,-0.108631015,-0.106892861,-0.030174183,0.02285297,-0.026111413,-0.18433255,-0.097280644,-0.19074747,-0.142232776,-0.076883912,0.036991123,-0.077210642,-0.102615863,-0.083004043,0.206621826,0.050257023,0.00907227,0.045886576,0.056253184,-0.097358145,-0.013989354,0.051471286,0.11602094,0.047184438,-0.069592647,0.040787332,0.058317032,-0.025463179,-0.041341994,0.130408838,0.008819042,-0.102434635
E:\Project\Fake News Detection\images\real\4415.jpg,real,train,0.716014028,0.845611095,-0.216101915,0.05328317,0.057887986,-0.059847459,-0.102679513,-0.044339079,0.089084707,-0.107371323,-0.132410318,0.06506703,-0.041238483,0.119703978,-0.019159472,-0.03362301,-0.02975088,0.033940714,-0.08504574,0.077523164,0.013158876,-0.153559014,0.042869482,0.031009143,-0.023036616,-0.061933625,0.032516729,-0.076190338,0.079880804,-0.027620338,0.183533981,0.015225138,-0.016870437,-0.087428287
E:\Project\Fake News Detection\images\real\4423.jpg,real,train,0.832130611,0.847812176,-0.44846344,0.099785395,0.211923599,-0.317388862,-0.053251326,0.06620764,-0.084282294,0.182696059,0.154524088,-0.220827028,0.098368451,0.102025352,0.044838686,0.130741745,0.029373432,0.002152517,0.138611391,0.038026799,0.055176504,0.026196918,-0.042755604,-0.02898204,-0.001202649,-0.026039161,0.023831526,-0.038337357,0.066127993,0.097966053,0.048384491,0.062891133,-0.014275623,0.008146762
E:\Project\Fake News Detection\images\real\4434.jpg,real,train,0.591551483,0.65985477,-0.308888465,0.068861522,0.093577914,-0.112927504,-0.092463098,-0.004588776,0.038209368,-0.045604274,-0.050093021,0.060456924,-0.100145973,0.137939036,-0.045834254,-0.032921955,0.00906064,0.003602295,-0.036359377,0.061686989,-0.068599679,-0.070349373,0.003030146,-0.054135136,0.006956115,-0.028243801,0.073698722,-0.095193543,-0.022178007,-0.080585763,0.028092299,0.108986512,0.002937121,-0.008055528
E:\Project\Fake News Detection\images\real\4438.jpg,real,train,0.656221688,0.684398174,-0.205649331,0.014219616,0.015115468,-0.002089137,-0.030147906,-0.075071141,0.001508019,-0.07123331,-0.003793565,0.051943053,-0.104443386,0.126029909,-0.00736869,-0.143436179,-0.017399425,0.062070798,-0.169744253,0.119981423,0.048878241,-0.084195979,0.016663404,-0.010674703,-0.069517389,-0.124165401,0.052562334,-0.046877902,0.106164984,-0.056077886,0.022153122,0.073077396,-0.038372908,-0.058859531
E:\Project\Fake News Detection\images\real\4444.jpg,real,train,0.639412522,0.685489655,0.174172893,0.156957299,0.030459249,0.041425504,-0.025327731,-0.153024077,0.02142836,0.00995002,0.038689807,0.04057283,0.112940647,0.096446224,-0.033118736,-0.036160614,-0.004292988,0.013829989,0.036073267,0.128506705,-0.068365887,0.042356174,0.012684953,-0.162563547,-0.115338854,-0.080757238,0.084804557,0.060455963,-0.036268059,0.054112397,0.051310021,0.01841446,0.036903009,0.020430684
E:\Project\Fake News Detection\images\real\4448.jpg,real,test,0.59123528,0.645078421,-0.198339358,0.000847749,-0.013982348,-0.07413017,0.055709649,-0.125644088,-0.028779181,-0.149095058,-0.068746641,0.045222096,0.012285549,0.018342443,-0.103821844,-0.197447523,0.099671327,0.162896141,-0.030051876,0.084299102,-0.000564232,-0.160961151,0.065266296,0.003991753,-0.081601784,-0.097845055,-0.055335358,0.004122406,0.050037675,-0.00924845,-0.016570494,0.047823548,0.069694847,0.010608397
E:\Project\Fake News Detection\images\real\4454.jpg,real,train,0.549261212,0.59480679,-0.224672377,0.156828105,0.031242058,-0.110756658,-0.043667536,0.061495416,0.000446467,0.03721901,-0.210223645,-0.003632656,0.025550704,0.049746983,-0.145666555,-0.183298618,0.040646885,-0.044776697,-0.067176796,0.109463148,-0.10836108,-0.086901017,-0.153681979,0.128638238,-0.20152238,-0.065853074,0.081712425,-0.107013933,0.054717951,-0.013614018,0.121969514,0.034209818,0.012914876,-0.033902589
E:\Project\Fake News Detection\images\real\4455.jpg,real,train,0.677229762,0.700206816,-0.305392325,-0.004805477,0.080847755,-0.101674557,-0.098718792,-0.029313348,-0.049964346,-0.041843131,-0.108199753,0.081215106,-0.090111777,0.078675456,0.002468889,-0.120624274,-0.071994588,0.151215136,-0.026979463,0.121513389,0.004503162,0.035838496,0.050894529,-0.017995309,-0.048891343,-0.120624796,0.017780533,-0.072425216,0.058689743,0.013769004,0.025289755,-0.001805903,0.013660274,-0.033062782
E:\Project\Fake News Detection\images\real\4456.jpg,real,test,0.67549789,0.698514938,-0.127046511,0.229345351,-0.192486554,0.112476647,-0.024371471,0.197792813,-0.000931069,-0.128876358,0.046371348,0.057109207,0.11622411,0.145368248,-0.084469736,-0.134607062,-0.011193343,0.111546397,-0.028545592,0.04765676,-0.053733401,0.036195286,0.086384758,-0.005064987,-0.11210946,-0.063446015,0.095544845,0.04896196,0.052487366,-0.050192982,0.125331342,0.065208383,-0.011883147,-0.033317059
E:\Project\Fake News Detection\images\real\4472.jpg,real,train,0.619883418,0.635362387,-0.422631741,0.03700402,0.206245318,-0.233302832,-0.110421211,0.163030103,-0.074259572,0.15685986,-0.084506191,-0.107775845,0.007616769,-0.033110399,-0.046498362,-0.047994178,-0.024155647,-0.038347159,0.086393379,-0.019760484,-0.05319535,0.120265365,-0.133436531,-0.046956886,0.026293211,-0.047975153,-0.08812733,0.001689878,0.037100121,0.087256335,0.035824854,0.03621779,-0.132090986,0.007351316
E:\Project\Fake News Detection\images\real\45.jpg,real,train,0.700942516,0.734147072,0.147894472,0.035224419,0.16280289,0.013179885,0.113781288,0.026045471,-0.117453933,-0.009918604,-0.229193851,-0.072015256,0.231628224,0.08984939,-0.042493749,-0.023331538,-0.07575611,0.063470453,-0.171251401,0.139214739,-0.055580109,0.122626059,0.14414379,-0.095815934,-0.044095077,0.020650249,-0.010760703,0.123159744,-0.06364084,-0.022000331,0.137395293,0.031832796,-0.003544684,-0.006346378
E:\Project\Fake News Detection\images\real\4503.jpg,real,train,0.58070606,0.602730632,-0.129731849,0.100909032,0.078329243,0.031206314,0.126392409,-0.185754985,0.054739367,-0.15837273,0.052438352,0.064513758,-0.045586184,-0.114536494,0.096242823,0.124486245,0.071070805,-0.029030172,-0.007938467,0.039512418,-0.095642172,-0.196581438,0.028789036,0.040331967,-0.109229773,-0.01530603,-0.047420267,0.056735471,-0.01096378,-0.0184264,0.038229994,0.09396939,0.044983171,-0.080876119
E:\Project\Fake News Detection\images\real\4509.jpg,real,test,0.665448606,0.743035316,0.064448833,0.053296003,0.106323004,-0.098824337,-0.023678325,-0.167749062,0.043036275,-0.109980784,-0.036129359,0.029312238,0.136920914,0.08083526,-0.130780965,-0.192627877,0.141768172,0.020837616,0.031820945,0.118778095,-0.076619536,-0.120461218,0.041697491,0.001375273,0.044983,-0.064060099,0.094016768,0.021338437,0.060994051,-0.025506616,0.014637671,0.000510801,-0.008223779,0.183305651
E:\Project\Fake News Detection\images\real\4516.jpg,real,train,0.584547639,0.606221318,-0.34533307,0.142333001,0.052520834,-0.185064271,-0.006388995,0.017563354,0.007985879,-0.007468641,-0.088185929,-0.0547929,0.058647864,-8.90E-05,-0.199879691,-0.140317172,0.099276394,-0.040870108,-0.152657881,0.090121686,-0.152184993,-0.114825718,-0.001778133,0.082287237,-0.01633017,-0.042372994,0.029884879,0.002769947,0.108197056,0.061165724,-0.008231435,0.001196326,0.017065987,-0.041887559
E:\Project\Fake News Detection\images\real\452.jpg,real,train,0.715992391,0.790757835,-0.044421103,0.106589332,-0.026601598,-0.047828916,0.016467875,-0.112200588,-0.020512586,-0.050567333,0.219641358,-0.132511303,-0.108685955,0.221125096,-0.073133394,0.037282716,-0.046647128,-0.012174484,0.015665082,-0.018072722,0.106276624,0.050397214,-0.008318773,-0.061769795,0.093789302,0.044910584,0.038532149,-0.033090625,-0.030147927,0.098127566,0.059534922,0.064202487,-0.003576522,0.016108667
E:\Project\Fake News Detection\images\real\4521.jpg,real,train,0.64971149,0.757125795,-0.27525413,0.111856408,0.057550821,-0.103209563,-0.101981603,-0.034698527,0.079304338,0.002390254,-0.137913436,0.040694956,0.003872748,0.01708388,-0.078467183,-0.0742025,0.027235895,-0.021564081,-0.168131322,0.056283325,-0.030795895,-0.136350781,0.009961423,0.04133565,-0.058696471,-0.038021129,-0.030215813,-0.068228751,0.118801631,-0.019946493,0.107516021,-0.029059764,-0.112600245,-0.090392351
E:\Project\Fake News Detection\images\real\4528.jpg,real,train,0.643491149,0.694981337,-0.205001026,0.040361784,0.097538076,0.113205045,-0.029053833,-0.087545052,0.038865272,0.038693562,0.047476701,0.156134531,-0.023117429,0.0042752,0.095813535,0.091891356,-0.123204619,0.12615639,-0.166963279,0.131790578,-0.02441149,-0.162664488,0.193935528,-0.072952844,-0.098653995,-0.123832352,-0.011475531,0.034475319,-0.109741569,-0.010239151,0.120795339,0.034738854,0.062026389,-0.017876504
E:\Project\Fake News Detection\images\real\4532.jpg,real,train,0.561133862,0.579579592,-0.029647779,0.034712009,-0.124450631,0.031239716,0.215714127,0.097500354,0.129333928,-0.003258836,-0.074339993,0.019571638,-0.032378655,0.20309332,-0.065827318,-0.018864913,0.044744719,-0.055680588,-0.14053826,0.199729875,0.057823569,-0.022225127,0.027565375,-0.04313397,0.043114681,-0.04299723,0.027753919,-0.028386468,-0.018965242,-0.057810038,0.041738778,0.000462562,0.074502856,0.002470944
E:\Project\Fake News Detection\images\real\4541.jpg,real,train,0.596393764,0.626986623,-0.239742786,0.251591384,-0.188593313,0.14064692,-0.076923802,0.126667097,0.066347785,-0.112249464,-0.005496068,0.088636346,0.106749728,0.109795056,-0.056858432,0.042640768,-0.111918725,-0.00263749,-0.010635821,0.008324645,-0.064268343,0.005604772,-0.143236518,0.012310067,-0.095338397,-0.04980316,0.138945282,-0.05253388,0.006249604,-0.020809099,0.084510639,0.041743081,0.090615049,-0.082455523
E:\Project\Fake News Detection\images\real\4556.jpg,real,train,0.774897218,0.814741313,-0.417205006,-0.025325233,0.264667541,-0.194544688,-0.201443776,0.165013969,0.097210981,0.087014221,-0.083757944,0.068772182,-0.186941862,-0.08267536,-0.040066022,-0.153627366,-0.036558062,0.024718571,-0.050726809,0.069375478,-0.040059086,0.015302602,-0.041351579,-0.00326616,-0.021679752,0.072654858,-0.038964741,0.10275951,-0.036459457,0.097722106,0.187248528,-0.004776987,0.097797312,-0.00915829
E:\Project\Fake News Detection\images\real\4557.jpg,real,train,0.600085676,0.629475474,-0.272404134,0.226755574,-0.159974277,-0.011661883,-0.065647706,0.069655254,-0.028297959,-0.003335459,0.061103001,0.121739566,-0.032627545,0.122054785,-0.089178115,-0.025236353,0.038395766,0.023119655,0.177130297,-0.02624934,-0.060536414,-0.019900534,0.000776506,0.001173073,-0.02870102,-0.085926861,0.208585441,0.048439372,0.036984615,0.101583764,0.052838583,0.024820611,0.168059111,0.005500792
E:\Project\Fake News Detection\images\real\4559.jpg,real,train,0.714374185,0.746344805,-0.245453462,-0.163478598,0.088896967,0.262427181,-0.166622445,-0.008534281,-0.046027068,0.007503148,0.037652906,0.111587301,-0.069112346,0.150046811,-0.035370089,-0.039348096,0.056045715,-0.06886933,0.005711121,0.078213088,-0.033882864,0.007952037,0.110689968,-0.089830823,-0.0216596,0.074903771,0.071337581,0.035917051,0.080551445,-0.021354774,0.031371929,0.007844415,0.118833944,0.092785776
E:\Project\Fake News Detection\images\real\4573.jpg,real,train,0.497366607,0.506519079,-0.403331816,0.04639532,0.137034729,0.076527171,-0.005767099,0.041550383,-0.020242352,-0.026070051,-0.021208625,0.044844579,-0.100490786,0.039030921,-0.011795781,-0.002129927,0.0296355,0.095604055,0.010239499,0.135870233,0.05630102,0.05012913,0.1235011,0.008108654,-0.099103682,-0.037683479,0.023611009,-0.082080625,-0.055235054,-0.101081252,-0.028039768,0.024355376,-0.056810331,0.126590773
E:\Project\Fake News Detection\images\real\4577.jpg,real,train,0.563302159,0.580727041,-0.130480275,-0.074291117,0.051975273,0.152610198,-0.062950462,0.207064226,0.084319524,-0.145109117,0.003163027,-0.072887748,0.090726018,-0.080785066,-0.06639991,-0.031852849,0.031943534,-0.03195807,0.091486536,0.145080283,0.157866836,0.092778958,0.028669668,0.005411719,-0.023670424,0.011415381,-0.062183436,-0.009491578,-0.081394181,-0.147307009,-0.014403866,0.048758328,0.068523012,-0.009677822
E:\Project\Fake News Detection\images\real\4582.jpg,real,train,0.722686112,0.780475974,-0.239318177,0.071002804,0.102554239,0.092685416,-0.000537035,-0.078875005,-0.092693187,0.137221962,-0.041058972,0.102052078,-0.157256544,-0.06488426,-0.025976252,-0.067760319,0.059521377,0.009375924,0.014240396,-0.0296163,0.016035222,-0.1060187,0.126724616,0.072804391,-0.17880179,-0.05686662,0.027673,0.015866179,-0.166820809,0.094695859,-0.044176735,-0.106377684,-0.00607203,-0.060411826
E:\Project\Fake News Detection\images\real\4587.jpg,real,test,0.7476632,0.77380687,-0.257140249,-0.045877002,0.096288428,0.253578156,-0.069588527,-0.071072474,-0.075189352,0.025352651,0.007586092,0.183852911,-0.135495901,0.177296072,-0.173184618,0.033080306,0.039229367,-0.087077066,0.055299409,0.061579257,-0.006240368,-0.002930775,0.140516475,-0.000387534,-0.110533677,-0.006095093,0.127974004,0.009657361,0.142668158,-0.020785809,0.063367285,0.013896374,0.070069052,0.094256245
E:\Project\Fake News Detection\images\real\4590.jpg,real,train,0.711612165,0.902371526,-0.215127945,0.038516335,0.101489916,-0.048868127,-0.068238437,-0.031757373,0.030354891,-0.048416093,-0.090349503,0.137409687,-0.076833189,0.158992201,-0.046678707,0.03267381,-0.012797807,0.084226169,-0.015838863,0.048800942,-0.016890531,0.016919296,0.056772877,-0.053822707,0.045306742,-0.028947221,0.120448291,-0.13196303,0.04522359,-0.028714782,0.11665234,0.084909067,0.063136995,-0.011381825
E:\Project\Fake News Detection\images\real\4592.jpg,real,train,0.689264357,0.763154149,-0.412726074,0.076939821,0.14521043,-0.123910777,-0.090301976,-0.016534375,-0.030146392,0.22469905,-0.091391288,0.035813548,-0.188928112,-0.114989996,-0.167242154,-0.124875769,0.070393912,-0.117120296,-0.133099362,-0.032049667,-0.068413205,-0.009695446,0.079467498,0.021834718,-0.113223985,-0.02151853,0.069865122,-0.009602239,-0.027404021,0.032697894,0.152074218,-0.075654276,-0.146829501,0.048165094
E:\Project\Fake News Detection\images\real\4595.jpg,real,train,0.733852923,0.765077949,-0.228623629,0.200651869,-0.171356976,0.174826488,-0.029802388,0.108057156,0.040417232,0.025860095,0.175245553,0.080270723,0.066701293,0.117045231,-0.163497716,-0.060108248,-0.020051466,0.125812858,-0.048209175,-0.08496201,-0.02108638,-0.055825688,0.033165563,-0.03150801,-0.047652073,-0.072056398,0.181922913,0.012938188,0.101258516,0.117295548,0.057304025,0.006416782,0.047096442,-0.022597602
E:\Project\Fake News Detection\images\real\4598.jpg,real,train,0.702963352,0.862602353,-0.380195588,0.058253445,0.126727432,-0.257282853,-0.014236891,-0.05203627,-0.114683419,0.052323874,0.035672735,-0.012731605,-0.101264343,-0.001788475,-0.2965886,0.024459403,0.029774411,0.048304114,-0.042131964,-0.179575741,0.02046128,0.007848109,0.026652467,-0.015383852,-0.028354354,0.09193629,0.133603007,-0.0464915,-0.015100361,0.050922982,0.104926735,-0.038519971,0.092997424,-0.062923752
E:\Project\Fake News Detection\images\real\46.jpg,real,test,0.659868836,0.721908867,-0.107528225,0.117502816,-0.078358375,-0.00315921,0.020574499,-0.169082522,-0.038871318,-0.103386998,-0.045264885,-0.145828322,-0.125233322,0.096106045,0.058920156,0.032174136,-0.164144173,0.039774403,-0.235482052,-0.046645828,0.103679806,-0.085427709,0.079256319,0.020102032,0.091020226,-0.12951839,-0.047362417,0.080158204,0.045132004,-0.077570602,0.020428807,0.064744592,0.042969834,0.072949804
E:\Project\Fake News Detection\images\real\4610.jpg,real,train,0.796558857,0.823592305,-0.108318023,0.114626646,0.032103758,0.090450257,0.071581803,-0.163596839,-0.105975747,-0.168589413,0.123640038,0.149947435,0.017692406,-0.045414604,0.01795553,0.215219796,0.032823566,0.121810928,0.101340435,0.08763472,-0.002282125,-0.09568277,-0.064377353,-0.431264073,-0.058636904,-0.052827023,0.128485605,0.102062337,-0.105842307,-0.088227175,0.03303251,0.010469168,-0.006044793,-0.002307329
E:\Project\Fake News Detection\images\real\4611.jpg,real,test,0.652942836,0.671622276,-0.365963012,0.013896346,0.072354913,-0.159729317,-0.079425767,0.003223445,-0.115130723,0.103503682,-0.114429042,-0.080680348,-0.043872412,-0.044692732,-0.021036431,-0.081746951,0.008395389,0.072507001,-0.079072431,0.058034852,-0.046598151,0.090466708,-0.038254388,-0.022827789,-0.071542591,-0.024037957,-0.087804101,-0.116934359,0.110672571,0.073239565,-0.018216953,-0.07326135,-0.146326691,0.023254476
E:\Project\Fake News Detection\images\real\464.jpg,real,test,0.94719851,1,0.263803929,0.177051365,0.016982317,0.047287256,0.03423848,-0.174005628,0.046833202,0.118287303,-0.279640853,-0.054118697,0.197006941,-0.001905628,-0.081828371,-0.034536902,-0.064952478,-0.025104295,0.00330219,0.078275502,0.148264945,-0.004953875,-0.214220405,0.102559134,-0.127585292,0.007907979,0.135942101,0.009461135,-0.061470944,0.050829604,0.061500378,0.024140272,0.013791114,0.017468743
E:\Project\Fake News Detection\images\real\4642.jpg,real,train,0.783660114,0.796658397,0.01542371,-0.412083358,0.171993434,-0.090936773,-0.183943272,0.063466236,-0.066568054,-0.083128728,0.080759555,0.088055044,0.204478294,0.008419723,-0.06739606,-0.046894807,-0.081757024,0.016632082,-0.011234678,0.061027519,0.010625468,0.044196058,-0.016335363,0.063842274,-0.027627761,-0.087284498,0.03030343,0.082960561,-0.089387253,-0.106464647,-0.006028938,0.021166192,-0.080483183,0.085178666
E:\Project\Fake News Detection\images\real\4662.jpg,real,train,0.828987002,0.841046333,-0.177004695,-0.168489069,0.09221223,0.305113822,-0.182862356,0.149711117,0.060356889,-0.083202615,0.096159913,0.059075836,0.050823685,-0.009202129,0.066852279,-0.099547416,-0.005165303,-0.023371711,-0.084150679,0.119995885,0.06817694,0.001374332,0.05520422,-0.061898053,-0.022873307,0.033210568,0.007648692,0.035654426,-0.025703322,0.003481083,-0.040015243,0.062994152,0.045534287,0.095085502
E:\Project\Fake News Detection\images\real\4664.jpg,real,train,0.698378205,0.774486542,-0.089763947,0.073168427,-0.344454676,-0.126485914,-0.163996264,0.014766121,0.047647648,-0.073574826,0.11899098,0.104849488,0.155176863,0.055390239,-0.107890986,-0.043523345,-0.013595731,0.076646365,0.019372886,-0.020510472,0.03577156,0.001990744,0.030049989,-0.00379194,-0.155240864,-0.127180725,0.141933441,0.190179229,-0.022437986,0.070961207,0.039776955,-0.01845417,0.073979825,-0.039906014
E:\Project\Fake News Detection\images\real\4668.jpg,real,test,0.76762712,0.815999389,0.087625936,0.173967838,0.197841614,0.033310547,-0.009264551,-0.06735871,0.043762468,0.054551728,-0.027109358,0.091692969,0.24758482,0.159492165,-0.009665532,-0.049901444,-0.070815772,0.010186153,-0.121883571,0.1191542,-0.121380396,0.051067322,0.196797118,0.002465338,-0.029887244,-0.017762717,0.007236464,0.021155115,0.027145587,0.038650155,-0.020470582,0.121445648,0.002776608,0.048190385
E:\Project\Fake News Detection\images\real\4684.jpg,real,train,0.855312943,0.940500498,-0.347121805,0.161626786,0.066398233,-0.205135375,0.050455712,0.055938106,-0.096165873,-0.023651468,0.134147584,-0.181346789,0.067648634,-0.017555146,-0.34325096,-0.030792912,-0.089249372,0.086424895,-0.177835032,-0.265752137,0.05433768,0.034730714,0.136871994,-0.065523878,-0.046934672,0.0357529,0.015992347,-0.194149032,-0.124982208,-0.092024475,-0.050694775,0.016474376,0.143725321,-0.087494127
E:\Project\Fake News Detection\images\real\4688.jpg,real,test,0.599325836,0.648800254,-0.241630465,0.046427324,0.032284442,-0.05738315,-0.001987878,-0.150585949,-0.071398705,-0.083386898,-0.07169047,-0.002924636,-0.000695843,0.055444829,-0.080955975,-0.038280193,-0.023748562,0.160960987,0.073010251,0.083959654,-0.019790813,-0.033282422,-0.02543309,-0.109253645,-0.02421549,-0.113581724,0.11261671,-0.001970366,0.055481814,-0.040721506,-0.005168796,-0.059590977,0.070394464,-0.089432873
E:\Project\Fake News Detection\images\real\4691.jpg,real,train,0.862652123,0.902489305,-0.050203368,-0.068001702,-0.060612552,0.272635639,0.10052301,0.140065715,0.182555988,0.363985896,0.124329515,0.077455081,-0.041242316,0.113295734,0.011988766,-0.075500093,-0.013261954,0.113287561,-0.08059191,0.081818596,-0.009897056,-0.088337839,0.057219468,-0.006923741,-0.050856616,-0.067497075,-0.004917816,-0.039159466,-0.042100087,0.012072731,-0.038525693,-0.006644635,-0.000528155,-0.012399649
E:\Project\Fake News Detection\images\real\4697.jpg,real,train,0.742705941,0.824759245,-0.134540454,0.251708984,-0.232083902,0.144784972,-0.044120014,0.292937607,-0.059410963,-0.053504974,0.083172761,0.070880905,0.148696557,0.070642151,-0.194678783,-0.012196671,-0.065798394,0.066312879,-0.071120076,-0.083797127,-0.038681433,-0.017565589,0.11956837,-0.036643159,-0.053747188,-0.049186386,0.090039723,-0.07064414,0.005241396,-0.088011742,0.022968713,0.077129222,0.109569773,-0.046460662
E:\Project\Fake News Detection\images\real\4709.jpg,real,train,0.585208714,0.659771085,-0.232755199,0.160735607,0.216517538,-0.185160086,-0.041218936,-0.085771568,-0.074015625,0.184397027,0.160394624,0.040029012,0.085164286,0.159985259,-0.08868055,0.184799433,0.102130033,-0.194344133,0.137487113,0.071143262,-0.078433447,-0.048618618,-0.052918758,-0.04349336,-0.093539692,0.041213442,0.057971925,0.08150132,0.105982251,0.000115804,0.036683895,0.064382233,0.092148185,0.035499677
E:\Project\Fake News Detection\images\real\4723.jpg,real,train,0.655578256,0.799210072,-0.073590785,0.111863166,0.192191958,0.073743232,-0.035799354,-0.182246193,-0.015210716,0.240943342,0.072445504,0.201192617,-0.097999059,0.04017514,-0.211947784,-0.119366631,-0.006568062,-0.113313593,-0.019236868,-0.127390027,-0.000203469,-0.016219413,0.036325514,-0.054408804,-0.049192119,-0.010516725,0.020440547,0.029040078,-0.017644921,0.033171322,-0.002908551,-0.036237404,-0.024123169,0.030165397
E:\Project\Fake News Detection\images\real\4739.jpg,real,train,0.68681699,0.726900578,-0.110224433,0.189502373,-0.193743646,0.055475935,-0.212332115,0.063845128,0.238369748,-0.203034163,-0.029214203,0.043541845,0.002757487,0.10671141,-0.044324607,0.188593879,0.024751123,0.020807197,-0.063131697,-0.016270595,-0.087755285,-0.067737773,-0.010299788,-0.025838481,-0.153403595,-0.134324074,0.012374251,-0.113217101,0.019805511,-0.009449782,-0.028459212,-0.03568114,0.0142574,0.048954051
E:\Project\Fake News Detection\images\real\474.jpg,real,train,0.851194739,0.895448446,0.195798174,-0.25244233,0.087617889,-0.063711107,0.227858871,-0.018230569,0.239770845,-0.053458158,0.048304826,-0.253838599,-0.093353957,0.016976401,0.104470715,-0.045526523,0.061770111,-0.032785393,-0.04755066,0.036739796,-0.200446188,0.160977229,0.038652446,0.0908871,-0.150291353,0.058193948,0.079877272,0.065143287,-0.118292272,0.032332718,0.007477609,-0.137888283,0.035765223,-0.013386089
E:\Project\Fake News Detection\images\real\4756.jpg,real,test,0.680478692,0.718224347,0.038640767,0.167904288,-0.203814298,-0.043191776,-0.02704744,0.319958597,-0.0870983,0.059071563,0.074335888,0.201740667,0.07200437,0.124807648,-0.051040258,0.007736761,0.01970987,0.069667839,-0.077524975,0.05987753,-0.0520861,-0.032317571,-0.017851956,-0.011351913,-0.049699459,-0.09688548,0.034549206,0.032237731,0.027492769,-0.037474848,0.079977401,0.019900374,0.079950966,0.025401138
E:\Project\Fake News Detection\images\real\4761.jpg,real,train,0.757523417,0.873616099,0.09593375,0.117961615,0.013038345,-0.057573054,-0.116141513,-0.012409933,-0.131463423,0.161668614,0.037590697,0.055049501,0.00739481,0.146878868,0.180073485,-0.130849093,-0.03770164,-0.04958773,0.23447603,0.104547545,-0.190171689,0.001597256,0.034460109,-0.023086743,-0.016000114,-0.195264757,0.046420183,-0.144402966,-0.075686455,-0.00879835,0.078650519,0.041052926,0.165105388,0.0583064
E:\Project\Fake News Detection\images\real\4773.jpg,real,train,0.73595655,0.748966098,0.142004997,0.10958834,0.148136646,0.048679609,-0.273596048,-0.059816748,0.313514799,0.022914737,-0.094406359,0.040206943,0.014862517,0.113614745,-0.033708312,0.048541702,0.030033974,-0.036995292,-0.038804408,0.072538674,-0.060805701,0.003495148,0.048481748,-0.030428564,-0.108109772,-0.085800834,0.078843348,-0.069884084,0.077019237,0.009918875,0.030779703,0.102323435,0.046031237,-0.033118203
E:\Project\Fake News Detection\images\real\4776.jpg,real,train,0.789564908,0.801775932,0.103167929,0.177356347,0.128295481,0.065796345,0.028892851,-0.095196836,0.094849639,0.089116663,-0.242569655,0.055425376,0.20998165,0.051121686,-0.074669294,-0.057691067,-0.097118147,0.002672001,-0.012131045,0.143789038,0.081430987,-0.10443449,-0.218637571,0.116133608,-0.127311438,-0.051149838,0.115215339,-0.058527511,-0.040506549,0.029582018,0.07226976,0.058590867,0.053745821,0.0689786
E:\Project\Fake News Detection\images\real\478.jpg,real,train,0.558477342,0.636557162,0.029482791,0.057921946,0.082970202,-0.014842526,0.011822344,-0.232592732,0.090146504,0.025222225,-0.037874054,-0.006490807,-0.166068271,-0.124353535,0.063081056,-0.028826641,-0.111444421,0.019386727,0.077862479,0.077404998,-0.062200293,-0.030335266,0.124792129,-0.032850463,0.078874558,-0.017968891,0.065945283,0.047673844,-0.051925417,-0.058249187,0.055931345,0.011545795,0.070416316,-0.052411586
E:\Project\Fake News Detection\images\real\4789.jpg,real,train,0.645115852,0.669976473,-0.144765481,-0.050530825,0.006387716,0.072413206,0.068695106,-0.156463265,-0.116521016,-0.184447631,0.102157876,-0.022029223,-0.042975403,-0.095988691,0.038876273,0.133351564,0.025748184,0.14494428,0.043530658,0.058775835,-0.035989452,-0.138380095,-0.001639911,-0.295680612,-0.017922955,0.015081495,0.109849252,0.0942422,-0.127475858,-0.003274071,0.051849179,0.025269669,-0.057457358,-0.00857564
E:\Project\Fake News Detection\images\real\4790.jpg,real,train,0.507707715,0.55875057,-0.212445676,0.130348548,0.091636464,-0.097078972,-0.015147925,-0.024346707,0.065544866,-0.036648531,-0.114915855,0.11549405,-0.070113048,-0.030815292,0.021237168,0.051935043,0.044526316,-0.097066909,-0.144561768,-0.005344079,-0.041223973,-0.039706361,-0.017574668,0.019084679,0.01310238,-0.054177776,0.18850781,-0.089983508,-0.048716959,-0.163934827,-0.100551523,0.050386362,-0.020042075,-0.002830258
E:\Project\Fake News Detection\images\real\4791.jpg,real,train,0.700306773,0.862602353,-0.398119986,0.082614519,0.113819912,-0.279900789,-0.026786974,-0.021209318,-0.110597156,0.093618222,0.037384015,-0.054318614,-0.061179798,0.00435814,-0.271563947,0.06185979,0.063146859,0.040501829,-0.007963678,-0.160458446,0.044306863,0.030835155,0.040786881,0.010588707,-0.021678643,0.082290761,0.129015654,-0.023183798,-0.004781098,0.091547482,0.049305364,-0.012399777,0.0493748,-0.038901482
E:\Project\Fake News Detection\images\real\480.jpg,real,test,0.766836047,0.782455087,0.172841161,0.061202161,0.097516164,0.058827221,-0.37436384,0.004692391,0.365976363,0.028604625,-0.000838611,0.032300413,0.007185389,-0.029212225,-0.041794568,0.097024381,0.015328385,0.092263401,0.000896696,-0.012229159,-0.097855419,-0.02030291,-0.017175738,-0.033741474,-0.000880972,-0.015612073,-0.028849496,-0.103033423,-0.024767213,-0.046727337,-0.034319602,-0.108179525,0.035731882,0.067028508
E:\Project\Fake News Detection\images\real\4800.jpg,real,train,0.785286307,0.819840193,-0.395011693,-0.032149065,0.228470102,-0.067079335,-0.154965609,0.117371969,0.042270787,0.088183552,-0.046530094,0.092843316,-0.127185717,-0.1024203,-0.041009456,-0.148867577,-0.030564891,0.015745873,-0.056743797,0.081309937,-0.012010339,0.008033964,-0.028836004,-0.008830712,-0.068266116,-0.031403497,-0.021603212,0.070987225,0.04288967,0.135416299,0.213387996,-0.019797815,0.119821064,-0.008543007
E:\Project\Fake News Detection\images\real\4806.jpg,real,test,0.811010659,0.892862082,-0.327404737,0.089134991,0.263447195,-0.240128592,-0.041535433,0.174575731,0.10885103,0.111558922,-0.077421874,0.093763217,0.157152221,0.108938135,0.229177564,0.008695576,0.185420945,-0.07787279,0.030039929,-0.087466553,0.03736791,-0.028612867,0.028481433,-0.000913158,-0.062066056,-0.026709843,0.035388038,0.022129647,0.019021429,-0.119063459,0.002509214,0.087355636,0.009100549,-0.027663395
E:\Project\Fake News Detection\images\real\4820.jpg,real,train,0.813474655,0.919659853,-0.343312085,0.077351838,0.26044181,-0.267392725,-0.050530478,0.178422928,0.090816729,0.122451335,-0.071544535,0.036850251,0.166945428,0.096543968,0.230891183,0.052471541,0.233786002,-0.053416144,0.047237907,-0.082866088,0.03598747,-0.030432934,0.00837168,-0.012639748,-0.043009549,-0.058688909,-0.008856683,0.036303017,0.084765673,-0.066525683,0.034394436,0.061948851,-0.010667545,-0.016303075
E:\Project\Fake News Detection\images\real\4828.jpg,real,train,0.658684731,0.688360691,-0.119489901,0.327335924,-0.235766679,0.144834355,0.05520631,0.16027835,-0.015519613,-0.158771127,0.071451016,0.119596779,0.103023946,0.064512737,-0.011906199,0.03186281,-0.139816821,0.049481116,-0.058979072,0.024097554,-0.02192522,0.070375234,0.028993484,0.00659978,0.032411635,0.001594176,-0.067965157,0.054088797,0.015469363,-0.089720786,0.107785396,-0.005965631,0.000429497,-0.048746739
E:\Project\Fake News Detection\images\real\4834.jpg,real,test,0.860749066,0.971279383,-0.345632643,0.079895586,0.263134152,-0.25890851,-0.056181435,0.187812045,0.09000846,0.131542936,-0.04661594,0.035325333,0.186063424,0.10902416,0.241962031,0.063896045,0.232066989,-0.072198637,0.035969734,-0.070282802,0.031311452,-0.043282285,0.021687407,-0.002426654,-0.034404907,-0.053743258,-0.004033374,0.03343498,0.082856946,-0.071184754,0.028790034,0.076975442,0.009462155,-0.006792225
E:\Project\Fake News Detection\images\real\4837.jpg,real,train,0.623342156,0.648027897,-0.343228877,0.055900924,0.260890037,-0.121871956,-0.065610647,0.07596001,-0.032885697,-0.056402653,-0.181819052,0.110974677,-0.038687371,-0.032418545,-0.029416611,-0.098450683,0.04741003,0.009891981,-0.113057837,-0.0495372,0.001221112,-0.027240653,0.015972536,-0.051251382,0.035319492,0.032708827,-0.098823503,0.02451265,-0.048820186,0.171212256,0.267449796,-0.062756464,0.102409609,0.031618901
E:\Project\Fake News Detection\images\real\484.jpg,real,train,0.841163933,0.869500041,-0.103842922,-0.238610312,-0.019102948,0.436131448,-0.050453313,0.074231893,-0.062504083,0.131974176,0.011699118,-0.100708194,0.015005489,-0.074779876,0.063663729,0.012469598,0.001293368,-0.069565989,-0.104445904,0.027503364,0.133676037,-0.097686976,0.031693526,0.013027817,-0.063439801,0.000893222,-0.052146018,-0.000103701,-0.113224633,0.019964729,-0.043074168,-0.038202059,-0.028881064,0.115704283
E:\Project\Fake News Detection\images\real\4844.jpg,real,test,0.732021928,0.777304649,-0.292649686,0.021280564,0.247922063,-0.113380194,-0.064651504,0.127298877,0.127401143,-0.089794204,-0.105753154,0.208888501,0.08035519,0.098878942,0.179486722,-0.086361125,0.17150569,-0.009933146,0.015709557,-0.050053149,0.133740619,0.025138944,0.068091884,0.002650172,-0.009461448,0.01617665,0.046439104,0.007669613,-0.035087235,-0.144352078,-0.020838872,-0.015158113,0.062265553,-0.040824331
E:\Project\Fake News Detection\images\real\4847.jpg,real,train,0.714897633,0.824270248,-0.19141838,0.255963862,-0.247842133,0.234391481,0.045564458,0.05483301,0.122263923,0.095336981,0.211807936,0.062711611,0.114662848,-0.117422715,-0.104219355,-0.064454764,0.067339249,0.052425995,-0.021519899,0.010109544,-0.019401792,-0.013540523,-0.125737503,0.120644405,-0.05834505,-0.112908617,-0.100289524,0.092725739,-0.000800782,-0.040688157,0.056002308,0.054381378,0.095001325,-0.085663863
E:\Project\Fake News Detection\images\real\4860.jpg,real,test,0.605368018,0.637138486,-0.365314215,0.007195026,0.178715557,-0.022767913,-0.090193734,0.087022103,-0.011104146,0.034841441,-0.048373077,0.118772671,-0.092104226,-0.018917151,-0.0672938,-0.167345971,-0.116885528,-0.053839885,0.071032979,-0.019812286,-0.047265366,0.011954992,-0.009871326,-0.033908978,-0.068137363,-0.058596082,-0.009374715,0.052749254,0.029206477,0.060178623,-0.030183658,0.04562949,0.037119053,0.021532338
E:\Project\Fake News Detection\images\real\4866.jpg,real,train,0.84426862,0.859251976,0.310029835,0.243031397,0.237214923,-0.061875541,-0.027967844,0.186918914,-0.213596001,-0.109849915,0.016802218,0.119838171,-0.055588339,0.038723547,-0.017393155,-0.006621225,0.074913666,0.00274862,-0.050549284,0.09999238,-0.001692721,-0.071898147,0.008605791,0.034485754,-0.052341301,-0.026334226,0.034118999,-0.0347973,0.04198214,0.017344674,-0.005123978,0.023777928,0.01755615,-0.074424632
E:\Project\Fake News Detection\images\real\4876.jpg,real,train,0.709368348,0.747629166,-0.022107847,0.160317898,-0.099683382,0.038543969,0.05049384,0.293879658,-0.023485171,0.057619557,-0.038236104,0.138917834,0.112824768,0.183302715,-0.066979997,-0.006482904,-0.015869571,0.090035558,-0.168820336,0.184186473,-0.066059098,-0.004720427,0.174767241,-0.079231665,0.000791259,-0.067509405,0.009367102,0.014924292,0.04037597,-0.072006717,0.128884614,0.06125512,0.058980871,-0.049758021
E:\Project\Fake News Detection\images\real\4901.jpg,real,train,0.682754457,0.761043668,-0.129128426,0.028477335,0.124325663,-0.032602172,0.050558411,0.023693871,0.127909601,0.025011988,-0.094954289,-0.013575843,-0.112061538,-0.071922883,0.058428779,-0.106628232,-0.051331524,0.092792459,-0.030565327,0.15732044,0.023399629,-0.104602352,0.178236216,-0.015023231,0.023401793,-0.121867284,0.206411779,-0.013665226,0.063998498,-0.082250088,0.133125395,0.026109669,0.084943272,-0.049170248
E:\Project\Fake News Detection\images\real\4904.jpg,real,train,0.715239167,0.747629166,-0.233649537,0.250172317,-0.138537213,0.090391688,-0.03313734,0.163603485,-0.02815653,-0.101738736,-0.010805872,0.160545796,0.127921492,0.146177411,-0.050470117,-0.028335558,-0.010651875,0.094864808,-0.115167156,0.084330864,-0.095975287,0.003222206,0.099816062,-0.03247454,-0.068668522,-0.128412858,0.073982224,0.00321576,0.080861986,-0.01230336,0.049812578,0.026406148,0.060436144,0.019426303
E:\Project\Fake News Detection\images\real\4905.jpg,real,train,0.752817273,0.901973009,-0.030851217,0.235992432,-0.361927599,-0.033249203,-0.168036163,0.159309939,-0.152486309,0.027271392,0.030290991,0.137961894,0.10135255,-0.005285824,0.016815502,0.07109724,-0.090486236,0.064157516,-0.090029329,0.069835842,-0.053920738,0.028577477,0.103814609,0.018872187,-0.001444474,0.008314099,-0.055596989,0.092686623,-0.009349992,-0.071382768,0.169330209,0.026512617,0.086786568,-0.021852674
E:\Project\Fake News Detection\images\real\4911.jpg,real,train,0.638483524,0.660560012,-0.210875079,-0.015025649,0.14944382,0.001177888,-0.057679024,0.070536509,0.025017638,-0.112873949,-0.105308488,0.109261736,-0.046651509,0.132504389,0.002147428,-0.015112989,0.071996547,0.148125634,-0.104616113,0.115588233,0.016927291,-0.0267337,0.010200955,-0.062459137,-0.025390878,-0.079811834,0.136793807,-0.068837166,0.036678903,-0.05424118,0.056615159,0.116242945,0.105449423,0.011082817
E:\Project\Fake News Detection\images\real\4921.jpg,real,test,0.681905091,0.753906846,-0.2659069,0.05003329,0.086793631,0.170736521,0.035973683,-0.113788471,-0.00883154,0.118963785,0.106088266,0.139477402,-0.000702961,-0.067157768,-0.001500864,-0.005056344,-0.033816651,0.158491418,-0.082077011,0.160226241,0.043203786,-0.143604606,0.105011865,0.069808185,-0.203321517,-0.14064908,-0.072638787,-0.011456698,-0.047660157,0.008257285,0.032047518,0.036185693,0.057369061,-0.002772652
E:\Project\Fake News Detection\images\real\4927.jpg,real,train,0.678472459,0.750137806,-0.100253344,-0.182188302,0.148750722,0.411763638,-0.067372613,0.145453051,-0.048315831,-0.064948499,0.01107146,0.055423316,0.053493693,0.107689656,-0.014887109,0.024311166,0.024688575,0.022967868,0.034599852,-0.110289365,0.037577257,-0.063548021,0.007657925,-0.046574712,-0.031565048,-0.059013098,-0.065594032,-0.042739004,-0.023800965,-0.038887076,0.073918216,-0.069738515,0.04998723,-0.069079161
E:\Project\Fake News Detection\images\real\4935.jpg,real,train,0.543702722,0.566419363,-0.231955767,0.021575335,0.148212582,0.056099463,0.015699344,0.019803286,0.014541707,0.013985964,-0.111716852,0.092644364,-0.042756163,-0.019631555,0.016130589,0.011074473,-0.080065474,-0.0130909,0.018499853,0.068314992,0.02964291,-0.056789324,0.066700839,0.059877131,-0.054846272,-0.250612646,0.100796573,-0.063424118,-0.001110305,-0.043971982,0.050371706,-0.082333535,0.056489814,-0.122875445
E:\Project\Fake News Detection\images\real\4962.jpg,real,test,0.578633308,0.588926017,-0.020955198,0.153708518,0.175951093,-0.085442491,0.00680577,0.014616206,-0.027783792,0.002172975,0.057474051,0.125644729,0.02888274,0.171498418,-0.011802105,-0.067521721,-0.127871141,-0.022739219,-0.066245869,0.108718112,0.012680411,-0.093079947,-0.054057013,-0.034439996,0.000842892,-0.046419308,0.054960817,-0.046090588,-0.016419865,0.045688823,-0.047751747,-0.033991337,0.053109534,-0.001250349
E:\Project\Fake News Detection\images\real\497.jpg,real,train,0.893527985,1,-0.11722587,-0.255850792,-0.011571963,0.460918248,-0.064107239,-0.010010168,-0.089084886,0.126847208,0.008390711,-0.052614704,-0.024164332,0.011696801,-0.062790357,0.063936122,0.05637753,-0.152868748,-0.010166783,-0.083796225,0.050528787,0.002734488,0.052935094,0.015737532,0.027530212,0.005739253,0.046400405,-0.021468524,0.079703316,0.011445791,0.008832362,-0.009214977,-0.014609413,0.026951995
E:\Project\Fake News Detection\images\real\4972.jpg,real,train,0.782734752,0.806001067,-0.378162891,0.070237719,0.268908262,-0.239144489,-0.085409939,0.156768367,0.085660547,0.033739958,-0.051783901,0.039259367,0.167528257,0.085747041,0.212029576,-0.001148612,0.217144445,-0.086109109,-0.007185263,-0.019939501,0.085880078,-0.057153437,0.022041347,-0.001559599,-0.018358419,-0.018693626,-0.032908455,0.057584204,0.066902809,-0.019263176,0.019526975,0.026230883,0.026076226,0.010916057
E:\Project\Fake News Detection\images\real\4974.jpg,real,train,0.690272212,0.761043668,-0.081549205,0.083308056,0.131999508,0.011285444,-0.105157979,-0.016604546,0.203243092,0.015452874,-0.106242798,0.032960068,-0.138731763,-0.079171993,0.023632787,-0.125053555,-0.056188501,0.093581162,0.020245351,0.164125398,0.05073221,-0.016832301,0.115879357,-0.030398982,-0.037335288,-0.126176268,0.166654974,-0.003173237,0.095301576,-0.027736144,0.108839512,0.090639994,0.114724293,-0.040378634
E:\Project\Fake News Detection\images\real\4979.jpg,real,train,0.801757991,0.919659853,-0.39596647,0.061425842,0.247101098,-0.283110559,-0.05010251,0.171043843,0.040632676,0.120029889,-0.03376992,0.011010977,0.179004624,0.064854302,0.197733611,0.061800264,0.18625176,-0.066668481,0.071205989,-0.045996442,0.016061766,-0.032105722,-0.015006137,0.000166451,-0.032699451,-0.052963942,-0.008593421,0.037309989,0.097503267,-0.071875297,0.020938998,0.059621092,-0.057910964,-0.016054947
E:\Project\Fake News Detection\images\real\4990.jpg,real,train,0.7851125,0.819840193,-0.377362877,-0.042774446,0.239914179,-0.163301051,-0.166453809,0.110717408,0.030874683,0.013422905,-0.092968576,0.071539409,-0.180987611,-0.162347212,-0.023877557,-0.121601261,-0.030731147,0.013842281,-0.035911132,0.06142978,0.007826009,0.05481429,-0.073486358,0.016862886,-0.008851374,0.017189298,-0.043723665,0.067632593,0.059963997,0.121870458,0.196370497,0.011290628,0.092324868,-0.001888252
E:\Project\Fake News Detection\images\real\4994.jpg,real,test,0.813818753,0.820464969,0.411663353,0.141478956,0.096827246,-0.125144213,-0.325978756,0.081719644,-0.007215183,-0.004348416,0.038903646,0.029307306,-0.117846221,0.025570899,0.0272789,0.051669635,-0.042266592,0.033379786,0.028009061,-0.003570333,-0.080167308,-0.147062704,0.044465493,-0.000295088,-0.089882828,-0.070177183,0.004682181,-0.016275346,0.03592395,0.00826095,-0.06457071,-0.013892016,0.01073689,-0.017840438
E:\Project\Fake News Detection\images\real\5.jpg,real,test,0.496224642,0.56319809,-0.197685272,0.087601803,0.098672733,-0.158285946,-0.065585017,-0.040433284,-0.058180213,0.030019125,-0.056571182,-0.22912012,-0.006184477,0.038025402,0.204516143,0.081017539,0.034742873,0.140438542,-0.11275287,0.031965435,0.110544056,-0.023571394,-0.013902348,-0.009414494,0.069785401,0.01633276,0.075830229,-0.081500307,0.037628569,-0.075442798,-0.064963982,-0.001000102,-0.048191018,-0.024821468
E:\Project\Fake News Detection\images\real\5003.jpg,real,train,0.594543159,0.619195819,-0.408695281,0.065537229,0.120416023,-0.076367661,-0.019043462,-0.066679165,-0.092016309,0.179842606,-0.022120018,0.005955456,-0.177558735,-0.039128941,-0.092661396,-0.025524231,0.03178905,0.020155793,-0.177666947,-0.003309291,-0.056016892,-0.070086971,0.039674532,0.038211588,-0.121053487,-0.042544648,-0.039325483,-0.015967334,-0.043504264,-0.034067448,0.070732854,0.002823889,-0.115716621,-0.020958722
E:\Project\Fake News Detection\images\real\5009.jpg,real,train,0.802002132,0.858573794,-0.345249206,0.067792736,0.238099515,-0.270803034,-0.010471151,0.161026448,0.03680921,0.109385073,-0.045585293,0.008208531,0.155053481,0.081948467,0.186642364,0.102774918,0.207287431,-0.064326569,0.028206374,-0.031379618,0.057311419,-0.075898871,0.019442262,0.031794958,0.008890745,-0.040169984,0.014311347,0.036967728,0.087159671,-0.026599806,0.037499532,0.054473616,-0.035035513,-0.044179168
E:\Project\Fake News Detection\images\real\5017.jpg,real,train,0.803390682,0.873616099,-0.10371121,0.191269651,-0.254973978,-0.020035433,-0.100264452,0.127636075,-0.136529595,0.102815725,0.05076205,0.047724105,-0.022368141,0.124797784,0.200222135,-0.077820078,-0.055235032,-0.029924536,0.245511532,0.053830046,-0.165280968,0.01244236,-0.004210839,-0.004145979,-0.008865792,-0.183713719,0.028468942,-0.074963294,-0.069928162,0.002185004,0.089728639,0.026554603,0.162415922,0.032888196
E:\Project\Fake News Detection\images\real\502.jpg,real,test,0.740334809,0.79914546,-0.358590633,0.052602872,0.192072839,-0.220011532,-0.120565653,0.035320867,0.034782022,0.10810823,-0.141973257,0.05865293,-0.203268051,-0.176385343,-0.108917862,-0.155196249,-0.008355998,-0.070561014,-0.074907616,-0.018775307,0.021476254,0.074822001,-0.090940043,0.037556577,0.032494523,0.059645053,-0.114934459,0.046766035,0.045109026,0.087584302,0.161810011,-0.02321149,0.031491347,0.058794346
E:\Project\Fake News Detection\images\real\5034.jpg,real,train,0.704295278,0.773866892,-0.21156016,0.108210787,0.025760699,-0.003140937,0.012474981,-0.017924547,-0.008685622,-0.007824194,-0.064010181,0.124106929,-0.067825146,0.005917881,0.02887303,-0.075167544,0.027581068,0.069450997,-0.138047934,0.090884581,0.043914218,-0.045475096,0.013678943,-0.050973903,-0.060833357,-0.16559656,0.187334806,-0.065991364,0.078589872,0.029672846,0.029474279,0.054019127,0.052599981,-0.067680866
E:\Project\Fake News Detection\images\real\5054.jpg,real,train,0.76894927,0.842779279,0.008778211,0.147852689,-0.202668101,0.029119091,-0.078449927,0.123521097,-0.051978551,0.144206852,0.037220955,0.023414567,-0.015959319,0.168688729,0.139034331,-0.112696752,-0.040537484,-0.03866249,0.196208015,0.084787562,-0.201690331,0.00954774,0.040798541,-0.057003696,0.008610219,-0.202959642,0.076934978,-0.07534039,-0.077396125,0.026199332,0.052123215,0.015656294,0.13217409,0.020371117
E:\Project\Fake News Detection\images\real\5055.jpg,real,train,0.846299767,0.869445205,-0.429558933,0.108997285,0.19844085,-0.353912085,-0.037616611,0.092897765,-0.048816122,0.147945359,0.21217905,-0.246157661,0.12662594,0.088702962,0.005840312,0.153230697,0.058583323,-0.029509744,0.134788364,-0.0282834,0.090982839,0.00058537,0.061528627,0.006536567,0.015882866,0.057163864,0.087283269,-0.040826902,0.078460112,0.064588659,0.03379811,0.081685618,-0.014772058,-0.007481358
E:\Project\Fake News Detection\images\real\5057.jpg,real,train,0.784333527,0.794492602,0.169010863,-0.097265258,-0.052204121,-0.312499255,-0.202913538,-0.189240754,-0.060597617,0.102629624,0.020270983,0.017113961,0.121044733,0.179519013,0.08569479,-0.155586094,-0.094230659,0.046523545,-0.155378848,-0.005039516,-0.04796347,-0.072115824,0.06294252,-0.084213085,-0.052163895,0.046994355,0.021527633,0.12650232,0.060703844,-0.084008016,0.035981901,-0.061882541,0.029378459,-0.002799382
E:\Project\Fake News Detection\images\real\5081.jpg,real,train,0.625148654,0.649648726,-0.4736889,0.167315781,-0.117819227,0.058765829,-0.047039356,0.133751839,0.012220605,0.104134612,0.025821991,0.089496963,0.041002851,0.064616993,-0.114092611,-0.117791981,-0.022937855,-0.040424023,-0.079457276,0.116216697,-0.024795502,-0.017143017,-0.028766358,-0.004171242,-0.11844027,-0.117694475,0.063534692,-0.021876199,-0.006550651,0.031047845,0.080100983,-0.055739224,0.014654173,0.007425724
E:\Project\Fake News Detection\images\real\5084.jpg,real,train,0.612362802,0.630940974,-0.261690587,-0.019584345,0.231056377,0.088292375,-0.044203281,0.104622982,0.137191236,-0.011666157,-0.028579701,0.160103738,0.093500257,0.021460332,0.193045408,-0.069866873,0.107893802,0.050871324,0.014718753,0.008040966,0.124846138,-0.001322248,0.162603855,0.069153652,-0.048111014,-0.085131891,0.048180919,0.04696399,-0.048269212,-0.011168178,-0.035347231,0.056919452,0.067984343,-0.030167403
E:\Project\Fake News Detection\images\real\5088.jpg,real,train,0.670984387,0.902371526,-0.233972788,0.03748915,0.059242863,-0.083870701,-0.080157913,-0.052272979,0.030748302,-0.086619541,-0.082719609,0.08376947,-0.070970476,0.177171975,-0.057504829,0.097477697,-0.008336143,0.076632008,-0.011765377,0.047265075,-0.024818435,0.032772023,0.029054364,-0.029731737,0.096124396,0.034855857,0.091843568,-0.107190602,0.024449594,-0.003561068,0.094961494,0.093388453,0.03244362,-0.008081884
E:\Project\Fake News Detection\images\real\5105.jpg,real,test,0.688890219,0.708464861,-0.385942668,0.04263068,0.118289746,-0.074841529,-0.033732045,-0.130425811,-0.11563082,0.169319257,0.07169275,0.009815782,-0.080198668,0.121954165,-0.019595712,0.147243634,0.105814405,-0.153012186,0.100736648,0.038233355,-0.080226719,-0.013398622,0.082712382,0.004312783,0.011889786,0.00675272,0.016875355,0.049845047,0.137119412,-0.066314831,-0.015911356,-0.060154479,0.028485596,0.102844581
E:\Project\Fake News Detection\images\real\5109.jpg,real,train,0.543469548,0.562425852,-0.005714144,0.107268535,-0.057404533,-0.068838812,0.028413123,-0.140314579,-0.035337117,-0.038255844,-0.168481693,-0.027529119,-0.038499735,-0.106899917,-0.009794629,0.118847691,-0.012169429,0.064214543,-0.067919068,-0.017204626,0.099426053,0.009478932,-0.002752885,0.045919824,0.078779683,-0.041179787,0.105087623,-0.114828743,0.109662652,0.045774467,-0.071562052,0.053101245,-0.103644267,-0.083605871
E:\Project\Fake News Detection\images\real\5112.jpg,real,test,0.696274877,0.729506612,-0.150704816,0.073893026,-0.326310128,-0.047581978,-0.076944888,0.085667983,-0.084791601,0.038179204,0.056639224,0.12806423,-0.051165491,0.106838517,0.087695815,-0.086397424,0.049233709,0.031582881,0.138144106,0.120209888,-0.062639333,0.028192934,-0.068184167,0.058767039,-0.048533414,-0.105975993,-0.009475224,-0.098512605,-0.10214626,0.007475823,0.053749226,0.053979561,0.040615335,0.092050642
E:\Project\Fake News Detection\images\real\512.jpeg,real,train,0.815123916,0.832227111,0.148057938,0.082448117,0.136883304,0.075073384,-0.384649247,0.003786805,0.392123371,0.054047756,0.005451151,-0.009942981,-0.105109781,-0.123280965,-0.049646977,0.089734487,-0.070854351,0.148378968,0.137995601,0.006431826,0.020866444,0.004064334,-0.027688911,-0.017805688,0.031028498,-0.021145256,-0.004602714,0.017484626,-0.006172458,-0.093555644,0.025456758,0.005334356,-0.014513928,0.018882351
E:\Project\Fake News Detection\images\real\514.jpg,real,train,0.760037065,0.826379001,-0.14127171,-0.154676124,-0.010322555,0.320676804,0.024733005,-0.057020269,-0.152247861,0.023632066,-0.048885189,0.062878124,-0.074342519,0.068537705,-0.148417532,0.170324132,0.118800886,-0.242870584,0.0435609,0.027614063,0.008188628,0.050417457,0.105922446,-0.017094772,-0.1303377,-0.053765498,0.028485989,0.111144982,0.106591575,-0.057337936,0.017208317,0.012181708,0.058031857,-0.004162716
E:\Project\Fake News Detection\images\real\5148.jpg,real,train,0.795217574,0.816758275,-0.238887548,0.034290515,0.076758236,0.155096933,-0.024648393,-0.08731351,-0.111897662,-0.040589757,-0.005868538,0.212929368,-0.12699981,0.165644139,-0.083990298,0.156245828,0.111004882,0.092794187,0.07249736,0.055373255,-0.117238179,0.141674802,0.092148811,-0.047016591,-0.063120209,0.062978514,-0.053572737,-0.077335224,0.126473412,-0.073240109,0.114214592,0.018180504,-0.023802847,0.082335278
E:\Project\Fake News Detection\images\real\5157.jpg,real,train,0.687504172,0.778341949,0.083416939,0.113572352,0.260050654,0.067356028,-0.000637268,0.00914293,0.079100877,-0.05630454,-0.168119207,0.046889029,0.093537681,-0.026489191,0.070913002,-0.022694964,-0.214779213,-0.058406707,0.077439457,0.032165758,-0.013917514,0.044405472,-0.021283822,-0.009954145,0.067290045,-0.039653327,0.001163172,0.023629313,-0.058654856,-0.05069875,-0.009789633,-0.102722056,-0.053645335,-0.129478589
E:\Project\Fake News Detection\images\real\516.jpg,real,test,0.621742606,0.765794992,0.091544211,0.081019521,0.081249371,0.011022821,0.068909168,-0.259265333,0.042910337,0.066039287,0.009244157,0.083878107,-0.030734152,-0.049270742,0.114971235,0.063350901,-0.008676499,-0.117775157,0.023162479,0.023368999,-0.112659506,-0.05892624,-0.058316234,-0.025964402,0.020663351,-0.020533722,0.009316741,0.044214237,-0.048607402,-0.059689548,-0.026510164,0.013596315,0.006020896,-0.093079798
E:\Project\Fake News Detection\images\real\5162.jpg,real,train,0.695375502,0.7713238,-0.16150032,0.114199094,0.074921608,0.06739454,0.029359808,-0.190936461,-0.038698494,-0.064373009,-0.014201335,0.184065863,-0.0494636,-0.062128078,0.122433253,0.12741372,-0.030261816,0.067567207,-0.078200497,0.109554753,-0.062926702,-0.191095516,0.106378183,-0.124905907,-0.047666382,-0.009394038,-0.009136223,0.151956365,-0.135374263,-0.047438543,0.067835122,-0.029194945,0.076452002,-0.067191377
E:\Project\Fake News Detection\images\real\5166.jpg,real,train,0.653263569,0.679624856,-0.389163315,0.036691342,-0.109273575,-0.024831401,-0.171200559,0.230937883,-0.013214011,0.10113696,0.059999019,-0.072858505,0.139380991,0.020217285,0.048404813,-0.034045614,0.071223237,-0.096793085,0.061576486,0.078412235,-0.065811284,0.009069175,-0.00761364,-0.032797404,-0.115803823,-0.091959067,0.011860109,0.083557956,0.155720577,-0.023600901,-0.021034591,0.036437951,-0.009223934,0.009354994
E:\Project\Fake News Detection\images\real\5180.jpg,real,train,0.755719662,0.888665378,-0.260127366,0.020391859,0.093152903,0.140789732,0.075107589,-0.222849101,-0.019346913,0.051310476,-0.006174209,0.172172815,-0.119867645,0.05076652,-0.105804756,0.130740911,-0.022379687,-0.057909101,0.059276596,0.08519423,0.049768664,0.048875332,0.071194135,0.090752244,-0.073821798,-0.045628946,0.039786939,-0.011436663,0.147717163,-0.024248717,0.01961592,-0.115580827,0.063686311,0.08697024
E:\Project\Fake News Detection\images\real\5184.jpg,real,test,0.697581887,0.707888842,-0.162639111,-0.226579875,0.016751796,0.3517057,0.014381813,0.096664637,-0.096520782,-0.039152801,0.078954354,-0.073144205,0.107369587,-0.000812396,-0.000157226,-0.002826262,0.097346291,-0.075558849,0.009508219,0.034730062,-0.023558501,-0.067758821,-0.022785347,-0.047795847,0.03646253,0.044568986,0.021774201,-0.022671379,-0.001385897,0.010206208,0.000647552,0.017452318,0.0449792,-0.078666411
E:\Project\Fake News Detection\images\real\519.jpg,real,train,0.642566741,0.669542789,0.161560848,0.105684876,0.061394818,0.046126604,0.099018797,-0.18770583,-0.082054704,0.002261326,0.08987204,0.001082679,-0.020282036,0.100502796,0.038216416,-0.016966948,0.0423605,-0.01451297,0.093812115,0.033753954,-0.13330768,0.012986994,0.01723416,-0.109340869,0.080521144,0.102873497,0.011361207,-0.011566036,-0.027167991,-0.047887102,-0.023419272,0.057424415,-0.002350172,-0.104761645
E:\Project\Fake News Detection\images\real\5212.jpg,real,test,0.747921407,0.781594753,-0.428825676,0.122990862,0.169747263,-0.18186897,0.003192022,0.242762834,0.066289902,0.074461505,-0.037790868,-0.004709788,0.227880418,0.086731069,0.184121802,0.017584451,0.179854751,-0.102010429,-0.058998611,-0.069432646,0.081977457,-0.053727023,-0.087792262,-0.024300531,-0.070780553,-0.052775182,-0.015253222,0.099134691,0.082613282,-0.014977477,0.027028155,0.020022746,0.014201179,0.035325497
E:\Project\Fake News Detection\images\real\5219.jpg,real,train,0.779553175,0.83917892,0.051337004,0.128518641,0.192188799,0.297613829,-0.05388077,0.00831815,0.058016725,0.31049341,0.095334403,0.068823226,0.121755056,0.061426379,-0.023528472,-0.099332049,-0.094516769,0.085049078,-0.123987414,0.029056272,-0.101286061,-0.08296784,0.161652774,0.006434917,-0.062606893,-0.07297466,0.021557389,-0.012037461,-0.038830187,0.044163939,-0.003604112,0.012608353,0.022219555,0.034060821
E:\Project\Fake News Detection\images\real\5227.jpg,real,train,0.675130308,0.791950583,-0.271861285,0.047352482,0.091361895,0.157582268,0.040200006,-0.190782607,-0.065508895,0.05603721,0.02490589,0.216710463,-0.078787021,0.068873309,-0.12750724,0.094901852,0.050480623,-0.00632684,0.04837361,0.10459023,0.032661431,0.029884007,0.02375054,0.099519722,-0.140929237,-0.103305064,-0.019562796,-0.040822249,0.134686738,-0.085860685,0.081445284,-0.056572065,0.085603401,0.018897215
E:\Project\Fake News Detection\images\real\5228.jpg,real,train,0.880744278,0.94286263,-0.266012132,-0.130163983,0.18154107,0.282285273,-0.061976425,0.174213827,0.02535432,-0.161729753,0.144042343,0.072281152,-0.009395952,0.067424327,-0.054869242,-0.027244255,-0.113943852,-0.108812556,-0.020533966,0.09588778,0.152942076,0.028931824,0.015195959,0.026252942,-0.026505254,0.022169335,-0.026719155,0.100632042,-0.020750321,-0.063757576,-0.064186737,0.020864792,-0.022187399,0.120113231
E:\Project\Fake News Detection\images\real\5231.jpg,real,train,0.677455664,0.730138779,-0.037258759,0.082741916,0.209354922,-0.01448283,-0.074085407,-0.050230566,0.137345389,0.022903915,-0.073418789,0.198493332,0.089912795,0.153708264,0.00197613,-0.063827112,0.045322549,0.03394872,-0.060852066,0.065103687,0.026581839,0.014255225,0.006809017,-0.085440874,-0.040234577,-0.148287863,0.175645158,-0.129374847,0.076833956,-0.043995149,0.057275757,0.051162783,0.093818665,-0.041160434
E:\Project\Fake News Detection\images\real\5233.jpg,real,train,0.749959648,0.779833078,-0.15990895,0.286560595,-0.268636703,0.072430223,0.063700937,0.160124049,-0.028265813,-0.103006385,0.07709159,-0.032016344,0.040145177,0.046632387,-0.065694109,-0.068338327,0.029218784,-0.069722734,0.085050173,0.071802989,0.059120547,0.080892883,0.021798097,-0.006201131,-0.005210942,-0.100332767,-0.06844002,-0.015620731,-0.054583073,-0.16297701,0.155600637,0.019004242,-0.092345633,0.066971928
E:\Project\Fake News Detection\images\real\5241.jpg,real,train,0.87190789,0.886978686,-0.175573662,-0.206882864,0.076207124,0.452120662,-0.163198113,0.095079668,0.005048868,0.172385842,0.07477732,0.028524406,-0.00689213,-0.018655242,0.020810036,-0.060537644,0.026230603,0.039119739,-0.060141131,-0.002678602,0.011532256,-0.081206195,0.086113118,-0.02246552,-0.066293381,-0.008128315,0.000423177,0.00812211,-0.048488017,0.051832948,-0.021694375,-0.006801909,0.013616783,0.032909285
E:\Project\Fake News Detection\images\real\5258.jpg,real,train,0.837765813,0.869445205,-0.415564328,0.118523389,0.183843449,-0.314379513,-0.060934681,0.079136066,-0.052454408,0.166948155,0.226767823,-0.218710005,0.10246224,0.119424112,-0.028947264,0.149732813,0.054968074,-0.008219865,0.103532307,-0.006423471,0.069311306,0.020728527,0.032069165,-0.028260037,-0.008840491,0.014769319,0.083073035,-0.070696346,0.077984013,0.087963179,0.034072906,0.061972298,0.017440585,-0.023833016
E:\Project\Fake News Detection\images\real\5260.jpg,real,train,0.748468041,0.812784195,0.120772995,0.161131099,0.179721355,0.160825416,-0.006158987,-0.053423766,0.051969342,0.251524895,0.035440724,0.019901659,0.279949009,0.102848396,0.026831692,-0.094185986,-0.109735914,0.064966358,-0.136610851,0.075188138,-0.082536533,-0.047157094,0.204035565,-0.011038476,-0.052334204,-0.054931261,0.020660747,0.08472088,-0.062637478,0.042814698,0.05215947,0.048452917,0.072587438,0.044787154
E:\Project\Fake News Detection\images\real\5268.jpg,real,train,0.780928135,0.822707415,-0.210610315,-0.121588737,0.043378189,0.359306544,-0.090118885,-0.030859273,-0.118623435,0.023950942,0.001037343,0.122730091,-0.098193035,0.126817778,-0.14057371,0.06293489,0.038627151,-0.20664452,0.013116644,0.037535951,-0.046739873,0.032497048,0.13320674,0.009416076,-0.103481174,0.015961425,0.063311324,0.055934001,0.087031983,-0.030862352,0.024725545,0.038448289,0.083334088,0.041544795
E:\Project\Fake News Detection\images\real\5292.png,real,train,0.788408637,0.874897957,0.1101721,-0.061857626,-0.158717692,0.177179009,0.120066166,0.095914513,0.163066596,0.195212021,0.052375071,-0.007580881,0.008161506,0.121849626,0.021085566,-0.018564012,0.125396192,0.020136155,-0.059553314,0.135389253,-0.035723675,0.006946976,-0.05615323,-0.004279262,0.098284423,-0.002747106,0.031406876,-0.053003874,0.030048817,-0.015419181,-0.060805969,0.04525179,0.014613155,-0.07063105
E:\Project\Fake News Detection\images\real\5297.png,real,train,0.75489217,0.888665378,-0.210456848,0.009838786,0.025634997,0.134116128,0.090850525,-0.30476746,-0.050754689,0.054896716,0.011122191,0.102357566,-0.152536571,0.012859805,-0.092081487,0.192840144,-0.030736303,-0.076389037,0.091774613,0.053916089,0.066511065,0.081163637,0.040418085,0.115620732,0.019887799,0.037248258,-0.00103007,0.015453854,0.09287975,-0.007638013,-0.014811683,-0.142214403,0.029799715,0.097781859
E:\Project\Fake News Detection\images\real\5298.png,real,test,0.587679684,0.637639046,-0.391768783,-0.053095542,0.246510118,-0.187778503,-0.099264205,0.084415384,-0.024980385,0.033088356,-0.11823824,0.02231494,-0.189210266,-0.138409704,-0.058778469,-0.137534529,-0.002958409,-0.096183449,0.083817318,-0.069984317,-0.017497063,-0.009588906,-0.015991852,0.050816845,0.017772317,0.140167385,-0.027339021,0.126100287,-0.023638353,0.125919282,0.146682918,-0.064363115,0.127024323,0.043235812
E:\Project\Fake News Detection\images\real\5300.png,real,test,0.682276726,0.714052439,-0.097078092,0.019314118,-0.018855624,0.19208847,0.172971129,-0.261111438,-0.097868599,0.102737851,-0.027049959,0.098889187,-0.105655126,-0.023356222,-0.1046727,0.15257439,-0.006004132,-0.095176637,0.059655555,-0.045987919,0.045471512,0.056816921,0.098445222,0.090922624,0.031017959,0.013763785,-0.021082973,0.069621347,0.12117108,-0.079903491,0.005788725,-0.030398984,0.025476135,0.036796715
E:\Project\Fake News Detection\images\real\5302.png,real,train,0.569696128,0.60939455,-0.299017668,0.087089546,-0.033390105,-0.073780149,-0.119816519,0.058543649,0.052273899,0.06650465,-0.021866439,0.142098859,-0.22490035,-0.239893258,-0.095154122,-0.111209594,0.023099504,-0.109992906,0.026576802,-0.169134706,0.033833154,0.105586521,-0.076264694,0.017408123,0.003769028,0.058799352,-0.065921687,0.118488565,0.074197195,0.06148725,0.038346812,0.074964568,-0.00866084,0.093288369
E:\Project\Fake News Detection\images\real\5305.png,real,train,0.677512467,0.799210072,-0.123761117,0.082649834,0.188841954,0.030060763,-0.097704671,-0.13475512,-0.06252481,0.236254185,0.012058728,0.14148587,-0.114488304,0.040554669,-0.227180153,-0.11602252,0.027332909,-0.176047042,-0.051293898,-0.112067178,-0.021777157,0.054138772,-0.001564928,-0.067632489,-0.012752346,0.050131306,0.008887778,0.000479767,-0.029070942,-0.008885382,-0.042149514,-0.021424688,-0.08526326,0.042723678
E:\Project\Fake News Detection\images\real\5308.png,real,train,0.547445476,0.559196949,-0.461291969,0.045038372,0.220547691,-0.288368613,-0.039339572,0.082651936,-0.029538207,0.055360109,-0.029535329,0.047230255,0.068852231,0.002836009,-0.045800637,0.007491801,0.075521909,-0.021399463,0.088741809,0.023335615,-0.103230506,-0.023573114,-0.119903862,0.095642932,-0.004405277,0.016616818,-0.041144989,0.055956453,0.081138611,0.059296697,0.031261437,0.078450397,-0.16206184,-0.090756804
E:\Project\Fake News Detection\images\real\5311.png,real,test,0.670241773,0.704578996,-0.104993954,-0.104016535,-0.064945444,0.251771271,0.086736113,-0.081394792,-0.117646746,-0.040372036,0.098459899,0.06554278,-0.063776523,-0.115138777,-0.12881732,0.126516879,0.18582812,-0.045194384,-0.041762289,0.095562711,0.06272088,0.083501674,0.006876335,0.057987545,-0.124627821,-0.061700508,-0.024542781,0.066369884,0.024829663,-0.043630049,0.017946258,0.048400804,0.115932636,-0.037907161
E:\Project\Fake News Detection\images\real\5314.png,real,test,0.735070348,0.753506303,-0.075219192,-0.178751886,0.128514171,0.389056891,0.014334463,0.020830598,-0.184801027,-0.045689963,-0.141025841,0.033531219,-0.051862471,0.027689122,-0.044421084,0.10343349,0.027543306,-0.191751137,0.070576668,-0.06852524,-0.012642972,0.088528715,0.098251149,0.057617251,0.048224077,-0.067581318,-0.027459543,0.051502012,0.116320424,-0.019230008,-0.062651761,-0.01543209,0.004099436,0.01400166
E:\Project\Fake News Detection\images\real\5331.png,real,train,0.870013893,0.910206199,0.421979219,0.214863449,0.180314675,-0.030447224,-0.281301826,0.194419488,0.081001021,-0.023085717,0.000214651,-0.01564954,-0.178462103,-0.140011281,-0.003205596,0.03233261,0.015358467,0.063487425,0.041915938,0.025230577,0.072175354,0.061039586,-0.001185425,0.040465247,0.055928368,0.017840931,0.00198623,0.024585241,0.078005515,-0.054294161,-0.020473303,0.020892188,0.004095372,0.005796714
E:\Project\Fake News Detection\images\real\5344.png,real,train,0.743470967,0.789387703,0.062610969,0.210279465,-0.341259986,0.146689668,-0.232763022,0.150940821,0.285897076,-0.027312167,-0.026256954,-0.022601837,0.067283407,-0.098082721,0.021129901,0.223022968,0.033671383,0.022949968,-0.050608136,-0.118060395,-0.081311785,-0.014673275,0.041808706,0.044494502,0.026008468,-0.006050604,-0.020326331,-0.014696039,0.021503078,0.02140752,-0.019448681,-0.057433058,-0.000863118,0.030781947
E:\Project\Fake News Detection\images\real\5347.png,real,test,0.605739713,0.630463719,-0.239667237,-0.073547758,0.000617467,-0.188808203,0.081726208,0.050576944,0.019292457,0.010624735,-0.179064751,0.079970889,-0.104865089,-0.047893669,-0.085768998,-0.016027052,0.061546605,-0.011413598,-0.146377519,-0.055659376,0.04700245,0.032213684,-0.057129432,-0.032278687,0.099175021,0.073381349,0.001894029,-0.075317949,-0.029414766,0.019150481,0.102530085,-0.076135106,0.006375022,0.013458364
E:\Project\Fake News Detection\images\real\5348.png,real,train,0.472583294,0.497890413,-0.110944889,0.003575051,0.062487308,-0.011718582,0.055016719,-0.151704177,-0.097962074,-0.012716355,-0.03173662,0.030262263,-0.128805503,-0.107727647,0.007622452,0.112893835,-0.008375055,0.161456838,0.086604148,-0.054343347,0.188084275,0.067010999,0.043841898,0.008592572,-0.008227655,0.117979683,0.102069274,0.014080792,0.083281666,0.018834338,0.138173029,-0.067331381,-0.113924727,-0.042159729
E:\Project\Fake News Detection\images\real\5369.png,real,train,0.794820786,0.872876287,0.055901412,-0.018155567,-0.177880347,0.203604177,0.273338437,0.044588719,0.195815086,0.294183195,0.117078602,0.042198367,0.006365955,0.005936902,-0.058683794,-0.03050934,0.106956586,0.003669161,-0.054666463,0.071583971,0.032039475,-0.00872596,-0.104141831,0.041305281,0.001105503,0.001446658,-0.152368978,-0.033250857,-0.001400913,0.006158276,0.002937714,0.011142683,0.018391965,-0.100656986
E:\Project\Fake News Detection\images\real\5370.png,real,train,0.673612773,0.704081476,-0.446414232,-0.005790331,0.22587584,-0.011663452,-0.125831842,0.063182279,-0.034762725,0.076581866,-0.00907749,0.075016722,-0.200046927,0.008840212,-0.075289801,-0.118621297,-0.05806803,-0.020726027,0.030101316,0.038514089,-0.044014171,0.007518903,0.011692677,-0.001214202,-0.042956691,0.081111468,-0.027455384,0.128035158,0.016193781,0.010371516,-0.030587422,0.006905969,-0.017759888,-0.018363968
E:\Project\Fake News Detection\images\real\5374.png,real,train,0.793160081,0.825458705,0.004061565,0.054587055,-0.049383625,0.103832729,0.109404251,-0.225203276,-0.15523988,-0.126564339,0.156375334,0.167384759,-0.003006185,-0.089365564,0.030206606,0.296979874,0.093787059,0.090430871,0.011911288,0.028957115,0.026776941,0.035469141,-0.12276537,-0.266357034,-0.11942938,0.003765725,-0.003073767,0.110091344,-0.098378085,0.038222615,0.051523887,-0.039955352,-0.055982724,0.030598046
E:\Project\Fake News Detection\images\real\5379.png,real,train,0.702894092,0.886775374,-0.140997484,0.111688852,0.036796894,-0.136711136,0.094268598,-0.071891494,-0.002779764,0.093751833,-0.181792989,0.078547031,-0.093133822,-0.137766868,0.022888739,-0.095372081,0.108802028,-0.118104778,-0.104384765,-0.065034442,0.038782969,-0.007545615,0.039095301,-0.039539631,-0.008243418,-0.030934818,0.186927348,-0.035222415,-0.01305515,-0.115288958,-0.164742634,0.007880356,-0.000445411,-0.07101728
E:\Project\Fake News Detection\images\real\5380.png,real,train,0.890442967,0.924501777,-0.004125103,0.094516523,-0.033694997,0.09164612,0.109748065,-0.211358979,-0.142081425,-0.1834663,0.116944365,0.122102149,0.020587435,-0.154806182,0.05076376,0.275506765,0.097964421,0.085205808,0.070535488,0.063139439,0.000323993,-0.034630865,-0.08478795,-0.409410059,-0.060741901,0.035687272,0.072044522,0.118273035,-0.127711579,-0.05219714,0.014349378,0.020379823,-0.095683351,0.016389038
E:\Project\Fake News Detection\images\real\5386.png,real,train,0.810507476,0.849009395,-0.102163352,-0.199574664,-0.029817514,0.367804468,0.073472321,-0.078713343,-0.028128892,0.166506082,-0.025400691,0.054763731,-0.046721008,0.033427492,-0.097972877,0.133433938,0.073661976,-0.133978724,0.03236156,-0.079028837,0.074881271,0.035049256,0.006351329,0.027594877,0.086850591,0.009571298,0.006383937,0.013702634,0.137326688,-0.020441815,0.050989352,-0.080456756,0.02318714,0.057694074
E:\Project\Fake News Detection\images\real\5387.png,real,train,0.680192888,0.712013006,0.005339679,0.078677408,0.081822723,0.009134321,0.152618244,-0.112927742,0.057851497,-0.104929566,0.22022143,-0.21392329,-0.111586139,0.116815254,-0.070887871,0.002519646,0.049025018,0.063804276,0.050551295,-0.026653545,0.009977483,0.116293326,-0.039375678,-0.003764585,-0.061653059,0.095181927,0.155606538,-0.078553818,0.029413512,0.024069928,-0.034153473,0.108813867,0.038843423,-0.038393125
E:\Project\Fake News Detection\images\real\539.jpg,real,train,0.938565433,0.948866665,-0.038648799,-0.455037922,-0.198150665,0.000407294,-0.215115264,-0.006153209,-0.13986221,-0.137228191,0.036192879,0.026939034,0.108887322,-0.028311821,-0.020595165,0.012575814,0.01072247,-0.129341111,-0.012396596,0.002301588,0.100318685,-0.027863141,0.011172096,-0.012561545,0.043286886,0.053356022,0.022868898,-0.001408914,-0.047414899,0.009088865,0.026010711,0.000415768,-0.005623892,-0.025632756
E:\Project\Fake News Detection\images\real\5393.png,real,train,0.814680099,0.829891801,0.209403008,0.198565677,0.03046204,0.071764365,0.070361339,-0.139265761,0.023706026,0.066441074,-0.261099428,-0.008783097,0.168814957,-0.014547743,-0.063945904,-0.027271669,-0.057512172,-0.007037657,0.015412779,0.087537348,0.055589687,0.02740586,-0.241943777,0.1361541,-0.093892194,0.040955402,0.126765072,-0.073887669,-0.061132815,0.058226019,0.019254914,0.023434361,0.03226475,0.092267148
E:\Project\Fake News Detection\images\real\5394.png,real,train,0.687251329,0.775780737,0.018305022,0.069668457,-0.033584762,0.067526951,0.079440147,-0.252243727,-0.000653953,-0.031977847,-0.020609286,0.037355397,0.040329158,-0.149790704,-0.010182439,0.101983711,0.109118149,0.096502498,-0.001740687,0.06370075,0.028849715,0.116895281,-0.147379369,0.013738933,-0.107202142,0.043926321,-0.251499653,-0.042759817,0.059393041,0.018679669,-0.000692742,0.062261604,0.049837232,-0.041243948
E:\Project\Fake News Detection\images\real\5400.png,real,train,0.797354102,1,-0.272788614,0.12478853,0.134716123,-0.243239671,-0.046472654,0.007825095,-0.005300439,0.093586199,-0.195798323,0.038868908,-0.110393114,-0.187517896,-0.086424679,-0.147524908,0.129697114,-0.07593222,-0.184161291,-0.122900739,0.023298489,0.020188659,-0.083024003,-0.128277585,0.09249793,0.069980569,-0.031509142,-0.04785163,-0.091853812,0.004701769,0.105733439,-0.035952445,-0.016638434,0.047802586
E:\Project\Fake News Detection\images\real\5405.png,real,train,0.791416764,0.800251603,-0.042350218,-0.283253551,-0.016473021,0.415400743,-0.090568379,0.084381267,-0.079651721,0.081843361,0.014251147,-0.080118902,0.069721818,-0.090244479,0.138539657,0.003761216,0.068886757,-0.066141471,-0.026866909,0.002526517,0.003420882,-0.077534698,0.011635466,-0.009493262,-0.011373316,0.041157994,-0.022788966,-0.020358708,-0.002150495,0.096756667,0.036090944,0.032486577,0.0097426,-0.037890844
E:\Project\Fake News Detection\images\real\5407.png,real,test,0.656070352,0.749585032,0.024091825,-0.145015329,0.285482615,0.195660889,0.041448247,0.036583953,-0.165743753,-0.025342768,-0.173555881,0.072295234,0.04421673,0.068245716,-0.022616625,0.095696345,-0.079136059,-0.00314958,0.023025505,-0.024325624,-0.142115355,0.056632333,0.000545651,0.029404666,0.129236534,-0.093839414,-0.033012159,0.045753799,0.063349806,-0.084094957,-0.007823348,0.024520362,-0.024538644,-0.082854815
E:\Project\Fake News Detection\images\real\541.jpg,real,train,0.8399266,0.87554729,-0.150342703,0.23620294,-0.319837451,-0.027414663,0.042256407,0.08432813,0.039515294,-0.108290456,-0.022006605,0.156330153,0.106710263,-0.120614119,-0.051118553,0.000352279,-0.079885468,-0.062372942,-0.079869963,-0.042277806,-0.148353636,0.073446661,-0.021049093,-0.061932418,0.087918483,-0.044933334,0.089213952,-0.126543373,0.035118304,0.0311892,-0.076731339,-0.039343864,-0.017211551,0.019354822
E:\Project\Fake News Detection\images\real\5432.png,real,test,0.789684832,0.884912968,0.073123485,0.09563259,0.249309391,-0.127235785,0.094913065,-0.115582347,0.075482123,-0.068320304,0.043677881,0.054935858,0.069500126,0.047258727,0.077223212,-0.179945201,0.200703651,-0.087332688,-0.123612732,-0.247296199,0.07106474,0.021391813,-0.135656059,-0.12774317,-0.12098407,-0.026995439,-0.179449588,0.052239604,-0.017903395,0.083607063,-0.0832396,0.096325681,-0.047019958,-0.009047098
E:\Project\Fake News Detection\images\real\5433.png,real,train,0.562797666,0.569171906,-0.128288895,-0.014515582,0.057574801,0.046976034,0.050225347,-0.133016214,-0.083229817,0.124383032,-0.00677461,-0.037258931,-0.238168031,-0.185667738,-0.058274899,0.021580741,-0.066829294,0.055737711,0.091362931,-0.072012722,0.120700538,0.023603821,0.164581999,0.005649407,-0.07781177,0.009593342,0.042776126,0.007370669,0.016747797,0.093823053,0.015722075,0.005348116,-0.098025389,0.011575418
E:\Project\Fake News Detection\images\real\5440.png,real,train,0.68207407,0.751533747,-0.259373337,0.020003607,0.132492378,-0.140520692,-0.130391061,0.022675807,0.012740662,0.0008478,-0.219987616,0.068599634,-0.100906774,-0.151363567,-0.039919335,-0.023965087,-0.029208351,0.013341342,-0.037094422,0.077519208,-0.014409109,0.083939366,-0.110979989,0.019789502,0.074085928,0.019182203,-0.056031805,0.090597235,-0.001338193,0.163434133,0.210347801,0.051289175,0.106376499,-0.000161319
E:\Project\Fake News Detection\images\real\5446.png,real,train,0.920200169,1,-0.013429323,0.090311348,-0.048807487,0.093776949,0.137046099,-0.21772255,-0.141647547,-0.173313782,0.093592964,0.072148971,0.014948538,-0.162176058,0.065014757,0.266290128,0.077615194,0.110928521,0.065492973,0.055006694,0.015037691,-0.076367721,-0.063759327,-0.423121184,-0.030215181,0.029362403,0.0869314,0.095096774,-0.111385688,-0.081559576,-0.015462441,0.01648825,-0.0711255,0.009814576
E:\Project\Fake News Detection\images\real\5464.png,real,train,0.638601542,0.668895483,0.203530699,0.136604905,-0.057319313,0.055914577,0.004118151,-0.061098177,0.006952373,-0.163137376,0.109183811,-0.144057915,-0.087121427,0.016242329,-0.005780569,-0.108248129,-0.043729097,-0.175440744,0.049241964,-0.060844548,0.018990381,0.143214822,-0.005755162,-0.065426357,0.061108734,-0.025895298,-0.006812055,0.050889287,-0.019598339,-0.002734878,-0.059435915,-0.11252927,-0.048683524,-0.080596648
E:\Project\Fake News Detection\images\real\547.jpg,real,train,0.755827129,0.783880115,-0.124094017,-0.104182929,-0.058090568,0.243884787,0.137652978,-0.099422686,-0.105546802,0.045421358,-0.030083859,0.074358575,-0.094695389,0.041220088,-0.161196023,0.123458527,0.077398129,-0.201126873,0.062962696,0.058609504,0.056410827,0.021432677,0.126381859,0.028787786,-0.137723446,-0.047250912,0.007446894,0.150749415,0.078090586,-0.080012716,0.034623142,-0.019851649,0.070318997,-0.002993985
E:\Project\Fake News Detection\images\real\5473.png,real,test,0.95595485,0.99999994,0.416561335,-0.112316944,0.227673233,0.042408898,0.183037251,0.322853357,-0.195004597,0.046269558,0.003995426,-0.068398215,-0.027972011,-0.000695243,-0.01011347,0.051606253,0.067281261,0.079980329,-0.086507142,-0.046075538,-0.023073576,-0.017648146,-0.069420919,0.06117966,0.062275395,-0.035827141,0.044787511,0.054827347,0.001568273,-0.06531246,0.064567745,-0.007321377,-0.002919175,0.027122118
E:\Project\Fake News Detection\images\real\5477.png,real,train,0.685145736,0.754520178,-0.27886948,-0.019475475,0.137618214,0.000430313,-0.142056584,0.059296597,0.030841496,0.125542015,-0.065918818,-0.082410455,0.042091932,-0.115318842,-0.060808156,-0.083227731,-0.059252597,0.022049652,0.148561284,0.042193945,0.063421987,0.026766932,0.056804277,-0.006492877,-0.230220988,-0.093162976,0.079567261,0.045266479,-0.043253321,-0.109351836,-0.136695921,-0.001698218,-0.082674198,-0.18351756
E:\Project\Fake News Detection\images\real\5483.png,real,train,0.734847546,0.759093463,-0.158915639,0.125343755,-0.24194181,0.072530411,0.139474779,0.16618298,-0.005125707,-0.112869166,-0.066594221,0.121290825,0.080209121,-0.172589272,-0.045556709,0.063791521,-0.078162134,-0.038104102,-0.003918076,-0.095356464,-0.187563494,0.065772071,-0.013509196,-0.023935281,0.105349243,-0.069116235,0.025960054,-0.083756104,0.033679031,0.008531386,-0.027447607,-0.035003077,-0.051627114,-0.062682129
E:\Project\Fake News Detection\images\real\5484.png,real,train,0.531878233,0.541621149,-0.206305683,0.100108519,0.107476689,-0.033262897,0.031540453,-0.121739417,-0.00442447,-0.136884257,0.123394638,-0.146336094,0.013939803,0.109430358,-0.082365073,0.058257263,-0.106218778,0.13304463,-0.052301884,0.125690624,0.052085176,-0.048405193,0.045637339,0.111794062,0.009778556,-0.026531275,0.046290923,-0.059697472,-0.032061689,0.055286963,-0.037609186,-0.094954044,0.024628773,-0.003963758
E:\Project\Fake News Detection\images\real\5489.png,real,train,0.621305943,0.63876617,-0.06889426,-0.048181463,0.086656131,-0.037182633,0.216496274,0.000128623,0.078874588,0.079049163,-0.088298298,-0.087630175,-0.006276453,-0.083095133,0.032734718,0.001967345,-0.093070745,0.015531854,-0.047237247,0.143429026,0.154834762,-0.132677838,0.039483313,0.041590463,0.064692684,-0.140708268,0.115093537,0.006063105,-0.016436178,-0.059505958,0.045279894,-0.030767562,0.023717985,-0.027692955
E:\Project\Fake News Detection\images\real\5497.png,real,test,0.660342991,0.702227235,0.161982089,0.180157125,-0.162740886,0.052560553,-0.004848212,-0.100208297,-0.012921413,-0.017496884,-0.118456393,-0.013055466,0.015000274,-0.03039692,0.076944843,-0.077461153,-0.022840895,-0.105019078,0.131775573,-0.013388723,0.016963579,-0.049680263,-0.042215161,-0.036026217,-0.04005665,0.078450583,0.011142397,0.020061933,-0.040084586,0.06001389,0.005021043,-0.010768944,0.112793185,-0.024999388
E:\Project\Fake News Detection\images\real\5506.png,real,train,0.690806568,0.737805009,-0.068000361,0.019453343,-0.174727783,0.019530296,1.52E-06,-0.118100807,-0.176581144,0.091213264,0.036980689,0.007518372,-0.003796662,-0.023100499,0.107482217,-0.001298965,0.08576601,-0.000390444,0.084167063,0.077351131,-0.09048222,0.025985261,-0.012752649,0.069484979,-0.057448059,0.018829633,-0.072315671,-0.138206616,-0.043568686,0.090888657,-0.003731184,-0.006667721,0.020605013,0.03345843
E:\Project\Fake News Detection\images\real\5512.png,real,train,0.577085555,0.641133368,-0.362282068,0.077589706,0.253413975,-0.147709012,0.006384033,0.104467131,0.0782625,-0.027799327,-0.065240204,0.107900508,0.05089505,0.048044745,0.057978094,-0.052291814,0.200278074,-0.078306451,-0.11600443,-0.115307413,0.039074417,-0.010948247,0.008384967,-0.041693218,-0.094888866,0.019298496,-0.097909592,-0.013128835,0.04861949,0.015972808,-0.033190444,0.060805608,0.096448466,0.094995059
E:\Project\Fake News Detection\images\real\5515.png,real,train,0.673058152,0.717537642,0.057599027,0.011262311,0.262450159,0.00437293,0.118910119,0.197313204,-0.105369009,-0.140458792,0.004475588,-0.022441361,-0.003884298,0.043540072,-0.057459213,-0.025325114,-0.141472176,0.04106966,0.026673982,0.022131586,0.109968126,0.043139752,0.058303293,-0.028219648,-0.008556088,-0.03241691,-0.05030575,-0.028609188,-0.049157541,0.055974137,-0.063336626,0.030128825,-0.083984472,0.055637568
E:\Project\Fake News Detection\images\real\5518.png,real,train,0.791576684,0.866248131,0.163386375,-0.258699507,0.083853915,-0.003391801,0.152289763,-0.056698535,-0.084749624,0.029479908,-0.112992294,-0.038749326,0.067666881,-0.01967348,-0.039787818,0.031901903,-0.054973938,0.029584425,-0.095618472,-0.007546576,0.067990027,0.020524615,-0.060885917,-0.020072971,0.079078175,-0.062862888,0.039631207,-0.036821596,-0.038581405,-0.028353374,0.028695814,0.001768633,-0.061086442,0.021884866
E:\Project\Fake News Detection\images\real\5523.png,real,train,0.792350888,0.935032606,-0.090810373,-0.281767994,0.033088017,0.293156117,-0.053284992,-0.042942882,-0.144707531,0.130631551,-0.087868981,-0.122075573,-0.005372738,-0.079552412,0.076140612,0.084098645,-0.006785172,0.073667958,-0.051420815,-0.04004366,0.015845001,-0.005155466,0.004494946,0.055363264,-0.059639584,0.069197647,-0.042527072,-0.024819154,-0.070109002,0.033982918,0.04974512,-0.034433898,-0.120255478,-0.059515152
E:\Project\Fake News Detection\images\real\5524.png,real,train,0.61199981,0.718359709,-0.139558718,0.175772116,-0.06314265,-0.114342384,0.069680572,-0.006390276,0.057587925,0.02720407,-0.174816191,0.065278374,-0.064748175,-0.032933936,-0.062630571,-0.027278058,0.179004461,-0.051471747,-0.1059127,0.078220464,-0.100517385,0.015014162,-0.073356986,-0.112756528,-0.009968451,0.004181442,0.109686591,-0.041762505,-0.003063783,-0.100672975,-0.051022738,-0.005709293,-0.034887079,-0.006030004
E:\Project\Fake News Detection\images\real\5536.png,real,train,0.657607198,0.714956999,-0.189948812,-0.062454112,0.057222668,0.087915845,-0.014115866,-0.105336964,-0.127569899,0.152469873,-0.07691393,-0.031725258,-0.072314925,-0.112230465,-0.00680656,0.078484543,-0.037252322,0.152375624,-0.04329434,0.015494617,0.08177375,0.004723829,0.064425804,0.053976927,-0.097835571,-0.037042584,-0.018991418,-0.027565636,-0.053403657,-0.016065851,-0.021435563,-0.050223351,-0.167928293,-0.071479462
E:\Project\Fake News Detection\images\real\5542.png,real,train,0.780341804,0.81031549,0.378087282,0.269952834,0.202619985,0.071836635,0.062102184,0.100020491,-0.210817367,0.048174124,0.182603091,0.038258273,-0.016785238,-0.123459309,-0.038102418,-0.04899184,0.134007886,-0.022960134,-0.078852579,0.030130979,0.015126167,-0.049220979,-0.083071426,0.128006071,-0.058684852,0.009755943,-0.138575912,-0.030080074,0.008091283,-0.019232374,0.03117035,-0.032322679,0.035677586,-0.073777638
E:\Project\Fake News Detection\images\real\5583.png,real,train,0.726282895,0.805789709,-0.04273884,0.161026463,-0.504361272,-0.044270076,-0.113971345,-0.016848695,-0.074505955,0.027407672,0.036648143,0.057277616,0.030306036,-0.025158633,0.125943974,-0.031001573,-0.021516897,0.021886721,-0.02979748,-0.023849592,-0.058295697,0.050461743,-0.052400831,0.062068,-0.047820192,0.019770026,0.012724076,0.018898582,-0.078689128,-0.006562682,0.019939099,0.077692226,0.071309872,0.064545728
E:\Project\Fake News Detection\images\real\5587.png,real,train,0.938984752,0.954060674,-0.018995022,-0.445994049,-0.207783222,0.021646352,-0.203495353,-0.011137107,-0.13476795,-0.127375543,0.020918705,0.01817935,0.121640436,-0.075411044,-0.033774436,0.012463426,0.048079748,-0.145015895,-0.014166778,0.001799262,0.086710982,-0.018767977,0.007444724,-0.017160757,0.044146363,0.045633182,0.012085988,-0.004791214,-0.035346929,0.007057736,0.023008408,-0.016642377,-0.008435619,-0.03156244
E:\Project\Fake News Detection\images\real\5609.png,real,train,0.600903332,0.618428349,-0.318255991,0.105152376,-0.101240382,0.217931122,-0.134244666,0.249130145,0.089834847,0.045425236,0.14549838,0.000415503,0.023509344,0.025223071,-0.012540282,-0.149149328,0.106835097,0.022554182,0.032510851,0.043112289,0.02251279,0.089960597,-0.013494627,-0.063439779,-0.00666517,-0.11955639,0.048980724,-0.059672631,-0.030531518,0.000328791,0.066445149,-0.06780196,-0.003623352,0.019688783
E:\Project\Fake News Detection\images\real\5612.png,real,train,0.794650674,0.80761838,0.299463153,0.150706723,0.013205575,0.03026125,-0.148533806,-0.145654961,0.248215914,0.028473577,-0.269017637,-0.107853226,0.138606712,-0.014473835,-0.091881491,0.165559754,0.004199896,-0.062936299,-0.029911773,0.062261034,0.057586838,-0.020948632,-0.145596147,0.10781727,-0.154562965,-0.024108443,0.050588205,-0.017893452,-0.053005598,0.045727957,0.014690712,0.017306548,0.022685301,0.071412511
E:\Project\Fake News Detection\images\real\5614.png,real,train,0.660893083,0.682408571,-0.138896167,0.08218535,0.06462577,0.050319627,0.171973333,-0.182737619,-0.042901259,-0.118953362,-0.027584605,-0.030448876,0.073764406,-0.16858606,0.116156347,0.012149252,-0.177890673,0.096226864,-0.101387292,0.104854345,0.144340858,-0.018512381,0.000730465,0.062404588,-0.01979908,0.074356638,0.012947425,0.031957485,0.013378031,0.058817707,-0.040265031,-0.018150577,0.033455905,0.014841697
E:\Project\Fake News Detection\images\real\5617.png,real,train,0.884564579,0.892058134,0.412626326,0.255916893,0.176524013,-0.040690515,-0.250215828,0.218197107,0.084513523,-0.102356888,-0.028762354,-0.060325131,-0.129433498,-0.021936946,-0.018545963,0.208368361,0.122998193,-0.049388479,-0.078689381,0.042140786,-0.058533307,-0.067836992,-0.002269572,0.03421184,-0.076024689,-0.034457032,-0.027439157,-0.074221522,0.076309726,0.009453304,-0.030438479,0.016781589,0.010460117,-0.015224646
E:\Project\Fake News Detection\images\real\5619.png,real,train,0.775658369,0.815130949,0.019014165,0.319398403,-0.363420844,0.049310293,-0.041335016,0.08688505,-0.206988469,0.018829733,-0.026256258,0.041210916,0.089948334,-0.024822447,0.040149719,0.07506448,-0.035382111,0.060521279,-0.146376222,-0.010884761,-0.0267641,0.030491864,0.123892367,-0.017463354,0.060788561,0.000423706,-0.044669569,0.07887242,0.00260022,-0.057159107,0.18813625,-0.0205638,-0.011605816,-0.110552311
E:\Project\Fake News Detection\images\real\5625.png,real,test,0.527565956,0.550919414,0.00567551,0.096340492,0.14474085,0.07843779,-0.140805289,-0.141629159,-0.002457255,0.183369264,0.177356124,0.163462579,-0.028762829,0.137056798,-0.098783575,-0.046952989,-0.027921051,-0.022971777,-0.015788909,0.068905354,-0.194616646,0.048326537,0.148072079,0.093070515,-0.10214524,-0.009853557,0.040198497,-0.024142943,-0.03388422,-0.055869862,-0.006664477,-0.052336115,0.053498108,0.13916865
E:\Project\Fake News Detection\images\real\5626.png,real,train,0.862979591,0.86932528,0.217189074,0.204376698,0.049195044,0.079088651,0.081037827,-0.110801026,0.027873686,0.099827103,-0.273463488,-0.020683695,0.224366143,-0.012163974,-0.110675842,-0.01554035,-0.075056411,-0.068583421,0.068806253,0.083876684,0.144398853,-0.042858467,-0.160623088,0.143400908,-0.109904878,0.048898157,0.079197064,-0.063461661,0.001886636,-0.050437156,0.06958729,-0.000422134,-0.045110166,0.026860129
E:\Project\Fake News Detection\images\real\5638.png,real,train,0.748268783,0.767412126,0.223383337,0.090243898,0.106522247,0.054993786,0.035992246,-0.176316589,-0.081996009,0.021241631,-0.122671649,0.032089602,-0.14788492,0.071177997,-0.000498717,-0.105839379,-0.113836311,-0.0811693,0.094035164,-0.174500138,-0.018528763,-0.036811244,0.046946071,-0.015543125,0.156240985,-0.20977661,-0.062083371,0.043370973,-0.059557486,0.100063004,-0.086191334,0.101582475,-0.05077938,-0.12100894
E:\Project\Fake News Detection\images\real\5644.png,real,train,0.733805656,0.809230328,-0.156766489,-0.174607828,0.042741083,0.262610644,0.05207533,-0.093954973,-0.13386561,0.026917035,-0.10679248,0.041608658,-0.092176743,0.138640672,-0.153241426,0.168550059,0.052814163,-0.280148685,0.00850057,-0.098038733,0.09063635,0.059804231,-0.019411966,0.085019693,-0.034470774,0.011676989,0.032936938,0.119928524,0.079899907,-0.120139509,-0.12493223,0.014479842,0.057851665,0.022497129
E:\Project\Fake News Detection\images\real\565.jpg,real,train,0.857192397,0.867643297,0.433786273,-0.020981969,0.159618556,-0.067353003,0.193852648,0.287981749,-0.211174116,0.003064921,-0.114395782,-0.078960344,-0.027172508,0.027806794,-0.026753778,0.039398834,0.017126938,0.060210612,-0.075565048,-0.035807576,0.056032553,0.015114777,0.0146447,0.031360034,-0.03770734,-0.023619516,0.057572421,0.113011613,-0.023544304,-0.019165879,0.049978018,0.006234699,0.033413697,0.045391079
E:\Project\Fake News Detection\images\real\5660.png,real,train,0.872348905,0.959149003,-0.032971431,-0.338249266,-0.227330312,0.059117943,-0.214093566,-0.062618665,-0.19750385,-0.089061536,-0.13064003,-0.12411049,-0.044835147,-0.076443963,0.128961816,-0.094249956,-0.016391376,0.059382219,0.01794978,0.021006964,0.014979974,0.106889494,0.000629336,0.002009326,-0.117561243,0.025012754,-0.021061156,-0.048898701,0.081757553,-0.0756585,-0.061658069,0.088989474,-0.010917544,0.015675902
E:\Project\Fake News Detection\images\real\5666.png,real,train,0.661053538,0.728006542,-0.02783932,-0.025363227,0.007054953,0.046708301,0.039409872,-0.045991153,-0.033446964,-0.107191123,-0.222281858,0.040974464,-0.079246677,-0.07427036,0.096581578,-0.011028972,0.132086471,0.08435569,-0.037418019,-0.09155909,0.052237201,0.133468375,-0.033633057,-0.091429174,0.062573478,-0.005066099,0.076925546,-0.057012677,0.077055298,0.146422938,-0.103489615,0.087918177,0.012938347,-0.052852277
E:\Project\Fake News Detection\images\real\5680.png,real,train,0.752437234,0.785991311,0.196439087,0.183347583,0.112253286,-0.008503857,-0.227370813,-0.013640491,0.291359335,-0.027872082,-0.108349569,-0.060206648,0.088745102,0.060974196,-0.035894535,0.182663411,0.017418683,-0.018334046,-0.130104482,0.029469142,-0.211412877,0.065918982,0.13421607,-0.024978528,-0.09154053,-0.026114477,0.008656312,-0.100186072,0.04536204,0.073042795,-0.061915323,0.065070696,-0.038850438,0.095722668
E:\Project\Fake News Detection\images\real\5683.png,real,train,0.747005641,0.758165658,-0.151311204,-0.152578637,0.042284589,0.3669267,-0.068197325,0.05163952,-0.011776584,0.190152645,0.059043299,0.022711394,-0.098978475,-0.055240273,0.079013214,-0.033746671,-0.002329566,0.063253194,-0.021944977,0.004683954,0.03019958,-0.093329318,0.086581625,0.039675675,-0.019410605,0.001024869,-0.054514948,0.01322191,-0.118767448,0.043745477,-0.064234108,-0.019401897,0.007793956,0.002134784
E:\Project\Fake News Detection\images\real\5684.png,real,train,0.710124373,0.730779171,-0.228188977,-0.168360591,0.15605031,0.295530587,0.010470551,0.090826936,-0.034547452,-0.142997712,0.146835625,-0.068744197,-0.075384133,0.086838663,-0.146261558,-0.018444596,-0.044772629,-0.146090001,0.032040756,0.071379773,-0.004613515,0.043217339,0.111266233,0.018935714,-0.159348279,0.152178094,-0.050848354,0.028056655,0.035479534,-0.063334942,-0.006722864,-0.056334116,-0.036079701,0.014848051
E:\Project\Fake News Detection\images\real\5688.png,real,train,0.720911264,0.816150546,-0.365224302,0.061606605,0.116552524,-0.064039387,-0.004914728,-0.066516951,-0.0813471,0.167425901,0.048490062,-0.014302013,-0.107711814,-0.06825038,-0.104839712,-0.026579469,-0.057483345,0.033139978,-0.201615289,0.010813366,-0.022903768,-0.013347697,0.061936602,0.001011384,-0.086416572,0.066878147,-0.096487612,-0.025968496,-0.035316322,0.080824219,-0.033167858,-0.095873736,-0.083291203,0.061714828
E:\Project\Fake News Detection\images\real\5699.png,real,train,0.743898749,0.744029701,-0.004295073,-0.315646023,-0.142117232,0.212574527,-0.249803141,0.059656449,-0.036222197,-0.069859959,-0.096290745,-0.113666967,0.019926999,0.008801491,0.140997753,0.078230657,0.136526138,-0.060280714,-0.092974797,-0.049207587,-0.083507419,-0.033753216,0.081779473,-0.028854039,-0.021682132,0.024184974,-0.005014324,-0.15633364,-0.049794413,0.066544354,-0.066359453,0.096192278,0.022523478,0.061579745
E:\Project\Fake News Detection\images\real\5704.png,real,train,0.664786637,0.74335742,0.048506778,-0.098225698,0.271371663,0.051182739,0.05891804,0.120555118,-0.130599469,-0.092828587,-0.211487457,0.065096714,0.057190154,0.050990473,0.032128926,0.014777292,-0.060100723,0.049702652,-0.045304962,-0.001853173,-0.11521443,0.058675013,0.025945246,-0.035492051,0.117755987,-0.117528223,-0.054508299,0.045402121,0.024094673,-0.007399216,-0.003247347,0.059711143,-0.044206716,-0.105251566
E:\Project\Fake News Detection\images\real\5708.png,real,test,0.635908782,0.731109798,-0.124837868,0.108661845,0.016076207,0.195901781,0.072831504,-0.159785837,-0.104897693,0.071491294,0.020832568,0.024846882,-0.152350515,-0.068557262,-0.017408818,0.125622422,0.051628463,-0.023763297,0.066935115,-0.027106397,0.002090581,-0.044043548,0.156001046,0.071023218,-0.017505541,-0.053921826,0.070540778,0.080724277,-0.117597021,0.076948076,-0.045715377,-0.160450727,0.058870062,-0.040891737
E:\Project\Fake News Detection\images\real\5716.png,real,test,0.836244702,0.917861998,0.406301349,0.281668097,0.199565738,0.012399547,0.013844769,0.082964644,-0.328220099,0.03913746,0.116007745,0.081897892,-0.14780201,0.014754131,-0.081114776,0.061541744,0.10450162,-0.151784047,-0.025970723,0.031893715,-0.016105235,0.029826764,0.064084947,0.123119593,-0.060038857,-0.007127993,0.011339156,0.002908729,0.103185706,-0.071240783,-0.036815733,-0.037605714,0.021394253,0.003810279
E:\Project\Fake News Detection\images\real\5726.png,real,train,0.663128555,0.713220239,0.177646101,0.062246386,0.053714879,-0.041244231,-0.035604667,-0.144877464,-0.071315214,0.057162825,0.162300214,0.203779951,0.028459078,-0.01292131,0.091149412,-0.040787261,-0.01202163,-0.061499611,-0.031196862,0.022054307,-0.083052218,0.050031707,-0.070336998,0.07842356,-0.030683553,-0.018209824,-0.032955024,-0.012638029,-0.000677749,-0.079995133,0.036191061,-0.002238232,0.062239017,-0.030662969
E:\Project\Fake News Detection\images\real\5729.png,real,train,0.600221992,0.634097219,-0.235278308,0.174424991,0.022068378,-0.131614164,0.035043504,0.106399983,0.048111744,0.010562247,-0.227624342,0.117596641,0.031736434,-0.076107755,-0.00125454,-0.060627662,0.139973015,-0.029163495,-0.129529968,-0.039274279,-0.05214639,0.030860646,-0.021446818,-0.132823929,-0.056905787,-0.08554057,0.085186079,-0.001543079,0.01351495,0.016640702,-0.024221916,-0.066952109,-0.008551382,0.070362471
E:\Project\Fake News Detection\images\real\5731.png,real,train,0.822264969,0.83307755,0.176138788,0.178558528,0.055392258,0.046496972,0.067555226,-0.151286229,0.059089586,0.069530047,-0.257796288,0.010270716,0.14522633,-0.021474972,-0.094448939,-0.0173505,-0.054708295,-0.046936817,0.03021819,0.112047143,0.107159086,-0.03700551,-0.252696753,0.111313105,-0.095105164,0.06696739,0.100813106,-0.063525043,-0.048940569,0.024009781,0.05610802,0.039820574,0.005342183,-0.003251853
E:\Project\Fake News Detection\images\real\5738.png,real,train,0.734393239,0.779192746,0.046472948,0.011825874,-0.103061192,0.080962762,0.225913391,0.264018565,0.079400234,-0.030216966,-0.166646823,-0.032448292,0.02935103,0.018856626,-0.062395282,0.023355227,0.004886028,0.029426232,-0.056094386,0.150709286,0.098248027,0.017735356,-0.012512769,0.080056034,-0.071755916,0.152741387,-0.061407782,-0.007414388,0.0445484,-0.039241649,0.040877163,-0.092012785,-0.058017243,-0.006855645
E:\Project\Fake News Detection\images\real\5754.png,real,train,0.760925889,0.946555912,-0.201382801,0.29698208,-0.172947839,-0.094648764,-0.026952466,0.136434481,-0.004975225,0.045845233,-0.150956646,0.099104516,-0.032511286,-0.147967309,-0.079876028,-0.116275527,0.080084071,0.028557943,-0.11487297,-0.002880607,-0.080757149,-0.003813686,-0.024836142,-0.061576359,0.01070532,0.017761415,0.057885718,-0.000681979,0.014173871,0.021520866,-0.019322254,0.00809897,0.007572214,0.09201324
E:\Project\Fake News Detection\images\real\5758.png,real,train,0.948929131,1,0.251745492,-0.340028554,0.162573874,0.145190582,0.167129979,0.019320928,0.023495626,0.16800493,-0.014596604,-0.074972585,0.091277026,0.015147666,-0.027427353,0.016022848,0.047310248,0.083607636,-0.042766664,-0.053871516,-0.082926787,0.048466507,-0.128792569,0.007424902,0.107573882,-0.080965102,0.035643429,0.012719425,0.015688678,-0.05912922,0.054045584,0.00471855,-0.014025986,-0.001671715
E:\Project\Fake News Detection\images\real\5764.png,real,train,0.8994627,0.914144397,0.468733758,0.011616183,0.206428319,0.008484907,0.137054533,0.282799006,-0.196205318,0.065434441,0.074082337,0.000111826,-0.066430494,-0.018984323,-0.020691724,0.032737687,0.133036345,0.038080886,-0.093195528,0.01932806,-0.030184697,-0.049471933,-0.070049413,0.06588994,0.065392189,-0.020789722,0.004142815,0.007220751,0.025096027,-0.041420672,0.020581331,-0.023949306,0.032176018,-0.011078179
E:\Project\Fake News Detection\images\real\5774.png,real,train,0.710727096,0.747298837,-0.062896073,0.358882844,-0.313998908,0.078866154,0.078573883,0.162145734,-0.124054655,-0.051382434,0.044302575,-0.044325273,0.149839804,-0.011570839,-0.121309124,0.037332792,-0.038871713,0.048009075,-0.081939675,-0.05223256,0.036533061,0.077239685,0.12255206,0.074865431,-0.017848352,-0.005826778,-0.045651089,0.000658977,-0.026041726,-0.084776223,-0.023695607,0.089947432,0.070952997,-0.018855717
E:\Project\Fake News Detection\images\real\5777.png,real,train,0.684991956,0.711887538,0.030207394,0.127894595,0.168200478,0.137043983,-0.055280775,-0.105007976,0.024139347,0.217939526,0.167273119,0.086644299,0.17421563,0.06741976,0.029546862,-0.120638281,-0.101381704,0.111848712,-0.063633583,0.100611545,-0.092130974,-0.01613857,0.142516434,-0.050563622,0.023287684,-0.062674902,-0.026977101,-0.012859275,-0.050174404,-0.006533935,0.113866806,-0.039090469,0.004753374,0.019645568
E:\Project\Fake News Detection\images\real\5794.png,real,train,0.902211964,0.926096201,0.140622348,-0.470224351,0.041055873,-0.088706665,-0.166760132,-0.047601879,-0.143758804,-0.08301314,-0.026317922,0.023941906,0.148181885,0.007548112,-0.089171059,-0.027825387,-0.035726309,-0.031277847,0.016407525,-0.037652485,-0.015995014,0.034973323,-0.01537262,0.043909822,0.020501327,-0.045484811,0.056862473,0.002929639,-0.067636222,-0.042971771,0.017265329,0.037115432,-0.072119452,-0.031173272
E:\Project\Fake News Detection\images\real\5795.png,real,train,0.664552093,0.677296221,-0.127621949,-0.191073567,-0.007344366,0.270162076,-0.129776299,-0.014957222,-0.080028407,-0.032672867,-0.033765219,0.064427502,-0.047326706,0.038477283,-0.11696507,0.03421681,0.053547397,-0.075030535,-0.031034209,-0.001707678,0.029913805,0.043310024,-0.002286095,-0.047191638,0.025339309,0.035868213,0.051670849,-0.004564442,0.099556677,0.014903371,-0.087311141,0.061607987,0.054759491,0.072692588
E:\Project\Fake News Detection\images\real\5798.png,real,train,0.922445476,0.937367439,0.260796309,0.077610515,0.092911735,0.062935807,-0.384420604,-0.054970976,0.401451319,0.039864346,0.014476219,-0.05548957,-0.034886729,-0.13321346,-0.022215903,0.088936083,-0.011494435,0.12694937,0.110300295,-0.043856766,0.039878406,0.03370294,-0.016630882,-0.030052667,0.071159489,-0.013201498,-0.034745876,-0.009559825,0.025683206,-0.082243383,0.003039365,-0.05179378,-0.005549934,0.023587275
E:\Project\Fake News Detection\images\real\5800.png,real,train,0.89882338,0.937367439,0.27237606,0.073852435,0.100338362,0.066213474,-0.369663566,-0.044554777,0.395329326,0.031562604,0.001678627,-0.0911109,-0.059598669,-0.148538649,-0.02239126,0.058489617,0.023132715,0.133164421,0.115717776,-0.048266154,0.038978372,0.039975937,-0.009974549,-0.029900234,0.04919662,-0.009606089,-0.009742384,0.013304913,0.022578465,-0.080227099,0.007828641,-0.044732813,-0.003087146,0.030024666
E:\Project\Fake News Detection\images\real\5804.png,real,train,0.847865224,0.907953739,0.037356809,0.071313351,-0.45680514,-0.163645148,-0.303731173,-0.038876932,0.163717002,-0.084553733,0.051223382,-0.003987141,-0.021748397,-0.099513359,-0.064757854,0.209518164,-0.037551045,-0.088181749,0.059196156,-0.122615486,0.032247975,-0.029084751,-0.026398361,0.061846007,-0.042835999,0.052849337,-0.046879675,0.030830873,0.005432009,-0.011459867,0.03125453,-0.064231977,0.00998869,0.001447419
E:\Project\Fake News Detection\images\real\5806.png,real,train,0.940034866,1,0.455668718,0.073663853,0.033929802,-0.292684615,-0.158171639,0.112698406,-0.307233304,-0.049605932,0.138771862,0.137910321,-0.012216664,-0.100064091,-0.013505837,-0.008678819,0.067458294,-0.068854555,-0.032325301,0.016441932,0.042097569,-0.044042394,0.025876863,0.067492858,0.008353184,0.011437126,-0.006398565,0.010185729,-0.020918131,-0.006274847,-0.02632189,-0.065150768,0.012771512,-0.029216798
E:\Project\Fake News Detection\images\real\5811.png,real,train,0.757423282,0.826519608,-0.065259017,-0.225463033,-0.096900843,0.276348323,-0.041901041,-0.081112467,-0.066721596,0.149588704,0.062012654,0.076811738,-0.067540526,-0.128838614,0.010811121,0.013941288,0.04401543,-0.042466495,-0.051146932,-0.007267778,0.092382357,-0.107378259,0.037162572,0.099077821,-0.17783162,0.002717928,-0.140752137,0.033661202,-0.012020144,0.069381483,-0.004578373,0.095891207,0.016187035,0.041932415
E:\Project\Fake News Detection\images\real\5815.png,real,train,0.79839021,0.841118693,-0.02106382,-0.346800655,-0.155306563,-0.022838026,-0.323027074,0.069771327,0.05501793,-0.149654046,-0.045105945,-0.029420767,0.085245065,-0.057050098,-0.064249173,0.123076983,0.026204271,-0.112721115,-0.015757507,0.032821804,0.049076065,-0.063687705,0.058023948,-0.014660973,-0.055918273,-0.059586935,0.035567869,-0.049472209,-0.059918907,-0.019541586,-0.027445571,-0.049542621,-0.006456281,-0.007094264
E:\Project\Fake News Detection\images\real\5818.png,real,train,0.777007222,0.826096773,-0.430367887,-0.01386287,0.263348848,-0.167961583,-0.187242895,0.090356529,0.056226794,0.069276385,-0.077794962,0.059183538,-0.199889168,-0.093906045,-0.063460387,-0.149566144,-0.02433628,-0.017948208,-0.039150089,0.05766689,-0.011748624,0.059130717,-0.034838185,0.011900296,0.050028879,0.088633724,-0.074253179,0.095199883,0.004752273,0.078610383,0.131642073,0.002262471,0.037825603,0.022170687
E:\Project\Fake News Detection\images\real\5823.png,real,train,0.785921395,0.83203733,0.050107364,-0.185099766,0.311303437,0.034751806,0.411503881,0.055489983,0.222890496,-0.158585668,0.169057578,0.014486317,-0.023107015,-0.186605796,0.048934184,-0.001127988,-0.170649454,-0.07852044,0.03375699,0.00044888,-0.146247357,-0.008379649,-0.003871334,-0.015717756,-0.046415363,0.023800472,-0.00298185,0.017474873,0.060981892,0.013859472,0.042204984,0.071108341,0.010218504,0.037817743
E:\Project\Fake News Detection\images\real\5824.png,real,train,0.893701077,0.964575171,0.31187883,0.166713417,0.023595819,-0.005350341,-0.242653653,-0.107894719,0.29031077,0.0397061,-0.139312461,-0.163142756,0.1191983,0.023396267,-0.035214152,0.192815199,-0.004483373,-0.045761272,-0.107626475,0.016033439,-0.093131095,0.05673309,0.167135283,-0.002409687,-0.089584477,-0.013285746,-0.06940297,0.039027411,-0.002386135,0.08856494,-0.028049357,0.071286373,-0.030948158,-0.008827463
E:\Project\Fake News Detection\images\real\5825.png,real,train,0.775699437,0.81715095,-0.007692885,-0.166637391,-0.122805424,0.014292409,-0.138592124,-0.070895962,-0.100500651,-0.01952932,-0.190719977,-0.15793696,-0.059148487,-0.105459504,0.100425288,-0.060286965,-0.008660216,0.143273547,-0.011292303,0.04785737,0.025070284,0.159375876,0.042943668,-0.009425359,-0.100738578,0.003606634,-0.01847624,-0.074268647,0.135761008,-0.009563596,-0.075351201,0.044117555,-0.032789331,-0.010408776
E:\Project\Fake News Detection\images\real\5841.png,real,train,0.615915895,0.666769028,0.073655017,-0.014548061,-0.057508174,0.14489238,0.194429368,0.157981157,0.284739286,0.011190158,0.026751932,0.059686374,-0.049555175,0.103458121,0.072327197,-0.003007859,0.14935647,0.043542676,0.00360783,-0.007237014,0.074001923,0.054894846,0.03989194,-0.026645327,0.066270486,0.016939739,0.026301207,-0.069550738,-0.029421056,-0.071899943,-0.037500031,-0.036771502,0.1731475,-0.024249608
E:\Project\Fake News Detection\images\real\5844.png,real,test,0.822979569,0.837844491,0.177124679,0.139926448,0.05829069,0.06531623,0.107474521,-0.171285123,0.061858661,0.054332383,-0.249439597,0.003254257,0.145303011,0.00453195,-0.057721626,-0.001270536,-0.07917951,-0.039500222,0.049695112,0.094201088,0.119075537,-0.028733119,-0.211603165,0.13741225,-0.08550521,0.020545848,0.135916725,-0.030479297,-0.023316592,0.02876693,0.061354045,-0.010161803,-0.000131495,-0.009876236
E:\Project\Fake News Detection\images\real\5848.png,real,train,0.839423537,0.846213937,0.459304184,0.032516733,0.170193344,-0.056298535,-0.005554007,0.266240209,-0.006268676,-0.088818118,-0.082591556,-0.114160724,-0.130333021,-0.003367858,-0.015176883,0.219972149,0.059379864,0.010432974,-0.056774303,-0.035690557,0.012912574,-0.057403892,0.014060022,0.037880667,-0.037308782,-0.021314243,-0.035286505,-0.016822791,0.026761502,-0.013777975,0.016089685,-0.009372515,-0.016534528,0.037575539
E:\Project\Fake News Detection\images\real\5849.png,real,train,0.569728673,0.609320164,-0.043585621,-0.011128926,0.188711777,-0.097466797,0.049667031,-0.061654858,0.095219232,-0.104868665,-0.095700994,0.150120988,0.099760108,0.044484064,0.15871124,-0.138883829,0.187689662,-0.05435228,-0.106118299,-0.191913292,0.062124655,0.087706871,-0.015700465,-0.059904624,-0.083009452,0.090005338,-0.145326644,0.050157003,-0.053713195,0.056537136,-0.085383832,0.026244981,0.089913279,0.108494259
E:\Project\Fake News Detection\images\real\5860.png,real,train,0.586237431,0.623236477,-0.166430026,0.115316354,0.244046941,0.024073381,0.013453603,-0.079270221,-0.005736147,0.024878467,0.091283523,0.01611636,-0.083847351,0.04041744,0.041417606,-0.114310861,0.015962219,0.049486436,-0.003556242,-0.118971139,0.062176842,-0.014155597,-0.068479352,-0.038307454,-0.21245338,-0.150465235,-0.127928823,-0.031481154,-0.164174482,0.128498062,-0.106050186,0.056145187,-0.091512367,0.049686078
E:\Project\Fake News Detection\images\real\5864.png,real,train,0.6374318,0.647847116,-0.039284386,0.103457868,0.102589078,0.025822889,0.04454362,-0.086625308,0.089401044,-0.194543347,-0.100168891,0.189688697,0.06136851,0.166978195,0.21633482,-0.082327165,0.216255829,0.027071003,0.041095905,-0.104790613,0.116995074,0.02019109,0.100514799,0.141256064,-0.019811397,-0.057575125,0.091449946,-0.080618247,0.008955966,0.063585356,0.025846642,-0.04545274,0.08011961,-0.036880452
E:\Project\Fake News Detection\images\real\5867.png,real,train,0.565895259,0.600397885,-0.020567684,-0.043447886,0.235777482,-0.052405667,0.069803901,-0.039447099,0.033498749,-0.088774443,-0.065579057,0.199651793,0.069000795,0.114143282,0.244940147,0.014287175,0.166316226,0.028868388,0.102169007,-0.154121265,0.100993089,0.06804692,0.170399323,0.14779751,0.058464821,-0.026868371,0.010983769,-0.047105383,-0.023977278,0.058859568,0.013230992,-0.033925094,0.057040565,-0.017653631
E:\Project\Fake News Detection\images\real\5868.png,real,test,0.670766056,0.751018882,-0.035036106,0.157964215,0.085314736,0.038558789,0.02882644,-0.096465111,0.056960255,-0.115999714,-0.052750092,0.257691383,0.019724239,0.186059713,0.200113237,-0.00415935,0.195589945,-0.030816849,-0.003491107,-0.187927306,0.085457712,0.026383344,0.104431003,0.089939512,-0.055908345,-0.116342641,-0.011900241,-0.051780567,0.029967569,0.098160133,0.025655143,-0.081276722,0.047860399,0.013239492
E:\Project\Fake News Detection\images\real\5872.png,real,train,0.881243706,0.938416064,0.015966326,-0.087661877,-0.171228856,0.239817634,0.206782207,0.053518504,0.185754895,0.376877308,0.099528119,0.004007838,-0.115603507,0.051145252,0.02662342,-0.008105152,0.030415988,0.086801402,-0.071959816,0.053968113,0.055445869,-0.06680274,0.064204209,0.017293489,-0.000477276,0.000905664,-0.070458144,-0.043929003,-0.065470137,0.036052056,-0.07690613,-0.043714821,-0.018674392,-0.007906837
E:\Project\Fake News Detection\images\real\5874.png,real,train,0.782143712,0.854875445,0.161423147,-0.063887641,-0.230473354,0.087308459,0.067836642,0.04510295,0.20741342,0.140125975,-0.038120933,-0.042536475,-0.040324572,0.121219307,0.020911677,0.048781827,0.134241864,-0.063746512,-0.086467624,0.132946864,-0.013978654,0.024957187,-0.018388553,-0.003073624,0.047845073,0.027259441,0.013241868,-0.051717289,0.036513276,0.031579398,-0.019447364,0.078674138,0.007679778,-0.099859998
E:\Project\Fake News Detection\images\real\5880.png,real,train,0.660740674,0.686179638,-0.05375367,0.190934718,-0.407009602,0.089988157,-0.026571192,-0.034433249,-0.032197069,0.088150024,0.008348198,-0.054224867,-0.028922265,-0.033340659,0.052385323,-0.126535088,-0.151126951,0.072890833,0.065455779,-0.129418746,-0.008036942,0.019590167,0.000729104,0.05687413,-0.094540074,0.030134806,0.081308067,0.020528918,-0.017081942,0.01906357,0.017360002,0.080521546,-0.050265279,-0.112456329
E:\Project\Fake News Detection\images\real\5884.png,real,train,0.92164278,1,-0.106794484,-0.289531648,0.005835589,0.478067845,-0.12035232,0.051560279,-0.053735506,0.19934167,0.052279189,-0.070538282,-0.00020445,-0.074698061,0.062099066,-0.013151309,0.01560383,0.005527585,-0.06574522,-0.033676717,0.045376241,-0.082081527,0.057212226,0.011781979,-0.04533539,0.01356424,-0.032299936,-0.015081474,-0.06555406,0.050316963,-0.033699829,-0.010827669,-0.032703813,0.034983054
E:\Project\Fake News Detection\images\real\5891.png,real,train,0.865814865,0.967169046,-0.031333007,-0.329111993,-0.237788618,0.067771651,-0.205685139,-0.073414624,-0.204343423,-0.09099707,-0.142455429,-0.138893247,-0.06231311,-0.087727256,0.127645537,-0.088605948,-0.002685395,0.056729332,0.030978993,0.043005768,0.023712246,0.10536512,0.020089358,0.002549324,-0.121671513,0.009551817,-0.027577111,-0.085191771,0.064377882,-0.075513259,-0.056110069,0.09840484,-0.009756614,0.018084925
E:\Project\Fake News Detection\images\real\5894.png,real,train,0.736402035,0.844249427,-0.043506261,-0.092120089,-0.0301196,0.132690936,0.021028111,-0.009514182,-0.211078718,-0.182191849,-0.289969325,-0.107981697,-0.064345874,-0.068917707,0.115098603,-0.043113716,0.028884782,0.079065211,0.028279053,-0.004917613,0.075135961,0.154126346,0.049993847,0.035956286,-0.039992169,-0.056269415,-0.048049569,-0.077682793,0.125911161,0.013916286,-0.110879861,0.021752829,-0.082530275,0.022946069
E:\Project\Fake News Detection\images\real\5900.png,real,train,0.841769338,0.967169046,-0.015937777,-0.243867487,-0.236396506,0.005483348,-0.147493809,-0.121993288,-0.164503187,-0.053965919,-0.146692768,-0.136680454,-0.10590452,-0.101911351,0.106452599,-0.100328512,0.004932126,0.119351104,0.043133244,0.058444522,0.034110997,0.147018358,0.024427077,0.013897239,-0.15374893,-0.009480759,-0.048580524,-0.079193406,0.094487742,-0.0830146,-0.068194263,0.067924231,-0.041882157,0.015041681
E:\Project\Fake News Detection\images\real\5905.png,real,train,0.614889026,0.627882242,-0.454886913,0.056669779,0.128383458,-0.084219158,-0.011104955,-0.062387537,-0.111711226,0.115421876,-0.066524744,0.060751218,-0.108871512,-0.064439908,-0.106547982,0.002648761,-0.038047336,0.054142155,-0.077097833,0.05281502,-0.022297939,0.008786685,-0.046972159,0.036505401,0.017955368,0.021641415,-0.039221246,-0.059201568,-0.047366861,-0.001253619,0.009737258,-0.140854448,-0.069126129,-0.039179571
E:\Project\Fake News Detection\images\real\5909.png,real,train,0.677779198,0.764670849,-0.039349873,0.058723036,-0.117170259,-0.020305255,-0.015852895,-0.223969251,-0.029608812,0.062547229,0.014338086,-0.060986187,-0.01267642,0.030162496,0.200578555,-0.101938434,-0.044553731,0.084107846,-0.142085165,-0.019567888,-0.057356704,-0.130387127,-0.02511646,0.007432435,-0.027961805,0.064820886,0.031806678,0.081914954,0.04394611,-0.059813157,-0.094407283,-0.043144505,-0.051147327,0.054032136
E:\Project\Fake News Detection\images\real\5911.png,real,train,0.655649662,0.709755421,0.005658623,-0.074946575,-0.035151109,0.153854996,0.083070621,-0.058466319,0.021379981,-0.016739607,0.053694192,0.088092804,-0.094715774,-0.100425467,0.162589371,0.112226933,-0.017949095,0.102979757,0.056725193,0.022186372,-0.00207021,-0.05941974,-0.006073345,-0.025320239,0.038980015,0.038352363,0.000771954,-0.11878264,0.052108958,-0.121297762,0.158914506,0.066446632,0.044240538,0.017831685
E:\Project\Fake News Detection\images\real\5913.png,real,train,0.788160801,0.811685622,0.35105136,-0.068795495,0.189069867,-0.040139645,0.256411135,0.248761058,-0.177485645,0.03765763,-0.105861656,-0.02963368,0.01650993,0.043529328,-0.01378007,0.103555135,0.01801903,0.026250383,-0.087965816,0.023747507,-0.013792238,-0.00139105,-0.010945518,0.030082704,0.067979172,-0.049952567,0.005317007,0.05350551,0.053944964,0.011830089,-0.031286433,0.069219664,-0.064704858,0.071631491
E:\Project\Fake News Detection\images\real\5916.png,real,train,0.713000417,0.80154866,-0.264692575,-0.019503573,0.098538414,-0.066575587,-0.078530952,-0.043562967,-0.090676486,0.216080934,-0.117073908,0.003846521,-0.22273308,-0.206741959,-0.125371039,-0.087674595,0.026514493,0.019470638,-0.016627029,-0.093902983,0.057245653,0.091395125,0.069118515,-0.041672703,-0.093815699,0.058679048,-0.079326637,0.044286102,-0.025409458,0.068325803,-0.054248504,0.001222666,-0.149310142,0.012791899
E:\Project\Fake News Detection\images\real\5920.png,real,train,0.931827068,1,0.423463523,-0.095724136,0.221990004,0.028275486,0.18913807,0.3235901,-0.19268328,0.039246779,-0.003197581,-0.066240825,-0.033944257,0.003114459,-0.009834991,0.048467994,0.068170018,0.073554933,-0.082633056,-0.039041858,-0.011402445,-0.017521797,-0.065178856,0.05852076,0.048738778,-0.03135797,0.047677081,0.056400053,-0.000379731,-0.056837354,0.060654912,-0.004510586,0.006871152,0.030575322
E:\Project\Fake News Detection\images\real\5928.png,real,test,0.798630536,0.869025767,-0.399117976,0.05415738,0.232390553,-0.2143002,-0.187288642,0.072187111,0.055159837,0.07815703,-0.141184375,0.086958021,-0.182613328,-0.125980645,-0.110199146,-0.182264388,-0.042430371,-0.030352626,-0.054189648,0.017516941,-0.006175935,0.062509075,-0.134775862,-0.002740681,-0.00398615,0.064495154,-0.094675705,0.039953224,-0.018427916,0.130799651,0.175816879,-0.067441233,0.048809394,0.061472163
E:\Project\Fake News Detection\images\real\5929.png,real,train,0.689388096,0.719835997,-0.267870426,0.052555785,0.168816179,-0.211681008,-0.052580036,0.058282118,0.055378206,0.194575623,-0.118622318,-0.009195989,-0.095314994,-0.222571611,-0.018662468,-0.073140107,0.090761743,-0.097845353,0.035891388,-0.078701623,0.10018687,0.069640681,0.098030105,-0.091976792,0.034690745,0.042711671,0.088080034,0.039260708,-0.057416536,-0.122273006,0.002745401,0.038230654,-0.100423254,-0.101405926
E:\Project\Fake News Detection\images\real\5932.png,real,train,0.80983448,0.848276615,0.452956319,0.190264553,0.12269482,0.051554505,-0.205151707,0.141165733,0.143682897,0.025224332,-0.021878675,-0.083546042,-0.028120188,-0.085709609,-0.018662147,0.233608752,0.068438798,-0.034643125,-0.066291139,-0.058769278,-0.05871832,-0.123439975,0.021072058,0.025524508,-0.023220753,-0.004984186,-0.053389154,-0.043935403,0.033493396,0.062324543,-0.0036295,-0.078115419,-0.01294362,-0.013567441
E:\Project\Fake News Detection\images\real\5939.png,real,train,0.625611484,0.664019704,-0.291905135,0.223422587,0.229728207,-0.259357303,-0.069824114,0.089931734,0.045633703,0.16433315,-0.159540817,0.003291265,-0.04956995,-0.166755095,-0.084419683,-0.174531668,0.064941011,-0.116698012,-0.028367888,-0.024358109,-0.023623485,0.08263699,-0.000168712,-0.128339857,-0.027143084,0.023284871,0.046677094,0.022826344,-0.152902409,-0.041267235,0.043247014,-0.050760575,-0.023672612,0.042159997
E:\Project\Fake News Detection\images\real\5941.png,real,train,0.832382083,0.920044184,0.027476855,0.090402842,-0.453001082,-0.059705265,-0.137240037,-0.010634167,-0.027547374,-0.054135643,0.110766672,-0.01773425,-0.067296878,-0.079852417,0.130493015,-0.07150504,-0.025738239,-0.077395588,0.000396656,-0.0634773,-0.089096725,0.096955523,-0.008598526,0.044880893,-0.046946939,0.032034341,0.01396273,0.038848367,-0.026606945,0.010716185,0.069316842,0.032278851,0.028708773,-0.00626799
E:\Project\Fake News Detection\images\real\5946.png,real,train,0.625861526,0.64143908,-0.030633632,0.014803944,-0.104197748,0.1354893,0.002392353,-0.209275067,-0.100782789,0.076034635,-0.078330681,0.024145216,-0.035500545,-0.064022928,0.076707885,0.087233432,0.022575084,0.128405258,0.009277851,0.085499458,-0.026778642,-0.03984455,0.143962473,0.048741948,-0.024061676,0.011827758,-0.038229927,0.006572568,-0.023740543,0.065385625,-0.056029268,0.079063371,0.039915849,0.037042763
E:\Project\Fake News Detection\images\real\5948.png,real,train,0.740011752,0.768803239,0.052554417,0.212839946,-0.039338712,0.112376951,0.005114506,-0.118660621,0.102980256,-0.160056904,0.15519242,-0.217831746,-0.090415359,0.118885823,0.035112541,-0.052685156,-0.125913203,-0.138938859,-0.211549819,0.032610815,0.167016938,-0.10442251,-0.03525693,0.012924522,0.043333571,-0.118880317,-0.055820581,0.021391867,0.03364354,0.007109299,0.064033635,0.046192769,0.027867427,0.162231773
E:\Project\Fake News Detection\images\real\5976.png,real,train,0.627395272,0.693578839,-0.069599405,0.221692204,-0.224708378,0.146729395,-0.055242766,-0.038261421,0.059420221,0.108809605,0.195788831,-0.15420638,0.011723815,0.022213537,0.07343705,0.094456412,-0.039426241,0.062822327,0.054161932,-0.175679982,-0.016407734,0.008551486,-0.011893299,-0.015786234,0.07056538,0.10332378,0.044905636,0.086373962,0.061695699,0.053484231,0.015631109,-0.015746133,-0.015839357,-0.018720888
E:\Project\Fake News Detection\images\real\598.jpg,real,test,0.765312016,0.894112587,0.244810849,0.013547234,0.079065591,-0.008384962,0.211721897,-0.032439403,-0.019666165,0.057436906,-0.230273038,-0.059731737,0.186146647,0.038744353,-0.038529169,0.005747538,-0.104646862,-0.015288621,-0.11156027,0.034019396,0.040823691,0.034261979,0.107854083,-0.0267343,-0.035375997,-0.005560055,0.010028429,0.180403545,0.001581736,0.018354967,0.01468832,0.118420251,0.023203444,0.06541948
E:\Project\Fake News Detection\images\real\5986.png,real,train,0.597128391,0.606099963,0.109522417,0.046544217,-0.029422788,0.071464919,-0.027991148,-0.054545473,0.023517931,-0.21047695,0.163173288,-0.251747936,-0.038561244,0.115817316,0.013509055,-0.133136123,-0.019873776,-0.077751108,-0.050876141,-0.03472098,-0.022065865,-0.004660374,-0.022022933,-0.144684926,0.076286741,-0.017091705,-0.027929535,-0.058270328,-0.008238703,-0.012321331,0.109357171,0.047492646,-0.025288507,0.036313694
E:\Project\Fake News Detection\images\real\60.jpg,real,test,0.568587899,0.651915133,-0.174903765,0.018816866,-0.01286605,-0.068136096,-0.02700099,-0.112925187,-0.000940407,-0.089273736,-0.038829122,-0.05037602,-0.184098363,0.084906213,-0.011446869,-0.165484905,-0.111672625,0.104150057,-0.177651867,0.049789861,0.056738377,-0.136416033,-0.054618496,0.037281029,-0.04212638,-0.041339517,0.069460236,0.01580295,0.062505089,-0.028453261,0.034671798,0.065397091,-0.046024948,-0.028570004
E:\Project\Fake News Detection\images\real\6000.png,real,train,0.610421956,0.775780737,-0.00716665,-0.131388396,0.012245499,0.211743087,0.021408085,-0.089759067,-0.031977642,-0.144547597,-0.069095798,-0.027511191,0.058803987,-0.153087735,0.035198234,0.090987757,0.084179178,0.144843936,-0.001828618,0.055085983,0.116730265,0.099295124,-0.104371436,-0.042338703,-0.07691101,0.026377616,-0.143306017,-0.034638852,0.025853163,-0.017374692,-0.013030391,0.120793328,-0.001588784,-0.070370764
E:\Project\Fake News Detection\images\real\6001.png,real,train,0.671685874,0.720675945,0.007586345,0.081937894,-0.126666963,0.007997115,-0.058296885,-0.221297488,0.018746382,-0.132407472,0.049814727,-0.146110147,-0.145027637,0.082789868,0.100983985,0.00241657,-0.060351361,-0.009456113,-0.144566894,0.004485858,0.123378426,-0.151347339,0.018956292,0.049840938,0.094936088,-0.083789296,-0.06745448,0.027835302,0.063838534,-0.049225081,0.040801156,0.040556893,-0.057132728,0.029797345
E:\Project\Fake News Detection\images\real\6002.png,real,train,0.711907387,0.739280939,0.051951673,0.026999211,-0.130972028,-0.114509434,-0.161715537,-0.28384155,0.004592861,0.064964958,0.058002919,-0.070633642,-0.029782478,0.152408406,0.168075308,-0.081528634,-0.111241251,-0.012273729,-0.140832394,-0.043089699,-0.015373587,-0.087293066,-0.077502236,-0.033539362,0.0055601,0.105704807,0.039357677,0.068181999,0.136559308,-0.103969723,-0.02996742,-0.089575931,0.062406674,0.077116065
E:\Project\Fake News Detection\images\real\601.jpg,real,train,0.576963365,0.638565063,-0.154479727,0.042394828,0.003766162,-0.041938666,-0.051300794,-0.146697372,0.048968762,-0.113635361,-0.165425971,0.064206623,-0.077715345,0.043131843,0.016306434,0.068179041,0.010708264,0.040737174,-0.05307949,0.036194671,-0.004045683,-0.087560073,0.0018131,0.044971842,0.060958501,0.01192518,0.04128769,-0.062400442,0.016000764,0.022458373,0.066563405,0.064089783,-0.005502298,-0.137791723
E:\Project\Fake News Detection\images\real\6021.png,real,train,0.749961019,0.825452149,-0.184479475,0.028594326,-0.105247967,-0.044071037,0.079373084,-0.198095083,0.005146078,-0.133077338,-0.021261021,-0.081164382,0.079062343,-0.164921373,-0.101098552,-0.11283996,0.222631916,0.044370517,-0.008804485,0.136748984,-0.174238712,-0.151021987,0.128352433,0.063307166,0.110926844,-0.037398197,-0.063682064,0.013575231,0.063629813,0.022131892,0.008544363,0.044024963,-0.050506748,0.03721571
E:\Project\Fake News Detection\images\real\6029.png,real,test,0.980585456,1,-0.00622724,-0.459678322,-0.232854694,0.0005766,-0.203799486,-0.007769467,-0.14614141,-0.131351829,-0.003980862,0.006797276,0.116332188,-0.077337444,-0.020609993,0.008170597,0.041567087,-0.150951073,-0.016420905,0.006471142,0.098530114,-0.003364564,0.01799538,-0.006397948,0.027367085,0.038245641,0.011597754,-0.00943321,-0.020133175,0.012626901,0.007327799,-0.008288441,-0.006739162,-0.009742208
E:\Project\Fake News Detection\images\real\6031.png,real,train,0.734069169,0.765562057,-0.173415169,0.06340085,-0.08291325,-0.103222571,0.040098172,-0.178387046,0.030165555,-0.175851494,-0.051663782,-0.106866874,0.077110812,-0.15189454,-0.165557444,-0.167166263,0.296214193,0.084915362,0.011126688,0.095726244,-0.126183495,-0.206618488,0.134215191,0.072408058,0.168052256,-0.038284868,-0.036919761,0.064744018,0.030763352,-0.040643442,-0.095407747,-0.02056781,-0.072440773,0.142493844
E:\Project\Fake News Detection\images\real\6036.png,real,train,0.751283526,0.803477883,-0.180067092,0.046165716,-0.09122131,-0.046643104,0.067868292,-0.162140951,0.049386717,-0.170823455,-0.054567106,-0.098852389,0.054515865,-0.172959805,-0.105639517,-0.136403918,0.288253009,0.087502338,-0.005974352,0.136935875,-0.126014754,-0.160463512,0.116861455,0.128788263,0.165204108,-0.103673905,-0.052216906,0.006273094,0.071071208,-0.019381426,0.001926595,0.034179192,-0.067366309,0.037840873
E:\Project\Fake News Detection\images\real\6046.png,real,train,0.686799049,0.732267857,0.352243215,0.147890583,0.032154799,0.031269725,-0.102332041,0.054498754,-0.225319281,0.135605127,-0.001661794,-0.046032984,-0.033085015,-0.026027,0.152281061,-0.062536404,-0.002879861,0.031600811,0.169844627,-0.021412896,-0.200675875,0.009658911,0.037730847,-0.027405886,0.078479841,-0.102985986,0.052314058,-0.058379427,-0.037118901,0.068858661,-0.050875086,-0.090148658,0.114515811,0.047966693
E:\Project\Fake News Detection\images\real\6048.png,real,train,0.653895855,0.66975534,0.135679066,0.016455974,-0.180809423,0.089551345,0.243704036,0.115188226,0.157868162,0.062490746,0.045726024,-0.03628071,0.021583552,0.071822822,-0.106446713,0.041472998,0.144272879,0.023417352,-0.056217574,0.110560954,0.065583229,0.100783028,-0.036935247,-0.001707011,0.035686683,0.058330249,-0.091124125,-0.026621895,-0.051052738,-0.088792153,-0.024532072,-0.022935249,-0.002753506,-0.159273222
E:\Project\Fake News Detection\images\real\6052.png,real,train,0.737652063,0.805789709,-0.080757961,0.323981673,-0.357804656,0.078706607,-0.018910261,0.165074468,-0.088096552,-0.005688775,-0.022869784,0.024209654,0.099196047,-0.031356145,-0.035679094,0.040248953,-0.017645739,0.048620131,-0.083200231,-0.01628042,-0.057243928,0.042467434,0.016211919,0.029643081,0.010198519,0.004593512,0.028201343,0.022708707,0.014821747,-0.0560502,-0.008388894,0.041820299,0.033590056,0.009551631
E:\Project\Fake News Detection\images\real\6061.png,real,train,0.73771894,0.753593683,-0.080476962,-0.117573135,-0.11916884,0.018101444,-0.023868576,-0.126771331,-0.110936336,-0.049026333,-0.184870228,-0.128928155,-0.066725604,-0.032139853,0.12888141,-0.087072037,0.047631867,0.179667056,0.009871271,0.036645804,-0.033980332,0.081496529,0.019119471,-0.022865504,-0.104294732,-0.087159514,0.019384164,-0.116425775,0.172037408,-0.020133775,-0.071246885,0.007890049,-0.032988802,-0.085043021
E:\Project\Fake News Detection\images\real\6069.png,real,train,0.51407212,0.520743489,-0.13836886,-0.007354945,0.00844755,-0.049226832,-0.134831816,-0.100564979,0.08041916,-0.129941493,-0.136019081,-0.025652835,-0.183792308,0.092719845,-0.028315971,0.140751421,-0.001254127,0.160130009,-0.060484622,0.077890575,0.055351824,-0.084411509,-0.007220906,0.103406928,0.036667861,0.049123749,0.093050145,-0.039493669,0.079442292,-0.054244433,0.127650291,0.048367016,-0.04003175,-0.091186553
E:\Project\Fake News Detection\images\real\6085.png,real,train,0.693097472,0.789040565,0.156277105,0.162886053,-0.01238936,0.001691132,0.033609577,-0.249478593,0.072265722,-0.024201106,-0.029115453,-0.081279412,0.109840363,0.008957061,-0.07135953,0.010181002,0.076136589,-0.046572059,0.120550901,0.015520063,0.055641696,0.005062706,0.043410517,-0.118927874,-0.112784922,-0.032460287,0.105390735,0.228458956,-0.002469625,0.148974255,-0.00837625,-0.006496673,0.124624938,0.007709926
E:\Project\Fake News Detection\images\real\6088.png,real,test,0.739717126,0.822631478,0.095965728,-0.012612425,-0.096246593,0.038187429,-0.00673724,0.044236328,-0.153211072,-0.017241385,-0.215010256,-0.108414121,-0.073431052,-0.053401679,0.060324278,-0.004865889,0.015099615,0.028691478,0.210220531,-0.008540452,-0.063156135,0.074281827,0.049088892,-0.051381901,0.071296617,-0.065671943,-0.01363443,-0.063136816,-0.013612024,-0.068812184,0.043433767,-0.090735778,0.094819039,0.016168702
E:\Project\Fake News Detection\images\real\6097.png,real,train,0.607400894,0.642477512,-0.026755102,-0.074250117,-0.102704413,-0.043838236,0.02134664,-0.192380354,-0.089799456,-0.125309333,-0.043203142,-0.092403367,-0.068705678,-0.056661449,0.061795034,-0.041326877,0.086575717,0.186333463,0.150527462,-0.002619439,-0.049701218,-0.019808173,-0.030430842,-0.00833106,0.044431672,-0.017161775,-0.015199939,0.026696447,0.060461283,0.082495071,0.026849402,0.004750045,0.084099665,-0.149554744
E:\Project\Fake News Detection\images\real\6102.png,real,train,0.681411684,0.699593902,-0.346789032,0.151162058,0.203496233,-0.132342249,0.108715236,-0.093667589,-0.099562302,0.098492533,0.163328886,-0.222831175,0.036378894,0.014729715,0.074712947,0.165982857,-0.061793949,0.083085179,0.058073152,0.041086134,0.150127321,0.075591698,0.030539939,0.092745066,0.066188052,0.045426816,0.017775755,-0.004770134,-0.004829986,0.14222455,0.037698325,-0.047542136,0.006631108,0.070179105
E:\Project\Fake News Detection\images\real\6106.png,real,train,0.453544796,0.459560871,-0.39496249,0.138922468,0.137133077,-0.289091736,-0.063863114,0.085141778,-0.11968495,0.094998606,0.170795545,-0.101770401,0.080740027,0.079976767,-0.015872028,0.181905299,0.071313314,0.059700601,0.071059451,0.042359285,-0.068628065,-0.128762662,-0.014697458,-0.114663035,-0.112404376,-0.029108398,0.132388636,0.020651922,-0.07819096,-0.071014583,-0.000913306,0.058284342,0.04357798,0.037338443
E:\Project\Fake News Detection\images\real\6110.png,real,test,0.946371377,0.992373466,0.482067734,0.198675603,0.101391859,-0.151174948,-0.068541482,0.147936359,-0.326357782,-0.021137046,0.095782101,0.091633394,-0.068243206,-0.088603817,0.046966992,-0.000626057,0.092412606,-0.059363492,-0.034184303,0.055066258,0.024415255,-0.006978408,-0.020173915,0.079219729,-0.028613973,0.047427125,-0.020589018,-0.009313852,0.018002562,-0.029947408,-0.009474233,0.00709407,0.037679996,0.000569865
E:\Project\Fake News Detection\images\real\612.jpg,real,test,0.825909615,0.844455898,-0.088148825,-0.212469399,-0.024670638,0.426300138,-0.016741771,-0.030945122,-0.064514413,0.207460314,0.092674628,-0.014135592,-0.083835669,-0.055368751,0.01840743,0.061466303,0.079726957,-0.005073015,-0.052838128,-0.041996583,0.056322694,-0.079942428,0.06520316,0.04884994,-0.067661457,-0.016569242,-0.058860973,-0.024049655,-0.020728208,0.051976636,0.012321211,-0.032091212,-0.039595619,0.023680575
E:\Project\Fake News Detection\images\real\6121.png,real,test,0.687534988,0.73411417,-0.123395443,-0.130243003,0.016883079,0.357307702,0.000583053,0.097438946,-0.045651399,-0.105097093,0.090073869,0.017157443,0.031569991,-0.091156907,0.013247164,0.09906669,-0.014899909,-0.003959604,-0.077909455,0.094220057,0.099533409,-0.076353267,-0.075472534,-0.201506212,0.007476784,0.037544712,0.020754758,0.074774541,-0.093156025,-0.062000304,0.011949513,0.022255614,-0.019903906,0.078300685
E:\Project\Fake News Detection\images\real\6136.png,real,train,0.815973461,0.85479182,0.277759075,0.158573017,-0.008276378,0.002609578,0.038449768,-0.150431156,-0.060718931,0.071123689,-0.155680194,-0.082995027,0.212485835,0.067000031,-0.049866911,-0.046389502,-0.055351391,-0.005073293,-0.06983763,0.068542533,0.056352306,0.121571757,0.131707415,-0.041990064,-0.058434125,0.021743961,0.013880025,0.129531309,-0.058825586,0.071866125,-0.024898609,0.061855931,-0.015828922,0.007331085
E:\Project\Fake News Detection\images\real\6145.png,real,train,0.685674429,0.704244614,-0.103757225,0.01455382,-0.064491764,0.064174078,-0.04079777,-0.132404998,-0.147635207,0.120776623,0.037353035,-0.014282599,-0.124549553,-0.113414504,0.074435547,0.052760199,0.010063079,0.18955636,0.03884048,0.090058088,0.097908556,-0.021682501,0.166629925,0.013962337,-0.120646745,-0.031434879,0.051955257,-0.10036777,-0.042531092,0.06744168,-0.087084457,-0.021107428,-0.029208086,0.034107268
E:\Project\Fake News Detection\images\real\6146.png,real,train,0.528793633,0.561003447,-0.214574173,0.079842232,0.007097753,0.008903571,-0.000714106,-0.072709814,-0.046527244,0.04408313,-0.009145887,-0.1281358,0.02767415,-0.243899986,-0.04504874,0.000800808,0.021962898,0.11285267,0.000381151,0.056313623,0.105351999,0.02500096,0.023027323,-0.073690571,-0.060249813,-0.02896446,-0.072376385,0.01530241,-0.003476654,-0.161908418,-0.118931949,-0.063318692,0.008889205,0.022667699
E:\Project\Fake News Detection\images\real\6147.png,real,train,0.617738247,0.704244614,-0.303325266,0.047790308,-0.001242464,-0.131325692,-0.059354622,-0.035415269,-0.150735408,0.152980372,-0.02501931,-0.036959581,-0.116715841,-0.053391948,-0.020122178,-0.008886912,0.00034391,0.040902048,-0.079125375,0.04239529,-0.014491906,-0.042353213,0.117724128,-0.022207526,-0.083161257,-0.090009272,0.10926313,-0.089229867,-0.039383143,0.001122144,-0.117864005,-0.029784217,-0.040329698,0.025231423
E:\Project\Fake News Detection\images\real\6157.png,real,test,0.583407164,0.673585236,-0.124790445,0.110934392,0.086810537,0.068382263,0.099707052,-0.175148979,-0.046067379,-0.096850686,-0.094774231,-0.039905302,0.068457469,-0.075865179,0.149383754,0.084582075,-0.16319795,0.090038255,-0.110804573,0.056116179,0.113893166,0.043459039,0.088942528,0.03431404,0.151036814,0.06739004,-0.081664458,0.07083109,-0.038575105,0.042062134,-0.00011754,-0.100751825,0.048796356,0.056129057
E:\Project\Fake News Detection\images\real\6162.jpg,real,test,0.519082069,0.546409965,-0.237458706,0.055907793,0.126385093,0.034008913,0.115048856,-0.093445867,-0.041336119,-0.05253876,0.03052054,-0.14532648,0.009940479,-0.001610443,0.094788462,0.060867347,-0.148999885,0.103563085,-0.090182185,-0.014460519,0.162763238,-0.086995862,0.00205204,0.068353154,0.016413972,-0.029537462,0.095361061,0.009779453,0.120335378,0.018290728,0.105613917,-0.148270935,-0.02917432,0.097160295
E:\Project\Fake News Detection\images\real\6163.jpg,real,train,0.601503074,0.628851295,-0.16608353,0.080596477,0.098516181,0.046606615,0.103623919,-0.161475673,-0.068043277,-0.098659806,-0.037133083,-0.039982814,0.108458586,-0.03677237,0.146378428,0.11574059,-0.135723919,0.095885508,-0.173328653,0.082453221,0.15305388,-0.005648141,0.10435684,-0.006798386,0.079514563,0.052112263,-0.035807341,0.070486806,0.024761895,0.033373397,0.071979433,-0.052990731,0.1291219,-0.005686808
E:\Project\Fake News Detection\images\real\6174.jpg,real,train,0.719255626,0.741841316,0.036428753,0.13721025,-0.08716511,0.009020253,-0.012538395,-0.164991081,0.111092061,-0.099755362,0.053193018,-0.225033596,-0.166967586,0.101049773,0.024179464,-0.122182488,-0.079834215,-0.196842089,-0.152470842,-0.101728417,0.129892617,-0.094687417,-0.042626843,0.029955059,0.051710136,-0.076024614,-0.004109814,-0.035770215,0.002373667,-0.06850972,0.022288576,0.037592303,-0.078036532,0.033831164
E:\Project\Fake News Detection\images\real\6176.jpg,real,train,0.694930077,0.717173696,0.020210067,-0.004315438,-0.120926864,-0.092873417,-0.099933065,-0.298412412,-0.101076171,0.044287972,-0.043831855,-0.093953416,-0.093168765,0.081935853,0.204499394,-0.052998271,-0.016597392,0.049825069,-0.092681438,-0.074777089,-0.08258979,-0.063687637,-0.108340718,-0.064817488,-0.025069365,0.134894431,-0.015072341,0.028156454,0.159794658,-0.106264122,-0.061743632,-0.053380579,-0.014976661,-0.062511548
E:\Project\Fake News Detection\images\real\6177.jpg,real,train,0.700394988,0.720734835,0.052051406,0.139242455,-0.121202856,0.02431044,-0.016341571,-0.202434942,0.065633945,-0.161666602,0.096980669,-0.191483393,-0.095734119,0.163933858,0.039783437,-0.083666064,-0.050364505,-0.156430438,-0.156095073,-0.023931077,0.131562442,-0.087131955,-0.076062337,-0.026685122,-0.008149171,-0.097015873,0.041500103,0.018959969,0.035122789,0.001326288,0.114073761,0.064657599,-0.028061831,0.078168832
E:\Project\Fake News Detection\images\real\6187.jpg,real,test,0.692638636,0.708016157,-0.023926131,-0.000362672,-0.182538569,-0.125086293,-0.009549268,-0.141657978,0.057127811,0.025851337,0.058728013,-0.084084004,-0.099306472,0.22393918,0.137481391,-0.081461281,-0.059386671,0.038239375,-0.129412115,0.036903486,0.058779046,-0.175213277,-0.084372863,-0.047592983,-0.011934981,-0.024921529,-0.01426016,0.066791221,0.099694766,-0.076844007,-0.032674193,-0.084404752,0.043032169,0.052042849
E:\Project\Fake News Detection\images\real\6189.jpg,real,train,0.605609536,0.643361568,-0.128705457,0.121980265,-0.028293146,-0.072890431,0.037090458,-0.168666661,-0.031689204,-0.095658995,0.026303681,-0.14904885,-0.150538206,0.058915976,0.109383807,0.075627521,-0.066181332,-0.063258633,-0.1706222,-0.046456829,0.127859131,-0.14918603,0.00532819,0.047462352,0.05653232,-0.187795773,0.065092802,0.010309709,0.049599022,-0.102949552,0.059515323,0.086296849,-0.067870125,-0.032610271
E:\Project\Fake News Detection\images\real\619.jpg,real,train,0.70833528,0.929624557,-0.108866826,0.098082967,0.03131175,0.051534086,0.071379885,-0.206649885,-0.037354395,-0.036570974,-0.0616653,0.096320763,-0.107733727,-0.088337407,0.136880636,0.096625708,0.048014145,0.046441559,0.030598573,-0.000802198,-0.03169132,-0.145787552,-0.005874819,-0.082583107,0.005363579,0.05374299,-0.000498612,0.098334715,-0.089268677,-0.056653399,-0.058094844,-0.053817999,-0.015568636,-0.075756304
E:\Project\Fake News Detection\images\real\6231.jpg,real,test,0.846501648,0.947936654,0.014070056,0.061426442,-0.470501393,-0.14263308,-0.193214968,-0.149090677,-0.031673074,0.107112922,0.073274761,-0.044834696,-0.040423568,0.037627339,0.205697775,-0.112230882,-0.096750155,0.073375806,-0.031749722,-0.150495291,-0.04882472,-0.039470129,-0.084434509,-0.000257745,-0.068849079,0.130744815,-0.003602302,0.11834503,0.121805079,-0.126408502,-0.019673064,-0.007973112,-0.035270639,-0.016981855
E:\Project\Fake News Detection\images\real\6242.jpg,real,test,0.591086864,0.63150084,-0.103288248,-0.055128537,-0.138398647,0.211152941,0.195801049,-0.133329436,-0.102145582,-0.086543687,0.016297549,0.077189252,-0.061276373,-0.048319332,-0.046621736,0.100388266,0.051908333,-0.092316449,-0.034843322,0.19495286,0.056205153,-0.033270076,0.044980075,-0.048784301,-0.130531237,-0.009919755,0.076584525,0.067343995,-0.142271712,-0.063600212,-0.026107684,-0.010124391,-0.034879975,0.017595056
E:\Project\Fake News Detection\images\real\6248.jpg,real,train,0.612869442,0.621350527,-0.191091135,0.053953227,0.006735925,-0.080126397,-0.015323604,-0.082741238,-0.037427399,-0.094126813,-0.095625803,0.042670779,-0.069920823,-0.034633882,-0.062336922,0.055133145,0.001790733,0.053855497,-0.103297427,0.093324453,0.011150389,-0.006957236,-0.005188754,-0.072929889,0.020612275,-0.059422374,-0.020107726,-0.044301189,0.018879198,-0.032318346,-0.033704825,0.006585869,0.038653784,-0.127274007
E:\Project\Fake News Detection\images\real\6263.jpg,real,test,0.567631245,0.719189227,-0.056345727,0.073068812,0.030067645,0.051741548,0.066188723,-0.161528796,-0.139775306,-0.06709557,0.019642793,-0.035203528,-0.029373107,-0.062973984,-0.030804574,0.161695421,-0.037850954,0.109113716,0.069835924,-0.045687214,0.020899594,-0.067179143,-0.116382033,-0.119263887,-0.017000698,-0.004875805,0.05021847,0.015089177,-0.140964448,-0.115580633,0.027200505,-0.134863675,0.012517616,-0.127252877
E:\Project\Fake News Detection\images\real\6266.jpg,real,train,0.684470534,0.704470396,-0.302289188,0.097452186,0.065260224,-0.052900989,0.01430621,-0.019884763,-0.176221907,0.150572881,-0.068669304,-0.022713998,-0.137654766,-0.061127603,-0.216134608,-0.069436759,0.087811612,-0.075619817,-0.113408253,-0.087170534,-0.043175925,0.0351406,0.083794825,-0.028979335,-0.081551231,0.1202733,-0.064321734,-0.008999824,0.079664387,0.021643553,-0.019500364,-0.009830593,-0.151395082,0.045464501
E:\Project\Fake News Detection\images\real\6275.jpg,real,train,0.57163316,0.616678715,-0.075752221,-0.014129644,-0.0546504,0.072821498,0.008061224,-0.207883298,-0.014306773,0.135503545,0.057321988,-0.127355605,-0.041461933,-0.119284876,0.131345823,-0.058346644,0.029396953,0.231561035,-0.107003681,0.017291356,0.043033645,-0.149648324,0.036121976,0.033135012,0.00582289,0.023512077,-0.033647705,0.064802699,0.011808896,0.018829558,0.048348203,0.04172441,0.04883571,-0.010562848
E:\Project\Fake News Detection\images\real\6292.jpg,real,train,0.8179878,0.911119699,-0.015196671,0.179024801,-0.333516538,0.058188997,0.080466755,0.081493407,0.027619429,-0.157124519,0.158862516,-0.130205616,-0.069125608,-0.006860335,0.080973893,-0.107867897,0.113056317,-0.126216292,0.060098518,0.074225888,0.084504858,0.230663732,-0.070321307,-0.000260353,-0.006408722,-0.117043085,-0.021070993,-0.027776115,-0.146678045,-0.076126084,0.106955662,-0.000630119,-0.194110334,0.021638889
E:\Project\Fake News Detection\images\real\6296.jpg,real,test,0.691748738,0.728779316,-0.118078992,-0.120162852,0.147551864,0.308047771,-0.067875445,0.127039775,0.052847899,-0.089528359,0.12323828,-0.011723444,0.120842397,-0.095498577,0.019639824,-0.022945311,-0.029386997,-0.021056712,-0.09082675,0.067386627,0.064755842,0.057704151,0.030917255,-0.063704059,0.090010419,0.038434274,-0.057052501,0.109192804,-0.074407473,-0.085353926,-0.025259234,0.0182091,0.0413999,0.03398601
E:\Project\Fake News Detection\images\real\6308.jpg,real,train,0.607925713,0.627471566,-0.20541276,-0.093081832,-0.018523451,-0.007723978,-0.125729173,0.049667433,-0.031559445,-0.218505412,-0.089819521,0.027199043,-0.03598363,0.029971657,0.034924563,-0.01109883,0.012348372,0.101415962,-0.045095421,0.119578391,-0.040073395,0.157510489,0.017043047,0.075494505,-0.032705478,-0.014420749,-0.06452135,-0.063379556,0.055155683,-0.129247248,-0.15431194,0.023582259,0.051913742,-0.01858601
E:\Project\Fake News Detection\images\real\6313.jpg,real,train,0.859313011,1,-0.303152204,0.087674759,0.048146892,-0.266904384,0.038736623,-0.00828788,-0.099970736,0.021012805,0.122887723,-0.164259076,-0.011560914,-0.106845096,-0.370575458,-0.001527062,0.040303163,0.082767926,-0.157975629,-0.341057897,0.037105247,0.057927873,0.099921204,-0.029645218,-0.052623447,0.121507339,0.050364207,-0.162217066,-0.091843367,-0.024479939,0.016722979,0.032857906,0.060552999,-0.05484226
E:\Project\Fake News Detection\images\real\6322.jpg,real,train,0.895063102,0.907418847,0.205482751,0.100190647,0.073567614,0.051129695,-0.395541012,-0.008385,0.397046268,0.045118202,0.059267178,-0.040848535,-0.032318614,-0.106845401,-0.035802007,0.066580832,-0.034803849,0.149925262,0.100586526,-0.039472833,0.02858733,0.035224598,-0.030190671,-0.054447975,0.039991569,-0.018619556,-0.021569045,-0.041109651,0.013057702,-0.05836926,0.019058567,-0.035781931,0.047144692,0.033773255
E:\Project\Fake News Detection\images\real\6325.jpg,real,train,0.651516497,0.748288691,-0.182333231,-0.087754019,0.125041112,0.022885077,-0.08888635,-0.014042967,0.032495216,-0.09248817,-0.062559977,0.074949518,-0.148483202,-0.061872121,0.07199946,-0.005380951,-0.158358127,0.169568911,-0.009287486,0.055806391,0.009962328,0.089206852,0.02483432,-0.043464616,0.109354548,0.082349651,0.011606776,0.059007365,-0.054626431,0.032298908,0.009350933,-0.047701195,0.048992127,-0.083010674
E:\Project\Fake News Detection\images\real\6331.jpg,real,train,0.823801637,0.913116097,0.220212802,0.206680834,0.049373843,0.014540433,0.074391134,-0.131884992,-0.037900582,0.071364947,-0.049353629,-0.005388434,0.246243626,0.061019838,0.019118628,-0.005021789,-0.07201127,-0.015486848,-0.115758695,0.072315142,-0.089130916,0.155034408,0.183965549,-0.003132479,0.047260534,0.074357562,-0.049832072,0.054687064,-0.005108521,0.076508127,-0.111191086,0.112903126,-0.073787041,0.101925395
E:\Project\Fake News Detection\images\real\6333.jpg,real,train,0.787047029,0.815113962,-0.431259334,0.094831109,0.255743861,-0.22581166,0.060575414,0.068120092,-0.054288108,0.081745982,0.023683971,-0.150360554,0.181351364,-0.06429369,0.166128322,0.123122856,-0.002709695,-0.070440464,0.003362896,0.1241346,0.043017387,-0.051968567,-0.038085826,0.069981806,0.10031449,0.001052773,-0.009725204,0.026003383,0.084671758,0.005348946,-0.01847975,-0.043598916,-0.052845284,0.007858697
E:\Project\Fake News Detection\images\real\6346.jpg,real,test,0.72578299,0.826167464,-0.207552686,-0.153895408,0.199464679,0.284275204,-0.037648246,0.132396877,0.019193077,-0.077574752,0.139955655,-0.015701286,-0.146650493,0.021060444,0.03420962,-0.106373072,-0.179445341,-0.059292398,0.073098391,0.075849205,0.003619164,0.019658664,0.160489067,0.068994284,-0.071989067,0.082669541,-0.073335044,0.114861041,-0.030452795,0.031987622,-0.072454914,-0.069605179,0.040980589,0.022221193
E:\Project\Fake News Detection\images\real\6348.jpg,real,train,0.814408302,0.834801137,0.257695913,0.187132552,0.046245046,0.041345991,0.07287848,-0.17742461,-0.00180307,0.10527768,-0.15467988,-0.051381897,0.263305813,0.045771617,-0.030709559,-0.028584354,-0.108759634,-0.083886705,-0.111652687,0.082718387,0.016804831,0.080987342,0.14655003,-0.008911286,-0.050644666,0.046653625,0.02602366,0.12034221,-0.02449823,0.070333339,-0.013925788,0.097420238,-0.01835016,0.006293969
E:\Project\Fake News Detection\images\real\635.jpg,real,train,0.734315038,0.775749385,-0.25964281,0.13156791,0.067453668,-0.244124219,-0.089665599,0.031175444,0.075228989,0.149298653,-0.17354618,-0.013002694,-0.153312147,-0.222888306,-0.081760913,-0.200534284,0.117163882,-0.053179763,-0.153485805,-0.09085761,-0.001518998,0.051518705,-0.068153575,-0.145174727,0.007566405,0.056722697,0.03754317,-0.038607415,-0.015435144,0.057731833,0.030324949,0.00902521,-0.047318127,0.079912618
E:\Project\Fake News Detection\images\real\6358.jpg,real,train,0.623284936,0.654700994,-0.215271607,0.048623294,-0.094493911,-0.130911067,0.040829197,-0.145673499,-0.023388255,-0.139265567,-0.01595702,-0.101613045,0.118361637,-0.175250709,-0.132718071,-0.148322582,0.296872854,0.050289109,0.013852278,0.085587874,-0.137366578,-0.12028423,0.148692265,0.083929904,0.061867416,-0.006626777,-0.005325344,0.01635094,-0.020263797,0.026121184,0.001799958,0.045206282,0.011786078,0.049939562
E:\Project\Fake News Detection\images\real\6366.jpg,real,test,0.655806899,0.698103547,-0.183028311,0.019868642,-0.055965863,-0.049783219,0.101051554,-0.204452008,-0.026088404,-0.135111138,-0.095881298,-0.102121621,0.114908993,-0.111762352,-0.122135848,-0.073792681,0.251274526,0.116940767,-0.086191714,0.09105958,-0.021989278,-0.167356193,0.007396374,0.046567783,0.057931125,-0.041858129,-0.03997688,0.105716109,0.067015491,-0.005602852,-0.069000527,0.050320879,0.023244791,0.022428788
E:\Project\Fake News Detection\images\real\6368.jpg,real,train,0.95173347,1,0.463588893,0.252106845,0.162539646,-0.066555105,0.008889273,0.164410979,-0.269211739,-0.056346852,0.046017054,0.036438577,-0.071919017,-0.055811733,0.015709588,0.011262168,0.110115007,-0.041685101,-0.057545815,0.054492112,0.045370817,-0.006075601,-0.002943515,0.055645235,-0.018016694,0.032467168,-0.004421492,-0.037479058,0.041145902,0.00338915,-0.036754332,-0.007676655,-0.014223784,-0.033053044
E:\Project\Fake News Detection\images\real\6369.jpg,real,test,0.828863621,0.870126009,-0.032141861,0.001038782,-0.499042898,-0.233731389,-0.18885383,-0.114171296,-0.034194022,0.036760919,0.095986798,-0.009832209,0.018970076,0.021250986,0.144562006,-0.078146338,-0.058482632,0.021255832,-0.063946739,-0.168625742,-0.007067315,-0.055725534,-0.06309168,0.012451209,-0.038067762,0.099650107,0.015452778,0.126592115,0.09965872,-0.079434335,-0.016909078,-0.073952772,-0.062700935,-0.027864628
E:\Project\Fake News Detection\images\real\6377.jpg,real,train,0.68690002,0.77436173,-0.358456373,0.026540812,0.240045354,-0.021110989,-0.043842126,0.052879587,-0.021874536,0.05480542,0.000820806,-0.021707322,0.088602923,-0.090425059,-0.036316298,-0.141302556,-0.112851866,0.079199426,0.116507538,0.072198689,0.068747133,0.035366066,0.019014539,0.004452221,-0.177431852,-0.117761582,0.084689952,0.032868795,-0.038723603,-0.127862602,-0.164158896,-0.047115244,-0.075458996,-0.146382868
E:\Project\Fake News Detection\images\real\6381.jpg,real,train,0.799471736,0.877176404,0.329750866,-0.007948903,-0.073331654,-0.174796149,-0.146939397,-0.248124644,-0.056599054,0.11491967,0.077945307,-0.024555791,-0.028425142,-0.024797421,0.108119853,-0.19847855,-0.13088277,0.019441476,0.057855997,-0.006555649,-0.077530757,0.039740879,-0.033304516,-0.01104133,-0.070100702,0.102287658,0.042951562,0.001203707,0.049724314,-0.097179994,-0.003412193,0.023805048,0.022571379,-0.049427044
E:\Project\Fake News Detection\images\real\6386.jpg,real,train,0.663986862,0.76935637,-0.155747235,0.013161464,0.174222514,0.002073849,0.024842177,0.006182251,0.110573858,-0.264964283,-0.148827314,0.179285824,0.072412945,0.11096067,0.184134841,-0.032125603,0.086429775,0.144604996,-0.015830342,-0.023432085,0.161789805,0.065077722,0.012573375,0.067992248,-0.030697102,0.045913037,0.012574092,-0.054593924,-0.032419167,0.011106381,-0.001386222,-0.053499296,0.103402935,0.012213193
E:\Project\Fake News Detection\images\real\6390.jpg,real,train,0.71257484,0.742061377,-0.044073869,0.0936471,0.050562203,-0.057141945,0.024899608,-0.149167269,0.040754683,-0.088315785,0.308983296,-0.298903793,-0.154408202,0.237740159,-0.053880837,0.017046764,-0.08910884,-0.029698052,0.027419133,-0.033658244,0.107734598,0.02301069,-0.005321851,-0.012745509,-0.000220059,-0.042954333,0.04286496,-0.053637747,-0.020769291,0.063583232,0.089683644,0.048161499,0.004840966,0.029928705
E:\Project\Fake News Detection\images\real\6391.jpg,real,train,0.805270791,0.847404897,0.276755989,0.173343897,0.035081781,0.133648396,0.038326308,-0.172257721,0.060198274,0.198923558,-0.135866925,-0.056449898,0.235387325,-0.08848758,-0.111355841,-0.049455449,-0.060383942,0.027360676,-0.01728099,0.022428634,0.1156471,-0.015481162,-0.195229933,0.065558523,-0.144790486,-0.016371764,0.119141497,-0.017752215,-0.068185568,0.057176948,0.053948577,-0.010242933,0.062917657,0.03770325
E:\Project\Fake News Detection\images\real\6392.jpg,real,test,0.66197139,0.683423042,0.131789684,0.074228138,0.005139947,0.080601752,0.032531582,-0.228116408,-0.0149709,0.224591941,0.098960906,0.124085441,-0.050834946,-0.024845462,-0.061987784,0.003565639,0.001738265,-0.110926688,0.054834682,-0.013776094,0.09224847,-0.006537747,0.047874171,0.082088917,-0.03636378,-0.005053645,0.044012196,0.039523423,-0.031226225,-0.041356221,0.035967074,0.005237289,-0.049015567,0.077033661
E:\Project\Fake News Detection\images\real\640.jpg,real,train,0.637092173,0.658999085,-0.03068345,0.116360322,0.114204355,0.076479286,0.040222101,-0.114232652,0.022512913,-0.158675298,0.000542865,0.25295037,0.051661167,0.196682692,0.151141927,-0.043774769,0.177663282,0.042226665,0.069323756,-0.188245922,0.085111424,0.041963816,0.140046135,0.113881297,-0.067598775,-0.129195333,-0.037379824,-0.050042618,0.066236354,0.109047502,0.043125611,-0.053727057,0.073997237,-0.070805401
E:\Project\Fake News Detection\images\real\6402.jpg,real,test,0.778475583,0.835297227,0.117072627,0.020863131,-0.166412383,0.104712248,0.144244254,0.227277488,0.145191088,0.062462248,-0.044942018,-0.041152693,0.067006506,0.098006271,-0.094500497,-0.017029125,0.076307602,-0.054407507,-0.111498371,0.195392624,0.053047851,0.024319794,-0.019526493,0.044972733,-0.026184898,0.108777709,-0.022081288,-0.005043358,0.012335032,-0.051154606,-0.030080482,-0.056296315,-0.033136956,-0.044253595
E:\Project\Fake News Detection\images\real\6411.jpg,real,train,0.788108349,0.855237067,0.163367599,0.110933587,0.08729504,0.256501049,0.021201441,-0.272169083,0.022369545,0.302541703,0.100948967,0.066568695,-0.001155288,0.019007454,-0.109169647,-0.007833245,-0.002979036,-0.10298755,0.006989479,-0.105911002,-0.005203467,0.03398798,0.05962684,0.036040992,0.054068115,-0.036865231,0.048718475,-0.034624189,0.085328884,-0.002729358,0.031630512,-0.071368746,-0.026212927,0.028275752
E:\Project\Fake News Detection\images\real\6413.jpg,real,test,0.777161717,0.809349895,-0.133573294,-0.194030732,0.071451351,0.366608471,-0.024280876,0.057609901,-0.002620219,0.041348793,0.145096451,-0.06684196,-0.09126775,-0.000899345,0.034135863,-0.059495155,-0.119721472,0.012735527,-0.053740416,0.08177565,0.070542872,-0.005115663,0.09580408,-0.007339984,-0.097239345,0.063273847,-0.064242974,0.069103464,-0.04514236,0.075434133,-0.066664867,-0.017967125,-0.009147264,0.081370264
E:\Project\Fake News Detection\images\real\6417.jpg,real,test,0.69397819,0.716478825,-0.417313755,0.11985638,0.184599519,-0.258105695,-0.033709474,0.098211795,0.005435457,0.136264041,0.017212586,-0.079083256,0.165925026,-0.01297304,0.084014907,0.095085323,0.182984635,-0.10608691,0.070658118,0.0577351,0.03944774,-0.057766125,-0.017826919,-0.016880609,-0.028572146,-0.039870612,0.024093,0.01356829,0.037089877,-0.095931292,-0.026128724,0.021128373,-0.0760305,-0.061487608
E:\Project\Fake News Detection\images\real\6419.jpg,real,train,0.948929131,1,0.251745433,-0.340028495,0.162573814,0.145190582,0.167129964,0.019320956,0.023495516,0.168004856,-0.014596592,-0.074972488,0.091277048,0.015147625,-0.027427347,0.016022783,0.047310211,0.083607584,-0.042766597,-0.053871512,-0.082926743,0.048466422,-0.128792524,0.00742491,0.107573949,-0.080965087,0.035643414,0.012719426,0.015688734,-0.059129253,0.054045629,0.00471854,-0.014025901,-0.001671763
E:\Project\Fake News Detection\images\real\6429.jpg,real,train,0.694015801,0.762444139,-0.121327631,0.252617329,-0.346721709,0.244331732,-0.0195297,0.033840895,0.093621671,0.197616339,0.139361918,-0.041591447,0.124748744,-0.105923496,0.027955979,-0.044290651,-0.00899769,0.063609555,-0.040218871,-0.11757303,0.048758056,0.047426276,0.003271865,0.041614201,9.41E-05,-0.050418366,0.020501545,0.045091085,0.008744899,0.013791196,-0.017372085,0.028252505,-0.020368293,0.01998255
E:\Project\Fake News Detection\images\real\6441.jpg,real,train,0.736244082,0.822884262,-0.015402006,0.272504508,-0.358969331,0.124727055,-0.046440911,0.120311715,-0.075481512,0.113019593,0.152751669,-0.006475152,0.11972627,-0.056675989,0.082545668,0.033513375,-0.007771573,0.062606521,-0.030127527,-0.052501269,-0.060283303,0.004291741,0.08089482,0.142688021,-0.027339019,0.032745473,-0.013594158,0.086740084,-0.016684877,-0.003721869,0.036314502,0.06892994,-0.021663932,0.029971996
E:\Project\Fake News Detection\images\real\6451.jpg,real,train,0.61455375,0.673038244,-0.149288937,0.139764637,0.262632638,-0.064965859,-0.273584872,0.126355991,0.242081672,0.265743226,0.119051255,-0.09269695,0.120684437,-0.187257141,-0.015600723,-0.077594668,0.100567967,0.027115032,0.146108463,0.078477308,0.088572934,0.065012582,-0.018102912,-0.04528676,0.021033674,-0.080889627,0.057012711,0.112577848,0.007331068,-0.149674594,0.022901444,0.046426475,0.119894877,-0.007816781
E:\Project\Fake News Detection\images\real\6452.jpg,real,train,0.765991449,0.809353709,-0.021745073,0.229687765,-0.411970377,0.092864111,0.036342133,0.027946662,0.037282668,-0.077020548,0.004721977,-0.085778996,0.052846298,-0.03724283,0.052531186,-0.10493087,-0.046070568,-0.139608666,0.0651576,-0.096992232,0.012187291,0.01632604,-0.081083797,0.022749597,-0.044460688,0.046206415,0.062811062,0.079242378,0.0322529,0.041691154,0.028081553,-0.033133116,-0.047121987,-0.039375354
E:\Project\Fake News Detection\images\real\6475.jpg,real,test,0.774253249,0.80446434,-0.032880139,0.342516154,-0.334560841,0.044415362,0.016795732,0.208248153,-0.0641765,-0.074995026,0.014255367,0.015010376,0.128304154,-0.035238232,-0.159623608,0.107815787,-0.075058088,0.054695465,-0.082603648,-0.127309456,-0.008221157,0.025758632,0.053159535,0.060650725,0.04012312,0.010588219,0.034227587,-0.026324965,0.032477431,-0.054827437,-0.059489131,0.093710296,0.004557759,-0.000281624
E:\Project\Fake News Detection\images\real\6504.jpg,real,train,0.639082074,0.663847566,0.107015125,0.096545018,-0.121781632,-0.071637355,-0.122894615,-0.241371706,0.043756377,-0.02860452,0.023242453,0.057286922,0.011329442,0.113198735,0.237224907,-0.077913664,0.038248654,-0.00039209,-0.132683933,-0.177037209,0.008542364,-0.036577307,-0.052350406,-0.003691647,-0.029872343,0.110232167,0.035293967,-0.003946273,0.129127756,-0.020306544,-0.097810052,0.009475293,-0.032531071,-0.022483828
E:\Project\Fake News Detection\images\real\6530.jpg,real,train,0.78039062,0.913490176,-0.246536359,0.231694549,-0.145970538,-0.130152583,0.005908577,0.095043033,0.065564334,0.030436901,-0.131501973,0.134712383,-0.021715444,-0.170773983,-0.070282109,-0.142159373,0.056289155,-0.019194353,-0.088769495,-0.012315679,-0.1248179,0.016221473,-0.029555336,-0.112117372,0.026007593,-0.007747957,0.103076406,-0.086160481,-0.00866371,0.067286059,-0.031106092,-0.048034552,-0.010902382,0.136199698
E:\Project\Fake News Detection\images\real\6545.jpg,real,train,0.617723286,0.637516499,0.182619244,0.143400326,0.180751488,0.118393525,0.092538096,-0.203237891,0.03040651,-0.092319496,0.125878781,0.212243393,0.037659969,0.112888984,0.072915122,-0.025114641,0.082966112,-0.057919998,0.084985502,-0.181495249,-0.011644312,0.026433008,0.034403574,-0.008851443,-0.025712753,-0.047773097,-0.102096438,-0.066198945,-0.068517782,0.006018969,0.06064808,-0.008673458,-0.016071822,-0.103862628
E:\Project\Fake News Detection\images\real\6551.jpg,real,train,0.625883281,0.689450979,-0.146670654,0.092807516,-0.029840367,0.010949959,0.157698527,-0.261075586,-0.088983215,-0.019154003,-0.018633431,0.007953349,-0.042349357,-0.01199486,0.008773098,0.171071023,0.018485503,-0.034154017,0.028832074,-0.003614113,-0.01062711,0.107539289,-0.018490944,0.077708028,0.166887596,0.052545752,-0.059758928,0.062706396,-0.03756588,0.045102119,-0.051111653,-0.016355956,0.038645484,0.119710952
E:\Project\Fake News Detection\images\real\6555.jpg,real,train,0.634915829,0.680100977,-0.066797867,0.063843884,-0.062844038,0.12902379,0.092192635,-0.239880189,-0.1123285,-0.020195007,-0.033613071,0.121408194,-0.148582235,-0.02715949,-0.035564899,0.208071172,0.08133328,-0.020519072,0.054179493,0.023465158,0.124098428,0.044580903,0.089087956,-0.029295979,-0.048442446,-0.066939503,0.000424755,0.102571249,0.071603879,0.028411774,-0.00360747,-0.016056839,0.027627062,0.024593826
E:\Project\Fake News Detection\images\real\6556.jpg,real,train,0.728776336,0.755728126,-0.029122742,0.030726762,0.014360776,0.021253118,0.190090671,-0.20764336,-0.079579666,0.006535865,0.102837414,0.067303255,-0.086246535,-0.09706834,-0.070443146,0.281745017,0.152122661,0.110607535,-0.006980644,0.062176611,0.08675348,0.120496221,-0.047663271,-0.00339867,-0.156681731,-0.089811981,0.027180687,0.024120701,0.002766977,0.055298019,0.091328323,-0.043469086,-0.068624146,-0.066036701
E:\Project\Fake News Detection\images\real\6582.jpg,real,train,0.707501471,0.763908625,-0.290598899,0.086304002,0.190017268,-0.214580297,-0.114169225,0.026391044,0.030500129,0.042822521,-0.250788808,0.083181396,-0.121419147,-0.174962804,-0.055253007,-0.125627398,0.047942057,-0.073585369,-0.143279135,-0.04976254,-0.024303492,0.007889051,-0.169683784,-0.080673404,0.023532124,0.098393768,-0.0718747,-0.034424752,-0.073783465,0.036553819,0.164244488,-0.060967285,0.035305213,0.08998847
E:\Project\Fake News Detection\images\real\6583.jpg,real,train,0.837357342,0.850625694,0.210971266,0.177731693,0.070518099,0.075391129,0.070044585,-0.143442988,0.075781241,0.078920469,-0.264154673,-0.017395595,0.174906984,-0.031915907,-0.081678085,0.012105296,-0.061411783,-0.038665682,0.032362144,0.086148545,0.094280139,-0.032916263,-0.228253052,0.131104529,-0.076796971,0.098920017,0.088512316,-0.045001358,-0.05467099,0.053381182,0.088956743,0.004859766,0.00688341,-0.019299146
E:\Project\Fake News Detection\images\real\6592.jpg,real,train,0.676201642,0.761911631,-0.050917383,-0.016253164,0.007461941,0.012158222,0.06700208,0.012383337,0.180670336,-0.037189484,-0.079703324,0.153956473,-0.006501717,0.227914467,0.236525506,-0.101641931,0.186859697,0.024924591,0.000290449,-0.060329739,0.129510015,-0.057011627,0.181117535,0.092130601,-0.018503886,-0.030557387,0.003497769,-0.094608001,-0.028984992,0.086272083,0.023547683,0.028617615,0.020776492,-0.051480703
E:\Project\Fake News Detection\images\real\6599.jpg,real,train,0.683808804,0.749348283,-0.254487514,0.057976548,0.196126729,-0.196906194,0.057291057,0.043158609,0.105709724,0.059229899,-0.148896441,0.164821357,0.008710077,-0.03962091,0.107040256,-0.135097578,0.143560231,-0.146895528,-0.068114154,-0.147794649,0.08489567,0.001451433,0.047787357,-0.073382191,-0.033730093,0.029558737,0.055861846,0.022080909,-0.110743478,-0.239584252,-0.163462311,-0.022268541,0.029011235,-0.044475265
E:\Project\Fake News Detection\images\real\6616.jpg,real,train,0.766113579,0.807249904,0.17006819,-0.122541808,-0.330747336,-0.159463674,0.13185288,0.052924637,0.076250948,0.131474704,0.006897909,0.071912214,-0.006752148,0.0322465,0.05926865,0.049306821,0.050155737,-0.013887469,0.027506413,0.088614546,0.039836593,0.006722926,-0.049859609,-0.027967559,0.018287046,0.040503122,-0.050019339,-0.062539533,-0.011556111,0.038738839,-0.057264552,0.110386387,0.00626498,-0.037789177
E:\Project\Fake News Detection\images\real\6622.jpg,real,train,0.567339838,0.586987972,-0.037188083,-0.299160689,0.236162111,-0.084533557,-0.019509638,0.038288623,-0.068672143,-0.173297212,0.025303964,0.021064509,0.148176745,-0.027977061,-0.124152675,0.017453684,-0.109551378,0.032824308,-0.00247555,0.004604731,-0.097059704,0.05511431,-0.053783525,-0.027916864,-0.037291277,0.010417911,-0.025095185,-0.040267203,-0.087284669,-0.17660524,0.007897442,0.053467084,-0.010921194,-0.042278755
E:\Project\Fake News Detection\images\real\6633.jpg,real,train,0.87314111,0.926642656,0.235462397,0.214351922,0.022816593,0.037142649,0.044272311,-0.104585215,0.044202417,0.069279969,-0.282990336,-0.091141298,0.066641703,-0.00094663,-0.060772847,-0.016109405,0.018670639,-0.006942213,0.087569557,0.101788588,0.092742763,-0.010505884,-0.193513632,0.070247188,-0.056290768,0.079671457,0.119494557,-0.043336865,-0.100596644,0.038379651,0.006895804,-0.075348005,0.110855915,-0.031625841
E:\Project\Fake News Detection\images\real\6640.jpg,real,test,0.753133953,1,-0.063807428,-0.008036964,0.02520719,0.000468686,0.06366092,0.007338998,0.178150818,-0.055393957,-0.086383715,0.156097248,-0.009258123,0.231530011,0.236214414,-0.10315758,0.186944187,0.017403267,0.00393286,-0.069509044,0.13432917,-0.061749637,0.19208473,0.102230072,-0.030296493,-0.033988699,0.001793919,-0.091761753,-0.033206098,0.079608634,0.030668667,0.028907672,0.024832878,-0.046721421
E:\Project\Fake News Detection\images\real\6644.jpg,real,train,0.647780359,0.723276019,-0.155248553,0.004873307,0.217765972,-0.044449292,0.027224662,0.061398253,0.167055354,-0.093037695,-0.05649212,0.155761167,0.078310594,0.109072141,0.275366664,-0.060285877,0.198444828,0.070852563,0.046600513,-0.006175491,0.173570946,-0.000740856,0.195663407,0.133135036,0.008598085,0.011622589,0.026851039,-0.045578998,0.024912773,-0.006884572,0.025382567,-0.045395296,0.046158992,0.086622044
E:\Project\Fake News Detection\images\real\6645.jpg,real,train,0.723163724,0.749348283,-0.208700076,0.087578245,0.210338309,-0.199126914,0.034659944,0.029523551,0.103779599,0.071689621,-0.173422262,0.174929112,0.002572887,0.010342989,0.138050109,-0.130287349,0.120461419,-0.148543537,-0.025412193,-0.176123336,0.024635112,0.001142532,0.058076371,-0.067667238,-0.024695251,-0.008020983,0.079404779,0.011065642,-0.062671788,-0.196764246,-0.118257336,7.97E-05,0.010511134,-0.068029337
E:\Project\Fake News Detection\images\real\6650.jpg,real,train,0.602397501,0.681159198,-0.432999462,0.057485119,0.134032682,-0.203398272,-0.105382852,0.002506131,-0.128628388,0.221344173,-0.007846835,-0.124834739,0.002924087,-0.030735688,0.118256971,0.066642717,0.041461866,0.088741571,0.004020564,0.067939483,-0.0943579,-0.005640274,0.018555962,0.042474642,-0.063606806,-0.10102202,-0.019244982,0.05560904,0.042804118,-0.080730081,-0.141540289,-0.067825481,-0.094569296,0.009894432
E:\Project\Fake News Detection\images\real\6653.jpg,real,train,0.65700525,0.673051476,0.098218016,0.043634031,-0.145891502,0.019294189,0.241250262,0.171345323,0.181824356,0.05366848,-0.075882658,-0.054823015,0.016122963,0.043328986,-0.154874578,-0.001583289,-0.031035868,0.011850146,0.038276859,0.050394788,0.198462501,0.063377038,-0.035772413,-0.010815484,0.025193099,0.050841361,-0.123108253,-0.095454372,-0.065944694,-0.037347678,-0.024383204,0.002313163,0.007662937,-0.036735043
E:\Project\Fake News Detection\images\real\666.jpg,real,train,0.721076369,0.730401874,-0.295673519,0.065871119,0.17691268,-0.187228903,-0.118555032,0.031898074,0.01944538,0.055799678,-0.238300875,0.060346641,-0.198228285,-0.202418774,-0.119732238,-0.17088902,-0.000590551,-0.062433925,-0.131846577,-0.070495099,0.019238573,0.097200036,-0.147837415,-0.031420566,0.0111153,0.065267801,-0.097137578,0.005377345,-0.020334937,0.096134663,0.150332183,-0.083142102,0.046113897,0.09791901
E:\Project\Fake News Detection\images\real\6660.jpg,real,train,0.768053353,0.783089876,-0.114709228,0.237066641,-0.336785793,0.104963504,-0.004232555,0.066565871,0.135529056,0.027299996,0.085642062,0.089731663,0.079981089,-0.097943678,0.035860911,-0.046786074,-0.09165632,-0.008704303,-0.112907596,-0.129801154,-0.154326335,-0.021098267,-0.050538167,-0.027644301,0.072209485,-0.045100473,0.114567444,-0.055162732,0.014489988,0.034753677,-0.061103318,-0.035357784,-0.071292631,0.003338877
E:\Project\Fake News Detection\images\real\6661.jpg,real,train,0.760212898,0.946555912,-0.217294291,0.285280049,-0.139529839,-0.108824454,-0.034936901,0.140035003,-0.011557237,0.055945419,-0.156999007,0.086936183,-0.038646005,-0.127918944,-0.085377917,-0.12248873,0.085048996,0.031483676,-0.108452909,-0.001512294,-0.086608581,0.018920019,-0.014704033,-0.072662801,0.010581409,0.018645912,0.057918947,-0.01228206,0.003280621,0.03425774,0.005046981,-0.020511871,0.015896076,0.107695967
E:\Project\Fake News Detection\images\real\6665.jpg,real,test,0.93225348,0.996546626,0.482475072,0.138436332,0.043380983,-0.221066028,-0.126160309,0.126786754,-0.317378223,-0.01156454,0.107367769,0.125666738,-0.055954006,-0.108168676,0.040244427,-0.026211996,0.049313847,-0.061409287,-0.021609198,0.050589442,0.004768848,-0.010208669,-0.008135948,0.069399931,-0.047025163,0.063241512,-0.03909301,-0.007145807,-0.009636484,-0.024191126,0.005672593,-0.015742619,0.073310696,0.023098536
E:\Project\Fake News Detection\images\real\6673.jpeg,real,train,0.523072362,0.630023301,-0.228279829,-0.037489086,0.204892784,-0.122031406,-0.114660949,0.139895543,0.008338234,-0.046714745,-0.139543444,0.074282348,-0.145033702,0.099271856,-0.029032428,-0.055203222,0.068329848,0.03947315,-0.141740113,0.107290819,-0.022187777,-0.0081565,-0.098960035,-0.018673209,0.055267993,0.030002268,0.040292773,-0.006576899,-0.061043005,0.005246435,0.04223761,0.105873212,-0.024665307,0.025818016
E:\Project\Fake News Detection\images\real\6675.jpg,real,train,0.560539424,0.603084683,-0.130966917,0.004788317,0.114710703,-0.009494092,0.077194296,-0.095470197,-0.078721508,-0.073498666,-0.04433383,-0.05673936,0.033280078,-0.135659769,0.12386591,0.004404059,-0.193319857,0.213965714,0.097621195,-0.001863233,0.171683565,0.035900448,0.065131173,0.01502237,0.056430526,0.137295604,0.046644557,-0.017343635,0.118582062,0.068911143,0.046181276,-0.098729536,-0.016567189,0.027111655
E:\Project\Fake News Detection\images\real\6679.jpg,real,train,0.669287086,0.694168448,-0.052264616,-0.173642293,0.010681581,0.142733455,-0.062247459,-0.022696901,0.02040091,-0.060874958,-0.045005269,0.042082086,-0.139473155,-0.205302238,-0.00522683,0.018657671,0.071383752,-0.021947907,0.021057753,0.007871156,0.084716931,0.027511122,-0.013693426,0.062693559,0.116241142,0.063725092,0.013229452,0.037619945,0.160429731,0.047259189,0.101740375,0.065708034,0.073569775,-0.024431443
E:\Project\Fake News Detection\images\real\6681.jpg,real,test,0.927292705,0.961566746,0.0014503,0.108968131,-0.043711632,0.107432336,0.121470138,-0.222037405,-0.141576514,-0.17035073,0.12325038,0.09382768,0.030614059,-0.172054917,0.072427921,0.264196217,0.070341051,0.106872685,0.069564939,0.037329167,-0.007533297,-0.095554881,-0.060490068,-0.409630537,-0.0345098,0.018940533,0.08079534,0.097633243,-0.117659844,-0.086078621,-0.006406784,0.005631121,-0.05950845,0.014285732
E:\Project\Fake News Detection\images\real\6685.jpg,real,test,0.914605439,0.946908772,-0.005773649,0.083258018,-0.046584502,0.100919411,0.115868241,-0.211392671,-0.140004709,-0.163362131,0.158315212,0.092997059,0.039173979,-0.168994248,0.090224855,0.271043003,0.049417339,0.103914373,0.082478717,0.041270331,0.005566031,-0.104578465,-0.071551189,-0.421082914,-0.054473527,0.026714448,0.082199723,0.092493266,-0.142124385,-0.09278015,0.011661835,0.013286133,-0.043041617,0.043433249
E:\Project\Fake News Detection\images\real\6693.jpg,real,train,0.857846439,0.870155334,0.493829697,0.146559358,-0.012076992,-0.188774094,-0.132223338,0.0264608,-0.296899647,0.05857553,0.071788445,0.081896231,-0.059998389,-0.064875498,0.125616938,-0.053095199,0.037190933,0.002764647,0.004983696,0.022978213,-0.003488933,-0.037656814,-0.025009636,0.03650495,-0.052222814,0.02899613,0.032105155,-0.002713644,-0.038798109,0.030293413,-0.030203471,0.0311925,0.03622517,0.038595978
E:\Project\Fake News Detection\images\real\6697.jpg,real,train,0.934455991,0.952831745,0.447814465,0.209930331,0.191269547,0.015065875,-0.225851327,0.202795669,-0.006528161,0.058981374,0.095061824,0.019777413,-0.082562737,-0.188994497,0.000940062,-0.03689459,0.052028473,0.114571773,0.07873188,0.000275426,0.126099974,0.050192911,-0.015621507,0.010610882,0.079588622,0.015283937,-0.010001279,0.047019813,0.078435205,-0.099143513,-0.020138206,-0.012127328,0.039341003,0.000333799
E:\Project\Fake News Detection\images\real\6705.jpg,real,train,0.683530688,0.76935637,-0.203372523,0.035121065,0.243511632,-0.042448249,0.011027519,0.060006779,0.107607298,-0.273742944,-0.031057525,0.1632016,0.091934904,0.074401736,0.118677206,-0.046454545,0.039095066,0.17919974,0.058654893,-0.014989967,0.192574188,0.049903486,-0.039692331,-0.012319,-0.024445357,0.065193243,-0.037824675,-0.05147149,-0.050762091,-0.006488774,-0.031474557,-0.051126279,0.072711989,-0.017104121
E:\Project\Fake News Detection\images\real\6706.jpg,real,train,0.696159184,0.703854442,0.073449932,-0.03323606,-0.230272546,0.022239612,0.063633882,0.078348331,0.104851425,0.077343911,0.020555453,0.001515939,-0.10295587,0.003890546,-0.006916334,-0.011568311,0.152811795,-0.044354074,-0.032633405,0.163319305,0.085013889,0.058909819,0.065486766,-0.012629884,0.059824977,0.039815508,0.019117191,-0.042883448,-0.045364164,0.011740691,-0.042192735,0.022786412,0.033234086,-0.049304049
E:\Project\Fake News Detection\images\real\671.jpg,real,train,0.909607291,0.937311172,0.484251618,0.144168779,0.053579248,-0.214208394,-0.120130382,0.131359294,-0.317183763,-0.01025988,0.10324049,0.115249693,-0.0628291,-0.104378849,0.036440566,-0.025526652,0.055913538,-0.058661181,-0.025970681,0.048999753,0.004544867,-0.012979832,-0.004694028,0.06386552,-0.041802183,0.059311148,-0.033447836,-0.012140214,-0.007874366,-0.013085548,-0.005126514,-0.010322649,0.063597418,0.014527852
E:\Project\Fake News Detection\images\real\6718.jpg,real,test,0.633835196,0.678438604,-0.116377614,0.093559951,-0.096898504,0.168927491,0.104200438,0.147178769,0.273580849,-0.174717024,0.152802482,0.068841115,-0.04131439,-0.237916142,0.019135421,0.076115459,-0.070267349,-0.234000072,0.07038191,-0.094001293,-0.012910277,0.011082468,-0.02477739,0.041197386,-0.010749333,0.180268288,0.01496209,0.041167643,0.097043715,0.05951573,0.023127075,0.105146296,-0.008196928,-0.042844072
E:\Project\Fake News Detection\images\real\6719.jpg,real,test,0.698188901,0.731106699,-0.298936576,0.05692818,0.266999871,-0.198963448,-0.022584174,0.125233337,0.128815666,0.019879555,-0.132196844,0.159868225,0.069224305,0.010364868,0.18574062,-0.106724143,0.196478963,-0.150176734,-0.018954474,-0.189264923,0.123160124,0.015239667,0.05877566,-0.014427826,-0.047558635,0.048275549,-0.009547141,0.080160491,-0.129566833,-0.177491963,-0.084726229,-0.018924844,0.037189022,0.021734063
E:\Project\Fake News Detection\images\real\6727.jpg,real,train,0.797903001,0.973677635,0.178857028,-0.297296405,0.036619373,0.009585761,-0.091563061,-0.141217828,-0.104132392,0.028589502,-0.035074946,-0.001548534,0.09167587,0.070283964,0.011454527,0.006058078,-0.021534557,-0.165647388,0.044173118,0.004864418,-0.094693668,0.160360023,-0.06867677,0.024738599,0.060915891,-0.001875063,0.002007978,-0.016203115,0.038859792,-0.095451839,0.018115429,0.042158294,0.036082897,-0.009067324
E:\Project\Fake News Detection\images\real\6738.jpg,real,train,0.963772476,1,-0.033440385,-0.443558216,-0.15682824,0.167230815,-0.176286206,0.018934896,-0.056599502,-0.076643549,0.036017414,-0.046775591,0.144585431,-0.069631159,-0.026628543,-0.008249485,0.074542999,-0.098350413,-0.027697837,-0.054747116,0.063476041,-0.017219385,-0.004230647,-0.022621457,0.086297229,0.009684068,0.023110108,-0.025349721,0.00064532,0.033740591,0.016050093,-0.074407004,-0.044558875,-0.06623105
E:\Project\Fake News Detection\images\real\6739.jpg,real,train,0.688414454,0.821002841,-0.297031701,0.175010294,0.204034805,-0.260110945,-0.103276685,0.029488865,0.06003999,0.147875726,-0.163328871,-0.038761009,-0.089901812,-0.195318311,-0.109289661,-0.178546131,0.030977542,-0.107637316,-0.081659175,-0.024334544,-0.08129181,0.139858156,-0.115683556,-0.084686749,-0.038022824,0.055385258,-0.089669421,-0.052817997,-0.081451565,0.082698315,0.020569975,-0.054361593,0.044412419,0.128895104
E:\Project\Fake News Detection\images\real\6752.jpg,real,test,0.706405282,0.746486306,-0.253930688,0.031715196,0.20469141,-0.17763409,-0.199881151,0.05608115,0.108486839,0.099542931,-0.180391431,-0.045989424,-0.226459756,-0.189542115,-0.071078405,-0.108099699,0.045052983,-0.072310902,-0.113212705,0.002726644,-0.038096942,0.061841376,-0.047622327,-0.039619237,0.034924448,0.073991545,-0.050463066,0.090297006,0.008866861,0.118239686,0.193080872,0.00384999,0.046178643,0.014024459
E:\Project\Fake News Detection\images\real\6755.jpg,real,train,0.663516164,0.707113862,0.132308096,0.161451682,0.057733539,0.007954155,0.07783445,-0.317197084,0.008132358,0.037260219,0.00427897,0.085182093,0.070540264,-0.05365403,-0.104528032,0.084248379,0.184404448,0.01172915,0.036719665,0.00486386,-0.001042364,0.127942175,-0.136739209,0.044350207,-0.137005135,0.053546742,-0.231092528,-0.093710862,0.073531605,-0.01604744,0.04958906,0.045090329,0.03734811,-0.081866249
E:\Project\Fake News Detection\images\real\6759.jpg,real,train,0.927730739,0.979961693,-0.465149671,0.129580006,0.23523964,-0.299053252,0.048902858,0.016215187,-0.080982983,0.19853805,0.206392974,-0.291842014,0.18638514,-0.003346206,0.137760058,0.178437337,-0.013347356,-0.015701927,0.089807637,0.023392191,0.097600169,0.030917682,-0.021139348,0.040928192,0.03375157,0.028197346,0.019089462,-0.01202407,0.036421511,0.0757716,0.036959983,-0.010610967,-0.006374103,0.052447371
E:\Project\Fake News Detection\images\real\676.jpg,real,train,0.87939167,0.964575171,0.299884766,0.161814183,0.082132354,-0.007073178,-0.269629419,-0.114569761,0.299203575,0.03563492,-0.127364293,-0.146659121,0.11734508,0.047418088,-0.038868155,0.178722531,-0.03409563,-0.031083867,-0.110891819,0.028867414,-0.087833263,0.044977911,0.173021391,-0.003036429,-0.080614515,-0.008805844,-0.064615533,0.039642561,-0.031230504,0.066059366,-0.019748297,0.0694061,-0.031745549,-0.021879466
E:\Project\Fake News Detection\images\real\6767.jpg,real,train,0.75601083,0.795391738,0.232273713,-0.162238553,0.132970348,0.136147395,0.112819366,0.015745088,-0.05049853,0.11482133,-0.175547853,-0.051567938,-0.099297851,0.037348937,0.025606742,0.001704449,-0.057590835,0.02832604,0.082846828,-0.161422685,-0.096436165,0.002501881,0.039403617,-0.001483556,0.132512361,-0.172722504,-0.022515692,0.013065566,-0.062544703,0.101571552,-0.066357091,0.066012785,-0.019816436,-0.040600784
E:\Project\Fake News Detection\images\real\6768.jpg,real,train,0.605279744,0.636557162,-0.010723154,0.089835532,0.06584505,-0.029765144,0.065644972,-0.253626615,0.099335849,0.006255091,-0.037996713,0.006936876,-0.145335257,-0.172139615,0.117884926,-0.004020642,-0.061852038,-0.001059011,0.02538017,0.12538527,-0.00626812,-0.122488685,0.018394515,-0.013697694,0.062441416,-0.030269329,0.05368305,0.039397147,-0.026004855,-0.064128466,0.01946629,0.010163403,0.066421367,-0.059522953
E:\Project\Fake News Detection\images\real\6776.jpg,real,train,0.677442431,0.737805009,0.062064476,0.070661537,-0.196141988,0.040507693,0.000981354,-0.073849805,-0.118000314,0.063765623,0.084800355,0.009844907,-0.00034546,0.012676029,0.179588303,-0.067645393,0.074470706,-0.061339933,0.059764821,0.018750183,-0.095816202,0.069894314,-0.063277312,0.02791971,0.00379079,0.020765433,-0.066266514,-0.089761376,-0.053688802,0.019446699,0.07324288,-0.059083465,0.078583926,0.040998533
E:\Project\Fake News Detection\images\real\6778.jpg,real,test,0.706931949,0.728778243,-0.21038413,-0.254962593,0.145651326,-0.01379548,-0.244779229,0.235518947,0.045884959,-0.078584962,0.106102735,0.102766499,0.136963755,-0.075829908,-0.00678785,-0.070782512,-0.077596009,0.020498563,0.023656387,0.092006594,0.107671097,0.035284013,-0.003169287,-0.02081313,0.022908576,-0.002044164,0.023913357,0.110236876,-0.078760348,-0.020359129,-0.00680162,-0.051281802,-0.019034207,0.024667569
E:\Project\Fake News Detection\images\real\6783.jpg,real,train,0.913145065,0.926907063,0.492702603,0.237749055,0.159231365,0.018947834,-0.240545422,0.193056047,0.051111404,-0.033391524,0.059979226,-0.074219801,-0.103001252,-0.077693671,-0.013805039,0.194025666,0.107652396,-0.051521625,-0.078727007,-0.059929695,-0.044675607,-0.099514522,0.00500941,0.046377268,-0.046276599,-0.037452295,-0.073321089,-0.072939858,0.036481272,-0.007803898,-0.022350403,-0.082786083,-0.009594991,-0.006071347
E:\Project\Fake News Detection\images\real\6785.jpg,real,test,0.840327442,0.856265366,0.338681072,0.097822666,0.032465711,0.034798965,-0.228832394,-0.135850951,0.313424498,-0.081333689,-0.008544592,-0.148201466,-0.014065236,-0.037859604,-0.02910025,0.144147262,0.011189632,-0.06754183,0.004295863,-0.046642549,-0.004276156,0.005973804,0.023735801,-0.046409518,-0.021484025,-0.043568805,-0.080695242,-0.078228444,0.023977481,-0.025269136,-0.014295921,-0.064656176,-0.100232609,0.016753897
E:\Project\Fake News Detection\images\real\6786.jpg,real,train,0.780533791,0.82744205,-0.040201716,0.304039747,-0.327284396,0.098558776,0.035084266,0.122804165,-0.134272382,-0.035727292,-0.037511103,0.039572351,0.109406129,-0.00928022,-0.014063948,0.074421085,-0.025642149,0.095416546,-0.082115002,-0.026200011,-0.055680919,0.079382561,0.091712281,0.058424607,-0.000717377,0.03073491,-0.001014683,0.011769623,0.03293357,0.003128816,-0.050391138,0.062341329,0.006966543,0.092500634
E:\Project\Fake News Detection\images\real\679.jpg,real,train,0.746275365,0.757033229,-0.402946115,0.168322966,0.239306197,-0.378061593,-0.073582456,0.108322471,-0.020110747,0.253049552,0.073095031,-0.190093026,0.135848463,-0.012761192,0.047701318,0.085616618,0.107766949,-0.089278124,0.096779995,0.027542925,0.003419443,0.031561922,-0.016928788,-0.076247431,0.019319287,-0.020699959,0.086902417,0.023374116,0.0117686,0.069188051,0.077618144,0.025531137,0.014696511,0.006794387
E:\Project\Fake News Detection\images\real\6795.jpg,real,test,0.629264176,0.721242428,-0.092206463,0.063441679,0.009309117,0.212307751,0.158694357,-0.263108075,0.017503347,0.040528476,0.034166709,0.088567331,-0.142872557,-0.121403083,0.023395825,0.041669194,0.016963549,-0.054603703,0.018131668,-0.057371914,0.010138534,-0.103006005,0.192088634,0.043382064,-0.15860182,-0.041800007,-9.26E-05,0.05019448,-0.148234099,-0.006321773,-0.015816651,-0.023329342,0.015503362,-0.040141664
E:\Project\Fake News Detection\images\real\6797.jpg,real,test,0.725572228,0.796958268,0.228112787,-0.03817787,0.059530608,-0.083339982,-0.002155092,-0.250958592,0.0664341,0.08581499,0.190519452,0.126448348,0.011333,-0.203346074,0.139004201,-0.131535158,-0.26471895,-0.072925203,0.103010073,-0.047406793,-0.104310408,-0.059691459,-0.015268911,0.020322043,-0.013880998,0.122683831,0.03102996,-0.04643935,0.054019116,-0.061179578,0.012359641,0.120047949,0.017306328,0.010865301
E:\Project\Fake News Detection\images\real\6798.jpg,real,test,0.566996574,0.572620749,0.123020768,0.153383017,0.120794445,0.159709975,-0.012939621,-0.153004646,-0.021708364,0.157788381,0.096199661,0.132953942,0.043074463,0.028494149,0.008928787,-0.099886164,-0.013153851,0.04343503,-0.040089335,0.002317801,-0.054179117,-0.008299045,0.055140629,-0.015905127,-0.106656551,-0.017748524,0.025128366,-0.112681657,-0.028778203,0.087390766,-0.036493987,-0.032337058,0.023200795,0.072899237
E:\Project\Fake News Detection\images\real\681.jpg,real,train,0.897599101,1,0.050112858,0.053378403,-0.495536774,-0.166298881,-0.345320404,-0.048403766,0.184040964,-0.106576562,0.055155348,-0.008625543,0.016650258,-0.107562833,-0.006879217,0.176420704,-0.030010538,-0.061371136,0.026527567,-0.131565258,0.010395809,-0.030426759,0.012468917,0.050334979,-0.055017192,-0.020106321,-0.052402187,0.008173537,-0.022373384,0.018863309,0.014896302,-0.077244438,-0.031059116,0.007889446
E:\Project\Fake News Detection\images\real\6812.jpg,real,train,0.797904789,0.842744708,0.1456763,0.233205095,-0.252441883,0.050048497,-0.244845167,0.03292495,0.308255494,-0.016309792,-0.127800629,-0.165028989,0.083807766,0.002538261,0.001557127,0.236528277,0.00055467,-0.026950277,-0.085836805,-0.037388846,-0.078290954,0.053433776,0.134383067,0.02022888,-0.106877886,0.000754137,-0.062143024,0.084297918,0.003993322,0.111099839,-0.0023849,0.07889314,-0.055421878,-0.025601329
E:\Project\Fake News Detection\images\real\6813.jpg,real,test,0.788745344,0.815725207,0.325021625,0.038544897,-0.113853715,-0.144594952,-0.119626954,-0.212040335,-0.091832981,0.114199467,-0.094712332,0.012218643,0.149788499,0.001554154,-0.011850581,-0.100720108,-0.091751307,-0.010920182,-0.037793022,0.010585114,0.048365489,0.085543357,0.035692923,-0.048354909,-0.096535698,0.045117535,0.030445632,0.110999197,-0.076196603,0.02926378,0.021625277,0.016360067,0.095040619,0.010165825
E:\Project\Fake News Detection\images\real\6817.jpg,real,train,0.540249467,0.575999141,-0.034147061,-0.009629889,0.01385697,-0.121891618,-0.040777065,-0.013707429,0.029702019,0.033573534,-0.137536764,-0.058184933,-0.224862188,-0.292137384,-0.004273249,0.010298884,-0.130650148,0.075855501,0.060577277,0.01406559,0.077155113,0.0778796,0.068889908,0.00371727,0.097797766,0.023999775,-0.082577839,0.088940158,-0.050292835,0.104684547,0.09035065,0.130280554,-0.013540615,-0.020787925
E:\Project\Fake News Detection\images\real\6822.jpg,real,test,0.732439995,0.757139683,-0.247165129,-0.016248733,0.009300321,0.016343832,-0.046931576,-0.027331598,-0.102099404,-0.114656784,-0.104415625,-0.035795104,-0.08966025,-0.016980805,0.057779361,-0.039919902,-0.109401897,0.171207473,0.063233301,0.145615175,0.069115311,0.203979626,-0.011591289,0.002718866,-0.061557714,-0.093091212,-0.099102281,-0.096284926,0.022695236,-0.000787795,-0.133825287,-0.063640989,-0.019219398,0.053363048
E:\Project\Fake News Detection\images\real\6825.jpg,real,test,0.629713893,0.685644507,-0.065709859,-0.105032526,0.181779087,-0.063741878,-0.085529283,0.027588733,0.051103994,-0.061462715,-0.153976202,0.061064161,-0.140473589,-0.175361395,-0.046841357,-0.066081539,-0.106716827,0.056935992,-0.014641736,0.038319752,0.034485564,0.098719239,-0.114799127,0.035772726,0.115548074,0.063834265,0.019939872,0.032933868,0.047973044,0.059216142,0.082644999,0.08168143,0.088327393,0.032121629
E:\Project\Fake News Detection\images\real\6828.jpg,real,train,0.698615968,0.735230982,0.282163262,0.164877236,0.063269094,0.001847532,-0.002544906,-0.186901078,0.125011608,0.032817025,-0.048874881,-0.090856247,0.143769428,0.044311799,0.03950477,-0.007812318,-0.040879555,-0.144814491,-0.127324164,0.014656492,-0.030055188,0.102157831,0.139005184,-0.014420171,-0.042353094,-0.022543276,0.060926553,0.058576807,-0.013563076,0.06331668,-0.015523775,0.023319697,-0.045354791,-0.039789021
E:\Project\Fake News Detection\images\real\6839.jpg,real,test,0.945942402,0.974022031,0.124546811,-0.183674991,0.252518952,-0.023566578,0.392865717,0.069028527,0.304258764,-0.166770861,0.078711212,-0.128585458,-0.120342962,-0.201498002,0.104213603,-0.027479429,-0.08832103,-0.155428663,0.016674791,0.005082056,-0.228109822,0.078439079,0.065853894,0.082939997,-0.086345635,0.096173987,0.133555874,0.048883423,-0.018690258,0.03229858,0.024466012,0.010680635,0.028347749,-0.018712498
E:\Project\Fake News Detection\images\real\6840.jpg,real,train,0.642682076,0.673601508,-0.035022389,-0.127043456,-0.186453104,0.076020546,-0.064996429,-0.178448796,-0.145274729,0.079868205,-0.000619693,-0.086132586,-0.069581531,-0.008827083,0.021568531,0.101613119,0.108806737,0.026513454,0.037819479,0.050272048,0.049425166,-0.012210104,0.067355558,-0.036965664,-0.059382211,0.059460778,0.048138179,-0.003032191,-0.024613827,-0.003939728,-0.070890345,0.016947409,0.046127491,0.081369922
E:\Project\Fake News Detection\images\real\6847.jpg,real,train,0.843093395,0.864796281,-0.129613802,-0.376299649,-0.080535918,-0.022778966,-0.236988693,0.055534907,-0.06591323,-0.180182487,0.010103864,0.154836997,0.082425609,0.049518511,-0.008014712,0.01170436,-0.022345081,-0.03664422,-0.017825361,0.034241132,0.071286827,-0.048981652,-0.034544531,0.037123282,0.071152173,0.088287972,0.031988803,0.016617376,-0.038717389,0.040104125,0.012985493,-0.022507649,-0.016556572,-0.055063572
E:\Project\Fake News Detection\images\real\6851.jpg,real,train,0.755757689,0.841576338,0.095324516,-0.133733377,-0.154485464,0.050694544,0.279156953,-0.029384587,0.043137778,-0.034146693,-0.034694921,0.014745693,-0.047317117,-0.010866588,0.048830286,0.17395322,0.106129609,0.01021977,0.008347317,0.066548169,0.052376226,-0.025186528,-0.041927103,-0.292923003,-0.090498075,-0.074082918,-0.031438001,0.017865548,0.015155938,0.059335969,0.012093739,-0.019312689,0.017637882,0.03046995
E:\Project\Fake News Detection\images\real\6856.jpg,real,train,0.831309319,0.933381796,-0.133512378,-0.270076513,0.046225913,0.4134987,-0.020113606,-0.024582295,-0.090366013,0.173226252,-0.000982448,-0.052648228,-0.016076811,-0.113227502,0.082344808,0.030615786,0.014119834,0.064625166,-0.025377316,-0.064252861,-0.046181787,-0.078312971,-0.052669708,0.114679545,-0.0165697,0.073394403,-0.068410277,-0.069210008,-0.064911626,0.003068897,0.091292262,-0.022018863,-0.077599794,-0.040740099
E:\Project\Fake News Detection\images\real\6862.jpg,real,train,0.689997792,0.739852965,0.132361129,0.140896305,0.118603408,-0.021853238,-0.117662385,0.016597565,0.046877172,0.130844191,-0.114008501,-0.076885723,0.141369179,0.017082876,-0.018600758,-0.090110593,-0.008026675,-0.065145977,-0.15584068,0.103679977,-0.087847397,0.078398712,0.189164236,-0.105900012,0.035993874,0.058241408,-0.126731575,0.08816006,-0.019776881,0.049600046,0.123482555,0.10420242,-0.039301686,-0.033176705
E:\Project\Fake News Detection\images\real\6872.jpg,real,train,0.662267983,0.719777942,0.194012836,0.076213337,0.039283361,-0.063447677,0.023426661,-0.232915789,0.080674842,-0.186156973,0.126893833,-0.101913698,0.104556806,-0.02894835,-0.070452966,-0.19277361,0.182204589,-0.075414471,0.088210762,0.017830543,-0.087136284,-0.036049418,0.024400767,-0.00607926,0.088698134,-0.001771317,-0.028913718,-0.023077222,0.022379532,-0.001121196,-0.042362265,-0.100121059,-0.09682522,0.033208683
E:\Project\Fake News Detection\images\real\6879.jpg,real,test,0.677383423,0.697589278,0.067909807,0.04492927,0.152215958,0.168149769,0.207748383,-0.029297613,0.165001363,-0.115111612,0.18280375,0.005098812,-0.022211067,-0.366840899,0.068927154,-0.085847825,-0.236048803,-0.175092667,0.061430186,-0.059965044,-0.010408849,-0.01696251,0.123438239,0.0065713,0.04709731,0.109093703,0.028527759,-0.046652049,0.060841151,0.015387341,-0.001959562,0.116538331,-0.024758816,0.045773711
E:\Project\Fake News Detection\images\real\6884.jpg,real,train,0.944243252,1,0.192571208,-0.394581676,0.200862199,0.229009911,0.055368159,0.047482058,-0.046842791,0.105186038,-0.029329905,-0.094484523,0.145112708,0.015145891,-0.025059471,0.014512859,0.047387302,0.045218416,-0.046469711,-0.064934716,-0.085736282,0.058406159,-0.143353716,0.011321501,0.103934035,-0.068787016,0.05228819,0.012789546,0.004675901,-0.069703557,0.043385606,0.027092898,-0.032884303,-0.031083887
E:\Project\Fake News Detection\images\real\6890.jpg,real,test,0.689262867,0.783261955,-0.207373813,0.021697335,0.015354071,0.032999352,0.022864278,-0.262218952,-0.116832912,0.001268899,0.006470107,0.067240886,-0.146274209,0.106619664,0.037282821,0.141466945,0.074233249,-0.062183652,0.042660587,0.034672871,-0.0295652,0.004554334,0.019289516,-0.014850624,0.109104216,0.088129625,-0.040615007,0.045115799,0.046618365,-0.074606135,-0.023195349,-0.156609893,0.082390212,0.108653411
E:\Project\Fake News Detection\images\real\6893.jpg,real,train,0.667505622,0.759984612,0.083400927,0.148917317,-0.020858349,0.001188571,0.09302979,-0.212723613,-0.152810216,-0.183489487,-0.004662137,0.050588977,0.017575834,-0.0962115,0.128738478,0.227894828,0.099668473,0.008099961,0.062547736,0.025904976,0.056359507,0.005691436,-0.074363217,-0.369435579,-0.116287246,-0.121118188,0.06456311,0.044741251,-0.051663477,-0.048871823,-0.025584677,0.028206185,-0.00485104,0.103064321
E:\Project\Fake News Detection\images\real\69.jpg,real,train,0.548050284,0.618028283,-0.124288864,0.077140726,-0.003255429,-0.052167989,-0.003233229,-0.197187588,-0.002477279,-0.038291197,-0.071194708,-0.161452934,-0.108739138,-0.0297007,0.021973811,0.033162739,-0.094257504,0.027056061,-0.141627356,0.043607909,0.135705456,-0.10555838,-0.041964598,0.083629236,0.060945891,-0.009496577,0.151217982,-0.079063252,0.143357202,-0.12075644,0.132729635,-0.021212183,-0.026691256,0.006528162
E:\Project\Fake News Detection\images\real\6900.jpg,real,train,0.931827068,1,0.423463523,-0.095724136,0.221990004,0.028275486,0.18913807,0.3235901,-0.19268328,0.039246779,-0.003197581,-0.066240825,-0.033944257,0.003114459,-0.009834991,0.048467994,0.068170018,0.073554933,-0.082633056,-0.039041858,-0.011402445,-0.017521797,-0.065178856,0.05852076,0.048738778,-0.03135797,0.047677081,0.056400053,-0.000379731,-0.056837354,0.060654912,-0.004510586,0.006871152,0.030575322
E:\Project\Fake News Detection\images\real\6901.jpg,real,train,0.432148308,0.485311866,-0.203648016,0.073557191,-0.02246863,-0.061196901,-0.002887837,0.186475486,0.084922619,-0.046362381,-0.089392141,0.055480871,-0.021642042,0.077309005,-0.018813631,-0.008017844,0.122251511,0.022067802,-0.055817835,0.092375398,-0.178202093,-0.013757085,-0.064585082,-0.112287715,-0.077612132,-0.017868243,0.085182704,0.000797802,-0.045956161,-0.185104489,-0.102785341,0.125437602,0.126171052,-0.007093128
E:\Project\Fake News Detection\images\real\6903.jpg,real,train,0.562306285,0.580935657,-0.119627528,-0.065510631,-0.010945837,-0.129741609,0.015946373,-0.141617969,-0.024722705,-0.132186294,-0.127179846,0.014808096,0.000639282,-0.038183633,-0.014286538,0.038753074,0.037667368,0.080384813,-0.011476956,0.061267354,0.029180029,-0.082751736,-0.035340127,0.058739524,0.110046759,0.009598555,0.025323041,-0.029555103,0.044243403,0.017739132,0.042373337,-0.029910192,-0.118760034,-0.127634898
E:\Project\Fake News Detection\images\real\6907.jpg,real,train,0.709699333,0.745786786,-0.178844005,0.04972937,-0.019956311,0.158894777,0.161813349,-0.303550005,-0.076374881,0.063559465,-0.079238512,0.090236329,-0.109564364,-0.035893679,-0.082272656,0.223967299,-0.007084018,-0.090290345,0.060485046,0.017876355,0.066184446,0.084329076,0.015631039,0.102994122,0.007313519,-0.019963352,-0.022762036,-0.002837842,0.062703498,-0.012586446,-0.034049377,-0.10595993,0.044759668,0.093117133
E:\Project\Fake News Detection\images\real\6909.jpg,real,test,0.872150779,0.890620351,-0.054397509,-0.426181227,-0.234362751,-0.036284529,-0.177296519,-0.05688031,-0.191402048,-0.174841806,-0.07131432,-0.038648561,0.082802698,-0.114195406,0.008819101,0.01039223,0.067448556,-0.094819739,4.73E-05,0.025617868,0.1198854,0.046360753,0.034556892,0.022289887,-0.025856588,-0.038104646,-0.010330738,-0.065540001,-0.030988596,-0.003414519,0.001396712,-0.000442094,-0.023591764,0.020802625
E:\Project\Fake News Detection\images\real\6912.jpg,real,test,0.798000753,0.804050386,-0.086460806,-0.18648091,-0.045961082,0.407415479,0.064009242,-0.027143545,0.006065914,0.204497978,0.103690684,-0.017451864,-0.018351225,-0.099835306,-0.000283424,0.013428129,0.071377456,0.010042664,-0.062819213,-0.006853342,0.07535848,-0.092612579,0.015512466,0.083372548,-0.113741368,-0.007499451,-0.159403324,-0.013770029,-0.06696701,0.047499493,0.042774938,-0.023959737,-0.004281275,-0.019832641
E:\Project\Fake News Detection\images\real\6920.jpg,real,test,0.679233193,0.758064985,-0.013559423,0.082349814,0.07586956,-0.046067402,-0.035026994,-0.135422722,0.098629177,-0.069137141,-0.054638978,0.191875756,0.082437739,0.124644987,0.185350984,-0.053842653,0.187024921,-0.024417514,-0.085376516,-0.167846024,0.148502499,0.072375722,0.046405405,-0.063007951,-0.039035887,0.022700012,0.084589593,-0.097405151,0.025478445,0.024825573,-0.037004352,0.020129763,0.020408358,-0.018421449
E:\Project\Fake News Detection\images\real\6924.jpg,real,test,0.739335656,0.945947766,-0.078116789,0.139912814,0.051332507,0.04533159,0.086454451,-0.179551303,-0.029183196,-0.065394804,-0.10796681,0.099937364,-0.147586197,-0.100613609,0.135138884,0.107336894,0.035289623,0.046146922,0.04462751,-0.009753644,-0.038704496,-0.116935782,0.017159043,-0.055997252,0.006001435,0.073515803,-0.017048175,0.113738045,-0.125066847,-0.059180558,-0.082440615,-0.037380531,0.007315099,-0.059626602
E:\Project\Fake News Detection\images\real\6933.jpg,real,train,0.561152577,0.637256265,-0.143628538,0.060762577,-0.01099068,0.019160388,0.121583164,-0.187027439,-0.042167585,0.004689403,-0.014569744,0.049511041,-0.128906414,-0.115988389,-0.027033031,0.179421961,0.09767881,0.059786908,-0.056479625,0.061554126,0.07083679,0.078969508,0.026294274,0.019574361,0.046314117,-0.090456113,0.029253464,-0.04363998,-0.050486304,-0.052065834,0.065982059,0.036987823,-0.004254917,-0.095530145
E:\Project\Fake News Detection\images\real\6934.jpg,real,train,0.916857541,0.952831745,0.465397716,0.195089296,0.151962504,-0.093526088,-0.246726468,0.195849597,-0.049333658,0.013610205,0.064172566,0.053788934,-0.103739873,-0.202696934,0.007079151,-0.020311803,0.043882284,0.077729456,0.090285629,0.031461462,0.141304523,0.067133993,-0.005631203,0.026460031,0.030918568,0.03963792,-0.015949607,0.060838599,0.072490066,-0.097409494,-0.028057612,0.028452419,0.062864773,0.028489327
E:\Project\Fake News Detection\images\real\6937.jpg,real,train,0.701681256,0.929624557,-0.065336213,0.123414211,0.033073429,0.040137127,0.077340931,-0.202273577,-0.046898451,-0.060618468,-0.092029326,0.088799931,-0.116057858,-0.116752088,0.153236285,0.115651958,0.024870982,0.038368754,0.045318231,0.001288105,-0.035300069,-0.125264317,0.010216982,-0.072203167,-0.00317901,0.053960957,-0.003326824,0.112989396,-0.084675975,-0.039636627,-0.070866846,-0.025684359,-0.005328246,-0.074154183
E:\Project\Fake News Detection\images\real\6938.jpg,real,train,0.649842858,0.712500036,-0.121750221,0.027669203,0.043719131,0.035416245,0.210113823,-0.233045354,-0.060545143,-0.068043455,0.014111511,0.089620672,-0.068736553,-0.140229523,0.065320522,0.180408314,-0.081219725,-0.071013577,0.057979938,-0.065056346,-0.065602481,0.015287026,-0.040155068,0.052764058,0.165545315,0.140969947,0.01156059,-0.029552773,0.101076059,0.03142789,-0.051218744,0.022257378,-0.024420487,0.084763207
E:\Project\Fake News Detection\images\real\6939.jpg,real,test,0.603282571,0.694343686,-0.027859438,-0.074918352,-0.182709068,-0.127318382,0.059944849,-0.134585083,0.043606676,-0.053604394,-0.09066613,-0.079065472,0.045597725,-0.031156845,-0.067410946,-0.07408163,0.067962505,0.11264421,0.046542507,0.010269925,-0.053927209,-0.052763239,0.026110675,-0.006198451,-0.052055769,0.0245452,-0.082638167,0.063211486,0.032247387,0.05799447,0.043010727,-0.035483763,0.035618342,0.073529966
E:\Project\Fake News Detection\images\real\6951.jpg,real,train,0.722041428,0.787289858,0.185934812,0.166003436,0.13352403,0.019256849,0.079657085,-0.232158288,-0.032879744,0.059112478,-0.144658625,0.086418949,-0.001785757,0.071157113,-0.093941659,0.051643942,-0.053998768,-0.201121673,0.059633657,-0.085240938,0.124132834,0.055144802,-0.052099969,0.004525985,-0.019981286,0.050889537,-0.022320189,0.103388757,0.038470831,-0.149707526,-0.132819295,0.005467379,0.059554335,0.003015504
E:\Project\Fake News Detection\images\real\6971.jpg,real,train,0.872947335,0.898490071,-0.110162467,-0.403952211,-0.123474933,-0.017062761,-0.279770523,0.031079382,-0.092092186,-0.170008659,0.033313662,0.102657728,0.082980782,0.062604889,-0.061622124,-0.004724628,-0.017848037,-0.078410335,0.000348013,0.044416536,0.055543285,-0.048679415,-0.016530888,0.002588156,0.032450978,0.044899356,0.015859984,-0.015258167,-0.033283468,0.027474793,-0.001848774,-0.030440843,-0.040693942,-0.04713181
E:\Project\Fake News Detection\images\real\698.jpg,real,test,0.957943618,1,0.451618403,0.067612872,0.032462716,-0.297673434,-0.159912467,0.111052766,-0.305370271,-0.053496167,0.141468197,0.137746558,-0.007347844,-0.099590801,-0.01781749,-0.006807599,0.07009092,-0.06943205,-0.033194777,0.012578204,0.045027621,-0.046615824,0.029730016,0.068409353,0.012223996,0.006754596,-0.003719693,0.011664867,-0.02244474,-0.005966574,-0.028320715,-0.069316439,0.007765166,-0.032850347
E:\Project\Fake News Detection\images\real\6982.jpg,real,train,0.537002325,0.581841826,-0.316666782,0.183397397,0.018754482,0.071871556,0.034945861,0.12899147,0.085392408,0.077045992,0.018482627,0.137187809,0.04483686,-0.060386017,0.010445991,-0.092422329,-0.079323754,-0.076931074,0.055264637,0.063927077,0.01726722,0.06795492,0.072002813,0.060818236,-0.071778141,-0.060125347,0.177569449,0.114437968,-0.009877207,-0.173387527,-0.086404815,0.13736175,0.003896755,-0.091409221
E:\Project\Fake News Detection\images\real\6985.jpg,real,train,0.751452327,0.808953106,-0.145805433,-0.220585689,-0.04033602,0.276317358,-0.098863736,0.026274459,-0.05541651,0.158117622,0.103689171,0.048309665,-0.067656562,-0.082970284,0.051550847,-0.041510157,-0.098328494,7.14E-05,-0.074154146,0.063984849,0.063150622,-0.050079942,0.069864623,-0.009530687,-0.068399526,0.023388008,-0.048588347,0.020874696,-0.089072235,0.048202254,-0.069064774,0.012482394,0.044036943,0.096160315
E:\Project\Fake News Detection\images\real\7004.jpg,real,train,0.810300052,0.880964875,0.072760575,0.016175676,0.060484447,0.111268803,0.046166845,-0.197059542,0.106604718,0.051097542,0.165376335,-0.070461176,0.15850158,-0.053322535,-0.096518569,-0.018078629,0.165846527,0.11657542,0.022615172,-0.04826729,-0.145462289,-0.073499687,-0.188423648,0.085151643,-0.018098809,-0.020314354,-0.209164411,-0.019717477,0.051031478,-0.048935197,0.037029561,-0.00897838,0.057299916,-0.088214815
E:\Project\Fake News Detection\images\real\7009.jpg,real,train,0.762651742,0.803421915,-0.397830635,0.018225335,0.267998815,-0.067319997,-0.170063362,0.096997015,0.043163043,0.074350595,-0.003018926,0.11526864,-0.146541268,-0.135150641,-0.045402873,-0.189260527,-0.070299923,0.038411334,-0.029196404,0.117727466,-0.018399173,0.019043988,-0.043677419,-0.014975776,-0.030635141,0.062546037,-0.055548444,0.090316653,0.011627018,0.145777985,0.157925069,-0.01668446,0.088693045,0.024471737
E:\Project\Fake News Detection\images\real\701.jpg,real,train,0.772232533,0.8204844,0.279415339,0.093656816,0.030988006,-0.091308795,-0.27927494,-0.126695558,0.231057003,-0.064376868,-0.04054397,-0.01598325,0.06083506,0.002262992,-0.013145515,0.18147777,-0.064894758,-0.087949775,-0.00280429,0.012660907,-0.044034779,-0.009864612,0.032607991,0.02711967,-0.021910002,-0.01856572,-0.032628462,-0.037839588,0.004468877,0.019860603,-0.049693111,-0.04804673,-0.088213883,0.064597294
E:\Project\Fake News Detection\images\real\7010.jpg,real,train,0.691271126,0.711887538,0.070354253,0.118310019,0.185053751,0.123670302,0.000377568,-0.139025033,0.05099554,0.148168042,0.129510388,0.071132645,0.139436543,-0.00895524,-0.00517247,-0.075515017,-0.100148633,-0.008510854,-0.098584905,0.092922695,-0.062658645,0.0546818,0.124636531,-0.026243312,0.054042153,-0.034324706,-0.032796584,-0.046191115,-0.010515937,-0.005634893,0.078554995,-0.160766333,-0.025325537,-0.064412117
E:\Project\Fake News Detection\images\real\7012.jpg,real,train,0.648368537,0.713259816,0.226503164,0.201995656,0.010253983,0.052413531,0.021708481,-0.058833949,-0.047545098,-0.188654199,0.184482083,-0.045122311,-0.021191951,-0.032070026,0.04274011,-0.053646233,0.095943063,-0.135544449,-0.037496913,0.021850107,-0.021065962,0.099189356,-0.050658263,0.021050485,-0.107779413,0.074729122,-0.048211828,-0.052328307,0.022496512,-0.045365144,0.103299662,-0.037935335,-0.064298712,-0.111851007
E:\Project\Fake News Detection\images\real\7015.jpg,real,test,0.680263162,0.718680739,-0.148722023,-0.00543309,-0.017896891,0.026198409,-0.069217309,-0.120744035,-0.119992621,-0.076283194,-0.142748475,-0.030609196,-0.144660935,-0.057241514,0.131035209,0.009347998,-0.03646113,0.186458543,0.043879554,0.124511823,0.066729873,0.142555103,0.013173267,0.059851505,0.015529476,-0.041058354,-0.04184977,-0.093138099,0.077750765,-0.044055492,-0.126843855,-0.024973042,-0.110184826,-0.013031505
E:\Project\Fake News Detection\images\real\7034.jpg,real,train,0.818632901,0.854421437,-0.003951027,0.03562494,-0.067709059,0.077181071,0.251075864,-0.167669594,-0.085515164,-0.119010299,0.071648836,0.089365654,-0.018759454,-0.116236366,0.055519722,0.298560083,0.065984055,0.124396436,0.055235226,0.031215783,0.012265042,-0.086807273,-0.028532274,-0.398382396,-0.029735785,-0.001023445,0.061057668,0.112825878,-0.071908459,-0.089571483,0.003966996,-0.017548608,-0.059988793,0.028154263
E:\Project\Fake News Detection\images\real\7039.jpg,real,train,0.661264122,0.710653365,0.069029227,0.103061371,0.07632558,0.138747618,0.125637248,-0.284832865,-0.057843108,0.161378801,0.056624748,0.062978223,-0.073272362,0.063329123,-0.144058451,0.062450077,0.099189386,-0.196013644,0.09617047,0.03197217,-0.082480058,0.085916974,0.033084992,0.118706249,-0.015626369,-0.017453184,-0.017290298,-0.088759601,0.167760417,-0.139989197,-0.001828115,0.012290779,0.033374451,-0.001617261
E:\Project\Fake News Detection\images\real\717.jpg,real,test,0.641162753,0.668714762,-0.216805458,0.022639059,0.167419016,-0.031353615,0.046779737,-0.01465893,0.041742243,-0.191677123,-0.055979338,0.170331225,0.091099694,0.117576562,0.191731602,-0.00496896,0.042701524,0.165256277,-0.010827869,-0.025705948,0.178070039,-0.000308951,0.001539994,0.004088342,-0.017427042,-0.035938472,-0.023264304,-0.033714935,-0.019329719,0.062599704,-0.05360496,-0.12350975,0.11698471,0.023446061
E:\Project\Fake News Detection\images\real\727.jpg,real,train,0.807085335,0.833117008,-0.432530582,0.09466517,0.227595091,-0.257784337,0.132626504,0.054614939,0.020651303,0.035889883,0.205152154,-0.068568982,0.144641966,-0.05042398,0.083683878,0.166282848,0.023239929,-0.118779734,0.115752645,0.023302387,-0.019972606,-0.058603577,-0.042880647,-0.000825691,0.049369581,0.050965808,0.034898702,0.024947025,0.115556128,0.025670622,-0.026910763,0.087336406,-0.022744605,-0.041429549
E:\Project\Fake News Detection\images\real\732.jpg,real,train,0.600160003,0.621901274,-0.155101165,-0.073202513,0.043014769,0.045316249,-0.068518847,-0.112464145,-0.036446866,-0.117012754,-0.029005464,0.006438897,-0.067487739,0.086219214,0.017430592,0.004710448,-0.151505485,-0.03035658,0.091179907,0.087700233,0.06299904,0.051490385,0.015396166,-0.001335096,0.046102662,0.035970788,-0.000856155,-0.01249065,0.051808473,0.051727533,-0.022884199,-0.028914953,-0.0462243,-0.02879207
E:\Project\Fake News Detection\images\real\742.jpg,real,train,0.639241755,0.670178533,-0.343871683,0.022385554,0.113495469,-0.076947168,-0.00225866,-0.061945241,-0.120526165,0.197975069,-0.096193396,-0.06566985,-0.183902681,-0.081307061,-0.13168177,0.006752579,0.05686529,-0.064143531,-0.008149238,-0.099061437,0.011127716,0.048921727,0.083766028,-0.044601239,-0.052599482,0.107213192,-0.018943256,0.043623034,0.066419579,-0.026887797,-0.01020555,-0.092194766,-0.153445929,0.020251673
E:\Project\Fake News Detection\images\real\747.jpeg,real,train,0.700157583,0.744262099,-0.018117083,0.32124427,-0.334538162,0.216803253,0.033710014,0.146733552,-0.131410092,0.029655591,0.189442024,0.148662895,0.121888191,-0.066732042,-0.038044158,0.178663135,0.010470338,0.143912539,-0.032995541,-0.121999778,-0.101729095,-0.01172073,-0.103310242,-0.102934875,-0.018103184,0.036307096,-0.009327307,0.10087394,-0.02335922,-0.034264777,0.005387023,-0.030403135,0.015827784,0.075174689
E:\Project\Fake News Detection\images\real\751.jpg,real,train,0.713048577,0.722439766,-0.328469843,-0.039729379,0.121653438,0.088335648,-0.077252544,0.104652286,-0.026262766,-0.147201285,0.009089246,0.029903879,-0.028597137,0.00681748,0.064189017,-0.122443512,-0.104877882,0.103138581,0.000731789,0.17267096,0.097261056,0.142422825,-0.031023825,0.009209421,-0.069951899,-0.080297172,-0.078209423,-0.026556078,0.02703356,-0.117768779,-0.146341443,0.016792182,-0.063911632,0.08574561
E:\Project\Fake News Detection\images\real\752.jpg,real,test,0.527279377,0.540560007,-0.315843463,-0.015150495,0.209860861,-0.084647313,-0.093452767,0.021050932,0.006341526,-0.063005708,-0.037869629,0.081682287,-0.160973981,-0.132249296,0.012183191,-0.0524428,-0.145788968,0.132869259,0.044636212,0.050444499,0.079758197,0.070313297,0.063269302,0.044293936,0.080592588,0.116013862,0.008335326,0.07181479,-0.065398619,-0.04926914,0.004171677,0.102846049,-0.04329104,-0.027293466
E:\Project\Fake News Detection\images\real\756.jpg,real,test,0.751654506,0.778218985,-0.261127502,-0.281081051,0.016460937,-0.155763388,-0.23783651,0.152217746,-0.071586363,0.088802032,0.081592947,-0.025425479,0.120160848,-0.031529181,-0.027158387,-0.018302109,0.030040413,-0.082388744,0.058907576,0.09692882,-0.02904024,-0.076080911,-0.054352973,0.006363712,-0.058173273,-0.029563267,0.038378567,0.086005837,0.015553743,-0.032050163,0.034500062,-0.049980134,-0.086272337,0.002540924
E:\Project\Fake News Detection\images\real\761.jpg,real,train,0.923289776,0.930358529,-0.076654129,-0.425129801,-0.165289506,-0.028176475,-0.241367802,0.019628361,-0.134036183,-0.141061068,0.025168136,0.061543599,0.096624486,-0.019048151,-0.043892808,0.002863415,-0.006942117,-0.103462569,-0.004253091,0.024757233,0.085548483,-0.018251106,-0.000491029,0.004572681,0.06511005,0.035919238,-0.001177006,0.001535548,-0.038312905,0.023857575,0.004474979,-0.004417349,0.001426152,-0.030004121
E:\Project\Fake News Detection\images\real\766.jpg,real,test,0.656079531,0.689931154,-0.363704294,0.014776841,0.257917643,-0.185523629,-0.143584058,0.117398627,0.028359504,0.121269606,-0.083912194,0.002991151,-0.12848638,-0.124662399,-0.077400818,-0.09585996,-5.83E-05,0.035212971,-0.025734048,0.045504108,-0.066609122,0.02605449,-0.035466854,-0.046534985,-0.051305622,0.040858552,-0.025041284,0.054071814,-0.006612703,0.036747083,-0.016223267,-0.016150771,0.003917553,-0.043505944
E:\Project\Fake News Detection\images\real\771.jpg,real,test,0.819658399,0.885233879,0.238197595,-0.004420608,0.115183033,-0.036666028,0.222718596,0.022735443,-0.075096086,0.045161836,-0.23128666,-0.080347806,0.183591068,0.086867176,-0.002039921,0.03946951,-0.102485523,0.037280183,-0.191215351,0.116755441,-0.026182309,0.108343832,0.191767395,-0.093761086,0.008640498,0.007643461,-0.033978857,0.176066265,-0.003115527,-0.01146327,0.144082114,0.046695467,0.022882588,0.021696821
E:\Project\Fake News Detection\images\real\772.jpg,real,test,0.8517434,0.917291224,0.111780912,-0.453970104,0.052675787,0.064974397,-0.109196633,-0.029001359,-0.103732087,-0.067640401,-0.004277838,-0.0321614,0.195418686,-0.036465541,-0.086201154,-0.030035172,0.037494224,-0.036720332,0.000983823,-0.066698894,-0.030050103,0.023856584,-0.005157184,0.006348163,0.064537391,-0.075862586,0.057299271,0.010079876,0.022104919,-0.009432346,0.084588327,-0.035426334,-0.062329747,-0.067841001
E:\Project\Fake News Detection\images\real\773.jpg,real,train,0.779128253,0.854249239,0.208345726,0.076519214,0.140456319,0.123917058,-0.400916129,-0.038460091,0.340640694,-0.017592497,-0.026231857,-0.00462663,-0.031096861,0.007589711,-0.030336717,0.138091013,0.039974798,-0.005123022,0.019136079,-0.016303295,-0.057588257,0.011467454,0.013159214,-0.02853843,0.002156428,-0.009490474,-0.007156933,-0.060751464,0.018875737,0.041407555,0.009947425,0.015433604,0.039786689,0.015153675
E:\Project\Fake News Detection\images\real\783.jpg,real,train,0.723245323,0.765596926,0.0256283,-0.256119937,0.22629793,0.274315655,0.038120132,-0.095994048,-0.186811134,0.04508267,-0.115143955,0.000523705,-0.035429202,0.073866896,-0.109178469,0.119176023,0.043446418,-0.1486931,0.020237556,-0.124951817,-0.037311278,0.101440206,0.011476859,0.06963829,0.014770971,-0.065487184,0.014867756,0.065914594,0.110409901,-0.071273953,-0.006955006,0.055067118,0.001709559,0.039211996
E:\Project\Fake News Detection\images\real\786.jpg,real,train,0.724869609,0.755728126,-0.135055929,0.013847359,-0.003250348,0.144347072,0.098510534,-0.274674833,-0.106136277,0.124356382,0.016170727,0.088456064,-0.158744439,-0.078193992,-0.035264641,0.204452872,0.054227997,0.058493473,0.023282887,0.067153081,0.12598595,0.057686258,0.082532331,0.109017685,-0.109193586,-0.03440699,0.020067619,-0.013528987,0.026992239,0.020209977,-0.02316713,-0.109729573,-0.048785556,0.025441656
E:\Project\Fake News Detection\images\real\793.jpg,real,train,0.785641015,0.866822004,-0.076054007,0.346476287,-0.319192231,0.078374967,0.043036666,0.086140826,-0.098824687,-0.006624421,-0.121840306,0.027740235,0.190567344,0.003836066,-0.032536194,0.038393449,-0.093434058,-0.046876457,-0.021785328,0.003828424,0.04638198,0.039948143,0.14564386,-0.012687504,0.035536341,0.033450384,-0.093313605,0.067003697,0.047073651,-0.155853868,0.191862121,-0.026409874,-0.059393611,-0.055139281
E:\Project\Fake News Detection\images\real\794.jpeg,real,train,0.60184592,0.617650926,-0.272452414,0.290049613,-0.128326491,0.012616409,0.031807326,0.18712087,-0.029490765,-0.0742011,0.000704194,0.048119433,0.087551929,0.104015805,-0.090185985,-0.050029039,-0.19400233,-0.055535961,0.164813221,0.005587003,0.044826221,-0.037543315,0.004262387,-0.071110241,0.033029992,-0.013634571,-0.05622603,0.019580543,0.049494039,-0.060277965,0.07231269,0.028428502,-0.107044272,0.072109863
E:\Project\Fake News Detection\images\real\795.jpg,real,test,0.78756249,0.798777163,-0.180559248,-0.176457912,0.341789573,0.234695107,-0.06629248,0.176773101,0.01280045,-0.020974277,0.148089916,0.04577104,0.082213216,0.031422853,-0.040774055,-0.081483811,-0.150506094,0.030522577,-0.020350002,0.083335549,0.049282908,0.032385603,-0.016065761,0.029975902,-0.098363683,-0.012063652,-0.046009257,0.076262057,-0.132228151,-0.076421723,-0.037761644,0.038158223,-0.070606418,0.109882712
E:\Project\Fake News Detection\images\real\797.jpg,real,train,0.699464023,0.750603199,-0.253429443,-0.159481972,-0.043263435,0.084716536,-0.023751546,-0.004910202,-0.023377731,-0.132672817,0.05258128,-0.035558145,0.106155157,-0.051364835,-0.13631478,-0.141618043,0.186175004,0.026283188,-0.029090842,0.12271405,-0.174443915,-0.158178359,0.073369384,0.001749107,0.130499557,-0.019476436,-0.040643085,-0.027367361,0.060834043,0.012252179,0.028684938,-0.009521916,-0.035543196,0.018577864
E:\Project\Fake News Detection\images\real\798.jpg,real,train,0.731260121,0.788059711,0.215039611,0.202309638,0.124917276,0.066796936,0.065492898,-0.101478614,0.006939232,0.016141292,-0.103159033,0.053558774,0.190989241,0.077971131,-0.021992391,-0.054136194,-0.107541583,0.057901915,-0.046804268,0.073550485,-0.048377477,0.12481463,0.134101957,0.014980824,0.064027585,0.132257923,-0.073894165,0.042007741,-0.014970065,0.042109367,-0.034472898,0.039267298,-0.048520863,0.054786392
E:\Project\Fake News Detection\images\real\807.jpeg,real,train,0.818549454,0.886066556,-0.059499994,-0.287866563,0.022991979,0.422256649,-0.059205167,0.039636116,-0.009566769,0.014821301,0.049790855,-0.022457125,0.033176053,-0.000636439,0.058796834,0.037552215,0.0521411,0.004137062,-0.00905823,-0.127773017,0.080979921,-0.038875647,-0.018429149,-0.01909125,0.014326619,-0.019746663,-0.027921775,-0.082982682,-0.0442193,0.057884824,0.051140953,-0.012985743,-0.019404063,-0.081175879
E:\Project\Fake News Detection\images\real\810.jpg,real,train,0.897599101,1,0.050112881,0.053378426,-0.495536894,-0.166298941,-0.345320493,-0.048403744,0.184040934,-0.106576636,0.055155348,-0.008625522,0.01665023,-0.107562818,-0.006879235,0.176420659,-0.030010581,-0.06137117,0.026527595,-0.131565213,0.010395819,-0.0304268,0.012468955,0.050334979,-0.055017177,-0.020106295,-0.052402202,0.008173496,-0.022373386,0.01886333,0.014896298,-0.077244386,-0.03105909,0.007889402
E:\Project\Fake News Detection\images\real\826.jpeg,real,test,0.88246125,0.903597832,-0.116861507,-0.394052237,-0.067634866,0.137316912,-0.239504009,0.076808371,-0.029229023,-0.109077044,0.069739491,0.057127185,0.125756562,0.027548917,-0.060126226,-0.02781659,0.007064141,-0.013481341,-0.005713914,-0.007914707,0.01941587,-0.068021052,-0.048184793,-0.027877346,0.044721201,0.030250937,0.005121987,-0.005496353,-0.035476558,0.015408501,0.026432194,-0.122237258,-0.044511274,-0.074112065
E:\Project\Fake News Detection\images\real\833.jpeg,real,train,0.96685344,1,-0.007877924,-0.460748076,-0.228350893,0.013259393,-0.202612534,-0.006137284,-0.140232265,-0.12777096,-0.000746918,0.003108077,0.119125411,-0.076620422,-0.0212097,0.007116104,0.044093069,-0.147878781,-0.017568033,0.002350871,0.09673091,-0.004645749,0.01635343,-0.008102177,0.032387394,0.036340844,0.012660043,-0.010928271,-0.018325038,0.014511589,0.007833099,-0.012889449,-0.009760089,-0.014416123
E:\Project\Fake News Detection\images\real\840.jpg,real,train,0.783296704,0.811095357,-0.388060272,0.078720361,0.234807089,-0.247958496,-0.037191167,0.077523194,0.004919412,0.075052798,-0.09662246,-0.0420716,0.192761451,0.027839651,0.218974471,0.054379832,0.147398114,-0.128758222,-0.033698257,-0.059121128,0.055192031,-0.009635058,-0.054751679,-0.034121815,0.010232838,-0.0626937,-0.056924645,0.020096933,0.091696098,0.033321239,-0.060890563,0.015490138,-0.017851565,-0.019283086
E:\Project\Fake News Detection\images\real\841.jpg,real,train,0.647126317,0.706393361,-0.184079587,0.03582241,0.119837232,0.096409187,0.067018859,0.057066955,-0.040566597,-0.055086106,-0.182288066,0.037996318,-0.105739474,0.040524974,-0.033496942,0.005054784,-0.125411883,-0.037242841,0.055273835,-0.013421825,-0.014771189,-0.029226249,-0.053236544,-0.040399279,0.095530264,-0.140843585,-0.048921689,0.069748439,-0.057755761,0.020163564,-0.051795956,-0.036263939,-0.01290468,-0.081202291
E:\Project\Fake News Detection\images\real\846.jpg,real,train,0.73514384,0.770099282,0.192730069,0.095036767,0.224012017,-0.036089502,0.066902548,-0.094606273,0.145719305,-0.209219545,0.138317153,-0.028506976,0.078299329,-0.003944397,-0.012114628,-0.111677185,0.038724598,0.00743324,0.068391852,-0.095560901,0.137940124,0.128668934,-0.00412046,-0.030510074,0.012001743,0.028929343,-0.04245637,-0.034615703,-0.010345564,-0.052790612,-0.070374884,-0.069811411,0.035876978,0.047715176
E:\Project\Fake News Detection\images\real\85.jpg,real,train,0.641246796,0.667565107,-0.06461183,0.077825241,-0.025694273,-0.110578388,-0.028585877,-0.11812187,-0.048726637,-0.061880145,-0.004346035,-0.072240219,-0.045896549,0.073127933,-0.101157069,0.139558524,0.014072686,0.043454587,-0.014666456,-0.029666463,0.163526118,0.001750069,-0.002996812,-0.018734623,0.117807612,0.09137249,0.107197762,-0.049059615,0.083467357,0.067016482,0.028005648,0.037846122,-0.033576593,-0.098666638
E:\Project\Fake News Detection\images\real\853.jpg,real,train,0.621146917,0.692755222,-0.129698411,-0.003841078,0.186044157,-0.001675627,0.043848202,0.019790227,0.102253824,-0.18447639,-0.111467965,0.168754429,0.123485751,0.124299906,0.281772703,-0.013020391,0.129411444,0.030925138,0.088001683,-0.086873852,0.169748664,0.091480553,0.196858168,0.120749071,0.017858809,0.040210027,0.092971548,-0.020736929,-0.062167797,-0.043025721,-0.010420123,-0.173087716,0.057517581,0.000796566
E:\Project\Fake News Detection\images\real\855.jpg,real,train,0.840095878,0.846485734,0.424560219,0.261733621,0.187361076,0.020289091,-0.041456439,0.157793194,-0.206505775,0.022770662,0.149679601,0.012247242,-0.085448503,-0.013850863,0.082533345,-0.056404412,0.062325414,0.002584957,-0.13470076,-0.008794283,-0.003583704,-0.086933464,-0.053097453,0.066339217,0.028222123,0.020976277,0.019422559,0.02471034,0.029457819,-0.04021335,-0.033591572,-0.051236689,-0.003296484,-0.033245724
E:\Project\Fake News Detection\images\real\857.jpg,real,train,0.767922044,0.799726129,-0.150543272,-0.16168128,-0.125034407,0.004915468,-0.131101638,-0.068261944,-0.150084525,-0.010360043,-0.21070686,-0.116415307,-0.113584734,-0.090721585,0.016572092,-0.113360725,0.045467351,0.043604512,-0.007230345,-0.014128443,0.025586722,0.154632896,-0.000437207,-0.029172027,-0.146909893,-0.016249055,-0.038502451,-0.062662378,0.132086381,-0.016187435,-0.100174248,0.006383307,-0.109847918,0.011328957
E:\Project\Fake News Detection\images\real\871.jpg,real,train,0.75730896,0.83917892,0.158709109,0.144913778,0.14750734,0.25296101,0.010519939,-0.09979704,0.025064303,0.369234443,0.102673098,-0.019837745,0.088965222,0.004077143,-0.005612524,-0.051678877,-0.057447471,0.03563679,-0.129570767,-0.032100905,-0.098928846,-0.004133978,0.161374629,0.048844539,0.00890252,-0.018645607,-0.040132109,0.00264152,-0.055567369,0.048056129,-0.06686119,-0.002543625,-0.081343353,0.058865771
E:\Project\Fake News Detection\images\real\872.jpg,real,train,0.843694866,0.868975043,-0.459588468,0.16259791,0.20705767,-0.282985061,0.05383319,0.035103329,-0.082170174,0.151638612,0.229899451,-0.267814398,0.207476914,0.059595168,0.053139962,0.166396171,-0.057123736,0.03096181,0.065401308,0.034724791,0.084886603,0.030332712,-0.023617148,0.042926069,0.026136702,-0.02971896,0.035805207,-0.02958231,-0.015716724,0.071594462,0.003796301,0.020370383,0.050287545,0.048899919
E:\Project\Fake News Detection\images\real\874.jpg,real,test,0.692009151,0.771551967,-0.093393788,-0.073457278,-0.223305792,0.332173139,-0.115231723,0.011227172,-0.044628881,-0.043437324,-0.066703096,0.031681389,-0.003868022,0.007251643,0.003433475,0.013448946,0.136182547,-0.119628862,-0.01002131,0.019695267,-0.01086399,0.04304615,-0.001920512,-0.010581762,0.05920729,0.058332402,0.077976756,-0.041084521,0.018734969,0.077200994,-0.015916817,0.073569752,0.006792955,-0.021344915
E:\Project\Fake News Detection\images\real\877.jpg,real,train,0.877141356,0.924245596,-0.437053472,0.07281588,0.182304487,-0.373312265,-0.041752238,0.058814093,-0.059614103,0.136823103,0.237674907,-0.283136874,0.103013262,0.089032486,0.032140713,0.176673144,0.044657018,-0.016726829,0.135528952,-0.00122529,0.0517819,0.05162048,-0.002353554,-0.003497399,0.021157926,-0.00152713,0.030275464,-0.045920275,0.025604991,0.068691418,0.023130568,0.095906943,0.021901017,-0.002220689
E:\Project\Fake News Detection\images\real\879.jpg,real,train,0.691180885,0.73290658,-0.405656368,0.08849889,0.110196561,-0.153966278,-0.01244897,-0.043078989,-0.149955645,0.144079223,-0.055819817,0.010897697,-0.128857434,-0.132253572,-0.143408254,-0.051347673,0.055291798,-0.027571734,-0.206609607,-0.063867427,-0.028768862,0.02378002,-0.003008685,-0.061081145,-0.044810452,0.078275166,-0.060833085,-0.032223724,0.004578835,0.022749897,0.011751684,-0.086294889,-0.140841171,0.071799353
E:\Project\Fake News Detection\images\real\9.jpg,real,test,0.620732605,0.68726933,-0.097744212,0.060565874,-0.034196995,0.013384625,0.024332523,-0.197710946,0.051279798,-0.100433119,-0.066110387,-0.166172162,-0.25591138,0.107503317,-0.020698234,-0.02410965,-0.073623464,-0.026776627,-0.148724332,-0.099075221,0.131304294,-0.10780558,-0.000823304,0.104190752,0.091594636,-0.171378791,0.014997089,0.029487982,-0.020626336,-0.112027392,0.044638626,0.091495506,-0.040794097,0.020827927
E:\Project\Fake News Detection\images\real\913.jpg,real,test,0.80237025,0.819683254,-0.095382966,-0.231094688,-0.028987244,0.403754681,-0.027438413,-0.012996336,-0.061560377,0.180245295,0.035015024,-0.023862243,-0.087935872,-0.066498227,-0.005048126,0.023343936,0.03846819,-0.032966036,-0.021519836,-0.033252373,0.061273307,-0.083851151,0.163032576,0.050352566,-0.103753254,0.016834227,-0.060097896,0.034936801,-0.083013952,0.080595493,-0.009765662,-0.001985027,-0.049044929,0.0578865
E:\Project\Fake News Detection\images\real\922.jpg,real,train,0.612595499,0.643361568,-0.145766243,0.056421615,0.023358619,-0.069596738,0.016577877,-0.143943951,-0.03656055,-0.11893075,-0.079106733,-0.028115792,-0.120124348,0.051671941,-0.012142603,0.126451313,0.017230449,-0.012390369,-0.092877217,0.005034471,0.063617386,-0.04126896,-0.01552968,0.042715531,0.109781548,-0.040157933,0.054942433,-0.082125895,0.041870806,-0.007154461,0.021079376,0.095028698,-0.02377685,-0.114273429
E:\Project\Fake News Detection\images\real\931.jpg,real,test,0.670139611,0.710289717,-0.079185158,0.042664044,-0.070843212,0.033646613,0.130860165,-0.230900258,-0.044134423,-0.167226404,-0.02163111,-0.076889418,0.091932796,-0.154827923,-0.086738005,-0.05890451,0.221463397,0.129116893,-0.014166623,0.094082788,0.039739668,-0.106946729,-0.005987713,0.100996092,0.023560286,-0.018145941,-0.074383698,0.12615183,0.05416923,-0.018707618,-0.076419458,0.13589853,0.058251284,-0.012182526
E:\Project\Fake News Detection\images\real\934.jpg,real,train,0.589776218,0.614556313,-0.183350459,0.066627525,0.127691016,0.065460026,0.061199609,-0.163338929,0.029038347,-0.119770244,-0.079470977,-0.059062343,0.023313288,0.00087824,0.113707535,0.095382176,-0.115701094,0.156579033,-0.107053697,0.098428242,0.135925546,0.005498866,-0.148306385,0.125180855,0.064501412,0.039177503,0.030871183,0.005535737,0.072541289,0.048892744,0.025999013,-0.006730853,0.063897759,0.014686818
E:\Project\Fake News Detection\images\real\935.jpg,real,train,0.803911984,0.842056274,-0.134690359,0.076645009,0.034322947,0.131404787,0.06814798,-0.206113875,-0.136758417,-0.008811153,-0.02849286,0.161414757,-0.176494807,0.061787423,-0.080834091,0.207095787,0.148876339,0.107228324,0.111573175,-0.020929029,-0.090181708,0.176288664,0.105831444,-0.006982501,-0.018496651,0.110637873,-0.067024864,-0.052430693,0.073742293,-0.050228491,0.083928809,0.016390389,-0.103995994,0.09108717
E:\Project\Fake News Detection\images\real\938.jpg,real,train,0.607178628,0.717018902,-0.149431914,0.049339842,-0.076636061,-0.076436326,0.077573135,-0.233848155,-0.005949643,-0.16785267,0.026244013,-0.078237757,0.032309063,-0.179126918,-0.183476195,-0.145905212,0.153515697,0.10150452,0.043362558,0.005643189,-0.010562962,-0.095398776,0.051890835,0.12713106,-0.032049261,-0.080420926,-0.119523965,0.039838128,-0.016209165,0.100051798,-0.042636584,0.074436039,0.077411026,-0.012508503
E:\Project\Fake News Detection\images\real\947.jpg,real,test,0.856788278,0.999999762,0.392241567,0.224057317,0.112126067,-0.035159506,-0.049913902,0.048143115,-0.077914849,-0.100042947,0.162180096,-0.120871969,-0.218426526,0.101770394,0.029527798,-0.096408844,0.001065217,-0.098424092,-0.095056564,-0.047115907,0.079703987,-0.174691588,-0.026646871,-0.022189692,0.036620028,-0.147970796,0.006019922,0.019575253,0.004903175,0.025148273,0.021714576,0.06275063,-0.0576526,0.034644246
E:\Project\Fake News Detection\images\real\95.jpg,real,train,0.70737803,0.743684649,0.13783747,0.056398649,0.166544005,0.120029882,0.125423938,-0.169998273,-0.051198263,0.039083797,-0.136138365,0.126966551,-0.148906916,0.099275246,-0.127091482,0.033745892,-0.075476348,-0.220383599,0.166264728,-0.147643551,-0.065506838,0.028351774,0.032848109,0.04645123,0.177270994,-0.189990193,-0.084312327,0.102655657,-0.092575781,0.014913265,-0.046275161,-0.002873237,0.013783178,-0.050663665
E:\Project\Fake News Detection\images\real\958.jpg,real,train,0.785016656,0.821266711,0.281015128,0.097433574,-0.036107507,-0.019116068,0.079323985,-0.164301842,-0.065107398,0.122689709,-0.159063011,-0.080688328,0.164786413,0.075985208,-0.041712657,-0.047222525,-0.049319297,0.005824765,-0.05685081,0.007463943,0.064188398,0.08641503,0.114774324,-0.065255754,-0.075464137,0.002894855,0.042710908,0.128482059,-0.053204019,0.037355572,-0.00455488,0.061367389,0.019840688,-0.030241815
E:\Project\Fake News Detection\images\real\961.jpg,real,train,0.743795097,0.796324015,0.013009902,0.07195051,-0.046381384,0.113215327,0.174922988,-0.117608987,0.034570716,0.003735477,0.110886589,0.072728947,-0.058925536,-0.217985407,0.110331327,0.070049591,-0.019297484,-0.027512914,-0.001016704,-0.023263654,0.001059469,-0.125524968,-0.00974169,-0.03424402,0.012571147,0.006062453,0.040285047,-0.1848263,-0.012338676,-0.101706959,0.130694568,0.078650333,0.123380855,0.052108817
E:\Project\Fake News Detection\images\real\969.jpg,real,train,0.681241274,0.69891274,-0.011617592,0.266885608,-0.350360841,0.086448774,0.020221237,0.010064083,0.065759294,-0.049975403,-0.081329457,-0.114879549,0.07705377,-0.032096002,-0.004209599,0.016136216,-0.016127236,-0.017153712,-0.023951419,-0.021875221,0.040955119,0.067158684,-0.057761278,0.107830957,-0.017987819,0.025853848,-0.000926331,0.058330655,-0.068397343,0.055620618,-0.008473755,0.024280785,0.016701452,0.01926952
E:\Project\Fake News Detection\images\real\97.jpg,real,train,0.867316425,0.905430913,0.23142609,0.143008664,0.087966107,-0.023141569,-0.279742241,-0.066028625,0.270670623,0.004559834,-0.10400822,-0.086516328,0.100270942,0.103465572,-0.04153116,0.167265266,-0.042200312,-0.002162367,-0.09396968,0.045906439,-0.126691729,0.00837533,0.147358611,-0.028945556,-0.101433918,-0.037519742,-0.056800418,0.018469188,-0.001448662,0.090597838,-0.034492802,0.061839405,-0.033523269,-0.024562581
E:\Project\Fake News Detection\images\real\970.jpg,real,train,0.65117991,0.78186965,-0.038542278,0.041973744,-0.141023785,-0.027313473,0.087321587,-0.253502429,-0.059459064,-0.163763463,-0.09089721,-0.129609287,0.000628706,-0.133542538,-0.067286536,-0.058497619,0.165269271,0.158003017,-0.009955275,0.009431269,0.024196636,-0.055083957,0.031203283,0.031413607,0.096733481,-0.009100199,0.019261746,0.166922674,0.096254215,0.045738589,-0.134312019,0.073547482,0.097255059,-0.034303553
E:\Project\Fake News Detection\images\real\987.jpg,real,test,0.600740135,0.618338346,-0.242228359,0.022342876,0.106646486,0.042019844,0.117901236,0.009703572,-0.118921056,-0.147348762,0.054023083,-0.047846012,0.005256374,0.086290158,-0.089306302,-0.068481907,-0.06313622,0.130057693,0.036136307,0.110878512,-0.011289477,-0.022347726,0.059663415,0.047103044,0.013755843,0.024549544,0.003533425,-0.052049056,0.090613507,0.050745204,-0.016065419,-0.033350416,0.0334787,0.005074717
E:\Project\Fake News Detection\images\real\99.jpg,real,train,0.749874592,0.807446957,-0.208851427,-0.177835152,0.021602938,0.247567162,-0.100891858,0.055709481,-0.096689455,-0.0230259,0.166766986,0.058899049,-0.066301227,0.110541128,-0.099870048,-0.042640004,0.042797308,0.083236881,-0.034298602,0.011936118,-0.019463856,-0.107246876,-0.039716892,0.026033241,-0.027609583,0.071102463,-0.004349429,-0.034422126,0.012086601,0.084934957,0.037241004,-0.031376027,-0.067823231,-0.018352138
E:\Project\Fake News Detection\images\fake\100.jpg,fake,train,0.722641766,0.768482804,0.089641057,0.092945457,-0.111282632,-0.023734504,0.214490727,0.183825627,-0.085753031,-0.027976079,-0.352340639,-0.115386091,-0.009652507,0.028657477,-0.022357693,-0.008793263,-0.082620434,-0.009232,0.298077762,-0.053226508,-0.030536054,-0.144174054,0.055404622,-0.121444181,-0.001663721,0.003406664,-0.115862906,-0.011804478,-0.026476735,0.004212087,0.05012523,-0.112581998,0.146454439,0.024742143
E:\Project\Fake News Detection\images\fake\1005.jpg,fake,test,0.7711429,1,0.031244636,0.21305497,-0.346016914,0.089229345,0.021409485,-0.081873775,0.074619479,-0.136001706,0.110852003,-0.114106618,0.05094371,-0.044278428,-0.027478594,-0.005665235,0.046338812,-0.01744142,0.077209622,-0.065766811,0.067153126,0.082379185,-0.022200245,-0.144726798,-0.096301593,-0.099988535,0.079831704,0.230171144,-0.080399752,0.118724391,0.030383678,-0.02114122,-0.000762723,-0.028114267
E:\Project\Fake News Detection\images\fake\1006.jpg,fake,train,0.853157878,0.883378863,0.061126545,-0.028961578,-0.195740357,0.210045442,0.239439607,0.027295036,0.139892817,0.330428064,0.064887859,0.05215925,-0.09390033,0.121474035,-0.082057558,0.04536495,0.082099646,-0.076848075,0.000248447,0.023890756,0.030265164,0.03155873,0.022487504,0.005128401,0.072600581,-0.002816812,0.000358148,-0.034303352,0.067734845,0.006801504,-0.042366773,-0.006578817,-0.014119245,-0.029079238
E:\Project\Fake News Detection\images\fake\1008.jpg,fake,train,0.715362012,0.742337048,-0.208828419,-0.156499192,0.177350312,0.237060443,0.133110106,0.199335039,0.046939008,-0.305401146,0.148312271,0.132918954,0.069084398,-0.14714618,0.020962991,-0.091252215,-0.116365179,-0.118249424,0.106465936,0.020748531,-0.024126647,-0.080135934,-0.001522613,0.00974296,-0.041118924,0.054536261,0.018810533,-0.082444213,0.077368997,0.045010082,0.013354157,0.084317997,-0.033358727,0.027543297
E:\Project\Fake News Detection\images\fake\1035.jpg,fake,test,0.62417984,0.658121824,-0.202842444,0.149750024,-0.191735357,0.040099017,0.026659364,-0.048600808,0.047815569,-0.1342742,0.114738926,-0.044006981,-0.002882722,0.018243551,-0.054881856,-0.17867519,0.092916243,0.183180809,0.134809732,0.104336053,-0.1187004,-0.050103359,-0.138833806,0.044304211,-0.087824389,-0.12539959,-0.146872282,0.033874162,0.030251093,0.022054166,0.025479868,0.086623065,-0.007055208,-0.145641774
E:\Project\Fake News Detection\images\fake\1036.jpg,fake,train,0.675889969,0.736309171,0.182164118,0.11567273,0.022003362,0.041439541,0.110706873,-0.134738997,-0.027791126,-0.001649487,-0.156936094,-0.093325973,0.014247072,0.076950461,0.029347232,-0.102310345,0.04606754,0.092878617,0.123290963,0.019454304,-0.069905199,-0.046364781,-0.00753664,0.001410504,-0.059336182,-0.013272421,-0.028480591,-0.054948699,0.073950291,-0.022430604,0.002243442,-0.044724107,-0.033024773,-0.156071141
E:\Project\Fake News Detection\images\fake\1037.jpg,fake,train,0.8182863,0.871001363,-0.161570415,-0.225566432,0.024295747,0.391927272,-0.063416228,0.000522943,-0.05779089,0.089547038,0.014623496,-0.055590671,-0.015538281,0.051912174,-0.076231048,0.058350623,0.021825166,-0.163654372,-0.000448436,-0.046501342,0.045394696,-0.027114,0.056565542,0.050168287,0.001925047,-0.036468621,0.077039853,-0.014543165,0.077094167,-0.056449752,0.009542958,0.007867555,-0.015894918,-0.011339352
E:\Project\Fake News Detection\images\fake\1038.jpg,fake,train,0.710398018,0.7269665,0.324550539,0.138355374,0.07616245,0.052782368,-0.021840397,0.007698643,0.107291609,-0.019645452,-0.112303913,0.063001134,0.11850559,-0.009627238,0.037964173,0.070250034,0.011643853,-0.021871964,-0.050019305,0.04005656,-0.02741277,0.078745469,0.064993985,0.045233041,0.061222222,0.00186786,0.063913658,-0.049611513,0.011608789,0.00541983,-0.064321086,-0.073889762,-0.100839056,0.134537339
E:\Project\Fake News Detection\images\fake\104.jpg,fake,train,0.763299823,0.790924072,-0.05583667,-0.183973402,0.025868155,0.427548587,-0.06987644,0.117591336,-0.10006544,0.126252666,-0.179762229,-0.112511829,0.03212148,-0.006514043,-0.012972461,0.01915177,-0.09547171,-0.090641789,0.04012173,-0.114788309,0.035078894,-0.230951652,0.101487122,-0.047750365,-0.04249128,0.1239715,-0.104304634,-0.044499531,-0.053175304,0.001082599,-0.008030895,-0.041417602,0.007151096,0.026548058
E:\Project\Fake News Detection\images\fake\1041.jpg,fake,train,0.939714909,1,0.020327317,-0.363824934,-0.208493084,0.128907561,-0.242338508,0.028536927,-0.176522553,-0.019626003,-0.08540418,-0.073305294,0.01482622,-0.049292881,0.128522605,-0.035579249,0.068660021,-0.070488192,-0.014039021,0.048758082,-0.014787411,0.00806747,0.032455124,-0.039413799,-0.032908637,0.075311005,0.040777203,-0.08883179,-0.031558983,0.067073412,-0.005254841,0.115899175,0.056921743,0.040037967
E:\Project\Fake News Detection\images\fake\1045.jpg,fake,train,0.612716496,0.64484632,0.199509531,-0.005602998,0.172429159,-0.045779277,0.064966612,-0.049960934,0.046408601,-0.074094161,0.066229887,0.234273493,0.066618741,-0.2215074,0.121744469,-0.009062675,-0.08294937,-0.088183798,0.005507639,-0.038581666,-0.071191847,-0.036922544,0.04728353,0.003889978,0.022896979,0.090717301,0.075595669,-0.087182477,0.036146998,0.106015041,-0.023430543,0.023827296,-0.013139495,0.132399872
E:\Project\Fake News Detection\images\fake\106.jpg,fake,train,0.662884831,0.674832225,0.121045209,0.200657263,0.199452356,0.043443222,0.06709449,-0.055685759,-0.109931357,-0.113760404,0.07005284,0.175007433,0.103912778,0.119307928,-0.056157641,0.077954128,-0.052302636,0.079234019,0.043834247,0.091541804,-0.07142055,0.000936271,-0.046795212,-0.156806737,-0.028632266,0.010194947,0.024659589,0.046878625,-0.025902933,0.091555826,-0.032016337,0.038562361,-0.108733647,0.015666703
E:\Project\Fake News Detection\images\fake\1065.jpg,fake,train,0.792426884,0.891283453,0.080395631,-0.130867824,-0.47713542,-0.130118102,0.103458285,0.03122812,-0.0132059,0.076321594,-0.037311018,0.058064502,-0.070594713,0.048982032,0.115306661,0.001242147,0.118811719,0.02726797,0.007311834,0.106109492,0.077238955,0.052833449,-0.029297398,0.054818075,-0.066760279,0.025313703,-0.047026563,-0.072233416,-0.060995609,-0.014706594,0.012692021,0.097864516,0.012695115,0.037532296
E:\Project\Fake News Detection\images\fake\1070.jpg,fake,test,0.776803672,0.877460361,0.03412953,-0.213831216,-0.232612193,-0.163380727,0.069296271,0.118525952,0.032245122,0.033898778,-0.148275182,0.064541779,0.004973531,0.079008393,-0.053654958,-0.034410525,-0.093409821,0.018889781,0.085709602,0.037309617,0.088911325,-0.141687348,0.057714108,-0.076957211,-0.012333497,0.0634363,-0.092625774,-0.039089501,0.044111125,0.013230994,0.008323062,-0.110312246,0.031181395,0.020354688
E:\Project\Fake News Detection\images\fake\1071.jpg,fake,test,0.782220662,0.832712054,0.347589821,0.184802696,0.135431975,0.015556186,0.005651115,0.044451393,-0.19836773,0.045917109,0.153278351,-0.016544044,-0.018206066,-0.005511977,-0.122140244,0.011746351,0.109129891,0.064343728,-0.053909954,-0.066413231,0.049084172,-0.068902679,0.023694335,-0.034391679,0.03923358,0.038265403,0.13038063,-0.040161029,0.075918742,0.188792482,-0.033792198,-0.031857643,-0.001468055,-0.038892582
E:\Project\Fake News Detection\images\fake\1077.jpg,fake,train,0.676704049,0.745187402,-0.104053952,0.037677534,-0.27292496,-0.082383543,-0.148849338,0.044310875,-0.029359529,0.004583031,0.045545388,0.095182166,-0.11969851,0.140170217,0.077274889,-0.111847252,-0.128011212,0.141484603,0.099885322,0.078766428,-0.058435049,-0.014598238,-0.082980037,0.004683857,-0.02258867,0.026109878,0.015204594,0.012646531,-0.00870006,-0.013164135,-0.004445188,0.043810625,-0.076885343,-0.047158062
E:\Project\Fake News Detection\images\fake\1083.jpg,fake,train,0.671899199,0.742242217,-0.276032269,-0.082146235,0.209537357,0.140318662,-0.07816425,0.102020822,-0.020247512,-0.113944836,-0.048752107,0.115375102,-0.168720067,0.014636621,-0.030155204,-0.120667629,-0.091969736,-0.016889207,0.137898162,0.047360968,0.004133201,0.017515386,0.050563432,0.053302731,0.035756398,-0.04236028,-0.031676527,0.179019228,0.014917187,0.082560226,-0.095043816,0.041056491,0.003202053,-0.076203518
E:\Project\Fake News Detection\images\fake\109.jpg,fake,train,0.632978618,0.671278715,0.023585482,0.065936163,0.009971699,0.066765629,0.015113978,0.186211854,-0.169409484,-0.051557127,-0.237891927,-0.094316192,-0.069118798,0.017501399,-0.018323701,-0.056078691,-0.036273334,0.014569731,0.231720537,-0.003227299,-0.154913142,0.012669771,0.066378661,-0.083443686,0.047455415,0.02605029,-0.03253657,-0.077456631,0.015001865,-0.036243532,0.077472121,-0.141547382,0.082143754,0.024428086
E:\Project\Fake News Detection\images\fake\1096.jpg,fake,train,0.659321368,0.702141285,-0.07334251,-0.049056616,-0.038001537,0.075662807,0.000449463,0.090351038,0.098768927,0.169877931,0.160249233,0.132522285,-0.105864845,0.187014252,-0.101192281,-0.055488411,0.065601699,0.147451878,0.097566858,0.102800354,-0.066880457,-0.122964203,-0.106476128,0.013568079,0.080138765,0.029690383,0.041828375,0.021063378,0.014164017,0.089007549,0.003056023,-0.017712198,0.009283364,0.00655431
E:\Project\Fake News Detection\images\fake\11.jpg,fake,train,0.758017898,0.794665217,0.262459576,-0.019252488,0.089041457,0.144731298,0.065592065,0.364182323,-0.27478233,-0.108402394,-0.049236409,-0.100072414,-0.017380454,0.004168657,0.029693555,0.043711673,0.073591202,-0.062742844,-0.113670535,0.051244941,0.126635641,-0.033295639,-0.047160275,0.027956676,0.024805829,0.033230092,0.023126058,0.008442439,-0.017234068,-0.020699183,0.005133628,-0.009759469,-0.016560795,0.047066085
E:\Project\Fake News Detection\images\fake\110.jpg,fake,test,0.819952309,0.903471529,0.049982846,-0.032780915,-0.205689222,0.182513744,0.258952945,0.004922912,0.114773661,0.327671856,0.038223192,0.07160826,-0.110226922,0.133119106,-0.063098326,0.058224183,0.044476166,-0.097586289,0.019552704,0.025436297,0.005493678,0.010078331,0.037750803,0.008872993,0.015990667,0.013642197,0.008140714,-0.036016874,0.021745376,0.015898228,-0.039136901,0.017757807,-0.005201526,-0.006119169
E:\Project\Fake News Detection\images\fake\1105.jpg,fake,test,0.846715748,0.846715689,0.069714561,-0.197087049,-0.336052597,-0.262169808,0.039577749,0.050943203,0.059307411,0.12212912,0.028652912,0.107972324,0.045425709,0.048914887,0.008557094,-0.006884485,0.012021285,0.025191363,0.016236382,0.134520963,0.040503941,0.066617504,-0.013220299,-0.03456074,0.019200832,-0.058727786,-0.034917563,-0.000596344,0.006195843,-0.023411915,-0.11500369,-0.016774654,-0.008959621,-0.038961791
E:\Project\Fake News Detection\images\fake\1106.jpg,fake,train,0.758190393,0.788214087,0.178841144,0.237747014,0.034114048,0.049453951,0.014949334,-0.077281289,0.055934247,0.086265586,-0.24878104,0.017925004,0.166990191,0.012065124,-0.059425846,-0.045230992,-0.065611616,0.015088338,0.056722481,0.119543537,0.080070928,0.04150641,-0.220669717,0.11076878,-0.148236677,-0.027563669,0.119452849,-0.105463989,-0.056514863,-0.050962325,-0.005203827,0.014622911,-0.066480659,0.106580257
E:\Project\Fake News Detection\images\fake\1115.jpg,fake,train,0.799413204,0.912818789,-0.110115886,-0.091487706,-0.263221353,0.264874697,0.166958869,0.158979312,0.113536201,0.323030829,0.072274312,-0.077230833,-0.089165494,-0.004332314,0.048175629,0.023295486,-0.077423662,0.148283735,-0.040832702,-0.10310062,-0.001903798,-0.043558236,0.042169895,0.064590633,-0.091624677,-0.083390981,-0.003892587,0.059194453,-0.030963751,0.002488319,-0.025163021,0.002454464,-0.053479757,-0.00130404
E:\Project\Fake News Detection\images\fake\1118.jpg,fake,train,0.748189628,0.763448536,0.16963473,-0.283344418,0.183430001,0.194167241,0.10226924,0.082302377,0.132013515,0.171342313,-0.03695529,-0.01784551,0.083956301,-0.035186436,-0.025454266,-0.040700171,0.08584138,0.013989866,-0.036681365,-0.054193109,-0.061454896,0.071184121,-0.04480515,-0.047313519,0.063145638,-0.074702188,0.069565699,0.004139561,0.033416849,-0.038415525,0.007973999,0.012791068,0.04336315,0.02167909
E:\Project\Fake News Detection\images\fake\1140.jpg,fake,train,0.780406952,0.816584229,-0.020883424,-0.186173096,-0.195655167,-0.081223212,-0.000534277,-0.130507529,-0.042026918,0.073629677,-0.041688707,-0.089199118,-0.082636356,0.129618436,0.15812926,-0.106845081,-0.002263936,0.056716479,-0.127559841,-0.064318813,-0.005783746,-0.112058789,-0.062749624,-0.0412127,-0.016552374,0.155459017,0.033385057,0.035628561,0.110250615,-0.056464251,-0.075937741,-0.081373058,-0.056136016,-0.019704957
E:\Project\Fake News Detection\images\fake\1143.jpg,fake,train,0.814826608,0.830566525,0.167374521,0.059587114,0.210256413,0.107249357,-0.296516508,-0.033634063,0.291635871,0.061267674,0.105019741,0.068257511,-0.026293721,-0.069352843,-0.016614389,-0.052882135,-0.082737699,0.138127014,0.133513823,0.023370264,0.099967197,0.068613619,-0.031482317,0.000926236,0.113409363,0.054292548,-0.024460794,0.033633523,0.045071021,-0.083094247,-0.010362322,-0.00473338,-0.004143937,0.019133937
E:\Project\Fake News Detection\images\fake\1144.jpg,fake,test,0.645004392,0.653465092,0.00752078,-0.270231396,0.113169022,-0.293985456,0.016581142,0.047504939,0.014954774,-0.063165247,0.029415078,0.058606364,-0.056846965,0.152842104,-0.088975817,-0.067350149,-0.069200024,0.185265109,0.11177972,-0.020097733,-0.007749982,0.067715049,-0.013904668,-0.014883056,-0.060511801,-0.041018929,0.035653114,0.003475226,0.044292741,-0.018744342,-0.039801657,-0.001217853,-0.017014347,-0.00073301
E:\Project\Fake News Detection\images\fake\1155.jpg,fake,train,0.910569787,0.935600221,0.122638859,-0.179066166,0.230920196,-0.030400366,0.379303724,0.067758091,0.315591186,-0.193021312,0.087635331,-0.118435115,-0.110332325,-0.11057315,0.129515052,-0.011662315,-0.084080979,-0.125186324,-0.022054309,0.026642576,-0.247978583,0.058521051,0.031452484,0.09823288,-0.064829201,0.098323353,0.117781796,0.05282037,-0.053814013,0.020467693,0.00893698,0.001859457,0.04291749,-0.023851555
E:\Project\Fake News Detection\images\fake\1156.jpg,fake,train,0.720758975,0.751678228,-0.098657861,0.175467834,-0.269681096,-0.003196231,-0.161840528,0.098382249,0.299446911,-0.153947458,-0.040659051,0.062404282,0.038389064,-0.080251709,-0.049147364,0.182900861,0.021411194,-0.042710681,-0.069613382,-0.035194788,-0.165066808,-0.004635549,-0.053834118,0.010886956,-0.010023491,-0.077075057,0.040517259,-0.16921328,0.031816859,0.024576958,-0.092758745,-0.04535009,-0.028152985,0.067412503
E:\Project\Fake News Detection\images\fake\1158.jpg,fake,train,0.798976779,0.834295273,0.080506012,0.003181353,-0.133254126,0.02463622,0.194087029,0.172368169,0.024163535,0.043216452,-0.306655645,-0.047916487,-0.014307043,0.112763181,-0.021340726,0.009570868,-0.086708136,-0.070564158,0.138948947,0.00502343,0.069517881,-0.227257565,0.032489277,-0.122199014,0.055678014,0.165032774,-0.099722236,-0.059746943,0.006433425,0.004968414,0.017214859,-0.053911608,0.065366365,0.020077305
E:\Project\Fake News Detection\images\fake\1185.jpg,fake,train,0.954643846,0.999999881,0.139833495,-0.255185992,-0.368812293,-0.277204454,0.087490395,0.020387048,0.060885008,0.092362814,0.082857527,0.09714786,-0.030178772,0.006275576,-0.051350363,-0.023736836,0.006395217,-0.040319495,0.050228842,0.076270461,0.112778924,0.02406165,0.035175059,-0.034129262,0.023643322,-0.010417223,-0.042257395,-0.013639503,-0.007467514,0.043410741,-0.058129705,0.020927262,-0.031935729,-0.045340028
E:\Project\Fake News Detection\images\fake\1193.jpg,fake,test,0.723288715,0.750485599,0.095802128,0.175572783,0.151026592,0.024766609,0.018088443,-0.033884563,0.080086201,0.077580221,-0.274498463,0.021596961,0.208476171,-0.028928824,-0.036822308,-0.007303782,-0.132317975,-0.021835558,0.029097645,0.139814451,0.056674764,0.001112445,-0.198208079,0.124936655,-0.026820287,0.03507372,0.073778458,-0.01700829,-0.030008286,0.120609298,0.090677716,-0.01530036,0.016649432,-0.011516817
E:\Project\Fake News Detection\images\fake\1200.jpg,fake,train,0.79069674,0.854249239,0.255080163,0.046602681,0.087498277,0.108972922,-0.376384705,-0.067386948,0.349333286,0.018254669,-0.069824718,-0.06980662,-0.055208858,-0.063552663,-0.045606568,0.109423898,0.064211056,-0.062186647,0.005769202,-0.030747358,-0.031494822,0.026530191,0.040512696,-0.030709911,0.005731641,0.026338752,-0.02878972,-0.000829487,0.031176906,0.013747325,-0.004745805,0.024421532,0.011072518,0.006623085
E:\Project\Fake News Detection\images\fake\1207.jpg,fake,test,0.797299802,0.817049861,0.174303293,-0.158109128,-0.345364183,-0.156081438,0.133900911,0.050793111,0.076529741,0.135062948,-0.024209954,0.102322146,-0.04800953,0.144764096,0.07243146,0.010212574,0.056482386,0.016092077,-0.05664086,0.096996203,0.038836554,0.01383331,-0.024823323,0.028410628,0.043902129,0.061352216,-0.030361755,-0.034182824,-0.057806123,0.011226937,-0.030282035,0.06322597,0.054500092,-0.006259583
E:\Project\Fake News Detection\images\fake\1210.jpg,fake,test,0.953419209,1,0.455560535,0.210270107,0.185967505,0.017967209,-0.222263426,0.202314824,-0.008319531,0.061772108,0.093887493,0.012650039,-0.081202157,-0.199239969,-0.000337081,-0.038532872,0.058594909,0.109810472,0.079805195,-0.001345724,0.127886057,0.051022973,-0.013788488,0.011254087,0.080179945,0.019090969,-0.011334186,0.047701553,0.07767754,-0.097353972,-0.020158067,-0.010179346,0.038003899,-0.00054577
E:\Project\Fake News Detection\images\fake\1211.jpg,fake,train,0.770785809,0.821995616,0.110619314,-0.006624583,-0.17409718,0.07595665,0.203669339,0.155922025,0.159368038,0.075614139,-0.035387866,0.004514555,-0.021317786,0.10603559,0.002371513,0.031521209,0.041942727,-0.059281211,-0.101987429,0.136912137,0.134584621,-0.008369296,-0.098766923,-0.025349602,0.063451186,0.006060934,-0.037935264,-0.024598373,-0.030102786,-0.029520581,-0.027899975,-0.064562179,-0.031646185,0.013491536
E:\Project\Fake News Detection\images\fake\1212.jpg,fake,train,0.817200363,0.851920426,0.020545455,0.155412167,-0.265254647,0.046358455,0.131184727,0.218112648,-0.016709216,0.00730387,-0.347132564,-0.023948552,0.025973964,0.077894144,0.000728968,0.000693434,-0.082906425,-0.037865486,0.221698508,-0.063187607,-0.00195379,-0.164056256,0.012211922,-0.094789274,0.066707328,0.123975888,-0.099120043,-0.045121305,0.004839937,-0.053133119,0.060093973,-0.06060477,0.07457336,0.01931938
E:\Project\Fake News Detection\images\fake\122.jpg,fake,train,0.702305794,0.746707439,-0.118584022,-0.012600869,-0.315906823,0.000349681,0.215494871,0.085851297,-0.015963059,-0.073627703,-0.152713671,-0.154481024,-0.029627599,-0.033553712,0.02075264,-0.07564801,0.009285237,0.218916908,0.040338151,-0.084358722,-0.1478457,0.021719469,-0.065865099,0.014471468,-0.147660837,-0.04108331,-0.007771424,0.008840367,0.12433169,-0.082738966,0.038907867,-0.019812295,-0.077335536,-0.085178725
E:\Project\Fake News Detection\images\fake\1223.jpg,fake,train,0.743713498,0.770970941,0.211137906,0.055621296,0.204420105,0.14062725,-0.251544178,-0.002914336,0.20214428,0.094232142,0.051954556,0.03050952,-0.091443487,-0.177703023,-0.05706295,-0.088382207,-0.007278059,0.077409022,0.098077297,0.012788086,0.147566661,0.118675105,-0.016202277,-0.04994883,0.149568036,0.00433345,0.034220632,0.133409083,0.047319181,0.007672455,0.026301067,0.05966486,0.128710553,0.027079318
E:\Project\Fake News Detection\images\fake\123.jpg,fake,test,0.773843467,0.829922795,0.193484932,-0.222227246,0.095779061,-0.036955111,0.251507044,0.005663715,0.21539177,-0.091665797,0.015349441,-0.261492193,-0.12710385,0.008863218,0.075070336,-0.026754912,0.031924002,-0.067027792,-0.04977094,0.055588216,-0.181716144,0.172383621,-0.043785222,0.037166301,-0.093351677,0.012030538,0.067888305,0.075522341,-0.096788645,-0.007408842,-0.002992749,-0.094674401,0.031051584,-0.05565571
E:\Project\Fake News Detection\images\fake\1244.jpg,fake,train,0.56098175,0.6387133,-0.263965368,-0.054921843,0.13124074,-0.019991286,-0.042383779,-0.054117698,-0.010783552,-0.104765601,0.178715527,-0.041721404,0.057458058,0.094074495,-0.146556064,0.03418535,0.084473155,0.203123972,0.163652971,-0.049832046,-0.123621523,-0.034089625,-0.159944057,0.103591219,-0.076225124,0.060097408,-0.152218327,-0.009311201,0.030514413,0.016304519,0.081294239,0.051364139,0.071349107,-0.065217666
E:\Project\Fake News Detection\images\fake\1248.jpg,fake,train,0.72870791,0.866822004,-0.114174813,0.338698655,-0.266445041,0.061432898,0.008055236,0.091955781,-0.10240683,-0.038201164,-0.1263493,0.047336109,0.146011129,0.055182625,-0.077087075,0.026077967,-0.072765917,-0.000712878,-0.028388649,-0.003225472,0.007944473,0.048497699,0.114656284,-0.020052945,0.000506392,0.045508046,-0.089470588,0.058100063,0.031188279,-0.120613113,0.137159437,-0.016634762,-0.098968484,-0.063249767
E:\Project\Fake News Detection\images\fake\1252.jpg,fake,train,0.976982892,0.988068521,0.167651385,-0.408660114,0.062673867,-0.263133794,0.247473881,-0.054632526,0.054953214,-0.051839232,0.067996748,0.136093706,0.088832922,-0.219498888,0.013710246,0.015839729,-0.167480573,-0.074680753,0.044392653,-0.097609527,-0.043952964,-0.071581014,0.047350124,0.056115888,0.01327126,-0.02391775,-0.001080974,-0.007518072,0.059414286,0.015262071,0.052300856,0.063826941,0.008576019,0.082216747
E:\Project\Fake News Detection\images\fake\1254.jpg,fake,train,0.757559597,0.790576875,0.022493059,-0.121289738,-0.248670429,-0.156959414,-0.026000071,0.046774112,0.051794454,0.099736303,0.055278443,0.143419191,-0.112157248,0.19492349,0.038935516,-0.096838132,-0.096822537,0.147374138,0.064579129,0.132095486,-0.048829503,-0.008460587,-0.067863964,0.004158492,0.036150638,0.069609679,-0.035441842,-0.020016097,0.015548522,-0.012258173,-0.058687732,0.029745551,-0.012790909,-0.066418946
E:\Project\Fake News Detection\images\fake\1261.jpg,fake,train,0.847505927,0.904236615,0.28175199,0.17429775,0.017305145,0.059306622,0.036216296,-0.189320743,0.056628384,0.117871396,-0.249853328,-0.031493321,0.150582284,0.010264309,-0.052288208,-0.008711876,-0.077629685,-0.049804159,-0.019068114,0.032999802,0.143513218,-0.035880558,-0.203993827,0.080000475,-0.105544291,-0.044125721,0.153088287,-0.011805478,-0.075439468,0.062942117,0.060528178,0.005686088,-0.008580237,0.020996885
E:\Project\Fake News Detection\images\fake\1269.jpg,fake,train,0.806792617,0.834046602,0.246336877,-0.016363161,-0.09376505,-0.199479371,-0.175648004,-0.260992646,-0.025737762,0.130948246,0.051893704,0.010759827,-0.010442642,0.043475024,0.153443858,-0.170631081,-0.137610137,0.093056947,-0.014463727,-0.070863597,-0.058600225,-0.012798347,-0.043499913,-0.021477377,-0.073062465,0.117356353,0.05571134,0.0011383,0.10209246,-0.12715134,-0.061753612,0.037910856,-0.012004328,-0.018563261
E:\Project\Fake News Detection\images\fake\127.jpg,fake,test,0.717779815,0.77469039,0.006629869,-0.010916106,-0.024106674,0.038846903,0.199770004,0.130087018,0.012841268,0.046575904,-0.185029462,-0.033982251,-0.042032856,0.154079676,-0.173902333,0.01705857,-0.133688942,0.015174244,0.119540498,-0.071409516,0.073159233,-0.197986692,0.079543486,-0.091171965,0.022458211,0.166570365,-0.002338399,-0.058817238,0.042634778,0.05565165,0.045102067,-0.063773863,0.072285742,0.044206705
E:\Project\Fake News Detection\images\fake\1275.jpg,fake,train,0.798555732,0.851920426,0.012860176,0.294335842,-0.31553492,0.101839915,0.043536082,0.13500303,-0.043107778,-0.031097697,-0.279279798,-0.045070291,0.095019132,0.006015681,-0.010590218,-0.021656744,-0.076161906,-0.079955101,0.234376058,-0.127671555,0.037003022,-0.121761501,0.008994677,-0.07359571,0.008456453,0.096925981,-0.067055084,-0.032822143,0.04437026,-0.04656921,0.041268431,-0.06503962,0.061437704,0.028235963
E:\Project\Fake News Detection\images\fake\1276.jpg,fake,train,0.655311942,0.668745279,0.008603043,0.054711167,-0.080035254,0.077772133,0.254200608,-0.041842569,0.124828726,0.122194,0.045624845,0.05158969,0.006750053,0.052191399,-0.008715589,0.020041926,0.121372379,-0.050912995,-0.031871051,0.040116474,-0.027942067,-0.058760896,-0.097427659,-0.011387567,-0.025985634,-0.062339243,-0.085598998,-0.037318163,0.074741162,0.090098083,0.006931548,-0.027766166,-0.025009997,-0.062250938
E:\Project\Fake News Detection\images\fake\1289.jpg,fake,train,0.788210213,0.825642228,-0.045137238,-0.291264534,0.109949894,-0.387259364,0.049725644,0.006532568,-0.017983112,0.104934298,0.108930789,-0.051693004,0.035794824,0.100181907,-0.039254028,0.040229306,-0.030845731,0.015753452,0.130826294,0.003608737,0.012989845,-0.045004636,0.019201877,-0.006255141,-0.022122979,-0.088319093,0.052482866,0.008192087,0.043595374,0.053556088,0.028990149,0.057349019,-0.057473164,0.038788948
E:\Project\Fake News Detection\images\fake\1300.jpg,fake,train,0.760894954,0.776314259,-0.045876585,-0.311958015,-0.141594142,0.029423341,-0.20367597,0.032594994,-0.132146552,-0.097406261,-0.016838685,0.093802415,0.045579564,0.036283717,0.040022016,-0.02031903,0.051857334,-0.033870418,0.036780048,0.049216699,0.083502732,0.020645071,-0.047259469,0.027640089,-0.052620087,-0.021052804,0.038574189,-0.045778848,-0.031632904,0.015842868,0.057411749,0.017744513,-0.002690861,0.007139382
E:\Project\Fake News Detection\images\fake\1309.jpg,fake,test,0.939555347,0.939555407,0.123540848,-0.24476704,-0.366823345,-0.276306242,0.060919229,0.047810756,0.054115511,0.077937357,0.054426447,0.135495409,0.032436345,0.043178119,-0.087198958,-0.006913196,0.05080935,-0.020015292,0.004483107,0.087723449,0.091733217,0.011882402,0.003788415,-0.006168745,0.067908362,0.006840963,-0.01319452,0.01209522,-0.006253742,0.037966371,-0.047319114,-0.030922361,-0.014060222,-0.021575764
E:\Project\Fake News Detection\images\fake\1312.jpg,fake,train,0.656399906,0.701387107,-0.207330093,-0.116380967,0.211434543,0.129963145,0.001927796,0.049674794,0.002973168,-0.141920626,0.026424337,0.194321886,0.133427903,0.130591989,0.29657203,-0.052825958,0.155045286,0.110088497,0.030475028,-0.241405159,0.104791835,-0.078991443,0.036529407,0.103806458,0.036470942,-0.040395882,0.019474767,-0.095532961,-0.061246339,0.096999764,0.173903346,-0.062794171,0.055564567,-0.003688984
E:\Project\Fake News Detection\images\fake\132.jpg,fake,train,0.896236777,0.908351302,-0.063356906,-0.394111037,-0.156258762,-0.026275268,-0.243390068,0.015211165,-0.10330385,-0.134257257,-0.004796645,0.064066939,0.109153084,-0.015943944,-0.003123008,0.001029727,-0.006008185,-0.10588479,-0.019444626,0.05783882,0.075898446,-0.009386139,0.032216493,0.005407078,0.024007183,-0.015090461,0.048996873,-0.006977172,-0.017732719,0.010230546,-0.009081935,0.024115758,0.000858494,-0.052396465
E:\Project\Fake News Detection\images\fake\1323.jpg,fake,train,0.783668101,0.811916351,0.147164822,0.08144109,0.020522442,0.041990049,-0.084574178,-0.146750093,0.102985524,-0.114070825,0.148387417,-0.15972279,-0.176888466,0.230003238,-0.018520609,-0.152015865,-0.071092822,-0.093746684,-0.090942137,0.000656871,0.075285643,-0.10819333,-0.032734111,-0.01011667,0.043225918,-0.155776978,-0.037259199,-0.012440538,-0.00407007,-0.031728446,0.074892119,0.088066339,-0.052702855,0.051331509
E:\Project\Fake News Detection\images\fake\1324.jpg,fake,train,0.786759555,0.842458546,0.253316611,-0.069867052,0.21347636,-0.097222969,0.188781217,0.270593584,-0.133170441,-0.033521596,-0.001675232,-0.091650784,-0.116969503,0.024077741,0.047016013,0.019278241,-0.126999378,0.117622972,0.091999128,-0.005510953,0.04779629,0.038207557,-0.026157387,-0.086492814,-0.000633432,-0.041800555,-0.023481529,0.02012407,-0.001456911,0.056267928,-0.006480081,0.029818187,-0.041868594,0.077999085
E:\Project\Fake News Detection\images\fake\1328.jpg,fake,train,0.918242574,0.942077398,0.123203464,-0.327424973,-0.308422327,-0.254365593,0.110057101,0.007861394,0.057194233,0.029694656,0.044395301,0.051818125,-0.083491258,-0.034901734,-0.031869117,-0.015550343,-0.011894759,-0.017744659,0.053320546,0.033862069,0.122554898,-0.017275171,0.058524977,-0.045719944,-0.015074617,-0.01628603,-0.045211133,-0.008709589,0.020609157,0.059599031,-0.022378527,0.003302369,0.001378974,0.019963134
E:\Project\Fake News Detection\images\fake\133.jpg,fake,test,0.902475953,0.906045437,-0.086100951,-0.407217652,-0.160792172,-0.025598545,-0.251692742,0.026687382,-0.106328741,-0.117408566,-0.002131885,0.05450882,0.089863665,-0.025185153,-0.04793128,-0.027074497,0.000445068,-0.071606129,-0.023906935,0.060404435,0.065646529,-0.009749608,-0.005500503,-0.01044143,0.070703283,0.010287241,0.012451157,-0.008839943,-0.028588332,0.000546008,0.00103581,-0.005703987,-0.004774295,-0.016748577
E:\Project\Fake News Detection\images\fake\1342.jpg,fake,train,0.750523031,0.768316269,-0.027787184,0.016642831,-0.095172167,0.052304797,0.172957882,-0.081330001,-0.066030115,-0.062836312,0.110670112,0.139212564,0.021778222,-0.033289351,0.010682893,0.162936419,0.01593045,0.105255604,0.047571294,0.136139899,-0.042380206,-0.067896232,-0.078383051,-0.3712385,0.005820265,0.046892848,0.067908153,0.054406822,-0.127323225,-0.059786763,-0.032869231,0.027814999,-0.095968708,-0.032581985
E:\Project\Fake News Detection\images\fake\1346.jpg,fake,train,0.755317807,0.887148023,0.007052534,0.333082795,-0.269583225,0.14947325,0.092943311,0.054177888,-0.022439953,-0.127186492,-0.091855884,0.045266774,0.023007695,-0.019901074,-0.008498994,0.024643462,-0.041241534,-0.049878933,0.038494416,0.001330231,0.002605966,0.009522869,-0.199898854,0.134982169,-0.025789386,0.00348464,0.128708914,-0.040996779,-0.030497402,0.022644734,0.076075859,-0.066482767,-0.136756167,0.035390984
E:\Project\Fake News Detection\images\fake\1351.jpg,fake,train,0.870295346,0.939036608,0.159095898,-0.177272543,-0.000651493,-0.055617478,0.218157455,-0.006776289,0.244784832,-0.154527888,0.019700579,-0.237109616,-0.16508925,0.01598097,0.110587813,-0.021409718,0.098592401,-0.070481725,-0.04655062,0.069715165,-0.175565839,0.180744782,-0.001424466,0.059609983,-0.103550456,0.068070896,0.123279333,0.073485583,-0.058684364,0.020633871,0.002269596,-0.159357876,0.037000783,-0.082899079
E:\Project\Fake News Detection\images\fake\137.jpg,fake,test,0.722836018,0.735160232,-0.00544256,-0.032852076,-0.022684641,0.211910516,0.246575996,0.073056936,0.122666463,0.227339938,0.008257311,0.067732632,-0.230213106,0.06863346,-0.041417647,-0.004303534,-0.064416751,-0.095878482,0.072217092,-0.042993069,0.024006963,0.022771146,0.042336039,0.005768403,0.155880868,-0.066915214,-0.082828589,0.028995082,-0.025684074,0.109885722,-0.021233037,-0.015852099,0.005873911,-0.066852711
E:\Project\Fake News Detection\images\fake\1371.jpg,fake,train,0.734011114,0.774269581,-0.058204465,-0.2109292,-0.043104172,0.182448328,-0.157562718,-0.020315047,-0.048790544,-0.10632927,-0.103491589,-0.04470513,0.004299244,-0.01168537,0.028817888,-0.023862338,0.045674544,-0.038385998,-0.020338064,0.095206894,0.043113824,-0.004111847,-0.005751095,-0.032290038,0.070475191,0.022949172,0.108423993,-0.089919753,0.055211645,0.089332707,-0.018748034,0.030357657,-0.071236521,-0.029048806
E:\Project\Fake News Detection\images\fake\1372.jpg,fake,test,0.832220435,0.904599786,0.159847081,0.043795578,0.189041942,0.140086174,-0.264662772,-0.034618035,0.269574046,0.092823185,0.092329979,0.040394247,-0.012387207,-0.124917194,-0.007968144,-0.088893011,-0.079785451,0.129190028,0.078512818,0.004482791,0.107382521,0.106487729,-0.020678151,-0.037042961,0.081675336,0.06840682,-0.003738679,0.026093818,0.053134255,-0.085014522,-0.013716415,-0.037969761,0.036673099,0.032718759
E:\Project\Fake News Detection\images\fake\1373.jpg,fake,train,0.779248357,0.848842502,0.377948672,0.19036299,0.12640281,0.006553056,-0.231403172,-0.009214276,0.197164744,-0.067327105,-0.128323808,-0.062976561,-0.039534435,-0.046955183,-0.00460211,0.196012408,0.037943058,-0.028844694,-0.036606424,-0.049758848,-0.049305681,-0.049539164,0.069942445,0.006642717,0.013625407,-0.073514298,-0.106472075,-0.012804635,0.043824766,0.075899974,-0.074180663,0.053151507,-0.02674995,-0.033144493
E:\Project\Fake News Detection\images\fake\1376.jpg,fake,train,0.657200336,0.700648606,-0.162536621,-0.036884584,0.077348359,0.307877928,-0.000980594,-0.041792754,-0.139106184,0.01481895,-0.087638408,0.071496472,-0.148528442,0.015091376,-0.039960992,0.102747686,0.055243179,-0.166731551,0.081696182,-0.031527545,-0.005061888,0.01347728,0.051357806,0.12150272,-0.017281661,-0.047946613,0.008513641,0.08330524,-0.104378633,0.028571105,0.03022586,-0.102302864,0.081107706,-0.07991156
E:\Project\Fake News Detection\images\fake\1378.jpg,fake,train,0.686219692,0.749867737,0.100690812,-0.140442356,0.062487282,-0.151014909,0.153468847,-0.166582793,0.057224218,-0.084742405,-0.072363116,-0.177860215,0.125273362,-0.074027538,-0.149547115,-0.137638584,0.253277183,0.100313582,0.069345847,-0.01397825,-0.127576977,-0.186922625,0.089335501,0.018687457,0.175750017,-0.024250593,-0.014729115,0.088802785,-0.040605959,-0.040989645,-0.077787109,-0.051645633,-0.05629519,0.208672062
E:\Project\Fake News Detection\images\fake\1379.jpg,fake,train,0.792062163,0.834295273,0.152148142,0.003899486,-0.030369394,0.048659313,0.18161343,0.183437005,0.008485925,-0.002546398,-0.171286717,-0.12856698,-0.068150222,0.103777282,-0.016787495,0.016525595,-0.116782203,-0.003482289,0.158383369,0.017488196,0.142310932,-0.159069955,0.047995061,-0.158410758,-0.027050495,0.129398257,-0.07304468,-0.050678149,0.048214827,0.005454935,0.014570924,0.011291591,-0.028603245,-0.006150255
E:\Project\Fake News Detection\images\fake\1388.jpg,fake,train,0.675221086,0.708552241,0.008304092,-0.113418199,0.097518429,0.276514053,-0.058435544,0.006514534,0.00533899,-0.061633512,0.058927387,-0.013642925,0.04819978,0.001598287,0.00970105,-0.099487431,-0.017752707,-0.124497697,-0.005724622,0.142307743,0.065691024,0.067734078,-0.010810689,-0.084004276,-0.012466027,0.032820836,0.051300537,0.003217296,0.032359377,0.001824265,0.029122956,0.087026767,-0.017918471,-0.015692394
E:\Project\Fake News Detection\images\fake\1389.jpg,fake,train,0.905303776,0.905303717,0.117661618,-0.2300345,-0.335839778,-0.276489705,0.066695847,0.034754418,0.044716377,0.085531421,0.037907172,0.133688509,0.00216943,0.056992948,-0.066260703,0.006331748,0.024332007,-0.030383578,-0.029896315,0.066618979,0.074549221,0.05391226,-0.023449725,-0.016374541,0.088546015,0.021493707,-0.094031282,0.036396291,-0.041824147,0.036778051,-0.065898515,0.036308374,-0.018317739,-0.064339854
E:\Project\Fake News Detection\images\fake\139.jpg,fake,test,0.650640309,0.735372066,0.096814647,0.183329374,0.015520781,-0.072483078,0.059360139,0.040789139,-0.042726822,-0.104811065,0.124164373,-0.06721516,0.009758044,0.125531554,0.027515266,-0.059512097,0.117430821,-0.080810972,0.005598061,0.183338121,-0.030376345,0.150735632,0.046691865,-0.072714418,0.093527392,-0.06662371,-0.109913014,-0.020586751,-0.165903836,-0.088372216,0.146118924,0.032239936,-0.134299219,0.026326284
E:\Project\Fake News Detection\images\fake\1396.jpg,fake,train,0.816769719,0.890396655,0.089321405,-0.040983547,-0.161212474,0.094918467,0.200824067,0.019438118,0.094606854,0.171579182,0.142852694,-0.043066625,-0.003433662,0.110832848,-0.158014685,-3.25E-05,0.121670753,0.073211513,-0.0442168,-0.017792048,0.041673381,-0.007770319,0.015391737,-0.05975458,0.072655603,0.049816988,0.096133031,-0.054888334,0.080245659,0.160761103,-0.035866193,-0.008012959,-0.000793502,-0.069350883
E:\Project\Fake News Detection\images\fake\1406.jpg,fake,train,0.75833118,0.81010586,-0.003452978,-0.391783088,0.202295795,-0.123691909,-0.184826151,0.062547937,-0.073627368,-0.113720864,0.003633291,0.102970161,0.202100411,0.081924401,-0.054085411,-0.076548226,-0.006908979,0.007215634,0.05995281,-0.082451485,0.024083534,0.053197358,0.003623559,0.033940397,-0.085917637,-0.034594238,0.068822756,0.07910081,-0.089139573,-0.052346446,-0.023546418,-0.006089851,-0.028777057,-0.043232676
E:\Project\Fake News Detection\images\fake\1414.jpg,fake,train,0.880977988,0.995075464,0.363305837,-0.023202933,0.104225889,-0.027599866,0.214202613,0.242855221,-0.125998259,0.008089893,-0.144368067,-0.139568061,-0.068669111,0.023479827,0.012785625,0.016359767,-0.090538412,0.053246852,0.119959719,-0.067259058,0.095516786,-0.120945953,0.015698805,-0.140031382,-0.044218343,0.003436965,-0.005656287,-0.011654484,0.036356755,0.021948177,0.012777996,0.016007142,-0.074327253,0.045665663
E:\Project\Fake News Detection\images\fake\1416.jpg,fake,train,0.723969638,0.755394757,-0.015769465,0.003058936,0.345875919,-0.158473,0.170711532,0.10079103,0.022041909,-0.069975115,-0.108547688,0.059347887,0.04106475,0.13887769,0.067623161,-0.092643902,0.15160574,0.029348785,-0.111347392,-0.243200198,0.02530227,-0.011621033,-0.10383559,-0.103263393,-0.145041719,-0.065636225,-0.193345726,0.078621894,0.000704084,0.066713355,-0.086913511,0.143211275,0.017412633,0.033727556
E:\Project\Fake News Detection\images\fake\1433.jpg,fake,train,0.844478905,0.877181649,-0.041863628,-0.308669031,-0.191876099,0.104975604,-0.241303951,0.064570881,-0.130478963,-0.041779768,-0.092199624,-0.022245428,0.018523529,-0.012045701,0.117916979,-0.058500718,0.040017463,-0.054137018,-0.008822942,0.088614553,-0.023047341,-0.026226623,0.047187772,-0.058087915,-0.041175965,0.0439706,0.045213934,-0.101783663,-0.001376177,0.056756753,-0.015566655,0.123763338,0.052016143,0.054921255
E:\Project\Fake News Detection\images\fake\1436.jpg,fake,train,0.729962707,0.757831931,-0.021788761,-0.388369262,0.084708914,-0.085798964,-0.202269375,0.073735736,0.020365993,-0.139031678,0.027422316,0.077953264,0.092691876,0.135305062,-0.119810022,0.005022416,0.023904586,0.073499113,-0.011390691,0.009703022,-0.068319336,0.001947441,-0.055350047,0.039482769,0.007758324,-0.071629718,0.04938785,0.004065875,-0.032310873,-0.062903173,-0.015424524,0.022931209,-0.057437938,-0.011841116
E:\Project\Fake News Detection\images\fake\1438.jpg,fake,train,0.820376277,0.83203733,0.085694097,-0.238747537,0.245981842,-0.033830691,0.384723663,-0.011429362,0.12642242,-0.083640553,0.057838023,0.131848097,0.022916654,-0.187632486,0.03901767,0.019472839,-0.205275074,-0.060215268,0.036890328,-0.05224305,-0.084707692,-0.07117445,0.001088773,0.044610746,0.048878942,-0.005771481,-0.016658271,-0.035850644,0.078663476,0.037513386,0.015746804,0.125099361,0.015688945,0.047060188
E:\Project\Fake News Detection\images\fake\1466.jpg,fake,train,0.971399426,0.982948661,0.165512204,-0.395402193,0.063863933,-0.265692174,0.259511918,-0.050902665,0.063483186,-0.04842196,0.06949985,0.134076104,0.075164713,-0.210611075,0.022389209,0.025962267,-0.170428306,-0.069629431,0.029448008,-0.085434079,-0.048911802,-0.084554367,0.058865882,0.057086818,0.01787824,-0.024241164,-0.011546062,-0.006452382,0.041363072,0.022526851,0.049384724,0.065119743,-0.001341441,0.092736021
E:\Project\Fake News Detection\images\fake\1470.jpg,fake,test,0.670987606,0.724740744,0.211679757,0.270161957,0.313489646,0.033927955,-0.08794789,0.173029736,-0.132926032,-0.097936757,0.111748755,0.162701085,-0.023698065,0.121635936,0.098019376,-0.055616502,0.068686746,0.030409876,-0.06441088,0.041382983,-0.039383873,-0.044147506,-0.004269127,0.059991851,-0.037801992,-0.010171156,0.021258743,-0.043573752,0.044443719,-0.010028876,0.047772039,-0.020134801,0.090779245,0.042609178
E:\Project\Fake News Detection\images\fake\1476.jpg,fake,train,0.670453548,0.768541455,0.193116769,0.1007808,0.11000783,0.155444011,0.012697646,-0.353246063,0.038997829,0.143679187,0.144837528,0.028555997,0.030930031,-0.005175071,0.069673866,0.024759894,0.098098107,0.044697627,0.087635584,-0.132780075,-0.044069499,-0.040453769,-0.015600047,-0.125285253,-0.010318104,-0.02774499,-0.000617265,-0.024152871,-0.020932397,0.071184933,0.027621461,-0.043294676,-0.030802364,-0.087153904
E:\Project\Fake News Detection\images\fake\148.jpg,fake,train,0.9154194,0.932557106,0.218550384,0.07459642,0.121572889,0.036441285,-0.400705665,-0.028315283,0.393234164,0.02037514,0.035758983,-0.011754471,-0.053804729,-0.075604595,-0.049229629,0.100662313,-0.034633588,0.126231536,0.111781403,-0.027714817,0.029176736,-0.004776101,-0.037046175,-0.0218626,0.073064432,-0.018099293,-0.027355699,-0.013158858,0.029209157,-0.077200428,-0.000294385,-0.064852372,-0.006171711,0.021135967
E:\Project\Fake News Detection\images\fake\15.jpg,fake,train,0.818198085,0.909354985,0.049051028,-0.192266524,-0.348050326,-0.330987424,0.003377814,-0.016431218,0.078086965,0.13143371,0.062691085,0.031549633,-0.025203662,0.155374452,0.038933776,-0.070005849,0.038013253,-0.009008364,-0.113493308,0.032232028,0.016377017,-0.080396943,-0.076387525,-0.048402194,0.015304101,0.097005822,-0.02069452,0.02518912,0.033247087,-0.054135796,-0.075858742,-0.036386684,-0.044199642,-0.050586458
E:\Project\Fake News Detection\images\fake\1501.jpg,fake,train,0.805137992,0.862580419,0.267703801,0.260664046,0.076175138,0.015940398,0.033455376,-0.102268346,-0.008878975,0.049995687,-0.256095737,-0.077338286,0.151817486,0.027766077,-0.005403599,0.001171722,-0.028002752,-0.007969219,-0.023382127,0.160610944,0.053110786,0.020351231,-0.024203165,0.012095335,0.027618801,0.104043461,0.016691668,0.000587218,-0.087190762,0.028552061,0.094216548,-0.071220994,0.084259525,-0.053252306
E:\Project\Fake News Detection\images\fake\1506.jpg,fake,test,0.842081726,0.859142125,0.36184299,0.22014904,0.159088254,-0.059807606,-0.248277247,0.138469979,0.112523705,-0.109355971,-0.059185494,-0.031120762,-0.112427339,-0.010528296,0.047325712,0.186741233,0.101137921,0.007370957,0.001561482,-0.029034339,-0.04251327,-0.066333607,0.019965012,0.010866955,-0.072782382,-0.033974297,-0.026337588,-0.109737441,0.032881029,0.11721991,-0.039928898,-0.038647074,-0.006474115,0.002895355
E:\Project\Fake News Detection\images\fake\1507.jpg,fake,train,0.927856743,0.991110206,0.26579392,-0.313255668,0.151206151,0.138719499,0.175132811,0.001641545,0.042450041,0.187037244,-7.17E-06,-0.065990426,0.082744248,0.023960914,-0.025544932,0.011648943,0.052712046,0.075681143,-0.043366723,-0.035611071,-0.075164787,0.040434942,-0.121821262,0.003075964,0.112027548,-0.07556735,0.026071357,5.05E-05,0.019061994,-0.052323066,0.044450309,-0.002391052,-0.012441752,-0.00863677
E:\Project\Fake News Detection\images\fake\1508.jpg,fake,test,0.738581419,0.766023636,0.134742245,0.081515528,0.266275615,0.088234305,0.06005805,-0.073673166,0.229638547,-0.115615547,0.161757261,0.105987087,0.078773431,-0.014757112,0.096247256,-0.118390158,0.095458388,0.049039394,0.046194077,-0.159737661,0.211974949,0.080146283,0.070744827,0.007988423,0.001127638,0.05085595,-0.139468282,-0.033827588,-0.119875543,-0.010924026,-0.046523936,-0.065791227,0.09213689,0.109316193
E:\Project\Fake News Detection\images\fake\1510.jpg,fake,train,0.867091358,0.884516954,0.404133439,-0.106234118,0.180317879,-0.015742142,0.217922196,0.291690379,-0.169064254,0.054506216,-0.108348332,-0.069208153,-0.043901552,0.004050083,0.022405811,0.053448241,0.003621017,0.045364019,-0.011944554,-0.055724401,0.03214648,-0.058964461,-0.059298772,-0.001053083,0.037768122,-0.025513034,0.072938874,0.049990796,0.005589467,0.003786055,0.030426115,0.006016226,-0.015821731,0.063507013
E:\Project\Fake News Detection\images\fake\1517.jpg,fake,train,0.763287246,0.780679882,0.214944839,-0.175486162,0.170384318,0.143977389,0.181247741,-0.068110749,0.024438756,0.187536329,0.08939977,0.08037857,0.052304354,-0.010169137,0.001193876,0.086053237,0.083419897,0.07305225,-0.065310717,-0.038136031,-0.034752198,0.047771774,-0.116628774,0.022118403,0.012954162,-0.041122075,0.048014164,-0.000654934,-0.050247699,-0.02529005,0.077006072,-0.044400457,-0.019232908,-0.060274862
E:\Project\Fake News Detection\images\fake\1518.jpg,fake,train,0.910857201,0.953694105,0.456860393,0.216988608,0.157667577,-0.025847428,-0.283681542,0.149359301,0.070276268,0.050816346,0.002790365,-0.02767222,-0.1150157,-0.197995409,-0.003992688,0.026327524,0.046639249,0.081369825,0.084795378,0.013619819,0.108761534,0.058985315,0.017196683,-0.021289123,0.02971538,0.00933933,0.029676551,0.0626183,0.081779093,-0.012327068,-0.037395988,0.03740418,0.031039694,0.003592512
E:\Project\Fake News Detection\images\fake\153.jpg,fake,test,0.788155377,0.815418899,-0.086458072,-0.200967401,-0.106037997,0.159541994,-0.04933482,-0.090005927,-0.149368495,-0.144313991,-0.215153292,-0.133224577,-0.030763503,-0.086695589,0.070455655,-0.006395217,0.080090515,-0.011463198,-9.72E-05,0.08108817,0.118024513,0.124076255,0.003976164,-0.018059045,-0.01911737,-0.041114155,-0.005239652,-0.120705277,0.087269031,0.02527523,-0.044497177,0.065392666,-0.092898794,-0.021939583
E:\Project\Fake News Detection\images\fake\1531.jpg,fake,train,0.79142946,0.810984135,0.400597513,0.057461757,0.127907649,-0.072373867,0.198970065,0.232879102,-0.188189775,0.037998226,-0.078114495,-8.15E-05,-0.011942209,0.037244551,0.02184481,0.076250732,0.057982702,0.019445058,-0.144714192,0.121246397,0.003780351,-0.001655687,0.106395684,-0.059789635,0.11793749,0.005111551,-0.039865464,0.040080708,0.034564678,0.043209281,0.037044555,0.017293928,-0.016450953,-0.015772432
E:\Project\Fake News Detection\images\fake\1533.jpg,fake,train,0.839680493,0.8616395,-0.115955412,-0.340950847,-0.152218089,-0.014861881,-0.222407758,0.007140248,-0.092274316,-0.148092851,0.003891655,0.106124364,0.109812424,0.03601614,-0.047463611,-0.017727748,-0.042083539,-0.039626963,0.021959797,0.087449066,0.05973877,-0.020971041,0.012883606,0.035870802,0.04767032,-0.039829154,0.061073534,-0.011382745,0.003419225,0.015107693,-0.002604192,0.023548145,0.007693891,-0.03562377
E:\Project\Fake News Detection\images\fake\1541.jpg,fake,train,0.833132148,0.852955997,0.140411898,-0.278289378,-0.335675776,-0.229135886,0.088928439,0.074807264,0.052147113,0.045697648,-0.116493329,0.033823371,0.016803037,-0.000275282,-0.060702294,0.024530454,-0.017139729,-0.072181277,0.06600564,0.005355513,0.113288231,-0.136877,0.073374502,-0.066597827,0.002376277,0.069471538,-0.093228959,-0.021798154,0.021263249,0.035429761,0.020629963,-0.077879198,0.050261673,0.034687612
E:\Project\Fake News Detection\images\fake\155.jpg,fake,test,0.794572711,0.883137643,0.037634909,0.032575551,-0.055819757,0.012018755,0.205785364,0.079063796,0.091925561,0.036759421,-0.003503954,-0.023405919,-0.054188408,0.077608712,-0.052393872,-0.03937367,-0.099060282,0.032749776,0.098048344,0.062400892,0.167816907,0.070056655,0.02203059,-0.083214179,0.039229915,0.001343327,-0.063862979,-0.128016233,-0.021087378,-0.02732005,-0.058485463,0.029530587,-0.092321821,-0.019675829
E:\Project\Fake News Detection\images\fake\1550.jpg,fake,train,0.771854877,0.785802603,-0.111918189,-0.262361854,-0.186490506,-0.336544216,-0.04940208,0.10283789,0.017819701,0.176290557,0.068111762,0.042793758,0.066253521,0.003003226,-0.042629562,0.014520544,0.050708812,-0.128547266,0.001723953,0.110674478,0.009820234,-0.050989956,0.018124525,-0.052765395,-0.017693974,-0.02017902,-0.02243745,0.01583777,0.009585042,0.0017996,-0.003585295,-0.047507208,-0.006241728,-0.002280693
E:\Project\Fake News Detection\images\fake\1555.jpg,fake,train,0.604521513,0.61003077,0.225067541,-0.013759018,0.044286057,-0.021442225,0.1731686,0.206924379,-0.106387205,-0.091061428,-0.081826486,-0.172161564,-0.040891327,0.029089157,0.019262681,-0.123259246,-0.072692327,0.044368364,0.122988567,-0.024557868,-0.111486845,0.07658308,0.058944806,-0.126883835,-0.067142881,-0.114172548,-0.015119634,-0.015094566,0.031919826,-0.031401187,0.038924802,-0.101729326,-0.026800422,-0.014183396
E:\Project\Fake News Detection\images\fake\156.jpg,fake,test,0.704582632,0.72439158,-0.241145164,-0.208663672,0.147425652,0.269948155,-0.140371278,0.082620069,-0.078826614,-0.051252671,0.106997058,0.123653278,-0.027657829,0.115522213,-0.046147723,-0.050721694,-0.077699214,0.147551447,0.014560869,0.036561564,-0.068089098,-0.096088983,-0.007374939,0.074349031,-0.071610808,0.080012597,-0.069012187,-0.004610822,-0.105837032,0.073284671,-0.042867631,-0.049482211,0.027890172,-0.044311531
E:\Project\Fake News Detection\images\fake\1583.jpg,fake,test,0.767755866,0.772636294,-0.073564723,-0.418837816,-0.161301702,-0.059564479,-0.236090124,0.017742898,-0.081343979,-0.092007406,-0.028839543,-0.007435754,0.01894212,-0.083631262,-0.033878062,-0.018171225,-0.015376389,-0.028066395,0.01382106,0.025179818,0.095815152,0.091023155,-0.003393017,0.010504842,0.012710504,0.054831482,-0.016439294,0.007410191,0.005438469,0.019387081,-0.008815087,0.003423294,0.006522939,-0.013792649
E:\Project\Fake News Detection\images\fake\1584.jpg,fake,train,0.73920393,0.834109247,-0.106909409,-0.216632456,-0.356496632,-0.194332108,0.033792917,0.179840952,0.10577482,-0.060717151,0.082893766,0.085389547,0.026233763,-0.016617205,0.003476417,0.090464182,-0.113273188,0.074541055,-0.036334284,-0.046988733,0.075038813,0.005800779,-0.01375228,0.092377916,0.015783137,-0.034007881,-0.033806257,0.137653917,-0.029909143,-0.005045851,0.007482666,-0.017651189,-0.040235735,0.077430882
E:\Project\Fake News Detection\images\fake\159.jpg,fake,train,0.758114219,0.890396655,0.106124692,-0.069465585,-0.102509834,0.042439248,0.287533164,0.033668466,0.130935237,0.023644036,0.182391346,-0.139837176,-0.082801826,0.117741793,-0.145450547,-0.047788657,0.103498332,-0.009125644,-0.04406083,-0.017145747,0.026208339,0.044493768,0.04656506,-0.069274619,0.000222249,0.050084502,0.104311429,0.003076221,0.072498083,0.128767282,-0.026682248,-0.04619088,-0.014333625,-0.055502638
E:\Project\Fake News Detection\images\fake\1593.jpg,fake,test,0.585608959,0.601766348,-0.04524406,0.176213175,-0.310986668,0.010715261,0.100605294,-0.021267273,-0.020910678,-0.226055756,0.066670939,-0.156143174,-0.041601013,-0.038976032,0.072190985,-0.069108114,0.204435483,0.017895635,0.019672394,0.047455832,0.078430742,0.111011438,-0.04620732,0.044754006,-0.023880348,0.005720463,-0.088509694,-0.119520172,-0.083956972,-0.096331842,0.087391354,0.084025614,-0.082308464,0.026610285
E:\Project\Fake News Detection\images\fake\1614.jpg,fake,train,0.781081378,0.819695592,-0.043377034,-0.245543927,-0.383739471,-0.246012121,-0.000864811,0.040779512,0.006793332,0.03256382,0.010016028,-0.060002845,-0.035200503,0.039260086,0.089914657,-0.005207636,-0.053672809,0.092506588,-0.100366235,-0.166345537,-0.02016229,-0.09127564,-0.053258602,0.020274928,-0.058881637,0.075906269,0.029119959,0.126642793,0.132996738,-0.081012651,-0.030246023,-0.039417714,-0.034380764,-0.000962669
E:\Project\Fake News Detection\images\fake\1616.jpg,fake,train,0.757613599,0.850696504,-0.299855679,-0.144903585,0.21116437,0.165484771,-0.034304064,0.137372211,-0.03425923,-0.192559659,0.143678173,0.098267801,-0.055472922,0.155553937,-0.132199943,-0.061641585,-0.110830404,-0.097036511,0.068442084,0.053477474,0.002829589,0.022220837,0.120053224,0.070038557,-0.148160741,0.159427032,-0.015478301,0.075870767,0.102805384,0.019775897,-0.041690193,-0.090184964,-0.043206166,-0.02049523
E:\Project\Fake News Detection\images\fake\1617.jpg,fake,test,0.741889596,0.742478848,-0.006705351,-0.256566733,-0.085258909,0.354625225,-0.095933273,0.093327194,-0.115947396,0.016405946,-0.009888345,-0.125609234,0.040644642,-0.096122198,0.080006465,0.022434553,0.089291982,-0.133437261,0.082411647,-0.004746959,0.01165013,-0.045385756,-0.034045868,-0.047937438,0.091239825,0.060711458,0.002919972,-0.106425464,-0.001285598,0.017688185,0.058007199,0.025694534,0.06655068,-0.005815364
E:\Project\Fake News Detection\images\fake\162.jpg,fake,test,0.592907786,0.627715766,-0.089243472,0.02061864,-0.000870518,0.171406895,0.066728905,-0.102218971,-0.128436074,0.011314413,0.067297205,0.019666538,-0.106551297,-0.136947826,0.142119363,0.070796296,0.058929354,-0.043438848,0.076158047,0.119322613,0.023346812,-0.036572512,0.137043074,0.070765443,-0.109725446,0.009750964,-0.048331775,0.03362551,-0.057201959,0.067641318,0.012482367,-0.055974409,0.055083387,-0.053802751
E:\Project\Fake News Detection\images\fake\1621.jpg,fake,train,0.828065753,0.840379715,0.4554151,0.24755846,0.16801089,-0.025778335,-0.169435531,0.178829655,-0.048749227,-0.046791591,-0.026104417,-0.043804482,-0.153611153,-0.052898638,0.002032886,0.062237427,0.103508003,-0.051133193,-0.025070366,0.038081124,-0.005422078,-0.035595477,0.038513493,0.024917061,-0.064225912,0.004101329,0.030091351,0.012067862,0.0337722,0.056485441,0.030356186,0.053468734,0.007933184,-0.054354258
E:\Project\Fake News Detection\images\fake\1625.jpg,fake,train,0.738773227,0.755015612,0.225289285,0.149825007,0.223233432,0.10151621,-0.235496953,0.064242095,0.170189336,0.041150495,-0.010737751,0.076999925,7.26E-05,-0.088978,-0.036092106,-0.096609645,-0.067713983,0.160318062,0.106909707,-0.02336809,0.065272175,0.061023477,-0.012883211,-0.053454231,0.070729457,-0.035859704,0.001055303,-0.000648804,0.040855579,-0.067317888,-0.045280036,0.015086542,0.015929237,0.019323623
E:\Project\Fake News Detection\images\fake\1635.jpg,fake,train,0.764096379,0.797927737,0.226695538,0.239045158,0.19398421,-0.040137362,-0.055350274,0.168753982,-0.236131579,-0.075739406,0.046804044,0.172305778,-0.023147661,0.088867486,-0.039387651,-0.097235627,-0.026316116,0.081155874,0.028064515,0.13123174,-0.078246616,-0.057153553,-0.043000244,-0.017812539,-0.041793693,-0.055578265,0.015405231,-0.003401136,0.036768492,0.087489679,-0.043043725,-0.015145989,-0.019731114,-0.042359672
E:\Project\Fake News Detection\images\fake\1637.jpg,fake,train,0.599986196,0.660902381,-0.192796111,0.04559619,0.06924168,-0.143110812,0.139034733,0.047731042,0.023781519,0.169853583,-0.205379084,-0.028506175,-0.084622443,-0.054159582,-0.043990839,-0.013595835,0.128274769,-0.149877965,-0.106968731,-0.0494835,0.095791161,-0.022104841,-0.032767635,-0.037863061,0.046027061,0.035844833,0.142619446,-0.06880264,-0.039358154,-0.207740456,-0.04829808,-0.044431221,-0.059577949,-0.006976398
E:\Project\Fake News Detection\images\fake\1644.jpg,fake,train,0.852963567,0.885279059,0.219843805,-0.277866006,0.045637138,-0.115189433,0.165721118,-0.003644755,0.207106084,-0.088874057,0.038145669,-0.202525213,-0.128427446,0.046727538,0.123089299,-0.052541044,0.07916449,-0.036206752,-0.034293003,0.039503619,-0.218051389,0.161314473,0.018815026,0.044650197,-0.130001143,0.062262408,0.111311786,0.070908695,-0.125106215,0.041352294,0.024662007,-0.150934026,0.065917261,-0.031222763
E:\Project\Fake News Detection\images\fake\1650.jpg,fake,train,0.719164073,0.743325114,0.198076352,0.036897801,0.042550828,-0.172334269,-0.155624434,-0.168511331,0.033140805,0.104252875,0.01448167,-0.001210821,0.155673325,0.122836106,-0.1364896,-0.032517154,-0.145961881,0.018226212,0.028166045,0.051614266,0.120684303,-0.03026445,-0.136742577,0.04735503,-0.08855246,0.001607838,0.102219872,0.001924975,-0.085349843,0.092836663,0.063006818,0.036578972,0.044640381,0.040048573
E:\Project\Fake News Detection\images\fake\1656.jpg,fake,train,0.88954556,0.904139757,0.21948795,-0.437281102,-0.005726079,-0.230609328,-0.044376709,-0.108225666,-0.123657525,-0.019200485,-0.032965962,0.040603511,0.101348907,-0.074990325,-0.071444646,0.007089872,-0.042591851,-0.010268958,-0.021292426,-0.054238707,0.003766865,0.048115782,0.005917331,0.023545397,0.016500721,-0.046980735,0.056616236,0.005867855,-0.036502361,-0.041053671,0.025341887,-0.008671954,-0.039322596,0.01972542
E:\Project\Fake News Detection\images\fake\1657.jpg,fake,train,0.884521961,0.938861132,0.232065409,-0.365704954,-0.064520441,-0.297610551,-0.131198585,-0.016783141,0.21087189,-0.042571675,-0.036356065,-0.022025706,-0.021277217,-0.000535184,-0.086250909,0.21276027,-0.055053901,0.037532169,-0.015855106,-0.05368381,-0.054719415,-0.087007254,0.046326779,0.029884811,-0.058722712,-0.104192927,-0.053792603,-0.027300723,-0.002376867,-0.035817578,0.011032391,-0.063380785,-0.000440994,0.064356409
E:\Project\Fake News Detection\images\fake\166.jpg,fake,train,0.69189918,0.74048543,0.046167262,-0.036055274,-0.080485478,0.12580131,-0.135002792,0.115617409,0.262785852,0.183728173,0.077803679,0.04536384,-0.078011334,0.013050052,0.06116078,-0.066969961,-0.042189188,0.237660572,-0.000181072,0.044256415,0.004162224,-0.018388286,-0.041156005,-0.045304198,0.048885364,0.030764278,-0.009717469,0.057124168,0.004091749,-0.080184631,-0.018887272,-0.026285121,0.034303773,-0.014118663
E:\Project\Fake News Detection\images\fake\1661.jpg,fake,train,0.77313149,0.787974477,0.264118403,-0.046605378,0.220201641,0.031067537,0.199635223,0.28417787,-0.15182592,0.107191406,0.055160224,-0.080610342,-0.119357802,0.041512758,-0.030196801,0.022603974,-0.017833278,0.11166852,-0.075104304,-0.080810711,0.008596621,-0.039836973,0.042681597,0.092861883,0.037155002,-0.009574683,0.074633069,0.048091609,0.013327536,-0.046816647,0.039487354,-0.025779868,0.026899854,0.113801889
E:\Project\Fake News Detection\images\fake\1668.jpg,fake,train,0.750112414,0.770099282,0.161768302,0.11630664,0.215603992,0.005422795,-0.239126384,-0.029519711,0.36094135,-0.134273529,0.088982433,0.016887251,0.044960547,-0.012917045,-0.07301899,0.034258433,0.004346731,0.058814347,0.098516621,-0.065037951,0.09666609,0.013842374,-0.027815007,-0.047685582,-0.035160817,-0.007520454,-0.09520223,-0.049709309,-0.038243849,-0.056221008,-0.050498873,-0.067230962,0.014397006,0.070220716
E:\Project\Fake News Detection\images\fake\1670.jpg,fake,train,0.530030251,0.604779661,0.099864453,0.124443538,0.041741498,-0.017232094,0.079509906,-0.304877579,0.006649315,-0.066285536,-0.007994036,-0.013997608,0.039507817,0.038004633,-0.229045242,-0.120536126,0.135263503,-0.031639636,0.148152113,0.010053578,-0.052656408,-0.08819674,0.094678923,0.119338363,0.122178823,0.084166214,0.048867084,0.082265869,-0.04603998,-0.048857447,-0.032669019,-0.120257132,0.040159039,0.210053146
E:\Project\Fake News Detection\images\fake\1673.jpg,fake,train,0.717778683,0.841576338,0.074649781,-0.109637536,-0.012047341,0.032552198,0.25864023,-0.11136052,-0.062516622,-0.116611734,-0.109552011,-0.010183115,-0.035671506,-0.04545252,0.066905826,0.199981689,0.086220726,0.049091641,0.009859846,0.048186135,0.047111917,0.032483902,-0.064724229,-0.271765798,-0.109844141,-0.173293874,0.012404537,-0.006341812,-0.015206574,0.026255902,0.009609203,0.000920632,-0.008029128,0.107278228
E:\Project\Fake News Detection\images\fake\1674.jpg,fake,train,0.803975105,0.886066556,-0.061339773,-0.271334797,0.007393635,0.417808145,-0.083275571,0.047512524,-0.003215618,0.018786836,0.035486758,-0.052107416,0.003507539,-0.00812429,0.082299538,0.011437758,0.083432436,-0.016752059,-0.052587669,-0.101234369,0.059912741,-0.041293271,-0.005978928,-0.017706797,0.027138999,-0.015383977,-0.043463871,-0.089095041,-0.041661054,0.044158239,0.043799937,-0.014504386,-0.00584999,-0.084239073
E:\Project\Fake News Detection\images\fake\1686.jpg,fake,test,0.966091752,0.966091752,0.122030854,-0.302681714,-0.382072479,-0.255055249,0.050939985,0.057865255,0.033322312,0.083294012,0.025506437,0.108245805,0.052839182,0.008354977,-0.056658,0.016773012,0.026976191,-0.046989799,-0.016318385,0.055192843,0.081086129,0.045361176,-0.004636576,-0.0017865,0.051048353,0.005671026,-0.009570737,0.003418148,-0.017714567,0.008174658,-0.023557507,-0.00852685,-0.033375867,-0.048355803
E:\Project\Fake News Detection\images\fake\1689.jpg,fake,train,0.62675637,0.755928516,0.053331837,-0.120580144,-0.121239536,-0.065468796,0.238390699,0.003147783,0.031904936,0.008724163,-0.082623161,0.065627411,-0.069176696,0.110307463,-0.011202497,0.201162353,0.066850983,-0.101170003,-0.045290805,0.035071567,0.006968048,-0.015536694,-0.152571797,-0.009154692,-0.019936549,0.112542965,-0.081302784,-0.025129259,0.094818793,-0.041309059,0.007948041,0.043696646,0.192204237,0.033579666
E:\Project\Fake News Detection\images\fake\1690.jpg,fake,train,0.597806096,0.643920422,0.105740793,0.052219033,0.13623634,0.067882352,0.115991965,-0.198522717,-0.036947042,0.077011086,-0.106519431,-0.026920073,0.106686018,-0.024784915,-0.103266135,-0.044883393,-0.008990511,0.08461456,0.06842041,0.006442719,-0.061926674,-0.060732953,-0.056638967,0.119275667,-0.10133183,0.121740893,0.005410092,-0.016380295,-0.047432277,0.073041581,0.081128612,-0.040834699,-0.018346833,-0.176440105
E:\Project\Fake News Detection\images\fake\17.jpg,fake,train,0.758864462,0.83808744,-0.068629764,-0.291611403,0.208158299,0.157494098,-0.081708036,0.082760826,-0.070060112,-0.044520032,0.065196842,-0.005106148,0.078884631,0.202399179,-0.11717993,-0.089004241,-0.067325532,0.111488596,-0.007884162,-0.027538089,-0.087390922,-0.049433429,-0.110608257,0.006607566,0.013366469,0.044305954,0.068567507,0.016022291,-0.090244688,0.046651807,-0.036205862,0.007537765,-0.011260794,-0.063541904
E:\Project\Fake News Detection\images\fake\1708.jpg,fake,train,0.79093188,0.811233044,0.435184568,0.225747988,0.110702515,-0.035853773,-0.016975168,0.072761647,-0.198607638,-0.04325759,-0.085772641,0.002144637,-0.037915677,-0.067400932,0.037692253,-0.021427393,0.040351629,-0.032398108,0.066205852,0.021407092,0.00819111,0.027677936,0.006672051,-0.029874554,0.031713415,0.049391799,0.028711608,-0.029592391,0.050128985,0.033335898,-0.007037606,-0.071786024,-0.003090517,-0.028467165
E:\Project\Fake News Detection\images\fake\1716.jpg,fake,train,0.572764277,0.578597248,-0.117705211,-0.084733069,-0.174350142,-0.024026964,0.169683561,0.026781643,-0.004672904,0.002158345,-0.018383341,-0.044817895,-0.040351178,0.033523142,-0.212461397,-0.135933623,0.094134264,0.095409803,-0.039595671,0.046254668,-0.050682601,-0.147134066,0.046121605,-0.033624008,0.012028291,0.054064322,0.082831912,-0.094171807,-0.015556235,0.015814511,-0.028808299,0.009400484,0.142709479,0.06888032
E:\Project\Fake News Detection\images\fake\172.jpg,fake,train,0.715616345,0.736976624,0.358745396,0.31398648,0.255593538,-0.065977968,0.105175011,0.167742804,-0.166039601,-0.139878243,0.208054677,-0.058717616,0.008461704,0.000809462,-0.111265354,0.008680642,0.096861951,0.020614559,-0.011617259,-0.084802344,0.044326928,0.011694426,-0.024110375,0.058011401,-0.009550955,0.059459254,-0.078548364,-0.105863452,-0.068314604,-0.076260298,-0.028021848,-0.00031941,0.069660388,-0.016915556
E:\Project\Fake News Detection\images\fake\1729.jpg,fake,test,0.740578949,0.800029874,0.237299472,0.159966946,0.104740299,-0.062891342,0.025353339,-0.182232484,0.030879265,-0.028631177,-0.146652758,-0.02916781,0.25990203,0.060128115,-0.01170269,-0.037531335,0.029389851,0.073785603,-0.01515897,0.076290965,0.045562118,0.138112232,0.182289362,-0.038206697,0.04190214,0.100002781,-0.049187027,0.144027993,-0.02316393,0.114049673,0.160982758,-0.027518537,0.008637302,0.011830539
E:\Project\Fake News Detection\images\fake\1730.jpg,fake,train,0.816059709,0.907454789,0.088575363,0.033674635,-0.105383657,-0.055035584,0.248167202,0.127254024,0.105939388,0.025212634,-0.005989399,-0.084850937,-0.051867746,0.089184538,-0.058772914,-0.040645123,-0.109858029,0.002467738,0.133778006,0.039114825,0.179397553,0.055018194,0.040422734,-0.095218323,0.004869921,0.006653816,-0.075412415,-0.07543423,-0.055600025,0.005821693,-0.078289539,0.005173293,-0.106228329,0.021921087
E:\Project\Fake News Detection\images\fake\1733.jpg,fake,test,0.972420692,0.991129994,-0.006287925,-0.460129291,-0.233339757,-0.016872332,-0.2144811,-0.007348282,-0.143495187,-0.121695928,-0.008205485,0.012385592,0.102911368,-0.079792798,-0.017111765,0.013760302,0.035595354,-0.135942385,-0.022197161,0.007021859,0.105249465,0.00343822,0.014394596,-0.006734028,0.037239432,0.038802117,0.014909134,-0.008738309,-0.015960753,0.018268749,0.005649112,-0.008963751,-0.004011668,-0.013343766
E:\Project\Fake News Detection\images\fake\1735.jpg,fake,train,0.702964425,0.75187546,0.070548639,0.029201472,0.244544297,-0.011729008,0.023185633,0.158567443,-0.102724835,-0.039215002,-0.137760147,0.114920855,-0.025715213,0.089063376,-0.045550205,-0.055166062,-0.101069532,0.157466978,0.066900805,0.020410106,-0.081828229,-0.008107688,-0.030798644,-0.067145392,0.066502906,-0.115018599,-0.019607818,-0.00454497,0.067351468,0.06352751,-0.043530103,-0.005842597,-0.064333811,-0.05315103
E:\Project\Fake News Detection\images\fake\1739.jpg,fake,train,0.713075042,0.731635809,0.161682844,0.122662604,0.299903452,0.137160957,0.158664495,-0.050126765,0.074491799,-0.008089894,0.068064161,0.152972877,0.102567419,-0.232745335,0.099536739,-0.022768,-0.21026881,-0.105183646,0.078899577,-0.094283961,-0.079337582,-0.034506977,-0.000726609,0.005990813,0.150843441,-0.019012101,-0.014645814,-0.082312666,0.064075522,0.009345315,-0.033161096,0.009088391,-0.065271854,-0.07657814
E:\Project\Fake News Detection\images\fake\174.jpg,fake,train,0.662600636,0.693837762,-0.220683426,-0.062934138,0.173621833,0.232226923,-0.003072363,-0.007617582,-0.16593647,-0.028590165,-0.148886517,0.099740341,-0.158069566,0.12188606,-0.188962922,0.061885376,-0.058160517,-0.1472864,0.140743569,-0.115357026,-0.086680844,0.070891224,-0.002429596,0.080826841,0.030370938,-0.189652115,-0.070323028,0.132027388,-0.021797106,0.07331375,0.003386897,-0.006738189,-0.005087938,-0.084058486
E:\Project\Fake News Detection\images\fake\1744.jpg,fake,test,0.758239329,0.784415126,0.0172721,0.084025271,-0.078299053,0.090058789,0.16017583,-0.194401249,-0.171861127,-0.222355306,0.122598961,0.100025892,-0.006308801,-0.071921773,0.017552642,0.241077945,0.126154751,0.020591628,0.078689083,0.03948319,-0.030955598,-0.028286573,-0.073330969,-0.347606659,-0.066699415,0.063063547,-0.020247621,0.080130696,-0.052512288,0.033222884,0.015953533,0.00293377,-0.024228446,0.033033684
E:\Project\Fake News Detection\images\fake\1746.jpg,fake,train,0.741121292,0.790186405,0.178314149,-0.332014441,0.111688994,-0.097814523,-0.172964185,0.046449404,-0.12174271,-0.006886113,-0.070419267,-0.038891163,0.02758332,-0.076133318,-0.024688188,-0.006385331,-0.070404753,-0.018802332,0.0352391,-0.022875145,-0.022823051,0.082737893,-0.039225895,0.018318834,0.021531774,-0.050128724,0.073451079,0.027622877,-0.023814369,0.041903391,-0.057640839,0.160382017,-0.014414829,0.002126714
E:\Project\Fake News Detection\images\fake\1753.jpg,fake,train,0.930874705,0.999999881,0.469295442,0.256234974,0.158576041,-0.045286123,-0.116000794,0.153274,-0.121197991,-0.044684064,0.002897267,-0.013814497,-0.111511759,-0.086696006,-0.014124815,0.052632336,0.128397599,-0.06260474,-0.042203423,0.060877752,0.039124925,0.016457131,0.013972217,0.039541274,-0.05011059,0.033367489,-0.004599116,-0.037168775,0.09211079,0.027266478,-0.039538365,0.029964609,-0.013980133,-0.052326716
E:\Project\Fake News Detection\images\fake\1758.jpg,fake,train,0.727541447,0.731844544,0.019816153,-0.0650004,0.144333094,0.104423746,0.150348753,-0.124691807,-0.02021404,0.091030858,-0.013234042,0.116145916,-0.08980938,0.09013056,-0.065761007,0.181672215,0.086208269,0.163219988,0.086087771,-0.087839678,-0.139433876,0.184643432,-0.012764854,-0.031762887,0.067015633,0.098169021,-0.103865579,-0.082967266,0.073845267,-0.073131785,0.14777191,0.015461111,-0.088320613,0.120583877
E:\Project\Fake News Detection\images\fake\1762.jpg,fake,test,0.593237519,0.610839128,-0.10990335,0.173462987,-0.226725787,0.073785275,-0.059127901,-0.04880929,0.022420848,-0.149884626,0.128284425,0.073352352,-0.087194502,0.073363923,-0.014907792,0.014024425,-0.043384425,0.026461318,0.117987186,-0.07099428,-0.013199992,0.052400988,-0.029963996,0.088730007,0.031265363,0.00614143,0.039830439,0.011864044,0.077307008,-0.06475392,-0.027972385,0.095431857,-0.073326297,-0.064403616
E:\Project\Fake News Detection\images\fake\1769.jpg,fake,train,0.778703332,0.801621497,0.002603775,-0.275950938,-0.072961122,0.36144498,-0.014443086,0.033991363,-0.058327582,-0.025105916,0.019293008,-0.067235,0.086810298,-0.049211767,0.062756896,0.107516922,0.138712496,-0.046384253,-0.014988105,0.001303916,0.017672621,-0.02960806,-0.075392947,-0.223993734,-0.025252165,-0.039798182,0.029135557,0.002862924,-0.013035323,0.069006927,0.036689755,-0.000837488,-0.003147163,-0.02419026
E:\Project\Fake News Detection\images\fake\1779.jpg,fake,train,0.681733727,0.74032402,0.177189201,0.122482352,0.126710624,-0.041118018,-0.009269658,-0.190906391,0.123999916,-0.16843307,0.081543066,-0.041289415,0.114628837,0.073429652,-0.01880352,-0.138514355,0.063367307,0.088516831,0.141621307,-0.045200299,0.088514008,0.078758262,-0.009590984,-0.05331834,0.050264329,0.049677864,-0.012714962,0.012995828,-0.019788075,0.040289238,0.04382921,-0.072962493,-0.049261056,0.080916725
E:\Project\Fake News Detection\images\fake\1780.jpg,fake,train,0.746489406,0.77832377,-0.128984764,-0.263309866,0.052841377,0.421512872,-0.080221497,0.039592482,-0.052637063,0.134239152,0.18985644,-0.128910646,-0.018265206,-0.010958157,0.016840676,0.065975785,0.012911922,0.016505081,-0.0150214,-0.064344034,0.065625027,-0.086699426,0.084815368,-0.003675635,-0.070085414,0.061368782,0.050781842,-0.033845872,-0.074785464,0.095863089,-0.008688892,0.026629714,0.023833694,-7.90E-05
E:\Project\Fake News Detection\images\fake\1782.jpg,fake,train,0.76419431,0.878879786,0.013265563,0.088638201,-0.262878239,-0.101666026,-0.090728432,-0.04834903,-0.25420332,0.028498348,0.012129634,-0.073747776,-0.114179619,-0.050903119,0.264608532,-0.035253048,0.066519372,-0.072528571,0.263353258,0.057422627,-0.045117963,0.136323959,0.009212695,0.030172179,0.003865276,-0.133662269,-0.082098998,-0.14985539,-0.160426632,-0.004351707,0.039378833,-0.033236351,0.118059166,0.122883342
E:\Project\Fake News Detection\images\fake\1785.jpg,fake,train,0.670361042,0.736555457,0.151061699,0.136382774,-0.030602036,0.031950906,0.072401069,-0.211724043,0.011004948,-0.004629241,-0.082827598,-0.003944654,-0.000588058,-0.003296287,-0.032881964,-0.099747553,0.023669414,-0.089366309,0.117924541,-0.04049819,0.045927256,-0.108397268,-0.080855116,0.141905546,-0.018608162,-0.01970749,0.066315286,0.057444286,-0.000614434,0.11103756,-0.097809345,0.022586219,0.075846441,-0.054903693
E:\Project\Fake News Detection\images\fake\1789.jpg,fake,train,1,1,0.139076427,-0.260736346,-0.391322047,-0.284886152,0.071233742,0.027983323,0.059572887,0.104333647,0.054903753,0.130119473,0.031385265,0.021851093,-0.050032098,0.015770501,0.03414464,-0.050538812,-0.014661006,0.083717898,0.089406841,0.030575434,0.018547222,-0.000533376,0.059861388,0.008475164,-0.036444467,-0.009990682,-0.021242337,0.021776455,-0.038204782,-0.026845595,-0.015056883,-0.05796605
E:\Project\Fake News Detection\images\fake\179.jpg,fake,train,0.777187943,0.821209848,0.21849449,-0.169855624,0.100332066,-0.037779413,0.191215023,0.012914212,0.257812142,-0.1458399,-0.016836844,-0.181988418,-0.144706994,0.059041485,0.092088878,-0.073072679,0.051281787,0.000149216,-0.098983273,0.032036301,-0.182700247,0.15145655,0.010169114,0.065611273,-0.117893174,0.0994009,0.13987729,0.103372328,-0.110508516,0.033519663,-0.002524944,-0.137740612,0.065314487,-0.043012552
E:\Project\Fake News Detection\images\fake\1801.jpg,fake,train,0.663436592,0.715112448,-0.215663731,0.146593049,-0.227077335,0.182814628,-0.052557871,-0.015163974,0.029281776,0.082577959,0.154394194,0.156046465,-0.119217321,0.081045851,-0.077844687,-0.050866675,-0.096748047,-0.018914666,0.034870792,-0.090379283,-0.010636656,-0.051395252,0.002555424,0.058259256,0.019140704,-0.092846073,0.0424788,0.037391793,0.07945323,0.027234815,0.066919751,0.074253328,-0.030179368,-0.040629059
E:\Project\Fake News Detection\images\fake\1803.jpg,fake,train,0.757034779,0.786192775,0.075768352,0.075514816,-0.038668886,0.200392187,-0.150612429,-0.057584547,0.184324071,-0.139148608,0.155456156,-0.118613809,-0.170312569,0.15349704,0.03021148,-0.123889677,-0.045735143,-0.170266584,-0.154449522,-0.041157845,0.112105727,-0.118372746,0.005873073,-0.030643843,0.063180514,-0.072856501,-0.034125857,0.051565092,-0.002614759,-0.047612309,0.069802895,0.058605012,0.028450675,0.094143696
E:\Project\Fake News Detection\images\fake\1820.jpg,fake,train,0.728930116,0.753453314,0.035417829,-0.046714664,-0.113026768,0.033200916,0.133576781,-0.015161667,0.108827181,-0.08698637,0.046255399,-0.198152035,-0.202556416,0.207985103,0.016450968,-0.07210242,-0.041844446,-0.064370893,-0.152472109,0.031110898,0.048136797,-0.099152267,0.000503477,-0.027015356,-0.027748536,-0.105309241,-0.013415224,-0.03870178,0.035829611,-0.067251995,0.085112952,0.080129348,-0.005451671,0.054943591
E:\Project\Fake News Detection\images\fake\183.jpg,fake,train,0.596045673,0.618998647,0.145771712,0.14952828,0.141240567,0.145811722,0.013899175,-0.117938131,0.015028626,0.068037853,0.081818148,0.183017626,0.031014221,-0.062429298,0.073460855,-0.005577376,-0.111441858,0.072247505,-0.014636866,-0.013826329,-0.087153152,-0.068415567,-0.021275979,-0.058222096,0.107430816,-0.014207128,0.006043884,-0.090922669,-0.013137516,-0.02662429,0.070635259,0.01478321,-0.039535668,0.033190668
E:\Project\Fake News Detection\images\fake\1837.jpg,fake,train,0.618413031,0.627777696,0.07984677,0.180626899,0.173099786,-0.01093188,-0.018225925,-0.027721915,-0.01700099,-0.052719977,-0.013434743,0.149123043,0.179769889,0.182202905,-0.026754195,-0.058196582,-0.118361153,0.029188106,0.007199049,0.073139831,-0.084627382,0.055877324,0.018250588,-0.013483477,-0.014833543,-0.002292823,-0.070917003,-0.024138538,0.050793421,0.072217211,-0.063746542,0.04230665,-0.127417222,0.087986007
E:\Project\Fake News Detection\images\fake\1839.jpg,fake,train,0.671410441,0.702765107,0.017812751,0.035313342,0.123154715,-0.053236324,-0.067079231,-0.103535004,0.005226345,-0.061052326,0.143549979,0.014316332,-0.050709303,0.089487463,-0.107167549,-0.148148447,-0.087723725,0.054716103,0.15547803,0.056730047,0.031529143,0.031467494,-0.028409714,-0.03735071,-0.001285011,0.010836111,0.03989334,0.015009516,0.011278779,0.087179735,0.045378741,0.115156807,-0.130829632,-0.009308388
E:\Project\Fake News Detection\images\fake\1842.jpg,fake,train,0.808528244,0.923371911,0.14243722,-0.221852422,-0.303407907,-0.184980914,0.117243186,0.03143581,0.047069494,0.082720608,0.020285608,0.098557733,-0.066782713,0.028578885,0.048990462,0.015181447,0.075676844,0.005132996,-0.029255554,0.015523723,0.092441477,0.037723657,-0.044990093,-0.011756764,-0.017173288,0.032672629,-0.080394305,-0.046529014,-0.015458405,0.012922601,0.037698366,-0.061531793,0.05154388,0.030660456
E:\Project\Fake News Detection\images\fake\1845.jpg,fake,train,0.588676214,0.596486092,-0.350779563,0.055183679,0.072895557,-0.083356559,0.061082087,-0.030075395,-0.044231895,0.082259387,0.112505749,0.027623631,-0.066950068,0.077054732,-0.065557487,0.068964653,-0.012006185,0.001422426,0.045832649,0.100183956,-0.038919777,-0.04640352,-0.026533367,0.016850578,-0.027254637,-0.029564014,0.020904509,0.040181149,0.058175266,0.036372121,-0.054565161,-0.000147694,0.023816278,0.117181972
E:\Project\Fake News Detection\images\fake\1849.jpg,fake,train,0.658146977,0.722913861,0.098226547,-0.133598194,0.088865541,-0.067760095,0.131934673,-0.075597465,-0.031782646,0.039632905,-0.081064723,0.192367107,-0.100379027,0.189749002,-0.150782675,0.036653575,-0.05960492,-0.028821487,0.068284169,-0.008190976,0.021608833,0.049490802,-0.062180787,0.053746961,-0.117277145,-0.05043745,0.066136718,0.137373909,0.062012486,-0.095427118,-0.073845886,0.062081829,0.048238356,0.090937659
E:\Project\Fake News Detection\images\fake\186.jpg,fake,train,0.746089995,0.775823891,0.425688118,0.197614834,0.170128465,-0.05056439,-0.06732972,0.183279306,-0.155591264,0.021662481,0.151245564,-0.030113408,-0.105999283,-0.091285318,0.033213284,0.002616462,0.043413114,-0.018211793,0.010204452,-0.023847615,0.040492475,0.003970275,0.002997583,0.059155263,0.018953746,-0.022116972,0.035888776,0.037969615,0.007856877,0.058255795,-0.025346182,0.0271334,0.00114365,-0.066182472
E:\Project\Fake News Detection\images\fake\1865.jpg,fake,test,0.890629172,0.921329558,0.385272533,0.063836925,0.033379775,-0.263071775,-0.174306542,0.101986147,-0.269907475,-0.072827116,0.114749104,0.172907829,0.004779332,-0.050251998,-0.02837443,-4.98E-05,0.040270805,-0.057728097,0.004302278,0.028365359,0.022951558,-0.06092345,0.008593746,0.090548798,0.02877295,0.00769715,0.023742685,0.009748824,-0.016508467,0.041796431,-0.047161348,-0.062023856,-0.007784151,-0.069649629
E:\Project\Fake News Detection\images\fake\1867.jpg,fake,train,0.711172462,0.731888592,-0.081279263,-0.233859718,-0.322157443,0.011977776,-0.073217422,-0.028395716,-0.130730152,-0.106307097,-0.079838604,-0.141108826,-0.156146243,0.007406839,0.128604904,-0.11019972,-0.047580492,0.110386573,0.010794017,-0.034418948,-0.062591404,0.101316698,-0.044751927,0.033512119,-0.127697691,0.029216304,0.046071697,0.029471362,0.06896884,-0.098603562,0.006002743,0.057867859,0.033299252,0.004932439
E:\Project\Fake News Detection\images\fake\1873.jpg,fake,train,0.833945096,0.859784484,0.307982266,-0.03160502,0.166894048,-0.076008573,0.194118589,0.270934671,-0.13525638,-0.064008221,-0.010461604,-0.074923813,-0.107917674,0.09016408,0.037406869,0.033200115,-0.107689373,0.118688121,0.093700334,-0.01299798,0.064217269,-0.027947068,-0.007693228,-0.084882617,-0.039295729,-0.016627273,0.006913389,0.028665243,-0.01028449,0.062908724,-0.003063698,0.02244441,-0.080689162,0.051317111
E:\Project\Fake News Detection\images\fake\1876.jpg,fake,test,0.742458224,0.769267976,-0.100050136,-0.264138967,-0.33797726,-0.121270731,0.079525366,0.083658233,-0.022503171,-0.148054466,0.045104846,0.070867166,0.01229633,-0.200083882,0.024735007,0.006714355,-0.132030934,-0.050346654,0.086203203,-0.108219028,0.049636781,-0.014460011,-0.006062347,0.058252305,-0.027872212,-0.002690684,0.03565757,0.040852387,0.05443234,0.049240425,0.002688084,0.104092441,-0.072516911,0.001605272
E:\Project\Fake News Detection\images\fake\1878.jpg,fake,test,0.74023515,0.781456172,-0.205954596,0.143721506,-0.207020372,-0.095560893,0.027155677,-0.068571672,0.100377008,-0.188560188,0.104046449,-0.143535957,0.116283961,-0.089829907,-0.112897202,-0.187721133,0.211379543,0.033865701,0.029463181,0.097524017,-0.172043875,-0.154681385,0.074154496,0.042005472,0.153690636,-0.067211039,-0.020546604,0.058058023,0.020052947,-0.040320083,-0.023299187,0.007929235,-0.102673225,0.126077116
E:\Project\Fake News Detection\images\fake\1901.jpg,fake,test,0.684836864,0.699943781,-0.223740399,-0.047672473,0.174622402,0.178160638,0.012228973,0.086266175,-0.016082,-0.138462454,0.085276842,0.064619236,5.00E-05,-0.003558941,0.026996598,-0.060199264,-0.111364827,0.127184168,0.008179817,0.074965343,0.078281567,-0.017151061,-0.026914928,0.055398911,-0.004499465,0.046788551,-0.071645595,0.039957996,-0.072670139,-0.034358501,-0.033259645,0.02654976,-0.090510882,0.025282435
E:\Project\Fake News Detection\images\fake\1903.jpg,fake,train,0.88773185,0.95834887,0.44813484,0.122305088,-0.006969438,-0.1700093,-0.120925449,0.015691467,-0.277633697,0.072681077,0.093570568,0.056281183,-0.062354345,-0.057722464,0.106042467,-0.092408769,-0.044316076,0.035695747,0.017714066,0.035468888,0.011033828,-0.071895801,-0.019419821,-0.002331216,-0.024102977,0.02276529,0.02444003,0.02078251,-0.002954195,0.001508733,-0.054116454,-0.007971142,0.017640691,0.018636227
E:\Project\Fake News Detection\images\fake\1908.jpg,fake,train,1,1,0.139076486,-0.260736465,-0.391322225,-0.284886241,0.07123369,0.027983323,0.05957292,0.104333587,0.054903816,0.130119488,0.03138528,0.021851171,-0.050032116,0.01577042,0.034144547,-0.050538857,-0.014661012,0.083717883,0.089406878,0.030575354,0.01854733,-0.00053337,0.059861362,0.008475258,-0.036444563,-0.009990639,-0.021242376,0.021776382,-0.038204715,-0.02684553,-0.015056755,-0.057966031
E:\Project\Fake News Detection\images\fake\1914.jpg,fake,train,0.988217473,1,0.253917485,-0.417351872,-0.082708597,-0.338077605,0.089049511,-0.084848329,-0.034045275,0.044265069,-0.022776751,0.05198177,0.048495531,-0.035757132,-0.068654217,0.02981377,-0.039049938,0.029877087,-0.01047436,-0.04876858,0.013368906,0.038896434,0.041770674,0.018349381,-0.004093681,-0.074083522,-9.14E-05,0.021576682,-0.003563228,-0.011533902,0.039714132,-0.025896773,-0.00344272,0.058773387
E:\Project\Fake News Detection\images\fake\1918.jpg,fake,train,0.644175887,0.705451012,0.089958511,-0.059912335,0.195142493,0.058770191,0.385596156,0.114964597,0.078484088,0.012257441,-0.201464847,0.039687753,0.079450533,-0.140261784,-0.047264513,4.47E-05,-0.163718954,-0.09525881,0.099047944,-0.102797844,-0.062680408,-0.205664441,0.057402052,-0.125863045,-0.022297861,0.07510075,-0.041215006,-0.098698728,0.075687863,-0.05128016,-0.022214357,0.069063939,0.036129672,0.077126317
E:\Project\Fake News Detection\images\fake\1928.jpg,fake,test,0.580545068,0.599363565,-0.126785696,0.025351964,-0.017101638,-0.049820643,-0.045687269,-0.086297378,-0.022806473,-0.113682054,-0.106433466,0.073875055,-0.011930615,0.023063064,0.000997799,0.125948831,0.037882239,0.021497609,-0.071625233,0.09775053,0.004606351,-0.026220042,-0.138684273,0.023728304,0.041025296,-0.005754052,0.009582436,-0.081558466,0.072693862,-0.018365294,0.003855169,0.056658212,0.035044715,-0.066676192
E:\Project\Fake News Detection\images\fake\193.jpg,fake,train,0.701304913,0.711786866,0.083415113,0.061282281,0.240598559,0.028536951,0.186885655,-0.087730952,0.048162676,-0.079144098,0.105164073,0.233318761,0.1304456,-0.183817133,0.085979216,-0.023910813,-0.183010876,-0.096247636,0.055380125,-0.006928196,-0.09533523,0.025196997,0.02214255,-0.015731867,0.054605313,0.032908749,-0.017386829,-0.1118301,0.08949694,-0.003603532,-0.035000417,0.063281476,-0.001761154,-0.022183605
E:\Project\Fake News Detection\images\fake\1938.jpg,fake,train,0.763852835,0.798523784,0.230264276,0.144834414,0.088113829,-0.000640728,-0.278183132,-0.046666898,0.324206531,0.003723456,-0.210495338,-0.119248629,0.073424697,0.062972769,-0.040370625,0.134529948,-0.038660299,-0.004723634,-0.003447556,0.059510417,-0.013085822,-0.069876716,-0.038557231,0.092350602,-0.123100109,-0.058385834,0.021010226,-0.003869528,-0.009339544,0.057872724,0.001896683,0.047104493,-0.028807066,-0.04412052
E:\Project\Fake News Detection\images\fake\194.jpg,fake,train,0.746902764,0.773755372,0.067177393,0.094353803,-0.455669671,-0.067065515,-0.150381848,-0.03033418,-0.013275371,0.040661007,0.111645646,0.038781498,-0.069648787,-0.128609553,0.067201391,-0.045646954,-0.12994574,0.020040179,0.067305885,-0.121133305,0.032091007,0.062472071,-0.083542563,0.013712655,-0.027009081,0.005260746,0.006866845,0.095997401,0.00412482,0.012232156,-0.004332588,0.094961919,0.032770902,-0.018264737
E:\Project\Fake News Detection\images\fake\1944.jpg,fake,test,0.720092416,0.768727958,0.078155309,0.134569481,-0.083606176,0.154806346,-0.063194916,-0.157483667,0.098761208,-0.153314009,0.155647755,-0.093413204,-0.218580812,0.128825426,-0.000604024,-0.097722366,-0.015335463,-0.079729661,-0.143559709,-0.075780451,0.137861788,-0.088100113,-0.021648858,-0.01067055,0.065724745,-0.079129465,-0.026024429,0.015450388,0.021578543,-0.06694369,0.05396935,0.072311513,0.008673839,0.089670427
E:\Project\Fake News Detection\images\fake\1949.jpg,fake,train,0.866166592,0.881586075,0.495414257,0.170979738,0.043800902,-0.167611718,-0.146193966,0.108198866,-0.306977183,0.060598917,0.096667469,0.028597275,-0.129930988,-0.083935477,0.065383308,-0.086011998,-0.006187321,-0.004005857,0.013181707,0.00646399,-0.010564086,-0.043130048,-0.000243758,0.051616736,-0.074715845,0.058348477,-0.011912451,0.017352114,0.01314773,-0.019444659,-0.040533539,0.043617278,0.070007809,-0.003258732
E:\Project\Fake News Detection\images\fake\1950.jpg,fake,train,0.702063799,0.723276019,-0.177812129,-0.031253904,0.199298456,0.080258705,-0.03545307,0.027021788,0.108131953,-0.217191458,-0.057260413,0.215008602,0.154164568,0.152064934,0.25973323,-0.032210954,0.147099346,0.046906143,0.03613092,-0.062868342,0.208790734,0.005368981,0.15388082,0.129105374,0.019564174,0.004024677,0.035133231,-0.01689994,-0.016230974,0.038806718,0.053392708,-0.068957403,0.058348313,0.000618729
E:\Project\Fake News Detection\images\fake\1960.jpg,fake,train,0.821845353,0.861126781,0.039233372,-0.30602482,-0.281476319,-0.232212216,-0.005399833,-0.038018443,0.030818233,0.073261283,-0.001294013,-0.04009309,-0.088983372,0.117830567,0.087321073,-0.058131274,-0.040723823,0.052645061,-0.112065896,-0.075133607,-0.024148509,-0.088425793,-0.014752686,-0.062724903,-0.049572974,0.110234402,0.017147152,0.061315168,0.121184893,-0.087738097,-0.034972426,-0.104446188,0.016321033,0.01681165
E:\Project\Fake News Detection\images\fake\1972.jpg,fake,train,0.609147251,0.623385966,0.083398484,0.095905624,-0.048771262,0.002918605,0.166617498,0.076099075,0.081870809,0.094758943,-0.111623004,0.040236998,0.098152198,0.118979879,-0.043700136,0.002786679,-0.084457837,-0.020692496,-0.101103261,0.190760836,0.082406156,0.049772244,0.104894087,-0.053231142,-0.02729542,0.05972835,-0.019439943,0.115411751,-0.026886683,0.031397495,-0.049194898,0.008675999,0.057959557,-0.030154398
E:\Project\Fake News Detection\images\fake\1981.jpg,fake,train,0.694015145,0.755975485,0.212496027,0.160351992,0.233074084,-0.11576689,-0.08541517,0.084344201,-0.193286121,-0.057683125,0.188868076,0.092094772,-0.085346974,0.120742641,-0.005403372,-0.000998039,-0.092994563,0.107748941,-0.034402747,0.038202614,0.002564737,-0.038230345,-0.053580228,0.046114508,0.043102056,0.051061917,0.090916231,0.039393589,0.024737963,0.104933977,-0.028443754,-0.078663006,-0.005518897,-0.048313145
E:\Project\Fake News Detection\images\fake\1982.jpg,fake,train,0.850990891,0.917220831,-0.033855464,-0.184428498,-0.410196155,-0.221591905,-0.174573421,0.126464307,0.21323061,-0.122742936,-0.036155075,-0.011359124,-0.067334242,-0.001081922,-0.051501345,0.224736556,-0.033939127,0.035362758,-0.000782356,-0.099796683,-0.019679651,-0.077355422,0.000793891,0.038975678,-0.092097752,-0.067253955,-0.042169306,0.031095808,-0.021081073,0.025353365,0.03697899,-0.070121035,-0.033964418,0.032626536
E:\Project\Fake News Detection\images\fake\1985.jpg,fake,train,0.833374858,0.854205132,-0.079628721,-0.318737268,-0.046712637,0.350109398,-0.133493006,0.056277703,-0.070402719,0.014042847,0.028363135,-0.073777355,0.037526209,0.015557005,0.06539987,0.021997362,0.086001083,-0.011245717,-0.041954428,-0.006596117,0.004428439,0.006950636,-0.086734943,-0.041520655,0.106407955,0.023786899,0.012382218,-0.073995478,0.016654277,0.034000784,0.028777663,0.024052102,-0.001603854,-0.039282385
E:\Project\Fake News Detection\images\fake\1994.jpg,fake,train,0.794407189,0.834454656,-0.296451002,-0.190300703,0.236174852,0.185353264,-0.064698644,0.17832841,-0.018727804,-0.162592724,0.160045564,0.040348511,-0.058842003,0.104686588,-0.039331943,-0.137965843,-0.131480694,-0.037744757,0.020445501,0.073568508,-0.032869786,0.02020259,0.069363117,0.057927798,-0.151119903,0.163443163,-0.097640924,0.057223506,-0.025919875,0.037700333,-0.058316585,-0.108478099,-0.042608399,-0.016615616
E:\Project\Fake News Detection\images\fake\1996.jpg,fake,train,0.788193345,0.807556033,-0.167195216,-0.228471816,0.127119765,0.249386773,-0.042088568,0.162370011,-0.018825335,-0.185454652,0.123488642,-0.004784696,-0.055313822,0.092989452,0.019338114,-0.033595193,-0.107037082,-0.103549913,0.017816931,0.092154682,-0.005989074,-0.00639929,0.039052118,-0.003745812,-0.100030959,0.168478996,-0.052879475,0.051500872,-0.005273411,-0.006117043,-0.032481205,-0.07257013,-0.004306728,-0.036066137
E:\Project\Fake News Detection\images\fake\1997.jpg,fake,train,0.957236648,0.982948661,0.154368699,-0.391360641,0.065299496,-0.260536522,0.245676339,-0.051759139,0.066300765,-0.047219437,0.06469027,0.136624187,0.065294191,-0.197735876,0.034202609,0.012444251,-0.176010817,-0.054090377,0.040137731,-0.084334731,-0.04542749,-0.084837817,0.067623258,0.061527733,0.029326336,-0.016497996,-0.021901155,-0.000912241,0.047751002,0.020057602,0.04722574,0.055294998,-0.020236026,0.076303311
E:\Project\Fake News Detection\images\fake\2.jpg,fake,train,0.433504164,0.454429507,-0.178557456,0.018169861,0.001657466,-0.100665309,0.025894577,-0.202203438,-0.014236171,-0.104164787,-0.171206653,0.044359833,-0.107047908,-0.11644794,-0.054651294,0.035236701,0.087537341,0.030263674,-0.134848148,-0.026361104,0.019851742,-0.089150473,0.103647426,0.033726469,0.137478575,-0.062719993,0.045156937,0.022065636,-0.004131798,-0.052034959,-0.001364537,-0.002715579,-0.137432694,0.00953004
E:\Project\Fake News Detection\images\fake\2003.jpg,fake,train,0.886495948,0.894907355,-0.071234934,-0.428511202,-0.164449707,-0.043162033,-0.262012959,0.034965478,-0.115654536,-0.145986751,0.036208417,0.083023347,0.114154913,0.022541301,-0.029848767,-0.00358585,-0.027063133,-0.058206376,0.025500173,0.03687676,0.073584154,-0.020432524,0.004814808,-0.004679093,0.028171897,0.031717133,0.050073579,-0.015664689,-0.000139876,0.033070814,0.000575151,-0.041771058,-0.034223728,-0.002920089
E:\Project\Fake News Detection\images\fake\2006.jpg,fake,train,0.693345249,0.716242552,-0.24362807,-0.16798,0.203123376,0.20147796,-0.161109746,0.202503338,0.093208328,-0.063266471,0.085495017,0.04833499,0.107431538,-0.060604956,0.006972416,-0.095321596,0.017505033,-0.03086734,0.032827266,0.05418792,0.100553691,-0.011119192,-0.000313957,-0.01936779,-0.064414598,-0.065447345,-0.018409695,0.116936266,-0.031213384,-0.16927886,-0.11271368,0.032415669,-0.060807198,-0.026220303
E:\Project\Fake News Detection\images\fake\201.jpg,fake,train,0.717210591,0.729908824,0.013576533,-0.30246675,0.062982827,-0.303999782,0.095426045,0.01107579,-0.004851038,0.032505501,-0.003092662,0.008978747,-0.008539383,0.044981625,-0.155438498,-0.032076702,-0.067912862,0.06832099,0.163749859,0.02984651,-0.036014806,-0.073763445,0.006234854,-0.013004432,-0.115221381,-0.09081319,0.03744451,0.019553054,0.021057844,0.019869229,-0.076939724,0.056971774,-0.059745621,0.020462735
E:\Project\Fake News Detection\images\fake\2010.jpg,fake,train,0.958652854,0.974519372,0.150601104,-0.412907064,0.07291545,-0.263272464,0.240358457,-0.053689342,0.054052617,-0.063060127,0.074961983,0.140166149,0.084825888,-0.211368546,0.01622555,0.011325671,-0.177388996,-0.069034807,0.048680447,-0.093456253,-0.041648649,-0.074571721,0.04784305,0.057325833,0.0214568,-0.021006269,0.002104742,-0.013077511,0.044590764,0.009190288,0.061991878,0.067890644,0.005294724,0.079904854
E:\Project\Fake News Detection\images\fake\2019.jpg,fake,train,0.941087127,0.941087127,0.239271969,-0.409430325,-0.107387178,-0.335748255,0.086725943,-0.086684383,-0.048978217,0.045034781,-0.003306371,0.021000691,0.059130337,-0.028039418,-0.064862259,0.010248674,-0.028745856,0.036176931,0.001322442,-0.036041927,0.016541781,0.054873172,0.046611521,0.001165379,-0.034264807,-0.069480941,0.001079708,0.010187198,0.019276071,0.003180572,0.018025829,-0.023041483,-0.02744003,0.050567169
E:\Project\Fake News Detection\images\fake\202.jpg,fake,test,0.860774815,0.892450333,0.155860305,-0.323156208,-0.056670852,-0.233577996,-0.155852199,0.00119232,0.244092003,-0.065174572,-0.050993036,-0.015021991,-0.065418243,0.039596729,-0.116727784,0.161632881,-0.035671517,0.060885135,0.008492727,0.000644505,-0.039703526,-0.105592906,0.040981442,0.014897406,-0.113670461,-0.100269489,-0.093058497,-0.029867128,-0.001056738,0.005146258,0.03425695,-0.045990497,-0.040277399,0.039377101
E:\Project\Fake News Detection\images\fake\2021.jpg,fake,train,0.807395637,0.912818789,-0.106416434,-0.073868245,-0.319501549,0.228663415,0.201637492,0.152937546,0.077889122,0.263360023,0.01005924,-0.060532469,-0.107115157,-0.015979037,0.063602783,0.05186446,-0.06190813,0.144573346,-0.046689101,-0.101621591,0.008225011,-0.020573679,0.053340733,0.075073704,-0.089412712,-0.034733567,-0.036369365,0.062718488,-0.016928663,0.0393846,-0.040770773,0.013093131,-0.080891378,0.061025269
E:\Project\Fake News Detection\images\fake\2041.jpg,fake,test,0.895625949,1,0.151163504,-0.100925528,-0.202790171,0.182750285,0.136485457,0.107080929,0.173665002,0.226235613,0.065381601,-0.011431526,0.021978285,0.100678898,0.013506776,-0.00122036,0.13528946,-0.023613939,-0.074749604,0.103263959,0.002769627,0.014372381,-0.081813663,-0.01863265,0.132063165,0.023976043,-3.29E-05,-0.036080047,0.02815523,-0.009455293,-0.024379045,0.010400864,0.007282585,-0.085774295
E:\Project\Fake News Detection\images\fake\2044.jpg,fake,train,0.820600688,0.892854691,0.14618583,-0.330622941,-0.058298722,-0.336128712,0.012027872,-0.101314478,0.012225359,0.07117869,-0.002494162,-0.041707925,-0.041536327,0.185401335,0.082818612,-0.067868158,-0.107706472,0.100500621,-0.057946492,-0.08471819,-0.034747716,-0.069871113,-0.018182736,0.003212054,-0.025857525,0.047481056,-0.021679306,0.072623298,0.071756072,-0.10326419,-0.03460807,-0.041240953,-0.021973103,0.033672303
E:\Project\Fake News Detection\images\fake\2051.jpg,fake,test,0.646561027,0.691680789,0.171073943,0.114420414,0.206567347,0.007545713,0.23354128,-0.109391645,0.057422899,-0.080869824,0.062324006,0.157524362,0.16575031,-0.123422191,0.043652352,-0.026384909,-0.081910059,-0.056398142,-0.045405399,-0.043114305,-0.016425237,-0.009875542,0.093070403,0.078856856,0.049022734,0.088630296,0.010835977,-0.038403556,0.067043029,0.05594182,-0.089807346,0.123869449,-0.105486117,0.026546977
E:\Project\Fake News Detection\images\fake\2056.jpg,fake,train,0.76795435,0.791882396,0.231409311,0.212734044,0.108359091,0.001303256,-0.217895195,-0.007400731,0.143267736,-0.004936141,-0.110270903,-0.021899156,0.055346604,0.072674014,-0.036150116,0.111179911,-0.041298319,-0.006412675,-0.063071385,0.111052625,-0.129720271,0.047114406,0.18027693,-0.036625691,-0.001404771,0.067525677,-0.116303355,-0.037566099,0.037083156,0.002107881,0.085056514,0.084314637,-0.087364547,-0.043793865
E:\Project\Fake News Detection\images\fake\2068.jpg,fake,train,0.849447608,0.92235148,0.329437762,0.262110084,0.070848376,0.022307619,0.027328599,-0.009686803,-0.035896644,0.053115904,-0.248977095,-0.081559636,0.045641646,-0.025242986,-0.051661253,0.00389472,0.029343709,-0.014553376,0.068971127,0.097439453,0.109033011,-0.054951396,-0.176843986,0.059871174,-0.054161988,0.075642988,0.122668281,-0.01840152,-0.075575173,0.073811725,-0.011397064,-0.084423296,0.096829593,-0.031478684
E:\Project\Fake News Detection\images\fake\2069.jpg,fake,train,0.86051023,0.86051023,0.197113588,-0.343686789,-0.045897953,-0.320891976,0.116271205,-0.025753884,-0.051171664,0.023684395,-0.018922476,0.044941876,0.057261903,0.013953387,-0.097611256,0.012132294,-0.035067555,0.04499758,-0.035012417,-0.005503765,-0.030166734,0.039420199,0.050395064,0.024832789,-0.052853554,-0.061864391,0.039626919,0.043537341,-0.0245954,-0.044335071,0.060659617,-0.00335852,-0.024725245,0.023523407
E:\Project\Fake News Detection\images\fake\207.jpg,fake,train,0.797354102,1,-0.272788614,0.124788545,0.134716138,-0.243239716,-0.046472639,0.007825087,-0.00530045,0.093586236,-0.195798352,0.038868938,-0.110393144,-0.187517881,-0.086424597,-0.147524893,0.12969704,-0.07593219,-0.184161246,-0.122900762,0.023298526,0.020188654,-0.083023891,-0.12827757,0.09249799,0.06998048,-0.03150918,-0.047851544,-0.091853857,0.004701852,0.105733417,-0.035952404,-0.016638374,0.047802687
E:\Project\Fake News Detection\images\fake\2070.jpg,fake,train,0.793156803,0.858066082,0.137967095,-0.097946286,-0.015307875,-0.179017261,-0.412550271,-0.12718834,0.205777064,-0.076206438,0.023825586,0.055297211,0.016210966,0.033070747,-0.05949821,0.114725582,-0.040406469,0.017834466,0.04042818,0.00341777,-0.089506276,-0.054653551,0.016679928,0.02828978,-0.037263919,-0.052279755,-0.018730504,-0.083884284,-0.025847932,-0.042685628,-0.003024998,-0.078590691,-0.041173201,-0.008023062
E:\Project\Fake News Detection\images\fake\2076.jpg,fake,train,0.753622115,0.795980453,-0.17386201,-0.233954519,0.126186416,0.360536188,0.0059883,-0.097225428,-0.118906088,0.130883709,-0.042528391,0.025773348,-0.029566415,-0.022705195,-0.02362586,0.105608322,-0.005969941,0.041444786,0.064377047,-0.087682456,-0.069307856,-0.01577989,-0.059413955,0.119191922,0.007528886,0.066353716,-0.046342786,-0.021787375,0.003503556,-0.046445012,0.102579214,-0.066903837,-0.029506089,-0.037039466
E:\Project\Fake News Detection\images\fake\2078.jpg,fake,train,0.85203743,0.868606925,0.12682192,-0.448006809,0.052403063,-0.113703616,-0.161156788,-0.091115005,-0.157346129,-0.09189713,0.000728663,0.034285657,0.130638435,0.03112345,-0.056232046,0.050933722,-0.086719565,-0.01411589,-0.020175431,-0.055867836,-0.032032173,0.020101823,-0.043906022,0.066520222,0.052157443,-0.045911126,0.06665305,0.031161612,-0.106053047,-0.046369266,-0.020748114,0.036289573,-0.013651909,-0.04549481
E:\Project\Fake News Detection\images\fake\2084.jpg,fake,train,0.872622371,0.94286263,-0.267364055,-0.131414726,0.184767514,0.275795579,-0.038195617,0.172437623,0.017846145,-0.157894537,0.151356786,0.093174957,-0.016399462,0.063523352,-0.065667391,-0.016464414,-0.09539102,-0.101384364,-0.016298443,0.096172303,0.134207055,0.023651212,0.010375295,0.040002048,-0.029171515,0.048779983,-0.042202581,0.090157904,-0.015411575,-0.077786036,-0.093661197,0.01979105,-0.039882194,0.121150635
E:\Project\Fake News Detection\images\fake\209.jpg,fake,test,0.798354447,0.865294516,0.078866795,-0.014196746,-0.134997249,0.042504273,0.233114153,0.099004194,-0.00741055,0.090541981,-0.32049185,-0.11310558,-0.010192828,0.068226688,-0.063769355,0.022786483,-0.03271392,-0.020567421,0.126332104,-0.081074759,0.027365386,-0.24257566,0.063355029,-0.1065505,0.001248613,0.177069128,-0.093773074,-0.053039014,0.048694603,0.061918095,0.007882431,-0.069467098,0.080396459,0.017926857
E:\Project\Fake News Detection\images\fake\2090.jpg,fake,test,0.669042885,0.720387042,-0.160274476,-0.148820877,0.046034262,0.293700725,-0.066318318,-0.057190746,-0.071955502,0.0242068,-0.055334959,-0.058541838,-0.090433478,-0.011161678,-0.041133527,0.019153826,0.077075474,-0.005694761,0.012677278,-0.001292586,0.071363091,0.013363657,0.080696285,-0.02123028,0.057160005,0.102733724,0.087761834,0.037803657,0.031646512,0.123053715,-0.033287995,0.036045581,0.00645154,0.007830635
E:\Project\Fake News Detection\images\fake\2094.jpg,fake,train,0.784154594,0.797058105,0.328941077,0.244464621,0.249807045,0.10585805,-0.055468585,0.16973424,-0.242460266,0.069188565,0.175500512,0.047843758,-0.093081266,-0.011313039,0.036429584,-0.059938852,0.030453876,0.067840211,-0.078191526,0.024183845,-0.031600412,-0.053892005,0.031546347,0.119778462,-0.036846597,0.02030403,-0.034316119,-0.030314833,-0.043692376,-0.034443181,-0.031488154,-0.086228892,0.014868277,-0.004407684
E:\Project\Fake News Detection\images\fake\2103.jpg,fake,train,0.64686501,0.671784639,-0.036998324,-0.177078351,-0.055787593,0.022214195,-0.053888645,0.029426461,0.016923405,-0.034574386,-0.052364197,0.128266215,-0.107282631,0.155384004,0.135021955,-0.023852779,-0.078172468,0.056052987,-0.082365096,0.022051636,0.01290587,-0.089614391,-0.012131146,0.03683994,0.079724923,0.016913399,0.067802116,0.028291097,-0.079909287,0.039741937,-0.008009421,0.07118243,0.096483052,0.028125675
E:\Project\Fake News Detection\images\fake\2115.jpg,fake,train,0.73615706,0.760307193,0.111910895,-0.210571378,0.264839292,0.146434844,0.197844952,0.066683009,0.130023643,0.134561285,0.097438894,-0.003513594,0.028159585,-0.035456579,0.023477484,-0.01205945,-0.138703242,0.092187636,-0.087078869,-0.008363439,0.006623395,0.048954211,-0.100027204,0.007616508,0.064775415,-0.067500979,-0.046278447,0.042840641,-0.051785395,-0.119862601,-0.016341403,0.014552045,0.001769149,0.092753977
E:\Project\Fake News Detection\images\fake\2118.jpg,fake,test,0.793347359,0.841514468,0.343931019,0.239791423,0.283750147,-0.018545281,0.163122818,0.130832493,-0.200661361,-0.072987065,0.124481961,0.118173108,-0.004646481,-0.195413977,0.032920275,0.036221281,0.003538407,-0.132459953,-0.035099383,-0.040976949,0.015627511,-0.066848315,0.028996773,0.050608184,-0.014815927,0.0653276,-0.015489111,-0.044371173,0.066271119,0.002603382,-0.036863104,0.019297952,-0.028205909,-0.0064537
E:\Project\Fake News Detection\images\fake\213.jpg,fake,test,0.670276761,0.69531548,0.217401534,0.233180374,0.071933553,0.050982669,0.085301682,-0.057290941,-0.040342312,0.006459218,-0.099107578,0.035512656,0.135479093,-0.00041493,-0.07735315,-0.060695458,-0.016081117,-0.040569093,-0.010231607,0.078446105,-0.062823772,0.064893335,0.008033271,0.005121,-0.000438914,0.011535259,0.051536314,-0.026279457,0.006906867,0.026850805,-0.058673821,0.01405061,-0.098669045,0.043677293
E:\Project\Fake News Detection\images\fake\2152.jpg,fake,train,0.678214371,0.738629103,-0.130995631,-0.112768516,-0.360789925,0.006791519,0.027996318,0.146359637,-0.05178671,0.090617619,0.063321866,0.000364736,-0.010706984,-0.150509804,0.060036547,0.056973208,-0.066427611,0.057264205,0.005149501,-0.131266415,0.08989457,0.079392821,-0.094796479,0.070944294,-0.093433231,0.022172675,-0.062570609,0.049048796,-0.024789402,-0.070815273,0.06268502,0.038582083,0.021711715,0.080561727
E:\Project\Fake News Detection\images\fake\2155.jpg,fake,train,0.622590303,0.679608047,0.037620746,-0.155459419,0.102611482,0.099365652,0.00099441,0.014513973,-0.193328232,-0.216478646,-0.231611639,-0.141155183,0.107503593,-0.010705841,-0.024505962,-0.150704384,0.069983207,0.134815723,0.076002352,0.017709024,-0.063494034,0.070365265,0.023336267,0.044086356,0.032366082,-0.044702075,-0.030652732,0.033470884,0.067792691,-0.020689368,-0.161950469,-0.041537806,-0.042660754,0.148591951
E:\Project\Fake News Detection\images\fake\216.jpg,fake,train,0.710647523,0.746344805,-0.306164443,-0.246233582,0.089720562,0.220781982,-0.179090083,0.036474574,-0.070954427,-0.007502734,0.084909037,0.024032677,-0.027303703,0.127987355,-0.092339262,-0.068420507,0.058309209,0.021525869,0.006651169,0.031064879,-0.086280487,-0.114169508,-0.04651681,-0.063041471,0.076694943,0.10474056,0.008229131,0.08107309,0.011457103,-0.003339061,0.008690855,-0.096388675,0.095834561,0.071405247
E:\Project\Fake News Detection\images\fake\2179.jpg,fake,train,0.668722987,0.72448355,0.080094889,-0.109102733,0.294071555,-0.169062942,0.241031632,0.262288749,0.09154883,-0.015752701,0.097787388,-0.284470916,-0.018936569,-0.037812002,0.070376806,-0.011917212,0.042439688,-0.096738599,-0.032874685,0.038963825,-0.173854128,0.101922944,0.042887703,0.007844993,-0.14073503,0.064973377,0.116049707,0.118178263,-0.024840344,0.02010648,-0.026167633,-0.211745545,0.04154408,0.048880689
E:\Project\Fake News Detection\images\fake\2193.jpg,fake,train,0.658958375,0.682730556,-0.044405963,-0.202479139,0.20191814,-0.077803418,0.201262102,0.037613649,0.199692354,0.033045862,0.121314995,-0.229785591,-0.132359952,0.10544841,0.012833583,0.007793534,0.011829648,0.017648686,-0.041603174,0.049516615,-0.22498861,0.139275596,0.033167604,0.060850158,-0.117095143,0.071705088,0.143941149,0.027712891,-0.107597426,0.081028588,0.034553804,-0.121771477,0.037515264,0.016597059
E:\Project\Fake News Detection\images\fake\221.jpg,fake,train,0.783851802,0.839803576,-0.248437062,0.246415734,-0.240093037,-0.003782242,0.036899593,0.127729848,0.066323161,-0.099704735,0.01697395,0.207415789,0.126889601,-0.070204943,-0.086533599,-0.009421763,-0.093103595,-0.059968099,-0.036471944,-0.028975116,-0.152297333,0.045352884,0.011341543,-0.010569738,0.041136969,-0.072082832,0.12217667,-0.098320886,0.023360919,-0.014879243,-0.112428054,0.016670519,-0.045440633,0.043924417
E:\Project\Fake News Detection\images\fake\2218.jpg,fake,train,0.617928505,0.6251719,-0.10659495,0.185700893,-0.106551714,0.236867025,-0.052002829,0.194235384,0.196984127,-0.151050135,0.116787523,0.064596735,0.084726334,0.054723375,0.164702073,-0.058166042,0.037055932,-0.030740699,0.012529513,-0.179878905,0.129810885,0.104474612,0.037082974,-0.021894284,0.117108159,0.041968413,0.037186533,0.077572614,-0.002846755,0.03937503,0.051425938,0.015867781,0.014431752,0.056256995
E:\Project\Fake News Detection\images\fake\2223.jpg,fake,test,0.744309902,0.832827926,-0.025378413,0.109843478,0.310636908,-0.176015541,-0.002306512,-0.067149483,0.048457257,-0.027192688,-0.052671213,0.190882757,0.119395755,0.155628055,0.088619508,-0.10864751,0.176724285,-0.072821438,-0.169799834,-0.23311007,-0.008836888,-0.023480587,-0.036979984,-0.029477715,-0.067618147,-0.003440812,-0.133738548,0.071956068,0.04454001,0.060528055,-0.138437837,0.115094818,-0.030213624,0.028434068
E:\Project\Fake News Detection\images\fake\224.jpg,fake,train,0.866065979,0.901112795,-0.268433452,0.183578134,-0.185465127,-0.041602358,0.028516859,0.179643378,0.080162026,-0.094948813,-0.037343357,0.206295714,0.061460637,-0.018001715,-0.089948326,-0.017715378,-0.064343065,-0.046662234,-0.070627175,-0.002823859,-0.168323994,0.023952415,-0.058516692,-0.050466262,0.088278867,-0.064119913,0.159979165,-0.1287058,0.015919603,0.03660889,-0.011080995,-0.040490273,-0.058661442,0.087878533
E:\Project\Fake News Detection\images\fake\2248.jpg,fake,test,0.569168746,0.603316307,-0.174411297,-0.009189598,0.226128489,0.043567993,0.126292169,0.072090916,0.133699909,-0.270041019,0.038916454,0.246610597,0.109297767,0.011458889,0.222464219,-0.083959579,0.010631401,0.04682111,0.079056039,-0.04644005,0.026726738,0.002590233,0.066095971,0.050105371,-0.049389791,0.014229737,0.038027294,-0.080971614,0.033475988,0.047999308,0.021357995,0.066966988,-0.037482612,0.025875732
E:\Project\Fake News Detection\images\fake\2251.jpg,fake,test,0.735617816,0.765579581,0.230854899,0.123876438,0.144586101,0.032801703,-0.006935354,-0.123363689,-0.044597425,-0.008002732,-0.119680151,0.014392912,0.048665639,0.034049399,0.043907933,0.007621426,-0.108801678,-0.017242916,0.032934979,-0.009527773,-0.018867616,0.062664524,0.068380877,0.003109694,0.117929146,-0.034475103,-0.075985678,-0.008837953,0.015467532,0.082280844,-0.081235155,0.067552425,-0.104982831,-0.056841813
E:\Project\Fake News Detection\images\fake\2254.jpg,fake,train,0.640086591,0.672946334,-0.042857051,-0.091384612,0.237727553,0.032887992,0.126653478,0.196577936,-0.084041096,0.173984334,-0.007085477,-0.060061876,-0.058523413,0.075922132,-0.088954806,-0.014602422,-0.135027364,0.11841815,0.063646071,0.017474068,-0.109297007,-0.111455739,0.093808375,0.004173057,-0.005421303,0.015364078,-0.076584883,0.042421415,-0.010826997,0.005080264,0.00076449,0.027067233,0.011600899,0.090925097
E:\Project\Fake News Detection\images\fake\2256.jpg,fake,train,0.62055248,0.712794065,-0.105315,0.059932366,0.16914919,-0.043066751,0.044492289,0.021593511,0.149967462,-0.156501576,-0.013268462,0.219300598,0.123276606,0.081900693,0.269643456,-0.048478529,0.136249095,0.082450084,0.098801523,-0.078797393,0.202548608,0.026089383,0.209556729,0.118614398,-0.043004025,0.032813132,-0.008468653,-0.006187234,-0.018737767,-0.065245986,-0.013842077,-0.04492626,0.089497827,0.061732505
E:\Project\Fake News Detection\images\fake\2263.jpg,fake,train,0.640149772,0.661243081,0.058151104,-0.281624287,0.166607261,-0.218355328,-0.004686795,0.024353545,0.010206639,-0.047094826,-0.055950351,0.193102106,0.047929853,0.21025221,0.027675971,-0.064978674,-0.017868724,0.135105968,-0.012615286,-0.056045357,-0.019074822,0.006063687,-0.015090361,-0.000295639,-0.08023423,0.019935533,0.052154563,0.032038309,-0.028489467,0.042297106,0.154413715,-0.022335794,0.111735806,0.099380873
E:\Project\Fake News Detection\images\fake\2267.jpg,fake,train,0.746647835,0.76207006,0.381457001,0.004491808,-0.059899103,-0.249650955,-0.145537734,-0.119513735,-0.1915555,-0.043829065,0.055117231,0.163754106,0.106335565,-0.056234788,-0.037117906,-0.034124009,-0.023296114,-0.038440432,-0.051310144,0.035624944,0.026645912,0.029392932,0.113577664,0.002121572,0.097386368,-0.025332702,0.013349413,0.001824782,-0.036239907,0.002934497,0.127610892,-0.125687376,-0.078191884,-0.021254841
E:\Project\Fake News Detection\images\fake\2279.jpg,fake,train,0.73554647,0.809330344,-0.008013031,-0.165122762,-0.468703777,-0.135341495,-0.019212417,0.103649251,-0.017324869,0.03270885,-0.096027896,-0.052779958,-0.071668684,0.048427735,0.172768965,0.025926,-0.022519134,0.125378013,-0.037438035,-0.125555187,-0.083479732,-0.012748484,-0.003437151,0.098620638,-0.062473293,0.01975294,0.04431228,0.044098511,-0.029754186,0.040943339,0.033454757,0.140364081,0.015801901,0.073582433
E:\Project\Fake News Detection\images\fake\2286.jpg,fake,train,0.818280339,0.861030757,0.115967505,-0.392873973,0.070817575,-0.132145151,-0.345503569,0.014746132,0.137346745,-0.150997087,-0.05041429,0.02372559,0.04008352,0.070884697,-0.080170311,0.15331769,-0.04870341,0.015182684,0.007417222,-0.034393478,-0.092866525,-0.096683323,-0.029473485,0.041803166,-0.040746517,-0.05012805,-0.038632736,-0.00856442,-0.030010719,-0.018939387,0.027678123,-0.018041026,-0.031580854,0.002341967
E:\Project\Fake News Detection\images\fake\2287.jpg,fake,train,0.8203336,0.84670788,0.05826053,0.15472202,-0.439592838,-0.0059088,-0.310294658,-0.021660015,0.254330486,-0.076826788,-0.017745875,-0.093006268,-0.036462232,-0.052236859,0.057554558,0.223160759,0.002665996,-0.037380334,0.015798412,-0.127543703,-0.071501158,-0.023383521,0.020019276,0.006275014,-0.070705473,-0.014624104,-0.048929151,-0.06154589,-0.003642793,0.0757007,-0.025942881,-0.014547866,-0.041719589,0.024604768
E:\Project\Fake News Detection\images\fake\2289.jpg,fake,train,0.754973114,0.787738204,0.117468208,-0.015702989,-0.241073698,0.030891385,0.283710331,0.086254172,-0.024727773,0.027427705,-0.1069526,-0.082365073,-0.039734464,0.046566527,-0.007051914,-0.074348539,0.05204279,0.109781079,0.032316815,0.032373358,-0.043396492,0.037508063,-0.01372762,0.025573412,-0.020465324,0.01696223,-0.070644915,-0.060413595,0.110420518,0.003688367,-0.000739969,-0.021702617,-0.067560069,-0.106263742
E:\Project\Fake News Detection\images\fake\2293.jpg,fake,train,0.527139544,0.55060935,-0.083209209,-0.04878192,0.05567478,0.082617633,0.197223857,-0.099926516,0.071101911,0.046967346,-0.1030434,0.046738666,-0.207352906,-0.107857399,0.140101954,0.114142202,0.034718681,0.072895251,-0.004803204,-0.009332192,-0.01245321,-0.126766935,0.011943026,-0.052979238,-0.045925111,-0.053988606,-0.066710137,0.092669524,-0.099692613,-0.057795938,-0.056545999,0.107429527,0.066342831,-0.103282399
E:\Project\Fake News Detection\images\fake\2299.jpg,fake,train,0.647314668,0.692473173,-0.017484803,0.063100092,0.341887683,0.021564171,0.149345353,-0.104087614,0.174542487,-0.184221625,0.179343566,0.225694016,0.023000188,-0.069889091,0.086838931,-0.158650547,-0.074990921,-0.055817392,0.072851293,-0.111238055,-0.006609277,-0.050630186,-0.005287491,0.017242126,-0.05308317,0.058246762,-0.112995602,-0.081371427,-0.021045379,0.069007546,0.025434753,0.110377975,-0.023198768,0.002276594
E:\Project\Fake News Detection\images\fake\2300.jpg,fake,train,0.706761837,0.752633333,-0.04716992,0.083466381,-0.246919781,0.018794075,0.224539667,0.269376904,0.026010688,-0.048793871,-0.074698836,-0.102345861,-0.007276156,0.016144391,-0.090147734,0.030389572,-0.142921031,0.064944178,0.117211074,-0.092757948,0.094089478,0.124468312,0.039826747,-0.039035425,-0.065706111,-0.038601194,-0.042644113,0.013750265,0.047130685,-0.035175584,-0.055469934,0.0076127,-0.118895687,0.053285889
E:\Project\Fake News Detection\images\fake\2304.jpg,fake,train,0.736463904,0.762576103,0.182026953,0.064533651,-0.104099497,-0.070059821,-0.019216718,0.000177266,0.026200527,0.017775046,0.07312268,-0.002739338,-0.109895825,-0.148767233,-0.01573278,0.019051228,-0.032740787,-0.022505155,0.052196827,-0.045801602,0.114875495,0.053344317,-0.034846555,7.41E-05,0.007654842,-0.084603854,0.025071109,0.03515733,-0.055793792,0.125675544,-0.043265026,0.113386229,-0.005802772,-0.020903213
E:\Project\Fake News Detection\images\fake\2314.jpg,fake,test,0.774544358,0.821286082,-0.002623893,0.256121427,-0.374952108,0.164282516,-0.149631381,0.16662249,-0.079264119,0.115327634,0.069736369,-0.00478198,0.050017197,-0.067658,0.071608193,0.014058508,0.000806414,0.066856086,-0.015972156,-0.14022392,-0.098010451,-0.016029432,-0.000377111,0.053084016,0.017682143,-0.029137209,0.087878108,-0.024360113,-0.013722219,0.015914887,-0.025651559,0.000787407,-0.060395546,0.023336343
E:\Project\Fake News Detection\images\fake\2317.jpg,fake,train,0.775646508,0.806477904,0.335130483,0.07972642,0.056761537,-0.265673876,-0.134980932,0.125727847,-0.266061097,-0.093897402,0.169724613,0.119169913,0.037429083,-0.086827092,-0.13314648,-0.103265874,0.066105887,-0.024273058,-0.013674135,0.058395173,0.002251679,-0.041131761,0.007328149,0.05625701,-0.07200487,-0.067904972,-0.045533009,0.006583333,-0.041719075,0.015690679,-0.044104405,-0.073082812,0.066910103,-0.059622969
E:\Project\Fake News Detection\images\fake\2348.jpg,fake,train,0.970605373,0.988068521,0.176787794,-0.397195667,0.072933666,-0.257520974,0.251696259,-0.044675205,0.066194966,-0.057039019,0.060919248,0.121000506,0.078754432,-0.228140339,0.014826696,0.018798789,-0.166807368,-0.074849904,0.039697781,-0.08767689,-0.051148288,-0.074788146,0.05407995,0.054878063,0.009668888,-0.00325044,0.006271226,-0.006601537,0.05696208,0.020861326,0.055337336,0.069488533,0.001366349,0.076208942
E:\Project\Fake News Detection\images\fake\2349.jpg,fake,train,0.954461396,1,0.139756382,-0.192361727,0.237789035,-0.022937518,0.405284703,0.056588825,0.301325291,-0.175420463,0.091029711,-0.124711946,-0.098400891,-0.192250371,0.120060489,-0.022995912,-0.095461123,-0.157598093,-0.004500842,-0.011040718,-0.230965555,0.082253523,0.050084885,0.072548799,-0.077288546,0.100996241,0.118121743,0.027542915,-0.003304337,0.032937095,0.010741401,-0.011862003,0.033251256,-0.016679404
E:\Project\Fake News Detection\images\fake\2353.jpg,fake,train,0.880149722,0.935874701,0.168755382,-0.360168844,-0.095568106,-0.347889543,0.009744058,-0.137278453,-0.012908589,0.092011265,-0.001692178,-0.047724392,-0.022068299,0.126715332,0.094704971,-0.046628024,-0.0730462,0.070693418,-0.090075046,-0.102240875,-0.043711856,-0.067083888,-0.015930906,-0.0279973,-0.036168758,0.063845068,-0.016311964,0.086255237,0.092338957,-0.087903835,-0.011811407,-0.074606232,-0.001497557,0.049209408
E:\Project\Fake News Detection\images\fake\2355.jpg,fake,train,0.681856573,0.735260725,-0.182327732,0.029399021,0.06699913,0.006604556,0.302773029,-0.13764298,0.040998559,-0.124825023,0.128104046,0.097666971,-0.019455401,-0.299978077,0.152151749,0.096164607,-0.090499483,-0.098071329,-0.007760082,0.008251443,-0.014922482,-0.218654349,0.093227953,0.039994135,-0.038161434,-0.023722697,0.089418791,-0.11070396,0.034405515,-0.124435022,0.076426126,0.10052114,0.018807378,-0.049409829
E:\Project\Fake News Detection\images\fake\2362.jpg,fake,train,0.651893675,0.670440078,0.004854263,0.113924451,-0.059875537,0.135905042,0.104171924,-0.268748701,-0.107340649,-0.134862274,0.116385892,0.119228125,-0.070107155,-0.111539185,0.025521806,0.271064222,0.057064924,0.040114772,0.043947894,0.005066495,0.102177598,-0.065688409,-0.055511292,-0.235491842,-0.022492552,-0.009941974,0.044725053,0.100060984,-0.040672105,-0.016440799,-0.013810594,0.032010276,0.037354063,0.123967126
E:\Project\Fake News Detection\images\fake\239.jpg,fake,train,0.696108162,0.71263653,0.180217072,0.232669771,0.116287068,0.043210499,-0.008164167,-0.056467149,-0.000695086,0.040248375,-0.214391336,0.020283919,0.102249637,0.151913702,-0.090472534,-0.091660552,-0.141668811,-0.058289647,0.199108168,-0.011970269,-0.002140492,-0.11140132,0.024704903,-0.075077847,0.04024278,0.05789094,-0.072328277,-0.043116931,0.060041364,0.016765866,0.014055709,-0.010422394,-0.04723027,0.046009548
E:\Project\Fake News Detection\images\fake\2394.jpg,fake,train,0.938087344,0.986812592,0.247252554,-0.407526284,-0.059023764,-0.319447964,0.110128328,-0.089110501,-0.004624766,0.015324423,0.023426108,-0.012053037,-0.042031527,-0.031699888,-0.061508112,-0.018729532,-0.059487306,0.025281174,0.075607762,-0.055040155,0.033944201,0.029160351,0.054129578,-0.011364495,-0.060447667,-0.080773003,-0.004827403,0.012056106,0.034107745,0.009481298,0.026435595,0.031193752,-0.01339266,0.060755961
E:\Project\Fake News Detection\images\fake\24.jpg,fake,train,0.69919157,0.720772982,0.293678194,0.250011086,0.154597685,-0.012518243,0.025154326,0.067915909,-0.15592742,0.040935658,0.068641052,-0.008374089,-0.187739849,0.048394978,-0.021816647,-0.017442722,0.076329835,-0.07765761,-0.085111611,-0.02585187,0.029417325,-0.139641121,0.039561797,0.000424831,-0.027242601,-0.082267635,0.109139182,0.009034081,-0.004548553,0.05632817,-0.034420501,0.024130262,-0.06348633,0.049341075
E:\Project\Fake News Detection\images\fake\2406.jpg,fake,test,0.887184918,0.907921731,0.223205537,0.156935543,0.03468772,0.061824277,0.09204267,-0.162204251,0.086075984,0.108303942,-0.274210036,-0.037150867,0.186622053,-0.029083747,-0.067622714,0.010131489,-0.048217751,-0.037831821,0.018168267,0.090809897,0.095382556,-0.029991172,-0.218517572,0.161206067,-0.093270063,0.034918375,0.094550319,-0.054080993,-0.03714972,0.054967657,0.058627434,0.047662668,0.002659574,0.028090566
E:\Project\Fake News Detection\images\fake\2420.jpg,fake,test,0.696624517,0.713076949,0.092053026,-0.05952283,0.002392098,-0.26821363,-0.176042572,-0.198278099,0.006268121,-0.063773751,0.073094115,0.107314244,0.146022975,0.075917058,-0.18343471,-0.17723316,0.101687565,0.022381207,0.059789959,0.065714329,-0.073303707,-0.114233308,-0.003854914,0.055333622,0.12745069,0.025186813,-0.026539149,0.058794502,-0.049744572,0.005205452,-0.033280194,-0.080473959,-0.02910874,0.164569631
E:\Project\Fake News Detection\images\fake\244.jpg,fake,test,0.761796474,0.85164392,-0.07736659,-0.240639776,-0.146035433,-0.046326693,-0.193711996,-0.027552359,-0.140995473,-0.084721178,-0.141026124,-0.071007609,-0.087822936,-0.058768116,0.064229004,-0.04725175,-0.065412894,0.084667258,0.052029729,0.005666614,0.031541429,0.143146902,0.017676895,0.015642896,-0.038520314,-0.000962194,-0.05675815,-0.02988188,0.045161687,-0.094357468,-0.092751369,0.069134817,-0.014816202,0.016727999
E:\Project\Fake News Detection\images\fake\2445.jpg,fake,test,0.838073075,0.854369879,0.154570043,-0.308547884,0.019420853,-0.239408746,-0.123191804,-0.039214347,0.195308909,-0.066696428,-0.030131828,0.026801437,-0.0687479,0.069407724,-0.080532223,0.195842654,-0.093271106,0.081937343,-0.013746634,-0.02889958,-0.09409032,-0.071269341,0.015264738,0.03544708,-0.019572817,-0.054366045,-0.061367884,-0.039137036,-0.05080739,-0.017226644,0.006782938,-0.026037635,-0.053298287,0.005910061
E:\Project\Fake News Detection\images\fake\2446.jpg,fake,train,0.717426538,0.781339288,-0.075209379,0.057767302,-0.042732891,0.055645097,0.081885651,-0.251222581,0.059675347,-0.108697288,0.059196364,-0.08777377,0.093073055,-0.142092854,-0.008467614,0.090259366,0.121063396,0.115320697,0.019674398,0.009378608,-0.131744936,-0.078123339,-0.097345531,0.037321813,-0.036553923,0.03526051,-0.217362925,-0.015055331,0.034201451,-0.036991198,0.028445428,0.047662303,0.089935385,-0.082213886
E:\Project\Fake News Detection\images\fake\2450.jpg,fake,train,0.692930341,0.727012992,0.234297201,0.188258618,0.015282292,0.086412363,-0.024871424,-0.12420889,0.055821501,0.029122848,-0.236595348,-0.047760811,0.096553057,0.043421254,-0.068421349,-0.079641201,-0.068790272,-0.090342939,0.086550541,-0.024976736,0.059914164,-0.133825943,-0.050173324,-0.095132455,-0.060994916,0.053086739,-0.035530187,-0.033378195,0.01943066,0.015667306,0.029576547,-0.007691993,-0.018329766,-0.022842968
E:\Project\Fake News Detection\images\fake\2458.jpg,fake,train,0.935840487,0.944374204,0.424158216,0.252157301,0.17356734,-0.052445065,-0.268897831,0.17617768,0.080657445,-0.092533514,-0.017377419,-0.041152652,-0.136839092,-0.020717813,-0.015243584,0.224372283,0.069725439,-0.044299282,-0.060781613,0.003020794,-0.066410989,-0.070527598,0.002512666,0.033476457,-0.073372237,-0.024499806,-0.032748852,-0.08016143,0.024977876,0.015635503,-0.047808748,-0.026098965,-0.028521912,-0.042410899
E:\Project\Fake News Detection\images\fake\246.jpg,fake,train,0.690764427,0.709574103,0.053966552,-0.012327299,-0.124143071,0.13328813,0.160361186,0.066386715,0.10297738,0.303430349,0.155015394,-0.063392006,-0.080949701,0.129736692,0.032120317,0.014343338,-0.024613952,0.07287024,0.008557736,-0.022589939,0.009145278,-0.016608234,0.00935194,-0.026029622,0.07695388,0.026908213,-0.042133398,-0.115016922,-0.025733706,0.022944743,-0.045513708,0.026329506,0.000587308,-0.023764247
E:\Project\Fake News Detection\images\fake\2461.jpg,fake,train,0.682710171,0.765349388,0.160188586,-0.103672341,0.215208739,-0.045166314,0.252562255,0.023592668,0.17483443,-0.212831438,0.067148753,-0.134712383,0.016137669,0.040680941,0.044095177,-0.107528873,0.057744958,0.063266218,0.068695433,-0.10451816,0.053494167,0.057815958,-0.03545063,-0.017308855,-0.083158895,0.026255531,-0.045033451,-0.016386217,0.026214547,-0.098004371,-0.021285117,-0.079037271,0.044785529,0.064750001
E:\Project\Fake News Detection\images\fake\2467.jpg,fake,train,0.687408388,0.767874122,-0.007616527,0.134720564,0.172669724,0.08986187,-0.004419496,-0.257587761,-0.038124565,0.147588864,0.079237163,0.260830581,-0.01675394,0.156362772,-0.104467995,0.03162241,-0.092642657,-0.117458232,0.139921457,-0.00277326,-0.02214146,0.010828146,-0.03195402,0.058260672,0.011668136,-0.035417747,-0.02276195,-0.031092016,0.052568052,-0.06659171,0.007731791,-0.041761808,0.045770414,0.099177308
E:\Project\Fake News Detection\images\fake\2474.jpg,fake,train,0.759642661,0.781767488,-0.008952843,-0.177279696,0.020503353,0.164892077,-0.050212257,0.180607542,0.294558913,-0.101677649,0.031802658,-0.073869236,-0.173603386,0.080271408,-0.037196092,0.07751485,-0.033087932,-0.070132896,0.008054571,0.061729234,0.009965508,-0.023891535,0.060297653,-0.066621765,-0.026441921,0.100918524,-0.115898855,0.036476213,0.045164898,0.048999228,-0.005735852,-0.070820868,0.020840049,0.049974814
E:\Project\Fake News Detection\images\fake\2481.jpg,fake,test,0.709857047,0.756100655,0.170253962,0.225325912,0.104363628,0.076621234,-0.014508355,0.022828778,-0.02299601,0.008397935,-0.214475513,0.118363589,0.117211819,0.105655007,-0.126447126,-0.068042383,-0.159886524,-0.045640156,0.201295838,0.007957682,0.010915406,-0.125744283,0.02769278,-0.091395751,-0.032167505,0.076565251,-0.056915469,-0.087732881,-0.012352899,-0.02391994,0.036698058,-0.114058442,-0.068162031,0.043036249
E:\Project\Fake News Detection\images\fake\2485.jpg,fake,test,0.726429701,0.795057893,-0.045767631,-0.258594692,0.027495064,0.372204036,0.022814047,0.020359643,-0.027520569,0.02908192,0.093651548,-0.034397922,0.064636528,0.012231342,-0.022886839,0.164270774,0.190679714,-0.052550323,-0.06707117,-0.015160143,0.009699427,-0.001715065,-0.116606578,-0.072170392,-0.011123344,-0.030676231,0.024380507,0.024235778,-0.022733897,0.074126258,0.082632467,0.002455104,-0.002561323,-0.03216669
E:\Project\Fake News Detection\images\fake\25.jpg,fake,train,0.882549644,0.909354985,0.109023087,-0.241866454,-0.388792604,-0.322111458,0.020615418,-0.020411059,0.067607537,0.143287644,0.059821047,0.047414031,-0.007445729,0.119334653,0.054505866,-0.04551369,0.024878319,-0.015932141,-0.085454851,0.019281326,0.045975838,-0.054615594,-0.027599229,-0.033474937,0.016874572,0.088696659,-0.033840761,0.040794447,0.056357428,-0.042223457,-0.066505715,-0.058991831,-0.030639306,-0.048198633
E:\Project\Fake News Detection\images\fake\2505.jpg,fake,train,0.596995533,0.62203747,-0.057221729,0.012802387,-0.351820737,-0.011393222,0.129476741,0.187868968,-0.087490335,0.000115357,-0.095956571,-0.019453941,0.086137079,-0.056777582,-0.077986315,0.120419487,0.023845555,0.147127599,-0.001098116,-0.076884091,-0.038666058,0.118913881,0.042369273,0.035450369,-0.114554167,-0.007447294,-0.112307057,0.078820348,0.110783517,-0.088409133,0.213345572,0.018444534,0.011351161,-0.077849731
E:\Project\Fake News Detection\images\fake\2507.jpg,fake,train,0.714491844,0.720791161,-0.088310137,0.269059509,-0.363718569,0.192959338,0.04048859,0.074348666,-0.041462217,0.14621003,0.082579091,-0.099665254,0.105087847,-0.02025805,-0.048452068,-0.024347724,-0.114520103,0.068519875,-0.09189003,-0.093560696,0.089756541,0.053645756,0.131965995,0.09185724,-0.14524962,-0.018686539,-0.027453015,0.091731399,-0.123508371,-0.028386215,-0.043725267,0.027552512,0.060118426,-0.012803779
E:\Project\Fake News Detection\images\fake\2514.jpg,fake,train,0.688416362,0.695159435,-0.018749468,-0.169937983,-0.183189973,-0.123658106,0.039321717,-0.023879614,0.139206558,0.00373281,0.135314897,0.07837946,0.096661881,0.08540754,-0.065928839,-0.022006018,0.134245366,0.087905928,0.034460653,0.052713085,-0.075151868,-0.117620528,-0.073152319,0.110496379,-0.043503825,0.014566196,-0.154784501,-0.003173181,-0.005018076,-0.026342625,0.00064564,0.032496188,0.075110868,-0.041933917
E:\Project\Fake News Detection\images\fake\2516.jpg,fake,train,0.833813012,0.853419065,-0.167623758,-0.396374673,-0.06714911,0.077799849,-0.254119515,0.082160428,-0.069344968,-0.12699604,0.100081399,0.070653565,0.099875219,0.048485182,-0.072816797,-0.103629515,-0.021585597,-0.008313208,-0.000353024,0.022985645,-0.018608179,-0.058823377,-0.057849232,-0.000613398,0.046676002,0.031986486,0.025915975,-0.032354385,-0.012169342,0.033010125,0.021662917,-0.062010568,-0.018336691,-0.073582686
E:\Project\Fake News Detection\images\fake\2519.jpg,fake,train,0.780110896,0.788973331,0.356307387,0.210947469,0.169578776,-0.059043571,-0.277770758,0.134584412,0.108640268,-0.145293027,-0.00809653,0.001565789,-0.127462238,-0.010058376,0.000169443,0.189752638,0.117496662,-0.001385789,0.013994266,0.024553109,-0.121961705,-0.062533438,-0.025600852,0.030876992,-0.037915275,-0.021577682,-0.067371719,-0.067701116,0.055275429,0.042340189,-0.006092353,0.004551434,0.013621168,-0.060384359
E:\Project\Fake News Detection\images\fake\252.jpg,fake,train,0.846401691,0.883378863,0.051513996,-0.013900931,-0.140360489,0.254473925,0.239680722,0.054896645,0.177834824,0.360882521,0.077044435,0.06186793,-0.094339639,0.072358876,-0.032438591,0.002328746,0.071691021,-0.01612285,-0.01860252,0.01364702,0.031142423,-0.007158576,0.023039859,0.008155438,0.063368544,0.013280865,0.003577534,-0.003692999,-0.010270691,0.026493412,-0.050132927,-0.024179952,-0.041852336,-0.025834573
E:\Project\Fake News Detection\images\fake\2521.jpg,fake,train,0.742432594,0.763629019,-0.257199824,-0.206387654,0.132661387,0.383996844,0.00061437,0.012910903,-0.025355443,-0.009238574,0.128408611,-0.066554636,-0.015582729,0.050151192,-0.122640029,0.053819586,-0.025018638,-0.132780284,-0.022007301,-0.035563864,-0.021496648,0.054743599,0.048342522,0.044255413,-0.00222602,0.096759461,0.012312222,0.034948152,0.019323355,-0.053886533,-0.014934774,-0.069209993,0.057550557,-0.011617762
E:\Project\Fake News Detection\images\fake\2523.jpg,fake,train,0.805193543,0.842577338,0.328045964,0.009797649,0.24246186,-0.012651341,-0.044662859,0.298835367,-0.001733818,0.011423898,0.04294629,0.051188923,-0.10269057,-0.046061262,-0.005416374,0.030733699,-0.009105758,0.228491649,0.041289419,-0.018345971,0.111476496,0.003062788,-0.046404697,0.023898538,0.085391007,0.001161288,0.02724015,0.087185353,0.029549997,-0.133939326,0.019802189,-0.006379274,0.066302732,0.054192323
E:\Project\Fake News Detection\images\fake\2527.jpg,fake,train,0.715103269,0.779849052,-0.291643769,-0.154208347,0.187218055,0.162456036,-0.046696521,0.122079246,-0.00991097,-0.119284309,0.187598273,-0.011822909,-0.090333283,0.072173826,-0.070693061,-0.17319943,-0.041274253,-0.02211928,0.027342146,0.125708207,-0.113527499,-0.062616907,0.09399458,0.074229233,-0.151137665,0.133975863,-0.121571794,0.058111798,-0.013818504,0.018544121,-0.031520639,-0.076304063,-0.055454742,-0.00434914
E:\Project\Fake News Detection\images\fake\2552.jpg,fake,train,0.75153178,0.813309789,0.270189047,0.13933304,-0.059049059,-0.016095283,-0.070888117,-0.111120857,-0.002821864,0.102902591,-0.233919978,-0.05847403,0.085041866,0.017576564,-0.044688627,-0.124195129,-0.098180197,0.074691124,0.113484398,0.080917604,0.054527592,0.009913821,-0.151224598,0.022162104,-0.165510342,0.059922002,0.15577279,0.04118409,-0.082598761,-0.006868557,-0.034689296,-0.037172683,0.146361351,-0.018506253
E:\Project\Fake News Detection\images\fake\256.jpg,fake,train,0.619085312,0.655884385,-0.192087904,0.320629895,-0.265620768,0.050453424,0.00568657,0.098645225,-0.006181556,-0.047463465,0.091510855,0.057925757,0.071287654,-0.082413882,-0.068882324,-0.002619345,-0.05426538,0.040698227,0.015609964,0.070732072,-0.003261699,0.058147535,0.035466306,0.141610831,0.025227839,-0.02533203,-0.040509995,0.189263657,-0.047703102,0.052261144,-0.025558956,0.1317195,-0.011548666,0.020424744
E:\Project\Fake News Detection\images\fake\257.jpg,fake,train,0.89567709,0.943159819,-0.265591145,0.215236694,-0.213109165,-0.0377477,0.04171994,0.176913008,0.064222202,-0.102733321,-0.020471087,0.241173401,0.092899762,-0.025162714,-0.08811184,-0.006819429,-0.088852346,-0.033387762,-0.049539529,-0.022638081,-0.211434931,0.043353822,-0.058184076,-0.068302609,0.076519541,-0.050030421,0.140010685,-0.123824716,-0.021856016,0.05948912,-0.050254587,-0.0419803,-0.039658871,0.111530684
E:\Project\Fake News Detection\images\fake\2588.jpg,fake,train,0.73520571,0.796364605,-0.142911762,-0.003474883,-0.052996684,0.03758676,-0.018021019,-0.33369562,-0.18283619,0.070826173,0.008935017,0.122100919,-0.15857546,0.044811834,-0.020154946,0.148657635,0.053389098,-0.094778039,0.094702132,0.00045566,-0.0144307,0.068521887,0.044068143,0.030964136,0.058376364,0.087350428,-0.01180474,0.01905454,0.109520555,-0.07984218,0.001070876,-0.127848968,0.116423123,0.172816336
E:\Project\Fake News Detection\images\fake\2590.jpg,fake,train,0.877087235,0.89192456,-0.163277134,-0.224751517,0.07493867,0.418911785,-0.15251641,0.085753337,-0.049707312,0.173507288,0.061683081,-0.013549154,-0.001291446,-0.015198446,0.045147642,0.001383929,0.01716405,0.051570352,-0.053182237,0.012771931,-0.004521535,-0.102046624,0.02946065,0.026744239,-0.060105626,0.023025183,0.004001043,-0.008613421,-0.059977494,0.049683034,-0.036904648,-0.045619801,-0.057479579,0.011348585
E:\Project\Fake News Detection\images\fake\260.jpg,fake,train,0.763215065,0.775867641,-0.050126169,-0.173900425,0.298181623,0.176580012,-0.001741678,0.14293988,0.061649863,-0.020499257,0.084654033,0.06169739,0.107605912,-0.03694075,0.016484044,-0.078115463,-0.114000693,0.061461333,-0.107895158,0.076008894,0.040586147,0.047006838,-0.068952657,-0.057466209,0.012716812,-0.043684438,-0.052388359,0.093181133,-0.053822752,-0.117454544,0.022912279,0.02198587,-0.021861698,0.073240273
E:\Project\Fake News Detection\images\fake\261.jpg,fake,test,0.689187884,0.729551911,-0.101634815,0.130069643,-0.087631531,0.15688315,-0.102336988,0.150269955,0.313674569,-0.018104408,0.170662701,0.122202218,-0.005825692,-0.267556399,0.04774458,-0.054317076,-0.210150614,0.080653019,0.165328875,-0.109030433,0.043225147,0.052869707,-0.061091688,0.012896463,0.168886289,0.014239313,0.014259131,0.077926852,0.116377734,-0.053550154,0.006686356,0.097388722,0.043920007,0.019182254
E:\Project\Fake News Detection\images\fake\2621.jpg,fake,test,0.782191157,0.80584693,0.350266308,0.22472164,0.227691025,-0.007029079,-0.197850049,0.197748736,0.016119448,-0.012247635,0.10293135,0.045733102,-0.057421431,-0.115688682,-0.028095674,-0.046307448,0.059279546,0.172144949,0.070270777,0.006085098,0.159965232,0.032570627,0.002203485,-0.017323814,0.036536388,0.058869507,0.01150121,0.009952724,0.067743622,-0.12041986,-0.034198925,-0.025458885,0.065397933,0.040585954
E:\Project\Fake News Detection\images\fake\2623.jpg,fake,train,0.738925934,0.790279388,0.211933866,0.175864756,0.127056003,0.2251762,0.073524512,-0.182044894,-0.037345245,0.180520967,-0.03138737,0.110919349,0.065340891,0.03448689,-0.096764982,0.031160051,-0.027560474,-0.076023996,-0.032149516,-0.01640451,0.027148623,0.036655907,0.092156336,0.063154176,0.094453216,0.026871646,0.028308617,-0.019303931,0.065454215,-0.047606826,0.209689721,-0.158984542,-0.093917996,-0.014049959
E:\Project\Fake News Detection\images\fake\263.jpg,fake,train,0.649998486,0.679899454,-0.140896827,-0.088028342,0.304692626,-0.196917653,0.138733283,0.203981727,0.216597602,0.111574531,0.020427255,-0.177505881,0.055411626,-0.039879788,0.106234148,0.005918113,0.056918439,-0.196266234,-0.009169966,0.048596058,-0.110181578,0.075269319,0.014985761,-0.031761773,-0.04801017,0.058968388,0.078289591,0.11989481,-0.038154565,-0.141156733,-0.01344356,-0.148759305,-0.032312755,-0.087082952
E:\Project\Fake News Detection\images\fake\265.jpg,fake,test,0.813179195,0.866260111,0.083056986,-0.269525439,0.192992598,-0.078231022,0.378341198,-0.06448178,0.098045513,-0.064465284,0.033644427,0.095707536,0.072680078,-0.210055321,0.015421007,0.022613365,-0.188345507,-0.071437709,0.016807808,-0.052912667,-0.033812117,-0.061277516,0.045788452,0.046830684,0.032929897,-0.039770264,-0.035735384,-0.062104583,0.112723969,0.004539162,0.035961904,0.070332967,-0.037601478,0.068490811
E:\Project\Fake News Detection\images\fake\2650.jpg,fake,train,0.684450448,0.753568947,0.14331229,0.123867631,-0.05310221,-0.012380701,0.025768986,-0.065892354,-0.021153154,-0.232564092,0.062906183,-0.163201272,-0.009756373,0.011712669,0.086950801,-0.141186029,-0.039807193,-0.172032297,-0.100917816,-0.038051046,-0.099468261,0.110815547,0.075027257,-0.113500491,0.069339059,0.014450239,-0.105351649,0.059634313,0.026746495,-0.036484897,0.085002817,-0.168525308,0.037921924,-0.122011602
E:\Project\Fake News Detection\images\fake\2656.jpg,fake,train,0.797874153,0.854296923,-0.041869912,-0.082673751,-0.011321976,0.047743723,0.395890117,0.009267583,0.126079321,-0.027005358,0.089412607,0.092856191,-0.081951998,-0.256379366,0.119921073,0.094965063,-0.0771171,-0.045350652,0.020448187,-0.021111319,-0.036901701,-0.138358131,0.017124418,-0.015142035,-0.001845528,0.023829557,0.022872219,-0.1981612,0.065648727,-0.071786329,0.138725474,0.107700817,0.100548655,0.039393257
E:\Project\Fake News Detection\images\fake\2662.jpg,fake,test,0.691559613,0.714002132,-0.071847253,0.045060318,-0.032176375,0.011582747,-0.104133934,-0.139605761,0.110853165,-0.199218273,0.143194363,-0.050007109,-0.197015449,0.174604088,0.000341743,-0.198581308,-0.120192155,-0.050884657,-0.023918007,0.001302421,0.032770514,-0.113408692,-0.041323755,-0.045348406,-0.001557834,-0.066292457,-0.060378812,0.000137828,0.029492684,-0.006493807,0.085301004,0.026737258,-0.018022835,-0.037455969
E:\Project\Fake News Detection\images\fake\2669.jpg,fake,train,0.808200717,0.832213461,0.393288016,0.241252333,0.131969944,0.005257643,0.0027918,0.126587495,-0.185859978,-0.089710675,0.077431947,0.053259667,-0.089142568,0.037004005,0.031757534,-0.020898527,0.035671309,-0.061573617,-0.036759656,0.010238066,0.032907825,-0.084815413,-0.026266677,-0.041102357,-0.000136263,-0.064221457,0.051910378,-0.02841456,-0.008234377,0.026138455,-0.03493993,-0.051378801,-0.036130924,0.021432137
E:\Project\Fake News Detection\images\fake\2674.jpg,fake,train,0.859669685,0.882068515,0.409288883,0.270453304,0.217428714,-0.054335292,-0.008732852,0.147244483,-0.243820518,-0.042712875,0.080483705,0.071292914,-0.069058165,0.031058984,0.051984977,0.027068952,0.076989077,-0.016201727,-0.059210043,0.027488248,0.004838096,-0.040845625,-0.017498717,0.076225586,0.004936642,0.043333322,-0.006595047,-0.023795221,0.020835858,-0.015694244,-0.027548628,-0.034394141,-0.005573694,-0.04052439
E:\Project\Fake News Detection\images\fake\2679.jpg,fake,train,0.836384594,0.847341299,0.2011168,0.068593465,0.153528482,0.053904586,-0.385257125,-0.020134268,0.374207616,0.009194487,-0.00441405,-0.015560184,-0.046781965,-0.071278252,-0.01770903,0.059217989,-0.028258603,0.133432686,0.164187372,-0.025785634,0.021641931,-0.024564696,-0.013786491,0.014458602,0.003331328,-0.034467101,-0.020734647,0.015278403,0.020662915,-0.067220159,0.001428321,-0.062348649,0.033424839,-0.018125873
E:\Project\Fake News Detection\images\fake\2682.jpg,fake,train,0.706259191,0.833261251,0.003512804,-0.187173799,-0.183798298,-0.177201435,-0.042463116,-0.159042954,-0.018818455,-0.119152218,0.062838212,0.059435781,0.046348456,-0.055759933,0.009750693,0.003276278,-0.002586012,0.05867226,-0.002440402,0.012595731,0.047954243,0.036039073,0.048368212,0.072185412,0.037245955,0.029884234,-0.045675002,-0.032482553,-0.037457019,0.041467614,-0.010751625,-0.110647507,-0.037657235,-0.050908435
E:\Project\Fake News Detection\images\fake\2685.jpg,fake,train,0.696203351,0.751491189,0.187494546,0.156251952,0.092376336,-0.042044792,-0.010531468,0.087602876,0.074566402,-0.163704827,0.096182495,-0.126543328,-0.197192147,0.169321567,0.014496324,-0.055646308,-0.020873735,-0.096435502,-0.120876186,0.030569145,0.058374494,-0.179591432,-0.029500011,-0.026019366,0.006529118,-0.157358766,0.056812085,0.041325815,-0.021655174,0.008673548,0.114244722,-0.00851471,-0.056246758,0.02319766
E:\Project\Fake News Detection\images\fake\2686.jpg,fake,train,1,1,0.139076486,-0.260736465,-0.391322225,-0.284886241,0.07123369,0.027983323,0.05957292,0.104333587,0.054903816,0.130119488,0.03138528,0.021851171,-0.050032116,0.01577042,0.034144547,-0.050538857,-0.014661012,0.083717883,0.089406878,0.030575354,0.01854733,-0.00053337,0.059861362,0.008475258,-0.036444563,-0.009990639,-0.021242376,0.021776382,-0.038204715,-0.02684553,-0.015056755,-0.057966031
E:\Project\Fake News Detection\images\fake\2707.jpg,fake,train,0.895249248,0.9542377,0.031355165,-0.054633193,-0.132852003,0.251175433,0.174600303,0.067451894,0.17996037,0.40601182,0.125934899,0.035994422,-0.080055997,0.085478954,0.046786804,-0.024250792,0.008814601,0.096248552,-0.057934549,0.032251529,0.013079283,-0.07307557,0.025889501,0.02778887,0.022876557,0.004696038,-0.052195687,-0.050637759,-0.06594792,0.033444982,-0.070052058,-0.028795779,-0.02349362,-0.017534355
E:\Project\Fake News Detection\images\fake\271.jpg,fake,train,0.739238083,0.763115823,0.161054879,0.188461617,0.163427964,-0.110713571,0.056429993,0.155918613,-0.064576216,-0.021934846,0.040490549,0.023743749,-0.057319473,0.061889116,-0.10699518,-0.096281491,-0.13663432,0.020562554,0.117939211,0.036121968,0.097950637,-0.021143645,0.012023776,-0.092754759,-0.02302528,-0.050784204,-0.030024495,-0.060311608,-0.052234873,0.06823308,-0.097885117,0.007045941,-0.067961521,0.007272938
E:\Project\Fake News Detection\images\fake\2713.jpg,fake,train,0.894933522,0.906711102,-0.174222201,-0.234606549,0.078779936,0.446888179,-0.138236538,0.101748876,-0.041612744,0.183902651,0.086339809,-0.002126916,0.020930946,-0.029178759,0.02600565,-0.0331816,-0.02151094,0.061141904,-0.050441548,0.01297024,-0.006795108,-0.122281939,0.030394724,-0.004370823,-0.054836176,0.029192409,-0.009508491,-0.01458413,-0.096725754,0.036992788,-0.042135533,-0.037763659,-0.034236334,0.02833521
E:\Project\Fake News Detection\images\fake\2719.jpg,fake,train,0.751240253,0.781836271,-0.085945256,-0.292924106,-0.1598344,0.023640258,-0.226340085,0.034190357,-0.151244178,-0.079156429,-0.116257928,-0.034230638,-0.077369392,-0.031271122,0.084609278,-0.064118117,-0.037804015,0.067282379,0.037286621,0.072855763,-0.026899694,0.109461449,-0.01071816,0.001731816,-0.014127778,0.05871512,-0.04776822,-0.035245545,-0.022726357,-0.0747668,-0.085451119,0.083154961,-0.02763259,-0.007440491
E:\Project\Fake News Detection\images\fake\2729.jpg,fake,train,0.863915086,0.903593779,0.354643434,0.249198794,0.211507559,-0.062414419,-0.20646061,0.193964794,-0.038079288,-0.055183813,-0.002549695,0.005942342,-0.129854009,0.004073182,-0.044969786,0.067931101,0.109839931,-0.05752825,-0.061201196,0.114898562,-0.035465438,-0.020356527,6.37E-05,0.02909942,-0.076037765,0.003668384,-0.041391037,-0.019850912,0.062448248,0.010614012,-0.039167166,0.046838582,-0.028228747,-0.025775906
E:\Project\Fake News Detection\images\fake\2737.jpg,fake,test,0.64500457,0.646522045,-0.11908523,-0.311424643,-0.025717884,0.301217735,0.005937433,-0.043501347,-0.134348959,-0.096958287,0.02478819,-0.104520813,0.058156107,-0.097209975,-0.010927856,0.006364487,0.14867878,-0.05519117,-0.026104521,-0.078601494,0.089969784,0.021681476,-0.013608426,0.050784212,0.025232688,-0.083069868,-0.127592564,-0.091073155,0.002392985,0.014914662,0.037009899,-0.009425985,-0.073470958,-0.095264576
E:\Project\Fake News Detection\images\fake\2749.jpg,fake,train,0.816098392,0.852146387,-0.043938618,-0.388776094,0.163896725,-0.227796271,-0.18845655,0.022821831,-0.175036401,0.080412917,0.03068891,-0.07212165,0.180160642,0.012084884,-0.081568696,0.068674117,-0.040978916,-0.071913615,0.051692706,-0.009573846,-0.071241014,-0.005050599,-0.008856229,0.019851783,0.028283292,-0.04898515,0.059678458,0.063963786,-0.030642914,-0.009179438,0.040288355,-0.008697345,-0.024096301,-0.00387127
E:\Project\Fake News Detection\images\fake\275.jpg,fake,train,0.52467984,0.540819287,-0.115131751,-0.07680811,0.11820855,0.070788071,0.180703864,0.055352923,0.057640966,0.301601797,0.069938809,0.084725536,0.009876907,-0.017512852,-0.126868755,-0.00519333,0.062307179,0.061982661,-0.056818299,-0.035079025,-0.078656003,-0.02923931,0.070731342,-0.015124631,-0.153403372,-0.114198439,0.215110749,-0.036011115,-0.045619793,0.016634367,-0.109304972,-0.033914678,-0.004741139,0.026073182
E:\Project\Fake News Detection\images\fake\2750.jpg,fake,train,0.707215965,0.726206779,-0.103086479,0.337980539,-0.282194108,0.081516318,0.042975295,0.107980967,-0.045356296,-0.066261344,-0.114698514,0.050257131,0.156462386,0.049436789,-0.084941529,0.031286839,-0.075602904,-0.034029394,0.0894228,-0.052225024,0.038980439,0.039260432,0.023402859,0.050330948,-0.060763828,0.036768649,0.007275421,0.047409024,0.062805556,-0.137586489,-0.007310255,0.001600057,-0.13331449,0.017222943
E:\Project\Fake News Detection\images\fake\2760.jpg,fake,train,0.824388325,0.829717398,-0.044490732,-0.297607481,-0.058759604,0.423707634,-0.065051146,0.053598605,-0.045705482,0.077919252,-0.048402913,-0.097545289,0.062049184,-0.022965174,0.068516903,0.008470298,0.031984758,-0.071568601,-0.064934909,-0.043812279,0.004858856,-0.052291282,-0.027366865,-0.024294509,0.051605728,0.046326581,0.019684888,-0.029396242,-0.028407859,0.043985534,-0.016631123,0.021761723,-0.004557802,0.030978039
E:\Project\Fake News Detection\images\fake\2764.jpg,fake,train,0.743149221,0.804228783,0.076299287,0.111934647,0.10848321,0.095628679,0.10100019,-0.300003767,-0.041355204,0.146285027,-0.068902552,0.125067741,-0.117912643,0.098728925,-0.170797914,0.090178147,-0.001482033,-0.252976358,0.054368556,-0.122407243,0.090644844,0.093860887,0.017011063,0.058090717,-0.019986562,-0.001242455,0.042904608,0.13109912,0.060667198,-0.132186785,-0.142682239,0.021559918,0.051258527,0.052219398
E:\Project\Fake News Detection\images\fake\2767.jpg,fake,train,0.707827866,0.731758952,0.224822804,0.073831178,-0.10389965,-0.030233748,-0.154950351,-0.15043357,-0.123817787,0.157159314,0.01396601,0.032054909,-0.006896041,0.017405093,0.185452685,-0.107409149,0.033945195,-0.043981098,0.049454927,0.005601247,-0.180835694,9.64E-05,0.083376817,0.002462656,-0.018830709,-0.039316367,0.022129575,-0.169410139,-0.061179105,0.026449595,0.017750088,0.1222151,0.068995155,0.064629212
E:\Project\Fake News Detection\images\fake\2774.jpg,fake,test,0.746456146,0.756283641,-0.168538094,-0.261226147,0.046009041,0.282871217,-0.155526593,0.051106203,-0.017200911,-0.059730545,0.094272032,0.044488914,0.008669494,0.091037951,0.029525753,-0.107021213,-0.033045188,0.060547024,-0.098658517,0.001971692,-0.012542523,-0.118295483,-0.122517601,-0.057222724,0.073837653,0.085874714,0.069390945,0.019411061,-0.034751587,0.009973273,-0.019803837,0.000567362,0.016012467,-0.011089884
E:\Project\Fake News Detection\images\fake\2780.jpg,fake,train,0.703181148,0.731002748,-0.234625921,-0.147589073,0.15912202,0.219895884,0.056324318,0.070266843,0.04163615,-0.14917013,0.185666382,-0.023314025,-0.051850922,0.03096679,-0.069453664,-0.088547036,-0.033932097,-0.045923378,-0.017018914,0.135324508,-0.019473091,-0.005654155,-0.02873403,0.073056296,-0.174111813,0.159138083,-0.208619654,0.044094708,-0.014737461,-0.016023602,0.02234374,-0.073518746,-0.025489638,-0.041963596
E:\Project\Fake News Detection\images\fake\2786.jpg,fake,train,0.823420823,0.840502322,-0.272473097,0.084863059,-0.163469583,-0.093914226,0.077810787,0.255636215,0.069213912,-0.067071363,-0.081709743,0.185020357,-0.002979629,-0.043493014,-0.102314301,-0.00230417,-0.063880995,-0.01941462,-0.012619963,-0.023189858,-0.154776737,0.014770415,-0.045874014,-0.023562679,0.078341126,-0.041937068,0.168006673,-0.146898896,0.005035714,0.060926892,-0.007404661,0.014052292,-0.093596593,0.110988684
E:\Project\Fake News Detection\images\fake\2787.jpg,fake,train,0.700010657,0.740117788,0.114574127,0.090756163,-0.100595497,0.005268212,0.272640407,0.221627966,0.063186899,-0.01143779,-0.085907184,-0.111632533,0.046146464,0.127290383,-0.182036027,0.004063716,-0.120937832,0.007570887,0.144294068,-0.119312786,0.09424293,-0.158742368,0.099059969,-0.14091146,0.034582961,0.161308929,-0.091582492,-0.151543885,-0.061759107,-0.039037138,-0.002917659,0.042485178,0.111687846,-0.014487568
E:\Project\Fake News Detection\images\fake\279.jpg,fake,train,0.749575734,0.816693306,-0.083598673,0.174362719,-0.32821551,0.024046641,0.163393408,0.050633982,0.011668309,-0.133504823,0.18381764,-0.053631552,-0.094481453,-0.092053004,0.041889634,-0.038038451,0.093381658,-0.134754688,0.093863919,0.057739303,0.065271117,0.095615625,-0.045573082,-0.006666894,-0.024201041,-0.119708978,-0.032223094,-0.107369237,-0.153851554,-0.124207363,0.172636941,0.036280829,-0.078745507,0.073601052
E:\Project\Fake News Detection\images\fake\2797.jpg,fake,train,0.682211995,0.721262574,-0.02317027,0.017705642,-0.098977983,0.053940266,0.164021716,0.195853442,0.130514726,0.250465035,-0.194001883,-0.047875836,0.067338668,0.027847989,-0.070636287,-0.050033223,-0.047621675,-0.129160672,0.237056807,0.027302738,0.057532702,-0.255124092,0.119446449,-0.083048277,-0.081938758,0.03350446,-0.051261958,-0.061011594,-0.005673113,-0.106397912,-0.051793177,-0.0397036,-0.000355181,-0.065007202
E:\Project\Fake News Detection\images\fake\2803.jpg,fake,train,0.799790025,0.849418044,-0.219589889,-0.224997103,0.062202979,0.243741408,-0.156038985,0.08339116,-0.069695495,-0.056186128,0.111232102,0.001931996,0.011667356,0.160729572,-0.080660254,-0.077320546,-0.026338672,0.103862904,-0.01713171,0.001065166,-0.024774095,-0.113377482,-0.022891508,-0.004786698,0.008705121,0.118277542,0.0550934,-0.023138154,-0.023855824,0.080684349,-0.035658233,-0.014396462,-0.034083948,-0.019913075
E:\Project\Fake News Detection\images\fake\2807.jpg,fake,train,0.724376678,0.761417747,-0.037161719,-0.376811504,-0.138944924,-0.037775788,-0.242900565,0.04547606,-0.073786259,-0.092547171,-0.074844033,-0.024163503,0.005287236,-0.040607486,0.030709956,-0.036968838,-0.05424444,0.011913427,0.051036943,0.016348286,0.064395398,0.032723166,0.066725411,-0.01190459,0.065408401,0.054488365,-0.019318672,0.034390945,-0.065791354,-0.047654595,0.01266499,0.000205434,0.002044241,-0.036428794
E:\Project\Fake News Detection\images\fake\2814.jpg,fake,train,0.7850191,0.852189362,0.107647754,0.046219893,-0.076283388,-0.140870541,-0.056990903,-0.29941842,-0.04686071,0.149301931,0.05100207,-0.039301701,0.00698172,0.12916407,0.194926202,-0.152937815,-0.056486312,0.055518273,-0.123043753,-0.088331252,-0.088040471,-0.07589528,-0.060005888,-0.011006502,-0.011477131,0.104489841,0.056287862,0.075477242,0.105887577,-0.069039889,-0.096821785,-0.053601656,-0.030002013,0.015420077
E:\Project\Fake News Detection\images\fake\2817.jpg,fake,train,0.707885623,0.760307193,-0.056970358,-0.13864477,0.258740574,0.157974243,0.101877339,0.125550225,0.125797406,0.068702899,0.140690356,0.003359942,0.054418568,-0.087637864,0.044114929,-0.094477057,-0.141372323,0.078050725,-0.093814373,0.122631967,0.063299648,0.01017305,-0.037351783,-0.018289931,-0.092729501,-0.080608852,-0.07450211,0.070188567,-0.096143909,-0.155664235,-0.068155594,0.008510862,-0.046263717,0.133409634
E:\Project\Fake News Detection\images\fake\2818.jpg,fake,train,0.734519184,0.777000427,-0.010324378,-0.272270203,-0.091569141,0.260581732,-0.024343932,0.024215307,-0.075904317,-0.080354951,-0.002603561,-0.192655802,-0.029071273,-0.047335718,0.042757846,-0.043354757,-0.001149005,-0.073715284,0.036833223,0.005448227,0.049228087,0.038748961,0.072575629,-0.089194991,-0.026835294,0.046012364,0.009733531,-0.013043894,0.027018603,0.064404838,-0.016723581,0.133169815,-0.056549333,0.030087564
E:\Project\Fake News Detection\images\fake\2826.jpg,fake,train,0.755127013,0.870577693,0.079105005,0.102354474,0.146817282,-0.036454175,0.027795611,-0.141115293,0.043785814,-0.09924762,0.279981017,-0.172106862,-0.062965967,0.171977803,-0.096436635,-0.012194499,-0.004455136,0.025921863,0.067330204,-0.129177943,0.053534772,0.104578413,-0.023135759,-0.034425799,0.004424923,0.117851406,0.130491734,-0.132870734,-0.033863086,0.098415919,-0.039315242,0.035535559,0.056281939,-0.036023725
E:\Project\Fake News Detection\images\fake\2834.jpg,fake,train,0.784084857,0.834231377,0.34609139,0.235588074,0.204951003,-0.017819649,-0.248643696,0.189794168,0.12378981,0.035262637,-0.042172521,0.004505457,-0.095307872,-0.188714325,-0.073376864,-0.025479861,0.063872561,0.043778427,0.083785698,0.042901915,0.069751561,0.059605524,-0.000259108,-0.016699629,-0.03865622,0.009254847,0.0417068,0.060448699,0.079049416,-0.057064842,-0.027411144,0.068474457,0.088817433,0.007132292
E:\Project\Fake News Detection\images\fake\2837.jpg,fake,test,0.5438748,0.557926416,-0.257190645,-0.047723897,-0.148914009,0.04110834,0.135343865,0.111825705,0.017241217,-0.079677083,0.112121135,-0.036448546,-8.76E-06,0.076789059,-0.235805035,-0.010867283,0.037566133,0.161154822,0.061874859,-0.086136192,-0.090380669,-0.119729236,0.011091981,0.080722392,-0.012826532,0.08278732,0.075583003,0.070255198,0.020348676,0.07593365,-0.011680573,-0.09526033,-0.069990598,0.078538343
E:\Project\Fake News Detection\images\fake\2844.jpg,fake,train,0.668617845,0.740553021,0.017881317,0.131916866,0.183617994,-0.110646173,0.056765012,0.011472515,-0.114725433,-0.008081124,0.263167292,-0.128395021,-0.055247817,0.235051736,-0.093238302,0.017343625,-0.068277441,0.07473015,0.082128182,0.013073092,0.053787805,-0.009552042,0.005787925,-0.060814604,-0.048468422,0.057452273,0.081580624,-0.069651365,-0.017227607,0.185244158,0.033754751,0.046097983,-0.021477865,0.066813134
E:\Project\Fake News Detection\images\fake\2850.jpg,fake,train,0.628619432,0.635539532,0.003011456,0.132881507,-0.08258041,0.016286941,0.13365005,-0.112657271,0.112565242,-0.232455298,0.139650956,-0.109584361,0.031253114,-0.052959021,-0.066065527,-0.151559711,0.096049741,0.038888566,0.073293604,0.11003834,0.034084808,-0.010198216,0.007279892,-0.032750275,-0.050013389,-0.053476535,0.031093745,0.065854266,-0.006692735,0.004305545,-0.066256933,-0.035516404,0.011127586,0.006874217
E:\Project\Fake News Detection\images\fake\2852.jpg,fake,train,0.680363476,0.713583469,-0.113724083,0.164481491,-0.290219128,-0.084251791,-0.031108731,-0.113111556,-0.070898183,0.069751889,0.05972166,-0.075402543,-0.022035789,0.096161582,0.235119253,-0.104151443,-0.095680147,0.08274319,-0.110101908,-0.105657518,-0.0128827,-0.078853294,-0.099126272,0.018496241,0.024133036,0.064198084,0.052911941,0.112534739,0.149856076,-0.05727696,-0.050303891,-0.051012184,-0.077849366,-0.012205749
E:\Project\Fake News Detection\images\fake\286.jpg,fake,train,0.65538007,0.712279558,-0.209863722,0.149543747,-0.206192195,0.049345788,0.180793107,0.253393352,-0.007869383,-0.075787887,-0.200238898,0.037633467,0.052576456,0.061535332,-0.129647776,0.012528334,-0.126531512,0.091802321,-0.029754732,0.004439663,-0.106706955,0.017155446,0.011501367,0.085773133,0.02661231,0.05758496,-0.037725881,0.060705245,0.080243222,-0.069496281,0.036173463,0.055889331,-0.050770413,-0.012079137
E:\Project\Fake News Detection\images\fake\2863.jpg,fake,test,0.695726097,0.754193127,-0.015458137,0.184703052,-0.372258902,0.091160372,0.136091307,0.000394013,-0.038443498,-0.066886149,-0.068784386,-0.048482612,-0.027508346,-0.001557834,0.069588944,-0.042550374,-0.000497289,0.091282688,0.064860553,-0.133834928,-0.027810574,0.021625455,-0.043919437,0.045883536,-0.045258731,-0.069362275,0.0155294,-0.026955307,0.088816069,0.0029248,0.039301168,-0.050165042,-0.113755651,-0.072508641
E:\Project\Fake News Detection\images\fake\287.jpg,fake,train,0.903173327,0.906300068,0.130886048,-0.368819654,0.050216541,0.271406859,-0.136971936,0.012394497,-0.101723582,0.086964995,-0.068457447,-0.14791204,0.095669053,-0.016273212,0.09397655,-0.047933433,0.070094883,0.026249904,-0.023633806,-0.055472028,-0.116153501,0.030940505,-0.017278463,-0.037630871,0.041308574,-0.010392822,0.088069938,-0.087556414,-0.021390632,0.03875836,0.010416974,0.080283418,-0.024782736,-0.009801626
E:\Project\Fake News Detection\images\fake\2870.jpg,fake,test,0.850520134,0.896312833,0.335849017,0.165833533,0.057166282,-0.032737866,-0.238655865,-0.112299338,0.231941193,0.030590082,-0.171912968,-0.139822692,0.126470029,0.046518333,-0.02314757,0.167017967,-0.011996731,-0.011761546,-0.153673366,0.066869006,-0.071834981,0.07828936,0.211323336,-0.065709725,-0.042395763,-0.016963612,-0.095511585,0.062276542,-0.009401731,0.043622747,0.076815054,0.038022742,-0.014769234,-0.037747301
E:\Project\Fake News Detection\images\fake\2872.jpg,fake,train,0.680711865,0.713944197,0.220865414,0.097158574,0.105979353,-0.011182644,0.028051434,-0.180864885,0.018256404,-0.01239919,-0.006740511,-0.01771412,0.027049383,0.019746752,0.034362782,-0.11199104,-0.002079212,-0.052324865,0.057155631,0.059325196,-0.011495169,0.060460377,-0.049461715,0.004731738,-0.010494739,0.037972573,0.096289955,-0.093515702,0.040416967,-0.013739479,0.00359781,-0.080491439,-0.069225937,-0.114596538
E:\Project\Fake News Detection\images\fake\2882.jpg,fake,train,0.717338324,0.738632679,0.064531937,0.036282614,0.042519506,0.065453388,0.255389959,0.117325075,-0.043857247,-0.052155033,-0.336990237,-0.042711467,-0.136527017,0.050088163,-0.084526874,-0.010826711,-0.095726937,-0.087613776,0.225730345,-0.140036389,-0.031097155,-0.088340007,0.079825915,-0.028856138,0.064451858,-0.057920195,-0.138844922,0.104070596,-0.056186572,0.07851287,0.013704484,-0.070278555,0.005121209,-0.05919826
E:\Project\Fake News Detection\images\fake\2884.jpg,fake,train,0.647303641,0.65681529,0.212247133,-0.204515412,0.169581652,0.071691222,0.21961695,-0.001264402,0.161479786,0.10422755,0.05957124,0.080078639,0.035570171,0.043135226,0.024918426,-0.027608298,0.106063254,0.1382664,-0.095066614,-0.27588591,0.084528327,-0.001687723,-0.045110241,-0.043421011,-0.055766009,-0.143992141,-0.025707506,0.052228674,-0.052619983,0.017657015,0.015307099,-0.008323869,0.013944029,0.007415324
E:\Project\Fake News Detection\images\fake\2894.jpg,fake,train,0.709068656,0.803315997,0.032545984,0.292859524,-0.197917864,0.216863126,-0.149526045,0.32351625,-0.026853131,-0.022553319,0.107720688,0.071536198,-0.042079687,-0.062753446,0.05330256,0.048899136,-0.00704354,-0.013757203,-0.014968207,-0.13174817,-0.014301482,-0.037609771,-0.087041348,0.038050242,0.10082642,-0.008909025,0.088238746,0.107767887,0.023654509,0.09738262,-0.055153266,-0.038262036,-0.0553088,0.020927755
E:\Project\Fake News Detection\images\fake\2896.jpg,fake,train,0.783222318,0.849418044,-0.244924843,-0.225215614,0.065805674,0.250746667,-0.136855945,0.092657551,-0.065144226,-0.067539938,0.150237262,0.043379109,0.028753167,0.162762836,-0.120237246,-0.080399372,0.00174384,0.07432393,-0.017165486,0.038636107,-0.035407815,-0.163913459,-0.050455265,-0.021630783,-0.093469784,0.049730211,-0.01123018,0.001135883,-0.032032814,0.083116464,-0.023554821,-0.021376852,-0.032603864,-0.031627543
E:\Project\Fake News Detection\images\fake\2900.jpg,fake,train,0.658788741,0.680969775,0.073758967,0.126984268,0.128159881,-0.072981961,0.065830328,-0.02896799,0.004175125,-0.044214498,0.333341748,-0.153851256,0.120913453,0.055095315,-0.206730828,0.011931729,-0.114692211,0.092357047,-0.034433845,-0.179374546,0.022862438,0.070089154,0.088870503,0.010525457,0.031230995,0.033057965,-0.064293563,-0.152685791,-0.184475616,-0.117030188,-0.021861486,0.000124005,0.117800005,0.009132828
E:\Project\Fake News Detection\images\fake\2904.jpg,fake,train,0.682503104,0.741836905,-0.083687872,-0.039713047,-0.11443413,-0.018340692,0.155533731,-0.067934074,-0.016638253,-0.025020041,-0.120266587,-0.075548932,-0.099449135,-0.003260942,0.023665391,-0.092168935,0.059156325,0.235403195,0.039922617,0.059527535,-0.068865359,-0.015175787,-0.041895933,-0.040695149,-0.087540403,-0.077992156,0.002264747,-0.067968249,0.097557664,-0.007104649,0.013107257,-0.041783456,-0.070066772,-0.081211671
E:\Project\Fake News Detection\images\fake\2907.jpg,fake,train,0.648086369,0.680219769,0.068769075,0.132583797,0.014104199,-0.064983711,0.166986182,0.326190084,-0.043628946,-0.032954264,0.001679889,0.02468293,-0.074207373,0.249326751,-0.058802921,-0.042135082,-0.136790082,-0.018769845,0.090060785,0.059964351,0.008696679,-0.076660961,-0.012230219,-0.060241945,0.00652709,0.14518483,-0.067232974,-0.020132188,0.004614764,0.067632869,-0.074367791,-0.039812058,-0.009930409,-0.061837129
E:\Project\Fake News Detection\images\fake\2915.jpg,fake,train,0.844246387,0.933041334,0.404694021,0.204591915,0.232226282,-0.08361914,0.09209837,0.142264843,-0.216472551,-0.068426564,0.176365286,0.170835108,-0.024555858,-0.240040436,0.064259812,-0.012565034,-0.029647622,-0.144286469,-0.026393531,0.000410576,0.001878076,-0.063242503,-0.007334503,0.09660428,-0.022027349,0.063563734,-0.031596292,-0.057881173,0.074416816,0.013122777,-0.029095512,0.063651346,0.027121535,0.01673861
E:\Project\Fake News Detection\images\fake\2927.jpg,fake,train,0.697516143,0.73928827,-0.019704761,0.310054988,-0.233683482,0.101402402,0.033583865,0.091112293,-0.024767222,0.036773656,-0.20598276,-0.020999502,0.008410562,0.058447883,0.067525536,0.038909793,-0.082787178,-0.084629379,0.173576027,-0.149387181,0.009726046,-0.207369775,0.04390106,-0.094689295,-0.033975266,0.15337792,-0.015410365,0.040678721,0.057781525,0.017924618,0.015962495,-0.063017182,0.007612348,-0.025697403
E:\Project\Fake News Detection\images\fake\2933.jpg,fake,train,0.672557175,0.699774265,0.054632824,-0.135480106,0.112386301,0.140237391,0.140657216,0.087165743,0.157025516,0.405471772,0.053278811,-0.039434023,-0.104922488,-0.141740546,0.027445994,-0.063267179,-0.058339607,0.103332892,0.026559979,-0.046887368,0.008676303,-0.042148408,0.085556827,0.004846864,0.027880153,-0.037255879,0.024085656,0.028080069,-0.073266111,0.000711926,0.040152483,-0.002451013,0.004659437,0.009382713
E:\Project\Fake News Detection\images\fake\2937.jpg,fake,train,0.712210357,0.752855241,0.082792647,0.093796447,-0.096609734,0.091094293,-0.093816765,-0.164747253,0.073148437,-0.183249354,0.151829422,-0.157464966,-0.18454805,0.190459102,-0.025798015,-0.159400508,-0.093929373,-0.091763929,-0.051764313,-0.051179633,0.134869441,-0.14476864,-0.007288088,-0.003393864,0.031450484,-0.050122939,-0.044006638,0.01926682,-0.041391276,-0.092522174,0.132817,0.067135237,-0.02561886,0.047916483
E:\Project\Fake News Detection\images\fake\2940.jpg,fake,train,0.797512591,0.840931892,0.184264943,-0.093946956,-0.105413422,-0.27554962,-0.211374521,-0.271822661,-0.058656074,0.105044872,0.102360204,0.004750808,0.076075807,0.080891944,0.12716876,-0.118994445,-0.081631362,0.015468825,-0.081922852,-0.071746103,-0.061772402,-0.054587677,-0.042497844,-0.062129416,-0.040714581,0.091473021,-0.01696201,0.069678776,0.077139735,-0.10229782,-0.09849564,-0.023362285,-0.005426439,-0.034345582
E:\Project\Fake News Detection\images\fake\2941.jpg,fake,train,0.63955152,0.646693945,0.014339878,0.09989205,-0.106128469,0.062683195,0.048575103,-0.045915093,0.034115601,-0.096611135,0.177536443,-0.189525753,-0.062579788,0.150102228,-0.07179141,-0.081801802,-0.036742106,-0.08400245,-0.039738551,0.108757965,0.213887975,0.044907119,-0.011748916,-0.048633028,0.03173767,-0.011943284,0.047459938,-0.105380692,-0.085581392,0.006944547,0.038473595,-0.011096723,0.010924783,0.085500345
E:\Project\Fake News Detection\images\fake\2944.jpg,fake,test,0.750264466,0.796805918,0.132034361,0.070097409,0.190987825,0.155671,-0.235547036,-0.010377195,0.251585335,0.055014305,0.125962868,0.012580261,-0.003986906,-0.059442196,-0.019598614,-0.12917307,-0.060462102,0.126171961,0.100497976,0.028753325,0.151966363,0.099836282,-0.054461841,-0.026374146,0.153942689,0.01706532,0.014708953,0.054142803,-0.017424688,-0.092196435,-0.035028979,0.094243668,0.031354483,0.100880265
E:\Project\Fake News Detection\images\fake\295.jpg,fake,train,0.924896598,0.957784891,0.042157941,-0.060376342,-0.156051219,0.259283245,0.189744994,0.08262641,0.183455005,0.417064101,0.117238574,0.017257478,-0.079663143,0.049630996,0.032509431,-0.031386402,0.018367244,0.082147449,-0.058038417,0.046908401,0.027239056,-0.054750361,0.038916413,0.011771462,0.010230059,-0.006263195,-0.056047533,-0.038317975,-0.061804913,0.030508284,-0.078674175,-0.0209982,-0.038786855,-0.016455926
E:\Project\Fake News Detection\images\fake\2950.jpg,fake,train,0.805612862,0.885763407,0.203275919,0.22582753,0.228663817,-0.077911243,-0.064521693,0.184278876,-0.22826907,-0.081319988,0.034379918,0.186956167,-0.051365536,0.0988326,-0.032056756,-0.021452645,-0.067944556,0.043809436,-0.006549218,0.08320488,-0.031504713,-0.051594004,-0.066471487,-0.018394757,0.04272214,-0.016197091,0.000511692,0.021459389,0.022662394,0.085864611,-0.078252286,-0.014058672,-0.040586874,-0.052730784
E:\Project\Fake News Detection\images\fake\2953.jpg,fake,train,0.701525807,0.755850673,-0.044526339,0.279509336,-0.27173239,0.171173483,-0.096192762,0.094958492,0.130082995,0.079850949,0.025179036,0.020410514,0.097751118,-0.011105191,0.070667088,0.011510141,-0.035025496,0.055405688,-0.119002171,-0.096340299,-0.094397545,0.026483798,0.052361879,0.054351669,0.044006072,0.049839139,-0.007073002,0.108514339,0.007074156,0.10836681,0.007413815,0.082963616,-0.063020967,-0.003777138
E:\Project\Fake News Detection\images\fake\2958.jpg,fake,train,0.744964778,0.872876287,0.019182838,-0.006896905,-0.145418286,0.152434289,0.211189926,0.070651747,0.183776394,0.260722399,0.082705304,0.053120092,0.038576689,0.054398924,-0.065605424,-0.06780041,0.123574309,0.029093102,-0.057235099,0.141266555,-0.016106421,-0.043782651,-0.138221756,0.02933519,-0.06370496,-0.037153218,-0.124722451,-0.041509185,0.013819514,0.024219045,0.017897381,0.02001531,0.031376868,-0.118572868
E:\Project\Fake News Detection\images\fake\2959.jpg,fake,train,0.723403931,0.732185304,-0.110701062,-0.242837742,0.000409564,0.304782629,-0.177395642,0.044217877,-0.096204959,0.104415409,-0.042019349,-0.097824797,-0.000792618,-0.014874554,0.126419768,0.042326909,0.057496089,0.041588217,-0.029162491,0.012361631,-0.059931222,-0.074868456,0.086331144,-0.003605818,0.066519044,-0.003184498,0.080221564,-0.08140704,-0.032425497,0.034180608,0.004320673,0.013823711,0.065477587,-0.006053993
E:\Project\Fake News Detection\images\fake\296.jpg,fake,train,0.77140224,0.808092833,-0.011526973,-0.310625255,0.095731795,-0.283829778,-0.189530224,0.023907626,-0.096614137,0.167833269,0.083375059,-0.002588577,0.188940406,-0.01282773,-0.073212847,-0.038968652,0.017767103,-0.084430963,0.033471592,0.041750882,-0.083709769,-0.019838937,-0.043708999,-0.032096073,0.004266808,-0.066669695,0.05268535,0.014550694,-0.001478044,-0.05931684,0.002904827,-0.018553035,-0.051975545,0.023364453
E:\Project\Fake News Detection\images\fake\2966.jpg,fake,test,1,1,0.139076576,-0.260736465,-0.391322047,-0.284886301,0.071233861,0.027983308,0.05957298,0.104333036,0.054903768,0.13011986,0.031384245,0.021848463,-0.050033484,0.015772752,0.034144629,-0.050536413,-0.014656659,0.083719894,0.089386791,0.030548412,0.018569924,-0.000610396,0.059877098,0.008480545,-0.036320791,-0.009991035,-0.021297596,0.021761969,-0.037952468,-0.026773497,-0.01507172,-0.057646401
E:\Project\Fake News Detection\images\fake\297.jpg,fake,train,0.822950959,0.861338258,0.220850959,0.019053968,0.21577023,0.143126935,-0.099038422,-0.074249715,0.285819232,0.111825809,0.122793674,0.050803937,0.048090544,-0.308146328,0.038211748,-0.095712647,-0.11552646,0.033085547,0.168043673,-0.056911606,0.080362149,0.064057723,0.000440034,-0.030639822,0.15028666,0.03577932,0.019475529,0.00191223,0.131483093,-0.066704571,-0.008295309,0.088915713,0.030956304,0.026801407
E:\Project\Fake News Detection\images\fake\2974.jpg,fake,test,0.719930351,0.784432173,0.147311941,0.181001663,0.088956587,0.005761564,-0.037782632,-0.054436952,0.026025815,0.05924239,-0.043853898,-0.052062392,0.225488693,0.115755133,0.004191135,-0.057320829,-0.08204636,0.012318365,-0.186163083,0.145162061,-0.082071975,0.150504276,0.172710553,-0.093809977,0.032146357,-0.024045482,0.003400205,0.068296351,-0.026944593,-0.01029776,0.127073258,-0.009277532,0.000715323,-0.066114493
E:\Project\Fake News Detection\images\fake\2975.jpg,fake,train,0.947236419,0.962673664,0.477821678,0.242457673,0.125209138,-0.054061726,-0.258674055,0.138358325,0.083937727,-0.059281964,-0.033635903,-0.089847974,-0.124762595,-0.070636138,-0.012244629,0.223889768,0.105238907,-0.059980989,-0.043182705,-0.018284179,-0.039728902,-0.070872486,0.028716151,0.01044108,-0.068055674,-0.036711112,-0.019820839,-0.050160911,0.042471837,0.078677587,-0.049682669,-0.024085155,-0.019135958,-0.019761244
E:\Project\Fake News Detection\images\fake\2976.jpg,fake,train,1,1,0.139076456,-0.260736436,-0.391322047,-0.284886211,0.071233742,0.02798333,0.059572894,0.104333647,0.054903753,0.130119473,0.031385265,0.021851093,-0.050032098,0.015770501,0.03414464,-0.050538812,-0.014661006,0.083717898,0.089406841,0.030575434,0.018547222,-0.000533376,0.059861388,0.008475164,-0.036444467,-0.009990682,-0.021242337,0.021776455,-0.038204782,-0.026845595,-0.015056883,-0.05796605
E:\Project\Fake News Detection\images\fake\298.jpg,fake,train,0.676965356,0.740965962,0.098876722,0.104574755,0.095144466,0.078475595,-0.022848427,-0.165746525,0.005758564,0.126609787,0.156394765,0.024587169,0.016669577,0.09811841,-0.125824615,-0.072267324,-0.009746203,0.139525965,-0.000568003,-0.067184359,-0.000841491,-0.026990749,0.017331142,-0.009254474,-0.007132036,-0.001829861,0.154282078,-0.019473612,0.012864956,0.171883062,-0.019317823,0.019236263,0.042401794,-0.010330928
E:\Project\Fake News Detection\images\fake\2981.jpg,fake,test,0.828106761,0.853072524,-0.209474251,-0.194176763,0.160415441,0.26740548,0.043778054,0.16660051,0.057802297,-0.227545306,0.132661343,0.03670866,0.101781495,-0.129054397,0.07210315,-0.023218352,-0.09306486,-0.128048748,-0.038416956,0.097643226,0.144960076,0.007557586,-0.036301654,0.016581416,0.015494667,0.060610626,-0.050609261,0.022531621,0.024285726,-0.05019182,-0.057792351,0.061075129,-0.049429096,0.087879658
E:\Project\Fake News Detection\images\fake\2989.jpg,fake,train,0.881008506,0.947125137,-0.026067249,0.199281082,-0.331127763,0.020584188,0.0811904,0.086285815,0.020727769,-0.134281009,0.173149079,-0.126524687,-0.082249649,-0.011631997,0.061226349,-0.08827848,0.134453461,-0.122860409,0.092412092,0.069061711,0.070891187,0.21069549,-0.056688301,0.008667978,0.008279352,-0.129951209,-0.036511768,-0.00418872,-0.174956575,-0.074192323,0.139875144,-0.00420402,-0.190682411,0.064956516
E:\Project\Fake News Detection\images\fake\2996.jpg,fake,test,0.701311409,0.812640548,0.240157872,0.159464091,0.102459803,0.0425331,0.137332425,0.014468256,-0.114960194,0.031562611,0.178337127,0.117009118,-0.027727343,-0.212371916,0.054816823,0.032861289,-0.009469308,-0.069739364,-0.035609122,-0.01073347,-0.025097415,-0.153668717,-0.040408552,-0.00440295,-0.010451473,-0.002912564,0.052400775,-0.157593548,0.01464919,-0.069750801,0.066160224,0.013327236,0.086439446,-0.003948703
E:\Project\Fake News Detection\images\fake\2998.jpg,fake,train,0.690561116,0.773433447,-0.024744675,0.275233179,-0.328294128,0.078723185,0.028434563,0.014648753,0.055215433,-0.112382546,-0.12196061,-0.175887644,0.126218528,-0.05587215,-0.119405963,-0.179553717,0.103530593,-0.111872725,0.162244931,-0.089730576,0.019245971,-0.195764422,0.0332749,-0.080520749,0.06605956,0.089091405,-0.034769848,0.13492614,0.048966244,-0.050226625,-0.018721571,-0.089929879,0.016575428,0.070497133
E:\Project\Fake News Detection\images\fake\2999.jpg,fake,train,0.854921043,0.935874701,0.190307349,-0.351528585,-0.088378005,-0.347472131,0.033750258,-0.120734379,-0.016702557,0.078499466,0.007942068,-0.053786844,-0.014471,0.105663925,0.05697199,-0.071523704,-0.031960886,0.071210161,-0.071489833,-0.089936651,-0.015555179,-0.062443729,-0.004826169,-0.014835085,-0.041721243,0.051483203,0.01407148,0.083106443,0.104340389,-0.087171838,0.00591459,-0.087952934,-0.015816705,0.050286468
E:\Project\Fake News Detection\images\fake\300.jpg,fake,train,0.96685344,1,-0.007877913,-0.460747987,-0.228350922,0.01325944,-0.202612638,-0.006137269,-0.140232414,-0.12777102,-0.000746934,0.003108177,0.119125433,-0.076620452,-0.02120968,0.007115988,0.044093005,-0.147878885,-0.017567981,0.002350864,0.096730895,-0.004645873,0.016353518,-0.008102171,0.032387376,0.036340937,0.012659972,-0.010928272,-0.018324975,0.014511533,0.007833137,-0.012889435,-0.009760003,-0.014416173
E:\Project\Fake News Detection\images\fake\3001.jpg,fake,train,0.657563508,0.659890831,0.030282598,-0.314636409,0.270534366,0.229800209,0.057548143,-0.064964585,-0.0789233,0.020806553,-0.031924382,-0.003099905,0.104253933,0.001657706,-0.095152982,0.04481867,0.073118821,0.064542033,-0.024907656,-0.126130566,-0.140229955,0.055278912,-0.200164184,-0.004814719,0.079734743,-0.006978038,-0.03487001,0.010499304,-0.037870482,-0.090747438,0.017757313,0.015851313,0.017303091,-0.048645291
E:\Project\Fake News Detection\images\fake\3005.jpg,fake,train,0.624771774,0.654483795,-0.133387432,0.358942091,-0.162913844,0.181669608,0.080561385,0.236632481,-0.024763577,-0.004628547,0.108536325,0.154416099,0.148570806,-0.124756768,0.026889034,0.022838216,-0.078050636,0.048013311,-0.091973975,-0.035854042,-0.062208004,-0.037925471,0.072064027,-0.003065132,0.044175878,-0.022455068,0.010918014,0.020560335,0.06811703,-0.053229701,0.144485667,-0.008174036,0.010648616,-0.078365661
E:\Project\Fake News Detection\images\fake\3008.jpg,fake,train,0.616013408,0.659938812,0.010164905,-0.065051153,-0.167542189,0.037146918,0.158836201,0.117633604,0.178257436,0.18277356,0.110122219,0.020480219,0.059958301,0.083153509,-0.046170235,-0.0391302,0.096165471,0.02529832,-0.014083358,0.110798582,-0.002047881,-0.120462604,-0.117146723,0.038327828,0.088142231,0.021916013,0.008029158,-0.040141251,-0.109856859,-0.010516238,-0.036602762,-0.062928364,0.106477626,0.005864494
E:\Project\Fake News Detection\images\fake\3016.jpg,fake,train,0.70725888,0.78186965,0.019014884,0.167006433,-0.305721998,0.015581587,0.05663988,-0.140141815,0.040634949,-0.193646267,0.053793762,-0.160053477,-1.68E-05,-0.05448303,-0.071869805,-0.098756246,0.109333105,0.057582203,0.073368631,-0.066214703,0.034923919,0.043857515,-0.019731728,-0.036328372,0.012591385,-0.069850214,0.053716116,0.269984931,-0.003680335,0.070828915,-0.077207513,0.072929285,0.113659225,-0.016106078
E:\Project\Fake News Detection\images\fake\3023.jpg,fake,train,0.905837536,0.956506968,0.454736978,0.214336663,0.177417889,-0.039362822,-0.290857792,0.190640807,0.061128426,-0.005966545,-0.000286897,-0.02726547,-0.136618808,-0.16818513,-0.00319186,0.045863938,0.062588319,0.069021702,0.065512165,0.020936508,0.11654862,0.065953299,0.010253439,0.023448931,0.011468515,0.054608397,0.013928124,0.039122164,0.085637018,-0.037929326,-0.020258114,0.051778097,0.029432412,0.000231493
E:\Project\Fake News Detection\images\fake\3026.jpg,fake,train,0.62688458,0.656886041,0.189295262,0.183235407,0.13044551,-0.043217685,0.073855914,-0.171800345,-0.037789818,-0.106438212,0.05785694,-0.149480939,0.10887257,0.079423457,-0.023975693,-0.033389825,-0.025662348,-0.050901122,-0.074018873,0.058406711,0.010127001,0.077758715,0.148525313,-0.072259076,0.109246552,0.008652209,-0.059928183,0.146395952,0.000974791,0.047599223,0.082557455,0.011499443,0.038587466,-0.093701005
E:\Project\Fake News Detection\images\fake\3032.jpg,fake,train,0.721232057,0.758941889,0.118613742,-0.172195271,-0.261046916,-0.197276458,0.06104641,0.094936877,0.065067157,0.034456346,0.103396721,0.135118619,-0.051228829,-0.02910224,-0.077250034,0.005073533,-0.004615949,-0.088743344,-0.001385172,0.052597664,0.093278505,0.039420951,0.037489753,0.03403087,0.063556634,0.00142219,-0.0697411,0.031658992,-0.047361221,0.054945916,-0.10868144,0.007953951,0.012965989,-0.092540182
E:\Project\Fake News Detection\images\fake\3034.jpg,fake,train,0.870643914,0.921510458,0.224790961,-0.313523978,0.040208001,-0.169346049,0.186165392,-0.015152698,0.223581135,-0.131570891,0.047268271,-0.193994582,-0.083810054,0.00737026,0.052786451,-0.035091899,0.062536806,-0.062115479,-0.035194814,0.016411817,-0.186185285,0.153775275,0.028551145,0.061899841,-0.081866503,0.035070408,0.125500143,0.097077079,-0.090461075,0.008693172,0.015981458,-0.177194431,0.015491945,-0.060754269
E:\Project\Fake News Detection\images\fake\3040.jpg,fake,train,0.548463106,0.587058961,-0.284004986,-0.274684221,0.025980575,-0.062795736,-0.265769213,0.130430371,-0.142407581,-0.10253527,0.001608091,0.037526798,-0.005784987,0.03760875,-0.11894618,-0.06998387,-0.028107923,0.073182501,0.140965611,0.077039376,-0.073223263,0.00999986,-0.066379622,0.037694864,-0.055716146,0.029528929,-0.007053944,0.026695415,-0.008408118,0.034454755,-0.006866836,-0.049080431,-0.024421122,-0.060875203
E:\Project\Fake News Detection\images\fake\3041.jpg,fake,train,0.755592525,0.863502741,-0.062736519,0.089955017,-0.165838525,0.128556967,0.0399106,-0.097545035,0.132369041,0.007399653,0.171597287,-0.042587999,0.122748047,-0.053781278,-0.068841875,0.008988155,0.152500406,0.134006366,0.008368065,-0.078010485,-0.131128445,-0.071754597,-0.193067297,0.121424563,-0.02462163,-0.002947846,-0.199730098,0.003011346,0.047528468,-0.037746765,0.03464935,-0.010630869,0.04716548,-0.101095721
E:\Project\Fake News Detection\images\fake\3042.jpg,fake,train,0.752880216,0.870577693,0.10570091,0.100376837,0.153077528,-0.047601275,0.013851259,-0.136362866,0.031178948,-0.130924821,0.294487029,-0.185421795,-0.024528638,0.182262793,-0.098886415,-0.034352619,-0.020679245,0.028248811,0.097503074,-0.085012145,0.029540665,0.123252101,-0.017375113,-0.028083054,0.022647694,0.130333379,0.172647238,-0.125538856,0.005482698,0.077859879,-0.00839557,0.070376441,0.027305001,-0.031455133
E:\Project\Fake News Detection\images\fake\3043.jpg,fake,train,0.701921105,0.726401329,0.201804459,-0.004477442,0.16483891,-0.112729676,0.131956965,0.225200489,-0.091693625,0.060723715,-0.161210895,-0.213313997,-0.109192647,0.143632382,-0.004979778,0.070565976,-0.101792887,-0.024277668,0.022385424,-0.09497451,0.000113486,-0.271246403,0.010920137,-0.061117105,-0.048765276,-0.039344247,-0.008472379,0.023241948,0.054977722,-0.02642397,0.044857256,0.019180471,-0.03442004,0.068926588
E:\Project\Fake News Detection\images\fake\3044.jpg,fake,train,0.715227783,0.744616866,0.051258557,-0.240100116,0.057657912,-0.275084853,0.114394337,0.007821541,-0.033346035,0.021394579,0.041206997,0.101160593,0.016438166,0.155247316,-0.057256211,0.02618962,-0.022413794,0.138537332,0.02856878,0.010898777,-0.035840031,0.025584733,-0.068356104,0.000232887,-0.05216815,0.000885644,-0.004166933,-0.01564274,-0.031498946,0.015982136,0.070604652,-0.030444685,0.020171631,0.006649258
E:\Project\Fake News Detection\images\fake\3047.jpg,fake,train,0.830657125,0.904026031,0.170963854,-0.439276338,0.03883585,-0.129062116,-0.041527614,-0.10672655,-0.16722475,-0.020870695,-0.013649813,0.066748247,0.097973786,-0.079191796,-0.064352952,0.030909587,-0.049768873,-0.026761612,-0.050048806,-0.039450929,0.004706248,0.013451203,0.004534043,0.002605463,0.010195493,-0.030287635,0.070234768,-0.00806255,-0.046235528,-0.062960982,0.029463148,-0.040714294,-0.072513498,0.035868589
E:\Project\Fake News Detection\images\fake\3049.jpg,fake,train,0.867195725,0.884235919,-0.052926686,-0.460500538,-0.145525023,0.011809319,-0.094085172,0.000558945,-0.090027794,-0.178550914,0.055333,0.073784992,0.134870782,-0.196710661,0.027876703,0.004335898,-0.044042308,-0.203670397,0.016318565,-0.024596395,0.072778933,-0.070080258,0.019129409,0.019148901,0.045813289,0.055449896,0.005915156,-0.030282361,0.030838832,0.038505893,0.009930252,0.036942244,0.01070806,0.001267465
E:\Project\Fake News Detection\images\fake\305.jpg,fake,train,0.783968806,0.861338258,0.188730687,-0.23541078,0.204459608,0.016113553,0.183740765,0.018646646,0.244173393,0.042142283,0.064227201,0.040439095,0.020035949,-0.306148648,0.049645871,-0.000585466,-0.184377626,0.065894291,0.116557322,-0.09518142,0.010618057,-0.025849726,0.028113076,0.016161935,0.103137814,-0.026654782,-0.017944824,0.020240357,0.109822258,-0.045122754,0.023400441,0.120086804,0.011354723,0.100481898
E:\Project\Fake News Detection\images\fake\3050.jpg,fake,train,0.886022091,0.908851683,0.162954703,-0.18941021,-0.380319566,-0.159411252,0.066196568,0.061764181,0.045149785,0.186451882,-0.003530873,0.051543392,-0.05362092,0.06267193,0.092842348,-0.022382822,0.072532609,-0.003117862,-0.008962235,0.127494827,-0.007584656,0.023956835,0.017447449,-0.02542785,0.004713053,0.048999228,-0.011778159,-0.091218017,-0.044362545,0.054338515,-0.056637067,0.086042397,0.032579836,-0.01903433
E:\Project\Fake News Detection\images\fake\3051.jpg,fake,test,0.757167935,0.809252083,-0.087044843,0.065235153,-0.007242799,0.111164868,0.057697978,-0.170446068,-0.058328271,-0.056528218,-0.038361114,0.098652676,-0.085206434,-0.07396403,0.059254616,0.060589463,0.053016253,-0.02846632,0.005087394,0.021343693,0.017796665,-0.083264902,0.048633069,0.053679071,-0.026698157,-0.014718078,0.068853386,-0.007949099,-0.110333785,0.09821181,-0.021610685,-0.078299575,0.074570373,-0.116285138
E:\Project\Fake News Detection\images\fake\3056.jpg,fake,train,0.988217473,1,0.253917515,-0.417351872,-0.082708575,-0.338077694,0.089049526,-0.084848277,-0.034045294,0.044265062,-0.02277682,0.051981844,0.048495565,-0.035757124,-0.06865418,0.029813774,-0.039049972,0.029877031,-0.010474381,-0.048768587,0.013368868,0.038896441,0.041770682,0.018349342,-0.004093759,-0.074083515,-9.14E-05,0.021576619,-0.00356326,-0.011533957,0.039714139,-0.025896763,-0.003442762,0.058773335
E:\Project\Fake News Detection\images\fake\3068.jpg,fake,train,0.76388514,0.925706565,-0.062234424,-0.129065186,-0.413872957,-0.076470926,0.156691849,0.160035267,-0.051992454,-0.08043348,-0.081553742,-0.046282325,0.013848781,0.006050292,-0.008322029,0.0179797,-0.075354032,0.157472998,0.017475,-0.09449172,-0.084146366,0.035993379,-0.001669925,0.118055314,-0.053056628,-0.030793527,-0.026405256,0.063713342,0.074239597,0.010784519,0.05671753,-0.012982666,-0.052565515,-0.040123288
E:\Project\Fake News Detection\images\fake\3072.jpg,fake,train,0.623166502,0.67643714,-0.071683466,0.11147622,0.186361372,-0.11671932,0.067320675,-0.012636572,-0.006808109,-0.140966862,0.283998519,-0.055625018,0.036640786,0.112058036,-0.276057005,-0.040855307,0.001793406,0.172710329,0.014978514,-0.245608792,-0.059680905,0.043735161,0.038102236,-0.002426406,-0.014135513,0.127884164,-0.034432985,-0.179483682,-0.141259253,-0.036943529,-0.01038742,0.010117852,0.11719311,-0.054599907
E:\Project\Fake News Detection\images\fake\3076.jpg,fake,train,0.694082797,0.737873316,-0.271803349,0.038593758,0.247056782,-0.16827631,-0.02969823,0.080123015,0.089244522,-0.02103048,-0.164865017,0.208710968,0.044992235,0.082297705,0.132472634,-0.103263102,0.13158071,-0.095357895,-0.042965468,-0.177820712,0.060597621,0.048384015,0.019415243,-0.024379957,0.007772206,0.034457579,0.056245659,-0.017551117,-0.074936189,-0.138425678,-0.087493539,-0.023714989,-0.027132491,-0.058641389
E:\Project\Fake News Detection\images\fake\3081.jpg,fake,train,0.579068184,0.664252877,-0.145212531,-0.009615891,-0.00246754,-0.103969686,0.066233687,-0.058302447,0.118684798,-0.104026288,-0.12030147,-0.152565002,-0.000826432,0.036875486,-0.105220713,-0.084269084,0.268358111,0.159036055,0.095008805,0.037941344,-0.12246225,-0.193093956,0.075789019,0.139925703,0.165882245,0.036220122,0.006449478,0.068583541,-0.083211087,-0.007561699,-0.158221394,-0.074325033,0.02678192,0.206314981
E:\Project\Fake News Detection\images\fake\3092.jpg,fake,test,0.953419089,1,0.455560535,0.210270107,0.185967565,0.017967209,-0.222263396,0.202314824,-0.008319525,0.061772108,0.093887493,0.01265005,-0.081202157,-0.199239984,-0.000337095,-0.038532894,0.058594912,0.109810501,0.079805195,-0.001345739,0.127886057,0.051022962,-0.013788477,0.011254087,0.080179974,0.019090971,-0.011334194,0.047701538,0.07767754,-0.09735395,-0.020158075,-0.010179333,0.038003907,-0.000545792
E:\Project\Fake News Detection\images\fake\31.jpg,fake,train,0.932287872,0.990973175,0.178170383,-0.509066343,0.025228089,-0.106501423,-0.149650544,-0.075218506,-0.168409109,-0.060976017,-0.043143701,-0.001399303,0.15849714,-0.055834576,-0.05899252,0.004546385,-0.024525924,-0.053786293,-0.006741448,-0.06236171,-0.00716533,0.066183992,-0.018014219,0.033559043,0.02579651,-0.046371896,0.0591987,0.013639596,-0.033196513,-0.035223931,0.019325478,0.034614947,-0.048808187,0.001770152
E:\Project\Fake News Detection\images\fake\3102.jpg,fake,train,0.909305453,1,0.470912337,0.118954659,-0.011572666,-0.18167308,-0.165337756,0.019409992,-0.282625824,0.087515421,0.08972007,0.045815818,-0.097385176,-0.070695929,0.102943845,-0.094145373,-0.047109477,0.043367945,0.028924448,-0.00525046,-0.022619491,-0.058640067,-0.009027198,-0.005252569,-0.028591143,0.037891287,0.033632655,0.032919951,0.022246374,0.005080425,-0.055936128,0.012997035,0.023146387,-0.010444376
E:\Project\Fake News Detection\images\fake\3123.jpg,fake,train,0.636671901,0.710939527,0.209128708,0.151604906,0.137179643,0.007377532,-0.145024553,-0.152489871,0.221418738,-0.024663242,-0.094388366,-0.079361685,0.169866204,0.02955707,0.05056031,0.19901748,-0.042022932,-0.082872234,-0.12927933,0.001975279,-0.155321479,0.041823886,0.134083837,0.026126821,-0.030829448,0.046167191,-0.123889498,0.017575633,-0.047344781,0.098440461,-0.090484411,0.038335081,0.003490432,0.080027141
E:\Project\Fake News Detection\images\fake\3127.jpg,fake,train,0.648686111,0.682486176,0.165683225,0.132444665,0.144770488,0.077696905,0.059900798,-0.15982607,0.054320909,0.038856033,0.015999191,0.018355167,0.079971872,-0.07282865,-0.000467852,-0.071632005,-0.076619789,-0.148526609,-0.007454169,0.117560096,0.044338167,0.08578819,0.039466247,0.025424244,-0.001586691,0.001967094,0.019381106,-0.062331859,-0.000760738,-0.037196249,-0.052143052,-0.121034816,-0.062653556,-0.074391618
E:\Project\Fake News Detection\images\fake\3129.jpg,fake,train,0.689600527,0.702503085,0.303619444,0.173488244,0.042181324,0.082424618,0.062962778,-0.103920914,0.056935329,-0.12060193,-0.031103777,-0.004678354,0.008815806,0.032727446,0.00323817,-0.018464001,-0.069292329,-0.133034989,-0.036585774,-0.032617755,0.014137466,0.11894992,-0.034714334,0.072253183,-0.030547632,0.033453804,0.084585615,-0.070508122,0.030576002,-0.015569062,-0.032952007,-0.15512307,-0.188377157,0.046303768
E:\Project\Fake News Detection\images\fake\3132.jpg,fake,test,0.999999881,0.99999994,0.139076576,-0.260736465,-0.391322047,-0.284886301,0.071233861,0.027983308,0.05957298,0.104333036,0.054903772,0.130119845,0.031384256,0.021848477,-0.050033484,0.015772749,0.034144644,-0.050536424,-0.014656667,0.083719894,0.089386761,0.03054839,0.018569916,-0.000610374,0.059877098,0.00848053,-0.036320791,-0.009991035,-0.021297596,0.021761969,-0.037952468,-0.026773497,-0.01507172,-0.057646401
E:\Project\Fake News Detection\images\fake\3134.jpg,fake,test,0.636671424,0.73418057,-0.225811362,0.028112672,0.195474952,-0.044775609,-0.10438624,0.052667875,0.104752824,0.027149992,-0.117075801,-0.025537759,-0.092179142,-0.12168996,0.063557148,-0.021471072,-0.137415558,0.069280416,0.037435599,0.065974578,0.020770922,0.038473964,0.070544876,-0.0256152,0.083383709,0.026713938,0.055363141,0.00903786,0.018402807,-0.062641367,0.02693649,-0.021904578,-0.062335528,-0.127128005
E:\Project\Fake News Detection\images\fake\3139.jpg,fake,train,0.687182307,0.748226345,-0.051653858,0.051561564,-0.069314472,-0.074717544,0.035143778,-0.185611129,0.008921914,-0.141952619,-0.072465666,-0.161592811,0.058322918,-0.081997886,-0.123794943,-0.187591061,0.281159699,0.117660113,0.089304119,0.043027602,-0.184472919,-0.149696395,0.086278439,0.048090715,0.129544184,0.0078519,0.033457927,0.035251651,-0.015911778,-0.00431964,-0.106273152,-0.131908402,-0.012232628,0.136208937
E:\Project\Fake News Detection\images\fake\314.jpg,fake,train,0.772110999,0.792264462,0.243833542,0.292743266,-0.020924672,0.020905478,-0.276488483,0.230944008,0.108307116,-0.158193633,-0.034399662,-0.01126289,-0.137043163,0.036955524,-0.002820638,0.247693181,0.04794858,0.016254449,-0.019198049,-0.031168565,-0.052694593,-0.086082026,-0.001062682,0.043202508,-0.074363887,-0.031008346,-0.007759619,-0.003647188,0.057007272,0.082731627,-0.032705683,-0.011586772,-0.06615442,-0.058896046
E:\Project\Fake News Detection\images\fake\3140.jpg,fake,train,0.613132596,0.644602776,0.146580666,0.101885751,0.191227585,-0.034627859,-0.164882854,-0.041419853,0.237973988,-0.131347179,-0.099939033,-0.039323572,0.074820228,0.094818875,-0.020535238,0.235223532,-0.151564389,0.023646343,0.035386454,-0.059245043,0.048688404,-0.09624552,-0.069788821,0.076623119,-0.091380231,0.036518876,0.025602739,-0.01457721,-0.086427093,0.019210933,-0.009938027,-0.093234263,0.024155375,-0.006735325
E:\Project\Fake News Detection\images\fake\3146.jpg,fake,train,0.7204175,0.78839469,-0.252777219,0.039307501,0.205274656,-0.023146646,-0.056651667,-0.024768086,0.054949224,-0.128493398,-0.013603546,0.203878284,0.081419662,0.185958028,0.293183059,-0.012870001,0.118449464,0.125658005,0.067089379,-0.145106241,0.160020232,-0.044191625,0.127862275,0.106182821,0.009243263,-0.036956616,-0.021639204,-0.076694734,-0.008772843,0.088092901,0.103037372,-0.056337323,-0.013397065,-0.028423473
E:\Project\Fake News Detection\images\fake\3167.jpg,fake,train,0.898578286,0.925403833,0.071876854,-0.162124962,0.124381274,0.033262953,0.431964397,0.078253262,0.32178247,-0.203147188,0.126949623,-0.09875036,-0.107195124,-0.193246171,0.111436106,-0.015455198,-0.080705486,-0.184746623,-0.018377241,0.012835433,-0.175559655,0.070522599,0.048148297,0.069563486,-0.052600618,0.104571588,0.080468602,0.033027247,-0.004923913,0.028282708,-0.007563551,-0.033388913,0.066339195,-0.047557145
E:\Project\Fake News Detection\images\fake\3168.jpg,fake,test,0.944247067,1,-0.099632546,-0.295524091,-0.000244141,0.479316503,-0.114267185,0.046939608,-0.059135228,0.201459602,0.049691696,-0.081886351,0.000797092,-0.080310836,0.066364422,-0.007242411,0.015274517,0.002594292,-0.065835387,-0.038011953,0.047600955,-0.081853323,0.053399637,0.016058996,-0.042395957,0.015887791,-0.035334654,-0.017399848,-0.067356713,0.049461827,-0.034696445,-0.012111434,-0.037981123,0.034705035
E:\Project\Fake News Detection\images\fake\317.jpg,fake,train,0.718870342,0.753490925,-0.141534269,0.300983042,-0.191785783,0.069926009,-0.024490135,0.205723777,0.026259655,-0.007224473,-0.244556934,0.038174074,0.147838846,0.116902426,-0.056114405,-0.081015259,-0.098787218,-0.039770059,0.153875098,-0.047874957,0.013021671,-0.195236862,-0.002358285,-0.041186295,-0.041289762,0.083538696,-0.012220675,-0.069823377,0.030522581,-0.009765987,0.006320843,-0.04906445,-0.025811328,0.039478198
E:\Project\Fake News Detection\images\fake\3176.jpg,fake,test,0.671361744,0.732219338,-0.263514459,0.006658271,0.244354904,-0.040087376,0.030575637,0.060182668,0.100518763,-0.202879503,-0.074021503,0.129425526,0.129890949,0.089852385,0.224891394,0.012994576,0.109764703,0.101449423,0.094151124,-0.081897631,0.187398404,0.083337985,0.134043694,0.069025591,0.009756759,0.060467649,0.071792357,-0.055318326,-0.083447859,-0.07383503,-0.023589112,-0.208929062,0.007935293,0.004736193
E:\Project\Fake News Detection\images\fake\3181.jpg,fake,train,0.654929638,0.703922868,0.057451557,0.070874527,0.307874799,0.023278577,-0.078768663,-0.010591782,0.351957679,-0.164006665,0.138094679,0.164929807,0.068452917,-0.085947149,0.04168313,-0.043419287,-0.078970306,-0.012412854,0.106312163,-0.036697421,-0.031238003,-0.056318469,0.036074158,-0.036306635,-0.079354681,0.00067223,-0.058975369,-0.108925745,0.039211169,0.007580568,0.021316921,0.037419379,0.017623411,0.035824556
E:\Project\Fake News Detection\images\fake\3192.jpg,fake,test,0.627881706,0.653820992,-0.052439254,-0.036739402,0.373099416,-0.089929089,0.13742426,0.050559949,0.036863118,-0.152342066,-0.046054106,0.096994117,0.157721132,0.158883363,0.165779576,-0.109070152,0.117596313,0.059111699,-0.123704642,-0.134879425,0.033737421,-0.016317297,-0.011945026,0.012388431,-0.082825527,-0.011251111,-0.132071182,0.139338642,-0.084550351,-0.033443712,-0.104639575,0.1409024,0.036141548,0.020741194
E:\Project\Fake News Detection\images\fake\3193.jpg,fake,train,0.745050311,0.756268144,0.009745582,-0.111989424,0.039310947,0.291701704,0.152816534,-0.05495099,-0.037672985,0.179585576,-0.095305502,-0.009460064,-0.1711438,0.075679965,-0.111952297,0.053351767,0.056954272,-0.148645863,0.09699446,-0.082685061,0.047263741,0.043331355,0.042039689,0.011680104,0.093646519,-0.133750871,-0.046713695,-0.025092632,-0.013227239,0.056970384,-0.012855319,0.011468254,-0.024662429,-0.017497385
E:\Project\Fake News Detection\images\fake\320.jpg,fake,test,0.669018865,0.691354871,-0.09375605,-0.110734336,0.146332994,0.2225869,-0.006181676,0.042472042,-0.069592364,-0.022888796,-0.201447114,0.044733562,-0.129279405,-0.063213348,-0.081437081,-0.066332445,-0.080315456,-0.062880695,0.127897784,-0.165349767,-0.138530999,-0.016511936,0.006614351,0.02533789,0.076167658,-0.198284179,-0.055190235,0.039930008,-0.081831411,0.174515054,0.008364525,0.016229624,-0.02053275,-0.102454267
E:\Project\Fake News Detection\images\fake\3204.jpg,fake,test,0.632335663,0.663584352,0.141095936,0.092830852,0.130114853,0.086567163,-0.027261708,-0.135095924,0.013721798,-0.042668492,0.188538074,0.045219801,-0.097919524,-0.019027214,0.028200779,-0.080253959,-0.079381287,0.055105403,0.148788705,0.041645035,-0.022409167,-0.013689389,0.02452476,-0.140175238,-0.005240694,0.062062703,0.028357221,-0.092054367,-0.077212468,-0.091777474,0.05238156,0.134296089,-0.089830585,0.066614218
E:\Project\Fake News Detection\images\fake\3208.jpg,fake,train,0.822305024,0.917220831,-0.062568866,-0.180166453,-0.375472307,-0.206848606,-0.196371064,0.130536094,0.195686609,-0.106740952,-0.022636393,0.011018155,-0.054298386,0.039387926,-0.042246424,0.20875448,-0.02477313,0.07114096,0.03174324,-0.105814561,-0.029163737,-0.08824382,-0.001249543,0.058971137,-0.059098866,-0.045408722,-0.064797617,0.015761033,0.007687493,0.040541645,0.052149612,-0.075189508,-0.080901533,0.006741464
E:\Project\Fake News Detection\images\fake\3214.jpg,fake,train,0.798062921,0.805557609,0.208791852,-0.275651753,0.229567274,0.173853561,-0.004048375,0.049957138,-0.175951794,-0.043495759,-0.178784519,-0.063216209,0.104439534,-0.005285849,0.015289963,0.013597358,-0.02620542,0.005620101,0.001496939,-0.081591345,-0.044343073,0.087446816,-0.045727,-0.022079596,0.100766182,-0.070003688,0.04512823,-0.001823993,0.024881324,0.005007681,-0.044284843,0.056594055,-0.057964034,-0.037130971
E:\Project\Fake News Detection\images\fake\3223.jpg,fake,train,0.719881475,0.809230328,-0.00179797,-0.075819373,-0.006220169,0.026025843,0.23146306,-0.104223266,-0.002925896,0.065960318,-0.141003489,0.072638512,-0.141004682,0.156877398,-0.126087263,0.14424862,0.017658159,-0.193552241,0.005655988,-0.08655791,0.109560087,0.072782516,-0.068524309,0.03579196,-0.040160283,0.011468146,0.001012347,0.151219308,0.080427401,-0.140664384,-0.1427432,0.016591476,0.110156275,0.039832152
E:\Project\Fake News Detection\images\fake\3227.jpg,fake,train,0.727235913,0.819535971,-0.073008835,-0.163394168,0.339732349,-0.000821516,0.042047299,-0.028976914,0.024001166,0.022024764,-0.074311279,0.101820275,0.11943607,0.086121239,0.040535208,-0.090429001,0.181801096,-0.052969772,-0.12262816,-0.307864726,0.033654355,-0.057759643,-0.157017842,-0.06676773,-0.133301839,-0.04024322,-0.125071287,0.068238556,-0.017154502,0.035211395,-0.01120585,0.074798621,-0.006685085,-0.034015398
E:\Project\Fake News Detection\images\fake\3238.jpg,fake,test,0.633684635,0.707281768,-0.123902909,0.170111522,-0.29452607,0.006986983,0.065224245,-0.019288663,0.085829593,-0.196549758,0.088041991,-0.206602111,0.069459163,-0.034726281,-0.013580946,-0.206059992,0.207410872,0.085666507,0.124859303,-0.07616955,-0.127993301,-0.059082516,0.037792601,0.018504851,0.087110117,0.013875749,0.023063404,0.065298475,0.030048706,-0.024839073,-0.004645534,0.007898102,0.048573509,-0.079128914
E:\Project\Fake News Detection\images\fake\3239.jpg,fake,train,0.653195262,0.677931428,0.02968118,0.028533954,0.222795933,0.116340615,-0.046309855,-0.078473277,0.121670417,-0.069170818,0.105645925,0.271543026,0.072648749,0.146553144,0.052002449,-0.060548998,0.02648641,0.126564875,0.117384702,-0.15604791,0.04361796,0.020772295,-0.043163903,-0.024400244,-0.043433603,-0.037123866,-0.007758874,-0.079074204,-0.071433865,0.002531009,0.071273185,-0.066794343,-0.050603118,-0.087292477
E:\Project\Fake News Detection\images\fake\324.jpg,fake,train,0.939714909,1,0.020327333,-0.363824904,-0.208493263,0.128907621,-0.242338493,0.028536886,-0.176522613,-0.019626059,-0.085404173,-0.073305324,0.014826218,-0.049292825,0.12852259,-0.035579309,0.068659969,-0.070488237,-0.014038906,0.048758086,-0.014787386,0.008067357,0.03245528,-0.039413776,-0.032908641,0.075311117,0.040777165,-0.0888317,-0.031558853,0.067073405,-0.005254912,0.11589925,0.056921907,0.040037971
E:\Project\Fake News Detection\images\fake\3242.jpg,fake,train,1,1,0.139076456,-0.260736436,-0.391322196,-0.284886181,0.071233682,0.027983313,0.059572916,0.10433358,0.054903816,0.130119488,0.03138528,0.021851171,-0.050032116,0.01577042,0.034144547,-0.050538857,-0.014661012,0.083717883,0.089406878,0.030575354,0.01854733,-0.00053337,0.059861362,0.008475258,-0.036444563,-0.009990639,-0.021242376,0.021776382,-0.038204715,-0.02684553,-0.015056755,-0.057966031
E:\Project\Fake News Detection\images\fake\3243.jpg,fake,test,0.905890465,0.932308793,0.035197571,-0.334967524,-0.100737102,-0.196433723,0.243443146,0.049630798,0.138514549,-0.091098793,0.096704647,0.15849255,-0.002844406,-0.187625617,0.042742185,0.010401957,-0.129534587,-0.103941515,0.036130238,-0.005547434,0.021494679,-0.129199728,0.058928143,0.028656658,0.033665672,0.072299786,-0.025441682,-0.02423577,0.05538737,0.072808653,0.042431075,0.039271697,0.042596616,0.031978924
E:\Project\Fake News Detection\images\fake\3245.jpg,fake,train,0.74596107,0.785450935,0.069740079,-0.148930892,-0.208966315,0.009413166,0.193722472,-0.074559987,0.041504275,0.069709592,-0.095634416,-0.137380287,-0.097186424,0.048838861,0.114463225,-0.057479769,0.089673623,0.145295158,0.021610275,0.018041721,-0.051035859,-0.013735236,-0.030820798,-0.066989139,-0.015148322,-0.009158031,-0.084213644,-0.082853168,0.12883091,0.0279481,-0.026852043,-0.015380193,0.01149166,-0.108587153
E:\Project\Fake News Detection\images\fake\3246.jpg,fake,train,0.74269408,0.844981432,0.189952508,-0.053299565,-0.1795706,-0.117746033,0.079494387,0.11388588,0.128685907,0.058808923,0.110544719,0.001139497,-0.153666988,0.016221007,-0.021506567,-0.035401467,-0.07245747,0.005421119,0.102245964,0.049063582,0.164388686,0.065391578,-0.015134463,-0.071137697,-0.005411391,-0.045675702,-0.004373086,-0.012448549,-0.018434698,0.073254153,-0.079908922,0.109156057,-0.069275253,-0.105120413
E:\Project\Fake News Detection\images\fake\3255.jpg,fake,train,0.724391103,0.769572616,0.122366183,0.007772244,-0.004327731,-0.155281007,-0.166003972,-0.292238653,0.000960034,0.046134029,0.025161998,-0.013213946,-0.019479899,0.161749199,0.160522312,-0.08580675,-0.109420732,0.023474023,-0.060865149,-0.077726118,-0.112541959,-0.084594876,-0.131580412,-0.01271605,0.028877029,0.154702067,0.062695198,0.007730271,0.142801121,-0.080357842,-0.033628054,-0.048326619,-0.065880597,-0.042985361
E:\Project\Fake News Detection\images\fake\3261.jpg,fake,train,0.905985057,0.908351302,-0.075060077,-0.416537791,-0.181284368,-0.037509117,-0.236163557,0.010501266,-0.098497942,-0.143338963,-0.001806755,0.068202659,0.092720427,-0.004400951,-0.022018522,0.00180062,0.008687231,-0.090395316,-0.008784004,0.047700252,0.079811677,-0.022410242,0.014660235,0.036423024,0.048169203,0.014252869,0.035078403,-0.011021059,-0.011138217,0.011835311,0.012591809,-0.004088041,-0.023828657,-0.046341561
E:\Project\Fake News Detection\images\fake\3269.jpg,fake,test,0.746394396,0.823489904,0.009445213,0.005277403,0.181197971,0.152665734,0.005690043,-0.168508515,0.046436094,0.071273617,0.152191222,-0.044016324,0.136037081,0.047312893,-0.087803513,0.024312928,0.133054882,0.134514436,0.045209009,-0.030397862,-0.191528216,-0.019575715,-0.210031867,0.022685286,0.056219801,0.025580226,-0.191636682,-0.042064846,0.011068322,-0.025218897,0.059410416,0.00416057,0.071863115,-0.075777464
E:\Project\Fake News Detection\images\fake\3275.jpg,fake,train,0.711701691,0.729551911,-0.123545676,0.105149254,-0.324552685,-0.146440551,-0.202678919,-0.0155186,-0.000576042,-0.075402051,0.15014641,0.140083805,-0.036290705,-0.005728332,-0.051624749,-0.043427542,-0.11038316,-0.013810398,0.138703242,-0.038084514,0.011473153,-0.032214381,-0.050180111,0.065070279,-0.016720423,0.056054551,0.019504476,0.09920831,-0.045046415,0.086419195,0.025429139,0.047608837,-0.116191216,-0.036399186
E:\Project\Fake News Detection\images\fake\3277.jpg,fake,train,0.905584455,0.945956409,0.407495171,0.205386549,0.196211711,0.025898121,-0.231337875,0.210848302,0.008734243,0.047332384,0.101146176,0.02300062,-0.084234379,-0.158090353,-0.003688988,-0.036605749,0.048832543,0.112749167,0.080590352,0.010022462,0.122398011,0.022593493,-0.028741535,0.02626716,0.086848065,-0.004474311,-0.016076574,0.057131775,0.082458884,-0.086954176,-0.014815588,-0.022473786,0.029460542,0.012580027
E:\Project\Fake News Detection\images\fake\3278.jpg,fake,train,0.870894313,0.902562678,0.393448859,0.083147503,0.08590553,-0.249041736,-0.133213207,0.100295626,-0.309331715,-0.054484472,0.090000413,0.150185004,-0.094351672,-0.047311068,-0.055422183,0.001671323,0.015588731,-0.113655105,0.026906323,-0.036658306,0.03717833,-0.064619593,0.029247036,0.096665978,0.047421139,-0.049413949,-0.029620947,0.052478593,-0.056309763,0.039599705,-0.05824231,-0.051660102,-0.023807704,-0.069256656
E:\Project\Fake News Detection\images\fake\3281.jpg,fake,train,0.733617127,0.757627249,-0.000937374,-0.065390885,-0.048643306,0.280706108,0.056230884,0.187906429,0.246654123,0.189709336,0.056760523,0.138992831,-0.010352707,0.05647641,-0.035691902,-0.089589261,0.065555774,0.017917793,-0.050489429,0.052111808,-0.037065484,0.02531391,-0.020896595,-0.051958557,0.079814129,1.19E-05,0.035367157,-0.064849213,-0.013390554,-0.011451905,-0.063812368,-0.005391967,0.061617553,-0.051128212
E:\Project\Fake News Detection\images\fake\3288.jpg,fake,train,0.800722957,0.813828111,0.037704829,-0.331110835,-0.226670206,-0.186015755,-0.079184853,-0.080978565,-0.043919381,0.067541063,0.002822307,-0.068137221,-0.065237202,0.086379029,0.090910628,-0.086871043,-0.024236808,0.030008946,-0.093331546,-0.085422978,0.00881632,-0.10184294,-0.011718167,-0.043079875,-0.056359857,0.132814154,0.012525084,0.070377819,0.080955721,-0.067833327,-0.038314305,-0.078572094,0.00029548,0.013047954
E:\Project\Fake News Detection\images\fake\3289.jpg,fake,train,0.761407912,0.854296923,-0.019149158,-0.120453529,-0.100488275,-0.033905521,0.305118203,-0.043868076,0.03348757,-0.002271931,0.01283469,0.012266083,-0.1770982,-0.157494009,0.08983358,0.084005147,-0.033165779,0.014713275,0.037301026,0.041558344,0.004004977,-0.076615468,0.052997775,-0.066492982,-0.0770372,-0.000521668,0.025803752,-0.18768914,0.022645431,-0.086156875,0.127670079,0.122738734,0.087361924,0.043306798
E:\Project\Fake News Detection\images\fake\3294.jpg,fake,test,0.825298607,0.845653653,0.33015123,-0.007191367,0.1490089,-0.0957807,0.187160611,0.267470092,-0.185624138,0.003284821,-0.118475124,-0.073394507,-0.095850497,0.040598221,0.005463826,0.035211626,-0.045010336,0.0722626,0.023100961,-0.032937542,0.016649738,-0.044316396,-0.028686676,-0.052685305,-0.044858743,-0.036254518,0.051393472,0.031952985,0.012921512,0.01998885,-0.012889989,0.016396077,-0.026130743,0.037359074
E:\Project\Fake News Detection\images\fake\3295.jpg,fake,train,0.834926009,0.864078522,0.322282523,0.105008014,0.107779458,-0.290707916,-0.156995952,0.116624787,-0.310655236,-0.065995269,0.197906956,0.157271191,-0.049656391,-0.000842958,-0.065682851,0.014342413,-0.009093008,-0.012049162,-0.030381354,0.005931897,0.040116075,-0.055380646,-0.015465055,0.085157186,0.075278305,0.060901102,0.027688053,0.018758066,-0.056941669,0.016079204,-0.028048892,-0.078995869,0.010583224,-0.037463866
E:\Project\Fake News Detection\images\fake\3299.jpg,fake,train,0.897953331,0.947125137,-0.028937588,0.192957565,-0.337910533,0.029958013,0.086050481,0.05670251,0.003840257,-0.126526713,0.139283955,-0.127081379,-0.090889625,-0.006238737,0.041793842,-0.07815925,0.14469865,-0.110661663,0.115237288,0.053848732,0.088208467,0.183790013,-0.05220275,-0.023351844,0.024708845,-0.125782549,-0.060568497,-0.033149503,-0.153198093,-0.053303536,0.1392418,0.016032359,-0.167396009,0.064874284
E:\Project\Fake News Detection\images\fake\3301.jpg,fake,train,0.954643846,0.999999881,0.139833495,-0.255185932,-0.368812382,-0.277204394,0.087490425,0.020386996,0.060884934,0.092362814,0.082857542,0.0971478,-0.030178776,0.00627563,-0.051350381,-0.023736952,0.006395175,-0.040319543,0.050228901,0.076270446,0.112778917,0.024061559,0.035175137,-0.034129228,0.023643333,-0.010417153,-0.042257432,-0.013639476,-0.007467424,0.04341073,-0.058129635,0.02092733,-0.031935595,-0.045340039
E:\Project\Fake News Detection\images\fake\3303.jpg,fake,train,0.85234803,0.884605885,0.250229597,0.143755347,0.059222024,-0.000576302,-0.199727774,-0.134333834,0.262866169,-0.007866972,-0.09462411,-0.106512271,0.110490538,0.042317569,-0.020743037,0.199627444,-0.013918296,-0.045823608,-0.099557213,0.029807447,-0.109522782,0.022251695,0.15254952,-0.003175014,-0.026906947,0.00161594,-0.093622059,-0.033227548,0.022828963,0.072623566,-0.061689526,0.035228092,-0.052325532,0.005200041
E:\Project\Fake News Detection\images\fake\3305.jpg,fake,test,0.803899944,0.816137195,-0.072809301,-0.297278345,-0.001304515,0.392051131,-0.097479388,0.019309511,-0.068438902,0.057062708,-0.008493779,-0.02879592,0.013709184,-0.072134532,0.097798899,0.035440341,0.04701253,-0.050253749,-0.043929454,-0.030828252,-0.010582365,-0.059012637,-0.023354508,-0.063647449,0.045268685,0.028375521,0.030604469,0.002673239,-0.001249902,0.004943825,-0.017682843,-0.036190279,-0.004520558,-0.011236235
E:\Project\Fake News Detection\images\fake\3315.jpg,fake,train,0.753901899,0.772983909,-0.084873654,-0.133929417,-0.036135256,0.172570765,-0.01549756,-0.102995105,0.017610166,-0.123221628,0.065053247,-0.134055272,0.162484899,-0.083226971,-0.085404523,0.013067252,0.18162854,0.041199122,0.046151508,-0.03784005,-0.096707404,-0.066349849,-0.128810138,0.068323225,-0.058243666,0.026814358,-0.215165958,-0.004221852,0.066610828,-0.018356076,0.025255924,0.056413725,0.061980616,-0.086594313
E:\Project\Fake News Detection\images\fake\3320.jpg,fake,train,0.829902291,0.832758129,0.378229618,-0.184163749,0.259083807,0.188752472,0.017103288,0.232590899,-0.213256001,0.041774385,-0.002963312,-0.089764446,0.079474568,-0.014255713,-0.007644779,0.01223885,0.076657116,-0.021044834,-0.055555139,-0.050654992,-0.049883243,-0.008268423,-0.098660588,-0.001769447,0.08996179,-0.045313992,0.084115908,0.020838816,0.01214697,0.006925896,0.006650006,0.015466048,-0.021483133,-0.027022639
E:\Project\Fake News Detection\images\fake\3321.jpg,fake,train,0.776162148,0.805926502,0.224130064,0.171056673,0.036221765,0.022517337,-0.021565063,-0.151521832,0.137020126,0.094439559,-0.240027711,-0.039559994,0.221834183,-0.080386564,-0.095745355,-0.000348677,-0.077733308,-0.098250546,-0.000863915,0.089009412,0.10246551,-0.018147884,-0.142005593,0.099090114,-0.178068772,-0.031834409,0.0763359,-0.037565868,-0.091899805,0.020537574,0.046971381,0.01555245,0.038570113,-0.009837568
E:\Project\Fake News Detection\images\fake\3332.jpg,fake,train,0.752749145,0.814171791,0.124515615,-0.153891206,-0.020209434,-0.029867973,0.283422828,-0.015466564,0.16109392,-0.132041037,0.057982616,-0.208877087,-0.136372522,0.060323197,0.042140197,-0.021855753,0.066148117,-0.062845148,-0.046386685,0.024939641,-0.031195039,0.143170789,-0.01191342,-0.008335469,-0.030207396,0.006363503,0.045265567,0.060024858,0.042003542,-0.011485782,0.028770359,-0.088853084,-0.015204841,-0.07606598
E:\Project\Fake News Detection\images\fake\3335.jpg,fake,train,0.709469378,0.735901952,0.329937488,0.238384068,0.136748448,-0.065494843,0.04626745,-0.020616923,-0.215282574,-0.043617807,-0.016206399,-0.022447983,0.114134721,0.014647252,0.035932347,-0.043648645,0.003896748,-0.026254427,-0.15791823,0.106713437,-0.026976852,0.117818519,0.179973662,-0.001913129,0.038560927,0.089046851,-0.149532393,-0.002734165,-0.018004742,-0.091385566,0.14286682,0.003557567,-0.01434595,-0.057699386
E:\Project\Fake News Detection\images\fake\3346.jpg,fake,train,0.912149549,0.952339888,0.18904525,-0.255779237,-0.371236205,-0.267492473,-0.057074264,0.045072019,0.228234515,0.040949356,0.015047138,0.054471415,-0.011946378,0.008800327,-0.055135582,0.145642176,0.049087659,-0.063495301,-0.018700542,0.058064435,0.062886022,-0.036261205,0.032681786,-0.002645414,0.010367574,-0.008780999,-0.090177275,-0.044179481,-0.027501307,0.023040224,-0.04153043,-0.058750089,-0.000557033,-0.018240949
E:\Project\Fake News Detection\images\fake\3350.jpg,fake,train,0.696345985,0.767874122,0.115722828,0.147049576,0.037300274,0.026193451,0.018515216,-0.296987355,-0.112562947,0.19720751,-0.005216073,0.161089435,0.048639249,0.055212315,-0.001789281,0.024462866,0.00732349,-0.194812149,0.144311264,0.016825318,-0.01665014,0.040829021,-0.016427379,0.104486242,-0.02249983,-0.012807525,-0.01634589,-0.053593993,0.045330022,-0.084853776,0.026459154,0.034312822,0.103268869,0.157025263
E:\Project\Fake News Detection\images\fake\3360.jpg,fake,train,0.767935812,0.789680719,0.121100962,-0.094990931,0.24056299,0.118190169,-0.142559946,0.120933495,0.289635897,0.08680553,0.013564004,0.077635452,-0.090867922,-0.038290486,-0.062402125,-0.065224923,-0.020861724,0.228774592,0.148077726,-0.019229777,0.071762115,0.09221983,0.008954144,-0.02277022,0.097166382,0.033034947,0.041773669,0.113124482,0.03709916,-0.064573929,0.02385837,0.025383236,0.04354804,0.090585455
E:\Project\Fake News Detection\images\fake\3368.jpg,fake,test,0.797137558,0.905374169,0.024306044,-0.333499819,0.212823242,0.29552117,0.052438546,-0.111904636,-0.095682144,0.158458158,-0.06020407,-0.042689636,0.076430239,0.01709377,-0.079391681,0.10996002,0.038257703,-0.066939011,0.011584241,-0.10181199,-0.029311642,0.058316354,-0.066182747,0.118666403,0.073379591,-0.043863162,0.057961896,0.052788462,0.051240288,-0.093139999,0.039821357,0.00038191,-0.009165384,0.049518459
E:\Project\Fake News Detection\images\fake\3369.jpg,fake,train,0.826332688,0.88998127,-0.036443643,0.174136698,-0.385933578,0.017377939,0.006429035,0.105942667,-0.079388008,-0.034954105,0.111652173,-0.137424365,-0.130340129,0.012858206,0.148811117,-0.075073637,0.12318562,-0.099492222,0.222231328,0.038725551,-0.026719237,0.152448148,0.005276216,-0.027037961,0.031544697,-0.153629348,-0.049617719,-0.067053653,-0.194555476,-0.004708538,0.113298804,-0.011094161,-0.05275017,0.086598046
E:\Project\Fake News Detection\images\fake\3382.jpg,fake,train,0.721823037,0.756845951,-0.048081718,-0.123135135,0.109710269,0.067925222,-0.115908898,0.158504695,0.280633837,0.086305223,0.018375203,0.049618755,-0.15324904,-0.019483374,-0.031907961,-0.05363607,-0.041848607,0.155430526,0.086769335,0.067220636,0.094875179,-0.00974373,-0.028910851,-0.013794311,0.078850999,0.052693654,-0.02097645,0.095341228,0.092538655,0.036765512,0.045414604,-0.033618961,0.015989834,0.053213868
E:\Project\Fake News Detection\images\fake\3383.jpg,fake,train,0.757236004,0.791579783,-0.030178206,-0.116781853,-0.030358968,0.240032285,-0.096109308,0.178781703,-0.12372762,0.005013116,-0.295490116,-0.115477093,0.083930604,0.055752967,-0.00936447,-0.043878801,-0.045476526,-0.125535876,0.129962966,-0.005713453,-0.012010518,-0.229099333,0.107779823,-0.11108879,-0.064881302,0.112425119,-0.025261646,-0.091290735,-0.00906157,0.003637234,-0.011911199,0.023818659,0.091352269,0.010741883
E:\Project\Fake News Detection\images\fake\3386.jpg,fake,train,0.818934798,0.833436489,0.354194343,-0.014168287,0.224676728,0.023111945,0.259955853,0.274316102,-0.192924812,0.040144928,-0.048788317,-0.0331419,-0.12801522,0.017440967,-0.031932317,0.083728962,0.045410477,0.02962989,-0.056270458,-0.039795615,0.022258464,-0.033069231,0.050955471,0.075157039,-0.011185441,-0.019116661,0.071732759,0.081295021,-0.023813812,-0.005868152,0.042552356,0.00111781,-0.018647017,0.093806714
E:\Project\Fake News Detection\images\fake\3390.jpg,fake,train,0.760920882,0.791460097,-0.094747104,-0.244412899,0.211053461,0.27443698,-0.096197702,0.02565649,-0.070298746,0.182923838,-0.047419053,-0.011808787,0.045627613,-0.031674642,0.01553657,-0.02777216,-0.056876995,0.153900996,-0.061049543,-0.024695393,-0.108361967,-0.017486613,-0.040356897,0.01766278,-0.071469977,-0.013738111,0.001786261,-0.043571316,-0.061844725,0.012970709,0.012435208,0.001803042,-0.107700743,-0.003175195
E:\Project\Fake News Detection\images\fake\3395.jpg,fake,train,0.696070015,0.727762103,-0.098557815,0.000689469,-0.086516388,0.049734823,0.20625253,-0.209488079,-0.048486054,0.000984388,0.072041869,0.08950492,-0.07665851,-0.205993325,0.072260901,0.079239987,-0.011117834,-0.032842845,-0.065492325,0.08962924,0.004416196,-0.141119763,0.084248826,0.025884492,-0.110968858,-0.019558705,0.060831014,-0.140520498,-0.094026312,-0.048889589,0.042467348,0.090366408,0.074737586,0.00458985
E:\Project\Fake News Detection\images\fake\3396.jpg,fake,train,0.697328746,0.84987092,-0.174818233,-0.217461109,0.055591363,0.330647767,-0.047056198,0.102445468,-0.066502035,-0.042716108,-0.005383309,0.048587166,0.077008098,0.06128661,-0.01686886,-0.022105549,0.049375143,-0.002267201,-0.034687698,0.022631755,-0.006073568,-0.053795807,-0.049598414,-0.000579387,0.042981289,0.021865807,-0.021963604,0.004087888,-0.014155536,0.023705361,-0.013852363,0.046517022,0.047439761,-0.018295508
E:\Project\Fake News Detection\images\fake\3399.jpg,fake,test,0.822510362,0.840965271,0.170089781,-0.296913892,0.156086147,-0.029978596,0.308089554,-0.001420286,0.132572368,0.020905936,0.058290973,0.031949595,0.020100351,-0.209606558,0.121497646,-0.029263232,-0.130224898,-0.029991459,0.042399347,-0.072589613,-0.160348266,-0.070696056,0.066658705,0.020242371,0.007508114,0.004177669,0.037730724,-0.112811208,0.064016156,0.089140996,0.022516239,0.124637999,0.013563849,0.06308838
E:\Project\Fake News Detection\images\fake\3401.jpg,fake,train,0.718355298,0.773433447,-0.075013131,0.194864094,-0.292418599,-0.024132082,0.039753161,-0.092344165,0.099184863,-0.226447284,0.119438358,-0.202344596,0.076892771,-0.084266856,-0.122230329,-0.225228086,0.254075706,-0.013303232,0.10895966,-0.021119177,-0.083059534,-0.111056693,0.04618872,0.023213295,0.141687453,-0.006258619,0.009514359,0.142668888,0.024016505,-0.021829354,-0.027155947,-0.071929514,-0.065789796,0.104696997
E:\Project\Fake News Detection\images\fake\3403.jpg,fake,train,0.64380002,0.728369296,-0.116667524,0.01537,-0.057166971,0.023960125,0.083311707,-0.29717648,-0.166396499,0.03134729,0.038562424,0.007768967,-0.076291077,0.002916388,0.021485338,0.188548982,-0.021910245,-0.045341741,0.062552877,-0.046899166,-0.109817669,0.037822902,-0.017928392,0.040680949,0.117312074,0.108219489,-0.015263385,-0.002575056,-0.056751184,0.03392766,-0.036479164,0.006924753,0.036637977,0.0354334
E:\Project\Fake News Detection\images\fake\3415.jpg,fake,train,0.670749545,0.691614687,-0.047327206,-0.065809034,0.364008158,-0.041531865,0.084220454,0.06022523,0.11219494,-0.153964907,0.093274765,0.062001325,0.115363635,0.00806278,-0.019407224,-0.06819427,0.027175682,0.101383075,0.075457126,-0.098912001,0.163175076,0.045698829,-0.049736585,-0.034392361,-0.017043443,0.027620291,-0.064705409,-0.033849504,-0.113176376,-0.129054382,-0.028198104,-0.05699224,-0.031209534,0.051612504
E:\Project\Fake News Detection\images\fake\3416.jpg,fake,train,0.809585392,0.824748635,0.146356016,-0.070918992,-0.202560246,0.162792265,0.101769179,0.153462812,0.26580289,0.226634055,0.01029415,0.048225895,0.002779556,0.028612578,0.050146997,0.02564854,0.111833997,0.055165652,-0.0617727,0.051441733,-0.00019078,0.015411522,-0.025039898,-0.028494839,0.095635496,0.01571211,0.019312587,-0.070792191,0.004918792,1.83E-05,-0.09240184,-0.047524266,0.030496145,-9.63E-05
E:\Project\Fake News Detection\images\fake\342.jpg,fake,train,0.729332566,0.75248903,-0.07194981,-0.266058236,-0.393941522,-0.059695005,-0.002334713,-0.012348409,-0.127142757,-0.018446339,-0.113378473,-0.128212765,-0.144116417,-0.026879961,0.113505468,-0.053439021,-0.05577518,0.172233209,0.037344951,-0.070127085,-0.004617607,0.146254405,0.021316383,0.040335178,-0.193164796,-0.007735398,-0.027041711,-0.012164152,0.070522554,-0.082546994,0.005118733,0.079141825,0.023095427,0.060240831
E:\Project\Fake News Detection\images\fake\3420.jpg,fake,train,0.770070434,0.799306035,0.109064631,0.023526073,-0.217071086,-0.001094308,0.226462796,0.134763047,-0.014169968,0.150247231,-0.230145112,-0.106392644,0.005933929,0.09614379,-0.031310394,0.005067165,-0.043398123,-0.07150995,0.177068904,-0.029033864,0.014619468,-0.240790308,0.072540842,-0.147908956,0.022884555,0.162478372,-0.080402337,-0.078565598,-0.013455351,0.026383927,-0.045055542,-0.029095383,0.07300245,-0.03125003
E:\Project\Fake News Detection\images\fake\3428.jpg,fake,train,0.65630734,0.668901801,-0.032601979,-0.066523992,0.226030916,-0.067176417,0.161062181,-0.085750736,0.076280981,-0.079420172,-0.0751004,0.222367913,0.069019087,0.197219968,0.226179883,-0.002352322,0.180841014,0.069334686,0.042436935,-0.224322468,0.077757157,0.008970739,0.135769024,0.103037,-0.093958989,-0.170056999,-0.009738325,-0.027453274,0.038636915,0.050937999,0.059328433,-0.025085032,-0.007338627,-0.036603529
E:\Project\Fake News Detection\images\fake\3429.jpg,fake,train,0.60258013,0.627682328,-0.048383713,-0.073754817,0.316364914,0.04380941,0.093989931,0.090847045,0.009786119,-0.195151374,0.034214482,0.139807314,0.242613524,0.218137324,0.221513018,-0.064869963,0.106093325,0.030362621,0.013880611,-0.104344629,0.041550476,0.086518377,0.12052273,0.096368149,0.024756843,-0.013243681,-0.004266162,0.031927999,-0.0648655,0.008372712,0.007518619,-0.037433695,0.027102247,0.078395151
E:\Project\Fake News Detection\images\fake\343.jpg,fake,train,0.78604883,0.822669148,0.143295705,-0.369762033,0.064046979,-0.198825538,-0.065834694,-0.034848146,-0.086273342,-0.059962638,-0.01956583,0.070465319,0.021440199,0.008533207,-0.082072377,-0.099150524,-0.080614388,0.05227793,0.103375502,-0.019658027,0.004496954,0.049841378,-0.006061952,-0.014211036,-0.068388872,-0.113448605,0.077822201,0.000892544,-0.020480864,0.005652761,-0.017736951,0.071356475,-0.09187787,0.017333904
E:\Project\Fake News Detection\images\fake\3430.jpg,fake,train,0.669019222,0.713027954,-0.163192272,0.024174092,0.410086274,-0.193515494,0.118264988,0.182015926,0.1247226,0.038530763,-0.080896616,0.106650695,0.129897833,0.108708128,0.188725427,-0.029368419,0.210761309,0.004784013,-0.066537216,-0.202462763,0.051731847,-0.017131593,-0.030026102,-0.055680595,-0.092402034,-0.016856527,-0.170261607,0.137338459,-0.033527028,-0.041483283,-0.046739768,0.128653139,0.024052916,0.060754221
E:\Project\Fake News Detection\images\fake\3436.jpg,fake,train,0.794619918,0.82986331,0.123607814,-0.185344979,0.168183208,0.027841117,0.301311255,0.024232119,0.224163592,-0.114923015,0.016874673,-0.139164999,-0.127237573,-0.021199223,0.088262275,0.005500338,0.014896736,-0.068484671,-0.070234925,0.062270701,-0.220266372,0.139517963,0.025522422,-0.004269417,-0.116605498,0.028466785,0.17130594,0.024004603,-0.03228737,-0.009309182,0.029263344,-0.138046488,-0.001395494,-0.034697309
E:\Project\Fake News Detection\images\fake\3439.jpg,fake,train,0.849308133,0.849308133,0.019747209,-0.276913524,-0.474279791,-0.271010786,0.067828447,0.07564152,0.008934007,0.014280108,0.004359289,0.070885673,0.016225599,-0.02818072,-0.030509725,0.061814059,-0.027547432,0.023766555,-0.007872066,-0.062833205,0.06798096,0.040680554,-0.001360211,0.050400447,0.006086834,-0.025877627,-0.006413394,0.066239223,0.010648815,0.019388145,0.022865614,-0.02199577,-0.036787666,-0.002912374
E:\Project\Fake News Detection\images\fake\3443.jpg,fake,train,0.797779799,0.842056274,-0.171939477,0.06367474,0.032558221,0.092238806,0.057562221,-0.168124005,-0.106409334,-0.034478039,-0.037929844,0.14860864,-0.157372341,0.095739298,-0.044519756,0.2055424,0.09911871,0.14283058,0.087329954,0.010320487,-0.078030914,0.178274333,0.066217005,-0.03687501,0.032088123,0.12223006,-0.086217292,-0.059280556,0.062166825,-0.052595701,0.06328512,0.019005693,-0.097727157,0.079293482
E:\Project\Fake News Detection\images\fake\3444.jpg,fake,train,1,1,0.139076456,-0.260736436,-0.391322047,-0.284886211,0.071233742,0.02798333,0.059572894,0.104333647,0.054903753,0.130119473,0.031385265,0.021851093,-0.050032098,0.015770501,0.03414464,-0.050538812,-0.014661006,0.083717898,0.089406841,0.030575434,0.018547222,-0.000533376,0.059861388,0.008475164,-0.036444467,-0.009990682,-0.021242337,0.021776455,-0.038204782,-0.026845595,-0.015056883,-0.05796605
E:\Project\Fake News Detection\images\fake\3446.jpg,fake,train,0.772970617,0.772970617,0.103593126,-0.200203747,-0.296424866,-0.275131702,0.050394733,0.042072788,0.039472997,0.033357233,0.07760825,0.15077661,-0.029137814,0.073998913,-0.097859725,0.001792097,0.082405619,0.013596524,-0.050472993,0.144440293,-0.012816943,0.046343219,-0.029293969,0.024316659,0.005472089,-0.004132317,-0.061333742,-0.001898695,-0.034016196,-0.010952201,-0.020546032,-0.062409058,-0.022150964,-0.125065476
E:\Project\Fake News Detection\images\fake\3449.jpg,fake,train,0.768816292,0.792525411,0.346494913,-0.047868554,0.140717894,-0.147062838,0.226454377,0.271252543,-0.193291023,-0.076452084,-1.85E-05,-0.139945656,-0.042851955,0.064582914,-0.132717282,0.025619341,0.102566153,0.08994329,-0.068333983,-0.017604301,0.004569741,0.009408033,0.054066416,0.11685361,0.048690274,0.040606171,0.041727435,0.005920426,-0.021688053,-0.037292656,0.083915032,-0.020896906,0.058981188,0.095348388
E:\Project\Fake News Detection\images\fake\3476.jpg,fake,train,0.7743029,0.822501779,0.303047478,-0.154023379,0.279700518,0.233084738,0.069075078,0.220456585,-0.240130261,0.015155949,-0.027970521,-0.058506526,0.019504549,0.017213805,0.021250164,0.034906272,0.069644928,0.018151777,-0.108966187,-0.112526715,-0.020759799,-0.031560607,-0.034047175,0.066641174,0.014157385,-0.028425822,0.011752574,0.024934005,4.49E-05,-0.009605324,-0.027842689,-0.037120037,-0.004933072,0.014227885
E:\Project\Fake News Detection\images\fake\348.jpg,fake,train,0.673113048,0.680342078,-0.127041638,-0.017493512,-0.25927496,0.150450736,0.096707635,0.275310278,0.131915107,0.001105055,-0.049441926,-0.005159886,-0.015747387,0.007654598,0.118286498,0.106818371,-0.117627747,0.187668756,-0.041071791,-0.127218038,-0.024952456,-0.002987039,-0.048037175,0.021354323,0.072513312,-0.025522508,0.031297069,0.062412713,-0.031617288,-0.086381346,-0.019936437,-0.05764503,-0.010702885,0.00233238
E:\Project\Fake News Detection\images\fake\3482.jpg,fake,test,0.867342114,0.914379179,0.226511478,0.103167757,-0.061127581,-0.074001439,0.242880389,0.282188863,-0.004985089,-0.003823863,0.040008966,-0.048575804,-0.102449715,0.059043162,-0.035744652,-0.02074391,-0.027575016,-0.007902937,0.063132286,0.074580565,0.186415255,0.020289317,0.038656969,-0.042834178,-0.001653403,0.032858748,-0.078459173,-0.054827124,-0.03018298,0.024919435,-0.08412613,-0.002097101,-0.077427454,-0.013001092
E:\Project\Fake News Detection\images\fake\3492.jpg,fake,test,0.631427407,0.652430534,0.184860498,0.073303297,0.068132564,0.036899924,0.022419404,-0.187058866,-0.033207629,-0.030655853,0.087284729,-0.083745398,-0.046075668,0.022470094,0.02344542,-0.157255501,0.023066763,-0.026683517,0.120763287,0.020665616,-0.012362093,0.053214513,-0.058019537,-0.062033355,0.025302723,-0.001536103,-0.016029892,-0.061246201,0.054704808,0.028845042,-0.020805269,0.056121547,-0.044326365,0.036763541
E:\Project\Fake News Detection\images\fake\350.jpg,fake,train,0.665050983,0.804355025,0.002551661,0.002025275,-0.162860751,0.170028701,0.126030311,0.142877489,0.142192185,0.192019999,0.018603493,0.128900766,0.012198738,0.017231159,0.015603253,-0.037670776,0.084806576,0.147374168,0.022982039,0.022058919,-0.070841789,0.006122097,0.016711164,-0.052904248,0.102842294,0.086077549,0.082663365,-0.05464546,0.013494057,0.037432779,-0.036383018,0.042655926,0.064953476,0.041686248
E:\Project\Fake News Detection\images\fake\351.jpg,fake,train,0.944243252,1,0.192571223,-0.394581646,0.200862229,0.229009882,0.055368185,0.047482051,-0.046842802,0.105186023,-0.029329905,-0.094484523,0.145112708,0.015145891,-0.025059471,0.014512859,0.047387302,0.045218416,-0.046469711,-0.064934716,-0.085736282,0.058406159,-0.143353716,0.011321501,0.103934035,-0.068787016,0.05228819,0.012789546,0.004675901,-0.069703557,0.043385606,0.027092898,-0.032884303,-0.031083887
E:\Project\Fake News Detection\images\fake\352.jpg,fake,test,0.905208588,0.921456099,-0.087250754,-0.403519303,-0.131950498,-0.036784194,-0.286392927,0.05213685,-0.080000319,-0.138668373,0.00671187,0.103932917,0.086819701,0.029955156,-0.040608451,-0.023613837,-0.053283013,-0.039983302,-0.014208715,0.039435878,0.077218175,-0.041012585,-0.002295813,0.018494196,0.046204731,0.037399121,0.016069857,0.006813049,-0.028545789,0.021616325,0.020088457,-0.005788662,-0.034558259,-0.03455393
E:\Project\Fake News Detection\images\fake\3521.jpg,fake,test,0.761035323,0.834132791,0.030765384,-0.081448309,-0.043970458,0.146778286,0.327181488,0.131233275,0.260484993,0.167826965,0.161711767,0.026800282,-0.010578785,-0.048280932,0.125444889,-0.031538878,-0.024319395,-0.025134489,-0.003716175,0.016048595,-0.03074792,-0.037988532,0.053765569,0.046454996,0.043860823,0.088554375,-0.024435734,-0.049682811,0.015497148,0.088641629,-0.027124748,0.057303023,-0.014054686,-0.006627075
E:\Project\Fake News Detection\images\fake\3535.jpg,fake,test,0.699321985,0.747285485,0.076937318,0.179809064,0.170258224,-0.01872427,-0.12513268,-0.063757867,0.077888854,-0.025348624,-0.044397842,0.078668922,0.139345095,0.183388621,-0.073448271,0.029791888,-0.126097023,0.001615811,-0.022234041,0.096206471,-0.155676544,0.013084545,0.051721629,0.036373056,-0.018195212,0.05659524,-0.026120285,0.024663519,-0.029971808,0.093764141,-0.036508463,0.087567776,-0.079129316,-0.024300687
E:\Project\Fake News Detection\images\fake\3536.jpg,fake,test,0.753337741,0.805054426,0.037453443,0.113986954,-0.242422372,0.219866335,-0.285703897,0.120358333,0.365741253,-0.135489851,0.01351985,-0.11075221,-0.068558306,-0.047576629,-0.001470231,0.157945663,0.030662317,-0.11027804,0.008177143,-0.11206568,-0.021996941,0.005245253,0.016313966,-0.028879523,-0.024451032,0.014378294,-0.055819526,0.037627473,0.016193576,0.048682928,0.008155502,-0.024557438,-0.027475625,0.016596437
E:\Project\Fake News Detection\images\fake\3539.jpg,fake,train,0.871013463,0.90518415,0.359295636,0.202681273,0.233322769,-0.010632493,-0.245770141,0.200745642,0.007941245,0.032032184,0.104479812,0.079789959,-0.09032841,-0.095298767,0.012248294,-0.020447738,-0.004129877,0.152808115,0.067512877,0.008502294,0.102772437,0.04178362,-0.030584814,0.008046213,0.069677137,-0.016243553,0.003325188,0.041768197,0.077209085,-0.114051923,-0.019096164,-0.025121583,0.05454383,0.002516562
E:\Project\Fake News Detection\images\fake\3556.jpg,fake,train,0.767094135,0.784568071,-0.160433799,0.226903051,-0.229587227,-0.01709706,0.01155206,0.082200214,0.081467278,-0.077417657,-0.01283128,0.139817432,0.077638313,-0.030729501,-0.041298203,0.033005193,-0.105247349,-0.03620816,-0.017871633,-0.027130648,-0.17856352,0.036888584,-0.054045923,-0.044614591,0.064931422,-0.046023123,0.08541128,-0.083728462,0.008145368,0.071493864,-0.096057273,-0.017397264,-0.088175111,-0.024124533
E:\Project\Fake News Detection\images\fake\3558.jpg,fake,train,0.661095321,0.73373723,-0.071219012,-0.218576059,-0.329396397,-0.19983542,0.02414191,0.20310685,0.061342295,-0.067572556,-0.053622492,0.084141463,-0.073309153,-0.15051505,-0.0270797,0.054489985,-0.126133189,0.091477007,0.042042319,-0.033046879,0.066890098,0.082884803,-0.016177142,0.053913251,0.000717743,-0.027665865,-0.033333134,0.177364022,-0.02913527,0.097041644,0.07439331,0.037716977,0.008735409,-0.033836063
E:\Project\Fake News Detection\images\fake\356.jpg,fake,train,0.621993363,0.697546005,-0.312615752,0.098114312,0.191541672,-0.126093477,-0.07252416,-0.036666568,0.002599696,0.209360436,-0.040335521,0.051366273,-0.217529699,-0.134430677,-0.121651225,-0.060110983,0.083470009,-0.140823513,-0.005674228,-0.074060909,-0.114579298,-0.007022568,0.113364823,0.019611271,0.010916618,0.048098609,0.14548859,0.032211486,-0.099749327,0.021614663,0.151825309,-0.072031453,-0.046814024,0.02491796
E:\Project\Fake News Detection\images\fake\3562.jpg,fake,test,0.842544913,0.990562558,-0.078981593,0.338300943,-0.321245939,0.062818363,0.041693918,0.073505096,-0.107958518,-0.01428717,-0.115685165,0.027176544,0.181717157,0.001402199,-0.032997984,0.043539234,-0.084691152,-0.024258437,-0.02285127,0.009128079,0.039372042,0.052214202,0.150284275,-0.017945126,0.038174897,0.026997648,-0.085172921,0.053055298,0.048294269,-0.13691473,0.192462698,-0.021976341,-0.058480389,-0.05879996
E:\Project\Fake News Detection\images\fake\3568.jpg,fake,train,0.794934392,0.80863297,0.407170713,0.222098842,0.136357009,-0.05040418,-0.014163526,0.085951433,-0.175815821,-0.061116762,0.124535814,0.000818654,-0.109173886,-0.045954652,0.019039936,-0.066990167,0.009149109,-0.048235215,0.014524163,0.014500561,0.044237301,-0.027459132,-0.013161805,-0.042656247,0.011583472,-0.014888017,0.016008561,-0.023312669,0.011121145,0.065614834,-0.067846879,0.013526038,-0.093190901,-0.009473186
E:\Project\Fake News Detection\images\fake\3570.jpg,fake,train,0.69796592,0.73702836,-0.120675623,0.098437555,-0.393974274,-0.005696683,-0.186353385,-0.034049142,-0.012844742,0.097786382,0.155487671,0.053649984,-0.134739906,-0.02681697,0.077190883,-0.117872804,-0.185377091,0.082540624,0.098218605,-0.068811432,-0.039978359,-0.027287792,-0.043486476,0.050635815,-0.125987083,0.044532705,-0.012564353,0.050450135,-0.028971534,-0.029322255,-0.019103117,0.050681412,-0.097808942,0.011122325
E:\Project\Fake News Detection\images\fake\359.jpg,fake,train,0.684694409,0.742337048,-0.156450346,-0.185395941,0.153967828,0.166154847,0.058517642,0.163985744,-0.001866751,-0.274530053,0.125132412,0.032523688,-0.053005867,-0.093934253,0.00737011,-0.115169317,-0.160466507,-0.12744455,0.151675463,0.066281572,-0.020582927,-0.0231572,0.02544957,-0.047187649,-0.090771608,0.105812326,-0.009679252,-0.028784843,0.092331871,0.072074048,-0.011619974,0.121064551,-0.14472197,-0.020349592
E:\Project\Fake News Detection\images\fake\36.jpg,fake,train,0.67673105,0.699268103,0.175671265,-0.22739023,0.089565702,0.147660747,0.174276486,0.004858765,-0.008428956,0.062100481,-0.073383577,-0.006924301,0.00117899,0.043813102,0.008802132,0.016240377,0.036520407,0.132033199,-0.058359582,0.012845169,-0.119364813,-0.006135345,-0.094627261,-0.031995241,0.020504765,-0.065580688,0.029880593,0.008834695,0.069421478,-0.082333617,0.034958027,-0.012445575,0.036826033,-0.046866935
E:\Project\Fake News Detection\images\fake\3601.jpg,fake,test,0.751345038,0.917921662,-0.023213238,-0.010707222,0.020477131,0.203017324,0.13760379,0.104222581,0.285022289,0.212209001,0.082188115,0.183046788,-0.000159615,0.117266707,0.111460246,-0.049473051,0.095087498,0.093068786,-0.05585878,-0.086263381,0.095744237,0.00180085,0.028115056,-0.011400051,0.040278196,0.023353245,-0.101668976,-0.021145567,-0.06043689,0.069477737,-0.046834834,0.00669591,0.078636587,-0.010917552
E:\Project\Fake News Detection\images\fake\3615.jpg,fake,train,0.653814197,0.684786201,0.068751805,-0.1170808,0.264654011,-0.082869604,0.210394517,-0.046398662,0.10690812,-0.110199429,-0.122401558,0.214089811,0.031744085,0.168373317,0.089732856,-0.011291498,0.109417893,0.065594345,-0.042309005,-0.252257168,0.01803137,0.076985709,-0.043297973,-0.020887068,-0.077803664,-0.118357681,-0.087690175,-0.003229965,-0.05744338,0.049538415,-0.046142209,0.054312464,0.064674802,0.012762744
E:\Project\Fake News Detection\images\fake\3616.jpg,fake,train,0.612128019,0.670958638,-0.009485153,-0.046151951,0.308245927,0.102647744,0.108289644,0.072687566,0.166932672,-0.001985149,-0.042834241,0.154759675,0.054423183,0.121574573,0.108738385,-0.06818679,0.088901408,0.171686634,-0.010399928,-0.084824972,0.022722838,0.027153505,0.092141315,0.048109703,0.012661595,-0.044641044,-0.066123918,0.098973803,-0.047441557,0.077842288,-0.036881957,0.114542395,0.073231824,0.08745715
E:\Project\Fake News Detection\images\fake\3619.jpg,fake,test,0.686320484,0.700852394,0.173083365,-0.315253645,0.092378631,-0.18313399,0.087337986,-0.009531308,0.088687204,0.011500308,-0.037622742,0.205443695,0.034157235,0.041832916,0.05199318,-0.018427778,0.008508682,0.080367893,-0.050676148,-0.125992537,0.102606997,0.014262511,0.1121988,0.055614077,-0.017228894,-0.048672356,-0.074594669,0.023878884,-0.090932786,0.05184944,0.03819127,-0.04156933,0.038074844,0.07104554
E:\Project\Fake News Detection\images\fake\362.jpg,fake,test,0.753651202,0.759819746,0.03555537,-0.34627676,0.164738297,-0.27806443,0.176153436,-0.021132525,0.051821895,-0.064109005,0.055106696,0.134546638,0.086879015,-0.143879622,-0.015674617,-0.034208674,-0.147612125,-0.049811743,0.012599256,-0.005530939,-0.095162943,-0.103251308,0.013474058,0.008490622,-0.0255224,-0.017996393,-0.043079607,-0.00633961,0.067898266,-0.019929156,0.062888637,0.075139374,-0.018713154,0.046231721
E:\Project\Fake News Detection\images\fake\3636.jpg,fake,test,0.840080619,0.876640916,-0.034454733,-0.224728137,-0.062187262,0.32584849,-0.024246167,0.110884726,-0.087074153,-0.075504452,-0.102318197,-0.13506031,0.058305997,-0.019005224,0.039376225,0.026838465,0.07360021,-0.12994729,-0.09542802,0.063787445,0.150640607,-0.004322474,-0.063008294,-0.034157142,0.057450414,0.028041976,-0.001915123,-0.029385783,-0.010451265,-0.00265456,-0.018946417,-0.017165808,-0.030837893,0.058610056
E:\Project\Fake News Detection\images\fake\3638.jpg,fake,train,0.740548134,0.794595659,0.174799025,0.197719246,0.137350202,0.003510194,0.040638939,-0.142064974,0.007262297,0.022816602,-0.051392019,0.002193748,0.181882992,0.102546282,0.003213529,-0.071377091,-0.038092099,-0.00182986,-0.05470242,0.093404315,-0.038761768,0.09874218,0.168323264,-0.005399973,0.086286433,0.02721674,-0.058773357,0.039624821,0.028861051,0.099145651,-0.047815315,0.103973627,-0.122436397,0.038454402
E:\Project\Fake News Detection\images\fake\3642.jpg,fake,train,0.637655139,0.675343394,-0.153061956,-0.03573307,0.239041403,0.122220434,0.020279087,0.025335055,0.076715864,-0.141652942,-0.004965018,0.299078315,0.093065657,0.176402941,0.20304884,0.002994078,0.133166239,0.144826517,0.075443514,-0.22355555,0.082352743,-0.042192757,-0.020839995,0.044637769,-0.076658465,-0.022390731,0.012857215,-0.110480264,-0.071173273,0.064371288,0.148880631,-0.098025516,0.029973993,-0.043149624
E:\Project\Fake News Detection\images\fake\3648.jpg,fake,train,0.736762702,0.75601542,0.053546961,-0.044683311,-0.0689485,0.228132308,0.210007638,0.084848262,0.280151844,0.256078005,0.087540522,0.131020054,-0.039052885,0.072480991,0.136315718,-0.031116031,0.125124097,0.066242434,-0.052441359,-0.090143219,0.127236992,0.009786854,0.04837304,-0.001456135,0.057094458,0.024017943,-0.10758049,-0.012985333,-0.076170117,0.073267594,-0.056752674,-0.013188291,0.056451764,-0.002279888
E:\Project\Fake News Detection\images\fake\3650.jpg,fake,train,0.704015255,0.731981277,0.250016809,0.197269529,0.11750868,-0.00348209,0.069579534,-0.14241527,-0.061161749,-0.012484755,0.032257605,-0.074966609,0.211471424,0.097118795,0.073275685,-0.020867286,-0.026579663,0.001731241,-0.123707898,0.053329304,-0.037949003,0.131755605,0.226955026,-0.100623824,0.067723565,0.080218337,-0.111235127,0.076744549,0.017729858,-0.021973938,0.128785074,0.04057803,-0.062595256,-0.061971668
E:\Project\Fake News Detection\images\fake\366.jpg,fake,train,0.854519725,0.854519784,0.087574668,-0.222217038,-0.324158132,-0.176602572,0.089330867,0.03220994,0.094260663,0.149255753,0.08957991,0.175363883,-0.016540024,0.037111793,-0.082926832,0.019234799,0.0257829,-0.052347258,-0.008438838,0.082127862,0.085193977,-0.021433482,0.058969744,0.019746162,0.021598306,0.010324246,-0.016850216,0.024185089,-0.031425573,0.028329022,-0.032535445,-0.052641775,-0.058268163,-0.022868071
E:\Project\Fake News Detection\images\fake\3681.jpg,fake,train,0.735453963,0.791579783,0.023566147,-0.169889256,-0.048851591,0.192784101,-0.0939833,0.120268278,-0.142984927,-0.052414417,-0.281317651,-0.015231802,0.083255567,0.037700184,-0.019739687,-0.001847467,-0.06281402,-0.111523055,0.11035537,-0.043995511,0.023430049,-0.203961924,0.044808839,-0.074423425,0.013955153,0.174098924,-0.049777135,-0.074435763,0.006914699,-0.006879479,0.017245796,0.033665463,0.075320736,0.020751175
E:\Project\Fake News Detection\images\fake\3695.jpg,fake,train,0.798749804,0.80469811,0.229984447,-0.371590585,-0.088827372,-0.184170634,0.042784296,-0.070265956,-0.069017023,0.052007835,-0.119482741,-0.057079941,-0.04424106,-0.048965368,0.03885147,-0.039630238,-0.041055664,0.08720535,0.016586421,0.01860507,-0.02109162,0.135429069,-0.005991847,0.015422669,-0.088835955,-0.066486135,-0.046556771,-0.038607534,0.0767693,-0.051249873,-0.030186312,0.05098886,-0.000683523,0.074696526
E:\Project\Fake News Detection\images\fake\3696.jpg,fake,test,0.826106429,0.826106429,0.126150101,-0.365873843,-0.006165553,-0.338567495,0.045757875,-0.07883887,-0.009777569,0.044053227,-0.014554646,0.090621606,0.033430982,0.060772024,-0.079368643,-0.001531992,-0.070016459,0.082093731,-0.008302223,-0.012124017,-0.019887455,0.022834163,0.02303857,0.023756914,0.013059914,-0.070176534,-0.023040505,0.002257437,-0.032439761,0.001215294,0.03636077,-0.044002671,-0.031867795,0.044197816
E:\Project\Fake News Detection\images\fake\3699.jpg,fake,train,0.807014644,0.867877722,0.055234801,-0.103984863,-0.253569275,-0.187321395,0.068102717,-0.131806895,0.040121805,0.12748605,0.009166622,-0.064820707,-0.05213077,0.207539111,0.144249558,-0.119711936,0.025167247,0.049482528,-0.093516007,-0.037395637,-0.019033005,-0.080743268,-0.075261295,-0.053669456,-0.009023223,0.147892356,0.029157689,0.059682686,0.118408903,-0.063478902,-0.089007109,-0.065920033,-0.042425498,-0.048872907
E:\Project\Fake News Detection\images\fake\3716.jpg,fake,train,0.79930222,0.800989747,0.353415966,0.20978266,0.218643323,-0.040443394,-0.087103553,0.202538252,-0.206676707,-0.048176948,0.040649693,0.038510628,-0.130566731,0.023482591,0.050406508,0.003387255,0.096864462,-0.025122892,-0.058440566,0.012218771,-0.040230963,-0.007644556,0.005105794,0.00162221,0.030614961,0.0272885,0.042469185,0.002439088,0.041002009,0.015656509,-0.021466354,0.017250212,0.038363203,-0.051309656
E:\Project\Fake News Detection\images\fake\3718.jpg,fake,train,0.715831637,0.741841316,0.06941434,0.14099732,0.014238129,-0.023819538,-0.013982347,-0.214481473,0.054856811,-0.044790074,0.080110379,-0.199820161,-0.162614822,0.176126093,-0.036318075,-0.125337988,-0.088801265,-0.094095521,-0.166691467,-0.101911724,0.121875919,-0.145292789,-0.009988149,0.072226994,0.051746622,-0.146225527,0.037372362,-0.047810093,-0.039302856,-0.023973098,0.026283886,0.117326871,-0.059869815,0.025744976
E:\Project\Fake News Detection\images\fake\3722.jpg,fake,train,0.740472436,0.782404423,-0.185062051,-0.294531167,-0.030790659,-0.162326053,0.074123628,0.111809924,0.064801537,-0.135870546,0.083885431,0.18765913,0.018166985,-0.055370476,-0.054507274,-0.010575509,-0.079313338,-0.062135879,0.007131676,0.029551812,-0.048313536,-0.124540724,0.048130363,-0.044994518,0.04024123,0.036504511,0.024799628,-0.036452424,0.067427136,0.072877109,0.033113454,0.010707512,0.056418817,0.027788527
E:\Project\Fake News Detection\images\fake\3728.jpg,fake,test,0.609645009,0.646152139,0.075642645,0.068817377,-0.056964442,0.072070166,0.102779359,-0.233719125,0.037679076,-0.118094072,0.163629651,-0.109987214,-0.075034253,-0.056805436,0.043370921,-0.17531462,0.127167091,-0.110333815,-0.117416844,-0.016318232,-0.038883418,0.02613185,-0.032956477,-0.036784887,-0.09852428,-0.007813098,-0.071020961,0.011641555,0.065921269,-0.027564541,0.046182051,-0.073198475,0.027553041,-0.093578897
E:\Project\Fake News Detection\images\fake\3730.jpg,fake,train,0.652948081,0.67573607,-0.063128948,-0.076428957,-0.03361037,-0.065913394,0.029846862,-0.03879711,0.098708779,-0.175582275,0.147796065,-0.096867278,-0.208963424,0.192731664,0.029696023,-0.155049071,-0.01329381,-0.004813769,-0.091569453,0.055065747,-0.012901884,-0.077877142,-0.015956325,-0.037825707,-0.082161129,-0.104109392,0.020526167,0.031613674,0.069390483,-0.011541008,0.074028514,-0.059937682,-0.058593988,-0.053658508
E:\Project\Fake News Detection\images\fake\375.jpg,fake,test,0.744166732,0.778333306,0.070920229,-0.336017996,0.116710506,-0.177400306,-0.062361766,-0.066605881,-0.085403264,-0.068368465,0.054625232,0.08635962,0.014256885,0.099803753,-0.095113099,0.047314391,-0.147544727,0.047575727,-0.008900855,0.006618932,-0.012135103,-0.047833633,0.001505028,0.077053897,0.072309271,0.017903894,0.071134098,-0.01543659,-0.077845447,0.00980477,-0.005805969,0.005542126,-0.0551394,0.020000361
E:\Project\Fake News Detection\images\fake\376.jpg,fake,test,0.624202073,0.69090277,-0.003418937,0.015877023,-0.235461742,-0.033363499,0.127052903,0.092244014,-0.057228006,-0.074898474,-0.213242397,-0.153862327,-0.075361595,-0.040694177,0.01786061,-0.013580684,-0.063905343,0.043198757,0.247836992,-0.03808932,-0.031452309,0.111213081,0.042223908,-0.045383558,-0.005286634,-0.129246622,-0.077320822,-0.056987926,-0.000243336,0.023876444,-0.045782149,-0.109003164,-0.000378802,0.040359788
E:\Project\Fake News Detection\images\fake\3761.jpg,fake,train,0.705224454,0.759093463,-0.137848571,0.221749604,-0.196937487,0.037823964,0.154587835,0.111485504,0.106001884,-0.152246609,0.072244942,0.145992473,0.0818085,-0.240117416,0.027280863,0.011772994,-0.181612849,-0.167826951,0.032919098,-0.099435858,-0.17268616,0.010257675,-0.006380071,-0.041738693,0.069893554,-0.032553341,0.014815794,-0.124299824,0.034609828,0.046540331,-0.033133611,-0.008243926,-0.088881209,-0.051448904
E:\Project\Fake News Detection\images\fake\3775.jpg,fake,train,0.734243512,0.760795236,-0.047714647,0.180113271,-0.24081111,0.035941482,-0.235334575,0.090544641,0.308346272,-0.192076087,-0.01066834,0.011705531,-0.038508795,0.036054157,-0.013159938,0.162415698,0.03720637,-0.000493981,0.023679886,-0.036804546,-0.09933161,-0.04594855,-0.039385106,0.007958906,-0.09088885,-0.052538462,0.013167548,-0.087781981,-0.001421038,-0.010809764,-0.032589529,-0.051838201,-0.078503452,-0.03770598
E:\Project\Fake News Detection\images\fake\3776.jpg,fake,train,0.800029159,0.83650744,0.268189698,-0.244640276,0.065973379,-0.035678193,0.301943898,-0.019780375,0.115830451,-0.044485815,0.017599169,-0.199637547,-0.078054465,0.068434328,0.022784531,-0.054108702,0.03177863,-0.042414125,-0.040019516,-0.012912884,-0.078332327,0.121684529,-0.020698367,-0.020541102,-0.01733933,-0.04032987,0.075368747,0.038761891,0.006947452,-0.035989247,0.047168221,-0.051199924,-0.057368368,-0.024118943
E:\Project\Fake News Detection\images\fake\3779.jpg,fake,train,0.845898151,0.845898151,0.142979309,-0.356917113,0.001256983,-0.3261213,0.044483963,-0.014167615,-0.007317733,0.044977661,-0.018436659,0.099161014,0.039800793,0.018778672,-0.101200514,-0.031541768,-0.030746832,0.076523572,0.016934598,0.032647073,-0.048901148,-0.016122203,0.018735452,0.009942635,-0.062375922,-0.093754299,0.015385743,0.02397994,0.004263473,-0.015824599,0.05484565,-0.018554216,-0.046867747,0.040554568
E:\Project\Fake News Detection\images\fake\3796.jpg,fake,train,0.862361729,0.862361729,0.240766034,-0.386572629,-0.060138021,-0.324128062,0.110616513,-0.116501011,-0.012330068,-0.028199686,-0.011346224,-0.011670757,0.097933203,-0.026500482,-0.13825056,-0.046971828,0.04881008,0.069811963,0.016173523,-0.019078994,-0.027354365,-0.045556832,0.06063623,0.045904916,0.066013917,-0.071232066,-0.009426306,0.08227209,-0.007295238,-0.01323613,0.023205711,-0.044980764,-0.026322475,0.168032125
E:\Project\Fake News Detection\images\fake\3798.jpg,fake,test,0.803504944,0.823484302,0.382646143,0.098018713,0.071649715,-0.219166875,-0.137665153,0.126737177,-0.302309901,-0.042256232,0.141743913,0.140261993,-0.034979079,-0.047027566,-0.056814905,-0.05152655,0.066816553,-0.057465728,-0.047293622,-0.031061471,-0.015316293,-0.02844771,0.017629283,0.081257075,-0.04659256,-0.02170347,-0.018521801,-0.024447232,-0.017592475,0.049175248,-0.036267802,-0.045113802,0.089312464,-0.028484367
E:\Project\Fake News Detection\images\fake\3802.jpg,fake,train,0.874973476,0.935548902,-0.241838783,-0.132075772,0.158626884,0.233446881,-0.099530391,0.204581171,0.046473481,-0.183878317,0.127730787,0.033782281,0.070224941,-0.01132497,0.012090041,-0.089628138,-0.079448722,-0.030492738,-0.036348257,0.137055933,0.112329967,0.022141151,-0.059973743,-0.023192935,-0.021388557,-0.015714915,-0.075001016,0.068617187,-0.023096275,-0.054343302,-0.059966061,0.057097368,-0.057785284,0.085801519
E:\Project\Fake News Detection\images\fake\3808.jpg,fake,train,0.617429078,0.63681829,0.207249492,0.09218926,0.009398468,0.013854254,0.130224898,-0.178564116,0.060622893,-0.056757413,0.144374043,-0.055574715,0.027759327,-0.018674767,0.052250288,-0.191170722,0.090445615,-0.094871759,0.073799647,0.087507203,-0.086296283,0.061638463,-0.101915792,0.095839716,0.028659524,-0.008963205,0.010814415,-0.126398638,-0.035994895,-0.090414755,0.087758854,0.012539254,-0.147244602,-0.007665463
E:\Project\Fake News Detection\images\fake\3810.jpg,fake,train,0.776443243,0.797352791,-0.042458668,0.128013894,-0.492715597,-0.047938865,-0.16654624,-0.045511372,-0.061637599,0.100760169,0.109549589,0.05523045,0.002459395,-0.088502891,0.158255905,-0.030409228,-0.097270198,-0.000624711,0.014481212,-0.068033189,-0.014313959,0.031422284,-0.01512906,0.07997559,-0.055869803,0.050800066,-0.029706771,0.031073157,-0.029198006,0.018052882,0.034623329,0.070179246,0.028199859,0.072162531
E:\Project\Fake News Detection\images\fake\382.jpg,fake,test,0.618284225,0.65313971,0.059579998,-0.190738648,0.199864149,-0.09892045,0.123797685,0.040591002,0.223126233,-0.128773391,-0.057456288,-0.143964306,-0.095364809,0.046919055,0.093764707,-0.015968252,0.016836341,0.056747444,-0.049851913,0.065063611,-0.168100297,0.120643951,-0.013410211,0.077223472,-0.023068808,-0.002672175,0.111838125,0.086736113,-0.01173903,-0.041791916,0.040571172,-0.085650638,-0.003149077,-0.043695308
E:\Project\Fake News Detection\images\fake\3841.jpg,fake,train,0.680852115,0.715034604,0.031347509,-0.006006841,0.151098937,0.045025889,0.200236946,0.123927131,-0.001009672,0.116225831,-0.245615318,-0.054560661,-0.05092616,0.156583562,-0.162341729,0.045498908,-0.163719788,-0.072808601,0.184882328,-0.05791546,0.011395123,-0.216127455,0.115444854,-0.056892656,-0.077960439,0.058305155,-0.059391078,-0.015855724,0.02077988,-0.018616332,0.003161519,-0.017761895,0.049331106,0.086702712
E:\Project\Fake News Detection\images\fake\385.jpg,fake,test,0.745293975,0.781657934,-0.121226698,0.035233576,-0.009996586,0.195607245,0.028731424,-0.238443822,-0.106989831,0.189458936,0.052385811,0.031449638,-0.150419503,-0.140397504,0.057423633,0.050429352,-0.007043071,0.10214562,0.005407032,0.019632176,0.098232761,-0.071655393,0.210024297,0.092296168,-0.130407035,-0.02688995,0.00440874,-0.023175627,-0.08323469,0.090496033,-0.051730558,-0.071093641,-0.109400906,0.026547752
E:\Project\Fake News Detection\images\fake\3855.jpg,fake,train,0.521321177,0.533417881,-0.103520177,-0.096986093,0.192497224,-0.023656627,-0.034831755,0.160860702,0.138326049,-0.008966558,0.085409395,0.196580186,-0.10296385,-0.003602841,-0.209193766,-0.098993771,-0.08337079,0.164375469,0.162053019,-0.016342262,-0.014271936,-0.071032546,0.03682784,0.074442595,-0.016062997,0.046812814,0.121840708,0.046712991,0.106398694,-0.004965978,0.023649368,0.05236185,0.045723047,0.025931032
E:\Project\Fake News Detection\images\fake\3856.jpg,fake,train,0.880622387,0.995075464,0.370267093,-0.020508226,0.09508957,-0.023010043,0.214032054,0.241326705,-0.129707366,0.012739452,-0.144296631,-0.146018848,-0.065822348,0.01338755,0.01340523,0.015553558,-0.084705696,0.047325674,0.122523822,-0.072087049,0.099652506,-0.11936482,0.019546203,-0.140120491,-0.049313646,0.007811284,-0.00617229,-0.006702406,0.035697889,0.020386709,0.006347825,0.016646383,-0.080084153,0.051032938
E:\Project\Fake News Detection\images\fake\3859.jpg,fake,train,0.673416138,0.727492511,0.226908952,-0.056338873,0.209590271,-0.145273805,0.227941751,0.22018218,-0.115767524,-0.032926563,0.12842004,-0.210563481,-0.119756714,0.130879119,-0.057440203,0.119459577,-0.080522731,0.112017386,0.06780944,-0.08189328,0.051405109,0.01242165,0.008844256,-0.044805869,-0.019122705,0.017489484,0.053918771,-0.030675566,-0.043108411,0.141645893,0.043473821,0.042819325,0.02336441,0.097586237
E:\Project\Fake News Detection\images\fake\387.jpg,fake,test,0.984477699,1,0.168794066,-0.40985921,0.06230934,-0.263085425,0.247291505,-0.054861784,0.053484552,-0.052311145,0.068279102,0.135736808,0.091477066,-0.221825004,0.011253215,0.016302954,-0.1660707,-0.077000089,0.044920351,-0.099225834,-0.043781683,-0.069819689,0.04494483,0.055521291,0.010852858,-0.02500784,0.001061769,-0.007578522,0.060612015,0.014564127,0.053507637,0.064998776,0.012544766,0.081424944
E:\Project\Fake News Detection\images\fake\3876.jpg,fake,train,0.822357059,0.840200186,0.056849983,-0.331405878,-0.305132687,-0.186311841,0.119949639,0.000131569,0.005779433,0.092824444,0.059536282,0.102545373,-0.027009211,-0.030090306,-0.002675241,0.058387946,0.02696882,-0.023786739,-0.034381989,0.073916793,0.111620545,-0.044590522,0.070956521,-0.009401229,0.00488647,0.00658963,-0.036478981,-0.026007596,0.012664774,0.015025518,0.005324183,-0.065563455,-0.006393206,0.034540772
E:\Project\Fake News Detection\images\fake\3878.jpg,fake,test,0.795964956,0.801535845,0.118781149,-0.183588475,-0.363497227,-0.157595709,0.111573681,0.015841872,0.054480284,0.141245335,0.019942418,0.081522346,-0.071556911,0.061747305,0.013105914,-0.081957594,-0.001265705,0.022823058,0.058311857,0.129504159,0.061638355,0.009287667,-0.007698184,0.003302336,-0.048556745,0.082697093,-0.004669258,-0.036932737,-0.010681622,-0.039247975,-0.068328544,0.098291785,-0.006585002,-0.021379896
E:\Project\Fake News Detection\images\fake\3882.jpg,fake,train,0.789031863,0.812845349,0.33135587,0.191482335,0.191211164,0.018777624,-0.296850532,0.202653691,0.043903947,0.047853023,0.088657521,0.054579571,-0.061215792,-0.131416097,-0.050619897,-0.100991204,0.026186379,0.168663517,0.129185632,0.042586297,0.065161549,-0.01051164,-0.034009021,-0.039653663,-0.004169068,-0.03599951,-0.007943364,0.107908562,0.046639532,-0.026537104,0.016717438,0.00832668,0.025902823,0.017997485
E:\Project\Fake News Detection\images\fake\3888.jpg,fake,train,0.800355732,0.852146387,-0.079895929,-0.369391799,0.143671438,-0.289201498,-0.137595713,0.035700712,-0.158100218,0.116851255,0.107199863,-0.18289867,0.215543434,0.025185896,-0.024281811,0.112436958,0.027510768,-0.097257391,0.072810024,-0.041779812,0.012655008,0.016973229,-0.012084699,0.001557164,-0.002370439,-0.029605856,0.089546315,0.024713725,0.009184483,0.017876081,0.060915869,0.058587745,-0.052830674,0.011900528
E:\Project\Fake News Detection\images\fake\3890.jpg,fake,train,0.823503315,0.895577312,0.42354244,0.193552688,0.107402839,-0.044239059,-0.024626318,0.049281985,-0.159034535,-0.090652533,0.12273933,-0.038790558,-0.167243615,0.005965705,0.042677533,-0.143198952,0.025685247,-0.039015967,-0.045057684,-0.046982728,0.035694588,-0.094836846,-0.015017189,-0.051235244,0.035462778,-0.080092907,0.000898379,-0.001724664,0.023382293,0.06952405,-0.033793952,0.046533965,-0.047743477,-0.02909193
E:\Project\Fake News Detection\images\fake\39.jpg,fake,train,0.809456468,0.895577312,0.395488232,0.222893611,0.114293188,-0.035526361,-0.048730414,0.048234846,-0.08405564,-0.098543331,0.162635446,-0.111782432,-0.212256774,0.094555363,0.028684894,-0.099449001,-0.00303336,-0.09406732,-0.086081512,-0.041033629,0.077043585,-0.164078578,-0.026651351,-0.027959254,0.036385063,-0.140343502,0.006139721,0.014974318,0.005547636,0.030670559,0.014191712,0.059098102,-0.062141668,0.031962689
E:\Project\Fake News Detection\images\fake\392.jpg,fake,train,0.812260926,0.835009575,0.277781993,0.097038105,-0.074774802,0.034440693,0.17444478,0.266987681,-0.051381093,0.025690593,-0.09086439,-0.086391933,-0.083653048,0.055895947,0.017242195,-0.01515839,-0.062943853,0.013191362,0.075856023,0.038368132,0.136895761,-0.113319807,-0.004780278,-0.151693791,-0.014892832,0.063372679,-0.030377403,-0.059408825,0.065835871,0.030800717,-0.041625194,0.017341264,-0.061910242,-0.037850603
E:\Project\Fake News Detection\images\fake\3921.jpg,fake,train,0.776138961,0.82179153,0.191649362,0.098958872,-0.065323845,0.014427889,0.097448297,-0.025577171,0.014626752,-0.104516231,0.148870021,-0.134401232,-0.035138119,0.006464348,0.041331161,-0.153599575,0.153395981,-0.139151424,0.028379703,0.131083533,0.071736574,0.220872656,-0.057039831,-0.037769087,0.01055153,-0.117201664,-0.028114762,-0.095347889,-0.139826581,-0.100957751,0.090512201,0.006186444,-0.18915996,0.029978393
E:\Project\Fake News Detection\images\fake\3935.jpg,fake,train,0.731326461,0.77412498,-0.233196229,-0.110446788,0.076809421,0.283974111,-0.099454023,-0.017629104,-0.155390859,-0.055718299,0.006931726,0.126322567,-0.11385715,0.191969141,-0.173686922,0.101717323,0.011385877,-0.157271177,0.013449654,0.071245164,-0.10569112,0.047722112,-0.006949608,-0.024859354,-0.08100915,0.015658267,-0.014656055,0.050786685,0.120698363,-0.069049045,-0.029741468,0.040509563,0.027522821,0.061999135
E:\Project\Fake News Detection\images\fake\3936.jpg,fake,train,1,1,0.139076486,-0.260736465,-0.391322225,-0.284886241,0.07123369,0.027983323,0.05957292,0.104333587,0.054903816,0.130119488,0.03138528,0.021851171,-0.050032116,0.01577042,0.034144547,-0.050538857,-0.014661012,0.083717883,0.089406878,0.030575354,0.01854733,-0.00053337,0.059861362,0.008475258,-0.036444563,-0.009990639,-0.021242376,0.021776382,-0.038204715,-0.02684553,-0.015056755,-0.057966031
E:\Project\Fake News Detection\images\fake\3939.jpg,fake,train,0.805455387,0.850322008,0.333821863,0.153843686,0.045986556,0.002354896,-0.19139576,-0.10399019,0.275609821,-0.045816951,-0.09472131,-0.13922368,0.108929224,0.011799561,-0.045923095,0.165462792,-0.062932357,-0.122445412,-0.053358935,-0.012706588,-0.020501707,0.018970821,0.086812377,-0.027503565,-0.073342875,-0.046785071,-0.05407811,0.019808235,0.004847704,0.014125372,-0.051045053,-0.024950719,-0.104830585,0.059002146
E:\Project\Fake News Detection\images\fake\3956.jpg,fake,test,0.843459427,0.977510512,0.182854205,-0.211927682,0.211735129,0.012912951,0.186800584,0.034970898,0.264421135,0.040904149,0.055952478,0.041392401,-0.000546854,-0.306649208,0.054439474,-0.002530146,-0.178837344,0.076591484,0.122153595,-0.078221604,0.020239562,-0.00546349,0.031268522,0.00463891,0.103709608,-0.014966272,-0.011654504,0.017580286,0.118756197,-0.043421924,0.02899399,0.120062999,0.014597669,0.090593822
E:\Project\Fake News Detection\images\fake\3958.jpg,fake,train,0.657727599,0.672596216,0.039677069,0.205690131,0.323037684,-0.02411369,-0.049428701,0.216437727,-0.207263961,0.096248038,0.23879683,0.111752719,0.033379056,0.016995613,-0.012296534,0.008907391,0.092251018,0.014232141,-0.008343777,0.101208031,-0.063302673,-0.156985193,-0.047748249,0.036550228,-0.000315802,0.006783731,0.013978283,0.055836227,0.044008981,0.041515667,0.008457027,-0.070384048,-0.028517704,-0.023407871
E:\Project\Fake News Detection\images\fake\3962.jpg,fake,train,0.784256697,0.786988735,0.374449521,0.18363665,0.257466972,0.132377982,-0.088463433,0.25866124,-0.191741243,0.021728311,0.125560313,0.056840647,-0.040869266,-0.044496872,-0.010469398,-0.084069297,0.130608246,-0.081369743,-0.107716449,0.046441864,-0.027827868,-0.020632129,-0.022290654,0.024580691,0.059033565,0.055048458,-0.022384197,0.007220176,0.035021074,-0.003527516,-0.024795607,0.000723563,0.051809765,-0.034562808
E:\Project\Fake News Detection\images\fake\3968.jpg,fake,train,0.637543678,0.747960269,-0.079942256,-0.084427014,-0.093100704,0.050498933,-0.176237062,0.118510105,-0.210055739,0.036910675,-0.042754486,-0.083384864,-0.007607388,0.074215509,0.101812467,-0.103723839,0.032381713,0.013765388,0.307168663,0.015665904,-0.203166366,0.003669027,0.000936159,-0.03328665,-0.029287912,-0.206663132,-0.055485632,0.004597,-0.037944451,0.020046111,0.054470085,-0.070465028,0.133963302,0.024575634
E:\Project\Fake News Detection\images\fake\3970.jpg,fake,test,0.750290871,0.782155454,0.168921977,0.160001129,0.04015024,-0.035479777,-0.054117378,0.012409315,-0.112129495,0.122690625,-0.157465279,-0.014074249,0.051883552,0.140648395,0.101670235,-0.088292614,-0.091086835,-0.076342076,0.324345291,0.055819467,-0.135279745,-0.109334894,0.026199128,-0.067079619,0.032335907,-0.034787942,-0.085407853,-0.092014879,-0.063137986,-0.004335426,0.007241432,-0.02604028,0.049110442,0.01259695
E:\Project\Fake News Detection\images\fake\4.jpg,fake,train,0.730728149,0.764087319,0.021774493,0.021029124,-0.146698371,0.044962574,0.061171446,-0.041081093,0.114423148,-0.085981525,0.068753302,-0.161782816,-0.239438012,0.243423238,0.017996358,-0.107839651,-0.046437938,-0.051286399,-0.12246263,0.063510083,0.077902161,-0.122802228,-0.036743883,0.000734436,0.043268964,-0.090970993,-0.01321274,-0.031334817,-0.005696897,-0.121713802,0.081124693,0.118089795,-0.07444232,-0.001363546
E:\Project\Fake News Detection\images\fake\4001.jpg,fake,train,0.600198686,0.609853327,-0.091265842,0.211797997,-0.381696701,-0.042324964,-0.111701004,-0.046406668,0.023924552,0.006112856,0.020740326,0.00583396,0.018462861,-0.067724019,0.117647409,0.001129779,-0.047629502,-0.100419581,-0.057790682,-0.059422322,-0.139888272,0.078772187,-0.040580742,0.014392618,-0.1115871,0.000196786,-0.030867523,0.018611882,0.001678089,-0.094846398,-0.000631079,0.023380721,0.037470743,-0.019500483
E:\Project\Fake News Detection\images\fake\4015.jpg,fake,train,0.709788084,0.761256456,0.030339139,0.217232555,-0.353924572,0.096776821,0.022438817,-0.078215688,0.075396679,-0.132395551,0.10662359,-0.116338916,0.050763432,-0.042569969,-0.022573588,-0.018108096,0.041143689,-0.026297178,0.077607885,-0.066724248,0.064370312,0.078256048,-0.028109489,-0.135917172,-0.08812622,-0.088534392,0.081984699,0.221639737,-0.068313636,0.118774846,0.025508264,-0.018795824,-0.00498715,-0.028914601
E:\Project\Fake News Detection\images\fake\4016.jpg,fake,train,0.633441091,0.699857473,0.08435224,0.074960075,0.028434593,0.028088661,0.050906472,-0.129497558,0.086504325,-0.084117398,0.161110014,-0.025251206,0.058123644,-0.175085828,-0.218193978,-0.207984999,0.173746258,0.048465267,0.069261476,0.074899994,0.000289002,0.019720944,0.011281755,0.041211557,-0.048942186,-0.188478053,-0.056610767,0.029520808,-0.044280652,-0.062489986,-0.052917566,0.120133191,0.074660651,-0.043918487
E:\Project\Fake News Detection\images\fake\4019.jpg,fake,train,0.859120548,0.891283453,0.180216759,-0.166606471,-0.40466398,-0.179312274,0.126719728,0.015318801,0.034475725,0.146842539,-0.01148337,0.093815789,-0.043622661,0.071157992,0.095095396,-0.001615123,0.082399063,0.006084431,9.89E-05,0.119418882,0.067745447,0.054185554,-0.038968671,0.037404656,-0.023770148,0.052594367,-0.038117345,-0.048894905,-0.051595081,-0.017729653,-0.023635728,0.078494988,0.023505336,0.001347663
E:\Project\Fake News Detection\images\fake\4036.jpg,fake,train,0.609903634,0.630902767,-0.037517242,-0.10084869,-0.157650158,-0.146374121,-0.046537813,-0.209963351,-0.085338138,-0.142186999,-0.005875915,-0.008254535,0.025753289,-0.109534554,-0.014979254,-0.132040098,0.091251411,0.07788761,0.111648001,0.006768845,0.016946174,-0.100818627,-0.031581394,0.062599309,0.018397782,0.07736358,-0.091198884,0.00430844,0.02419509,-0.010516373,0.036278769,-0.046067327,0.024311906,-0.130102366
E:\Project\Fake News Detection\images\fake\4038.jpg,fake,train,0.687182069,0.74032402,0.239838272,0.168881029,0.079179823,-0.007335363,0.048480883,-0.189707071,0.06081707,-0.079362951,-0.109259292,0.025828978,0.146601468,0.034080565,-0.050234821,-0.034508158,0.064149089,0.030300166,0.129131377,-0.018628368,0.097517818,0.069032706,-0.021151017,0.037298761,-0.015590827,0.03978667,0.087560907,0.096097998,0.003376277,0.131068274,0.058126487,-0.102011785,-0.068137065,0.093831949
E:\Project\Fake News Detection\images\fake\404.jpg,fake,train,0.84968555,0.892799139,0.203762218,0.097433276,-0.070195794,-0.034164917,0.243571058,0.236244261,0.038722586,0.040510204,-0.090654008,-0.08703392,-0.036939111,0.06490384,-0.047782462,-0.027668798,-0.095928296,-0.020597083,0.139126167,0.01720901,0.18763192,-0.079265155,0.055179212,-0.127089903,-0.002986063,0.056601051,-0.081656165,-0.074214965,-0.015342241,0.045939688,-0.069613844,-0.004841292,-0.068946503,0.013183539
E:\Project\Fake News Detection\images\fake\4042.jpg,fake,train,0.732853234,0.948694825,-0.030895941,0.259182155,-0.324522316,0.077342995,0.058944672,-0.027143531,0.053110659,-0.049027141,-0.121311583,-0.038936358,0.051214632,-0.023377532,0.010956235,-0.078245535,-0.029905112,-0.098635204,0.121107653,-0.047199469,0.023857841,-0.133503839,-0.09829171,0.121574089,-0.039657071,0.059786614,0.07126575,0.125059634,-0.002121199,0.125372976,-0.090099819,-0.045229588,0.040450446,-0.039844211
E:\Project\Fake News Detection\images\fake\4048.jpg,fake,train,0.897194743,0.897194862,0.115272209,-0.236120373,-0.372813225,-0.292045772,0.087529406,-0.007198618,0.077871054,0.050104272,0.066154897,0.08300671,0.065257646,0.02804891,-0.11440976,-0.052867081,0.140648872,-0.022125626,0.010868097,0.116052449,0.039588813,-0.070780031,0.037193764,0.02524624,0.110378556,0.021772558,-0.050773658,0.024955528,-0.015717292,0.028795272,-0.050979886,-0.053420294,-3.86E-05,0.023822699
E:\Project\Fake News Detection\images\fake\4050.jpg,fake,train,0.696355224,0.718579769,0.056536447,0.188098788,-0.221207261,-0.054108385,-0.044132583,-0.113447368,-0.156132758,0.098767839,0.001515398,0.038722556,0.048412234,0.019295016,0.16622448,-0.037524696,0.038737874,-0.120239921,0.143226594,0.070128232,-0.072871029,0.038272515,-0.032450065,0.057560187,-0.029749244,0.008203973,-0.058372021,-0.130415976,-0.070556782,0.021139776,0.044766169,0.06786602,0.120687738,0.113471463
E:\Project\Fake News Detection\images\fake\4081.jpg,fake,train,0.714334071,0.749840975,0.126948312,0.074454166,0.054895569,0.279725939,-0.008250766,-0.194128722,0.07156457,0.357960761,0.149007827,0.014927523,-0.033549417,0.00217428,-0.002787801,-0.037911192,-0.051697548,-0.016047452,-0.072464079,-0.035966761,-0.027888043,-0.031213617,0.033858903,0.061731145,0.009872138,-0.063936077,-0.050884288,0.008020037,0.021638496,0.012945906,-0.040015452,-0.055631898,-0.030800231,0.036744107
E:\Project\Fake News Detection\images\fake\4095.jpg,fake,train,0.886749923,0.903421998,0.133336931,-0.466623873,0.046114407,-0.090905175,-0.180360824,-0.069264404,-0.130722225,-0.12271969,-0.010699842,0.064608008,0.152530625,0.036846526,-0.065136313,0.001032567,-0.088265382,-0.000413284,0.000781434,-0.012770734,-0.025066227,0.02918027,-0.012143609,0.049741633,0.039668702,-0.031749405,0.050153043,0.007858911,-0.082998961,-0.04463046,0.04667883,0.017829673,-0.027336691,-0.000503256
E:\Project\Fake News Detection\images\fake\4096.jpg,fake,train,0.911648571,0.925377965,0.219639659,0.069814608,0.130161792,0.06151415,-0.386176765,-0.028523361,0.404733211,0.026751241,0.02061481,-0.014066079,-0.033088952,-0.092906766,-0.041007575,0.094725214,-0.018826375,0.133731812,0.105238162,-0.042800773,0.036978018,0.005171042,-0.017569706,-0.015373719,0.059889503,-0.002137221,-0.023857214,-0.016456759,0.017486177,-0.070967935,0.001357144,-0.044473145,-0.011859622,0.042723723
E:\Project\Fake News Detection\images\fake\4099.jpg,fake,train,0.662349105,0.750261366,-0.222861096,0.022766029,0.101661116,0.165504068,0.103598423,-0.186153814,-0.045332525,0.032511272,0.15749912,0.098557957,-0.06246594,-0.23104313,0.124227293,0.030529799,-0.094869055,0.091412947,-0.000783374,0.067900889,0.023532094,-0.179408565,0.134434968,0.048635203,-0.133915648,0.024457123,-0.017804392,-0.052290443,-0.075865366,0.080184221,-0.03984094,-0.018800927,-0.09513367,0.006248213
E:\Project\Fake News Detection\images\fake\41.jpg,fake,test,0.782080531,0.82965374,0.076389313,-0.148895055,0.04811462,0.038427167,0.270595461,0.052530985,0.239604652,-0.107426681,0.084229037,-0.137163833,-0.159528106,0.006710507,0.112913564,0.047773503,0.049929135,-0.082194299,-0.089777872,0.079236612,-0.134975731,0.086368553,0.020487301,-0.005385742,-0.142748952,0.109837443,0.135420516,0.053758666,-0.068455666,-0.028875016,-0.015618324,-0.153677315,0.035529613,-0.080214389
E:\Project\Fake News Detection\images\fake\410.jpg,fake,train,0.615967751,0.647244513,-0.183296636,-0.096752621,0.055674966,0.054602005,0.060927391,0.070923768,0.099585287,0.214973226,0.040242884,0.024577081,-0.119268812,0.014298566,-0.005421112,0.009976333,0.03875738,-0.065189719,-0.129494265,-0.010745429,-0.051940709,-0.130576223,-0.040519185,-0.145667449,-0.044383507,0.077155977,-0.059543528,0.022980621,-0.060568705,0.034354631,-0.022664402,-0.054419015,0.016362242,0.009118705
E:\Project\Fake News Detection\images\fake\4116.jpg,fake,train,0.607583702,0.670050144,-0.342157155,-0.17788431,0.169660732,0.10813611,-0.077633858,0.057192285,-0.121451251,-0.083134383,0.087850355,0.136423483,-0.100566365,0.220082715,-0.276826113,0.045214523,-0.035939235,-0.011448056,0.063803412,-0.012022219,-0.074637465,-0.021244926,0.10094171,0.021873359,-0.140894264,0.1157251,0.079566181,0.009388056,0.101184912,0.037970882,0.015517791,-0.000519378,0.008452488,-0.045457534
E:\Project\Fake News Detection\images\fake\4118.jpg,fake,train,0.768710494,0.808186233,0.10671328,0.070795119,-0.174225375,0.043064486,0.133323893,0.119652554,-0.092227563,-0.010771463,-0.402629107,-0.129677415,0.003252935,-0.018986389,-0.005799107,-0.020786993,-0.035884678,-0.017232364,0.259661227,-0.064069025,-0.037276566,-0.093199611,0.086623654,-0.113288812,0.022504685,0.036206357,-0.071953863,-0.078614675,0.013485028,-0.052173056,0.055581119,-0.106705546,0.107038431,0.033638261
E:\Project\Fake News Detection\images\fake\412.jpg,fake,train,0.843734264,0.865763247,0.406384408,-0.086308934,0.176787287,-0.021277882,0.124247856,0.339176476,-0.122779325,-0.01778283,-0.055548172,-0.024144636,-0.038326558,-0.028694838,0.034237534,0.067569271,0.069243677,0.107304871,-0.077522404,-0.030698961,0.002279815,0.002366161,-0.00486166,0.056456044,0.015063961,-0.016592709,0.060733385,0.029416954,-0.00051525,-0.073943362,0.029578788,-0.041387074,0.033647217,0.078885928
E:\Project\Fake News Detection\images\fake\4122.jpg,fake,train,0.738206863,0.844249427,-0.178336829,-0.084058627,-0.103796259,0.174449772,-0.004082657,0.114002883,-0.208929807,-0.228017837,-0.245662346,-0.101169959,-0.025518751,0.021174759,0.091930784,-0.003568761,-0.044123214,0.087901495,-0.010249241,-0.037306543,0.021280156,0.167765707,0.002456549,0.059646711,-0.02617272,-0.054426238,-0.011578317,-0.036900762,0.091635995,-0.015467341,-0.126654312,0.062074456,-0.012135375,0.045107212
E:\Project\Fake News Detection\images\fake\4128.jpg,fake,test,0.804121614,0.851467252,-0.27743268,-0.240563571,0.139626518,0.301777929,-0.192612797,0.15438664,-0.0399221,0.120575108,0.092295796,0.066186681,0.005304482,0.015443914,-0.001296027,-0.054938603,-0.068801209,0.102802366,-0.019228723,0.029980034,0.006355986,-0.079012297,0.037207626,0.032862097,-0.08780472,0.053875264,0.004257588,0.004016943,-0.112270318,0.073712185,-0.027946532,-0.028761709,-0.026955783,-0.005485609
E:\Project\Fake News Detection\images\fake\4130.jpg,fake,train,0.766285479,0.842390776,-0.184767336,-0.180539668,0.090859048,0.319778115,-0.145376399,0.14087221,0.038918644,0.0149507,0.090048298,0.053740017,0.084360406,-0.043496661,-0.053490743,-0.054130059,-0.099334463,0.060987566,-0.018470611,0.030454012,0.106507808,-0.04935161,-0.062698156,-0.0258925,-0.026222199,0.028009538,-0.03945566,0.033203367,-0.044860963,-0.006721975,-0.041092064,-0.013547412,0.039118454,0.010159972
E:\Project\Fake News Detection\images\fake\4161.jpg,fake,train,0.691557825,0.722601295,-0.232829019,-0.153362706,0.015855819,-0.067464091,-0.172102973,0.155571803,-0.203539476,0.155853912,-0.00610752,-0.250889778,0.081652097,0.007556712,0.086975902,0.03825089,0.073694475,-0.146632716,0.213631898,0.059529196,-0.137227982,-0.015917934,0.01426626,-0.013294899,-0.010878487,-0.126036748,0.002933829,0.009719425,-0.007562978,-0.019240595,0.021718344,-0.043710943,0.004004062,0.012900696
E:\Project\Fake News Detection\images\fake\4175.jpg,fake,train,1,1,0.139076486,-0.260736465,-0.391322225,-0.284886241,0.07123369,0.027983323,0.05957292,0.104333587,0.054903802,0.130119503,0.03138528,0.021851171,-0.05003212,0.015770424,0.034144558,-0.050538864,-0.014661013,0.08371789,0.089406885,0.030575348,0.018547332,-0.00053337,0.059861355,0.008475256,-0.036444563,-0.009990637,-0.021242375,0.021776382,-0.038204718,-0.026845526,-0.015056755,-0.057966039
E:\Project\Fake News Detection\images\fake\4176.jpg,fake,train,0.848275185,0.858196974,0.022114625,-0.452954054,0.125235677,-0.144909844,-0.19580242,-0.025076145,-0.148785055,-0.097234756,-0.022888578,0.106513463,0.159272641,0.089411512,-0.090199053,-0.015819469,-0.062683843,0.002148814,-0.000702134,-0.042053722,-0.021909423,0.045561124,-0.036782656,0.050040785,0.023570083,-0.030706322,0.047424927,0.017114889,-0.046200685,0.011314445,0.047941983,-0.036799394,-0.052280247,-0.014210302
E:\Project\Fake News Detection\images\fake\4179.jpg,fake,train,0.988217473,1,0.253917485,-0.417351872,-0.082708597,-0.338077605,0.089049511,-0.084848329,-0.034045275,0.044265069,-0.022776751,0.05198177,0.048495531,-0.035757132,-0.068654217,0.02981377,-0.039049938,0.029877087,-0.01047436,-0.04876858,0.013368906,0.038896434,0.041770674,0.018349381,-0.004093681,-0.074083522,-9.14E-05,0.021576682,-0.003563228,-0.011533902,0.039714132,-0.025896773,-0.00344272,0.058773387
E:\Project\Fake News Detection\images\fake\419.jpg,fake,train,0.800249755,0.838698268,0.087509923,-0.011311162,0.034585051,0.108366914,-0.181057125,0.132147476,0.325802326,0.137890637,0.047593635,0.080290921,-0.079132974,-0.043072302,-0.039164271,-0.070679642,-0.027987514,0.195488393,0.138500154,0.043332037,0.106782943,0.067637309,-0.060570486,-0.038185611,0.116581246,0.022175046,0.005778624,0.046194158,0.1058475,-0.091812685,0.006175155,0.013067943,-0.015057516,0.030714972
E:\Project\Fake News Detection\images\fake\4196.jpg,fake,test,0.865819931,0.928854644,0.244093865,0.186372817,0.082118593,-0.025346696,0.02368574,-0.167628437,-0.089831181,0.036205932,-0.09781526,-0.002007417,0.200885475,0.045996301,0.038103018,-0.006839927,-0.053519934,-0.014084809,-0.172713295,0.134174839,-0.033758871,0.148765013,0.223105818,-0.100572929,0.11839442,0.036164124,-0.10099005,0.040081087,0.011448555,-0.00645338,0.148935646,0.02558247,-0.059541412,-0.05104477
E:\Project\Fake News Detection\images\fake\4198.jpg,fake,train,0.754343212,0.817890823,0.276569366,-0.113522187,0.252114981,0.233999178,0.084402151,0.166761532,-0.204768717,0.015656207,-0.156734779,-0.090510413,0.06071867,0.012998279,-0.02551965,0.031667165,-0.000366351,-0.026676776,0.022845376,-0.145792842,0.040403645,-0.119015485,-0.03344211,-0.028640637,-0.00047508,0.042259879,-0.018920252,-0.004951326,0.020003334,0.015092647,-0.005978237,-0.006149859,0.00802962,0.03134888
E:\Project\Fake News Detection\images\fake\4202.jpg,fake,test,0.816893756,0.839657307,-0.131335944,-0.024860717,-0.027554318,0.145208135,0.00817208,-0.141082153,-0.109958813,-0.063650563,-0.050586913,0.121165738,-0.139918283,0.060141496,-0.021954169,0.16094026,0.134268895,0.064357162,0.07056091,0.033381477,-0.052044962,0.152926728,0.059735175,-0.045474529,0.020062849,0.147098422,-0.079390973,-0.090251863,0.102061622,-0.030566655,0.069905616,-0.019974101,-0.105692647,0.05002372
E:\Project\Fake News Detection\images\fake\4208.jpg,fake,test,0.65503782,0.76357913,-0.055403039,0.092250556,0.106971003,0.018298514,0.007746421,0.029602524,0.069233775,-0.080936,0.187241197,0.071159042,0.115806691,-0.00311929,-0.224532723,-0.198672771,0.055081937,0.08610189,0.101688646,0.1068234,-0.036249377,0.039466526,-0.014507379,0.031647488,-0.098244585,-0.182040215,0.035278268,-0.031465352,-0.008069836,-0.098120049,0.010290548,0.13037169,0.035357095,-0.025448225
E:\Project\Fake News Detection\images\fake\4210.jpg,fake,train,0.660393596,0.706880867,-0.135653198,0.059452489,0.208623111,0.103473961,-0.084189326,-0.171790272,-0.062708713,0.039040931,0.091434248,0.227071539,-0.070808828,0.276306659,-0.199205399,-0.02358729,-0.074388042,-0.096691132,0.139546201,0.044296227,-0.113798849,0.051246636,-0.03269292,0.102729604,-0.070605911,-0.010936826,-0.010473786,0.010014977,0.100289062,-0.085897267,-0.000263371,-0.034967326,-0.001946237,0.019195007
E:\Project\Fake News Detection\images\fake\422.jpg,fake,train,0.929488003,0.986812592,0.25536862,-0.409385502,-0.061491914,-0.310820818,0.118832156,-0.08861874,-0.010889687,0.003814413,0.01042535,-0.008420114,-0.039797772,-0.051155459,-0.06440717,-0.020919994,-0.057606522,0.02895366,0.083002798,-0.066274919,0.02934723,0.040689886,0.070272185,-0.016122678,-0.058137696,-0.074506797,-0.007727814,0.01442907,0.030135138,0.006998615,0.031209074,0.033924785,-0.012884018,0.060319632
E:\Project\Fake News Detection\images\fake\4241.jpg,fake,train,0.760835767,0.78874433,-0.195102245,-0.159938157,0.08269839,0.31245476,-0.103164107,0.139707223,0.017365336,-0.06420029,0.099975653,0.038862169,0.099532723,-0.003430358,0.002390246,-0.062089372,-0.057310581,0.017281568,-0.076792285,0.133319974,0.054133393,-0.03889019,-0.058319207,-0.057660401,0.004775937,0.01478899,0.001748887,0.040545452,0.083435975,0.045539618,0.013786278,0.039532948,0.000701064,0.039601862
E:\Project\Fake News Detection\images\fake\4255.jpg,fake,test,0.687172413,0.797370076,-0.048239835,-0.006808996,-0.084834538,0.13211678,0.199945956,-0.052224055,0.039208069,0.16312696,0.011860853,0.126175195,-0.08423429,0.224019438,-0.104101114,0.076172933,0.079050161,-0.104031526,0.072491102,0.155502811,-0.064211413,0.050891113,0.017735884,0.103499681,-0.058686167,-0.062936448,0.038245283,-0.010867,0.123507299,-0.044510558,-0.065983623,0.055895384,-0.034980573,-0.063839518
E:\Project\Fake News Detection\images\fake\4256.jpg,fake,test,0.716252685,0.733707905,0.008318916,0.300796658,-0.349741369,0.074709415,0.017328039,0.083664455,-0.023605803,-0.035282694,-0.165698856,-0.021155927,0.121205524,0.004822962,-0.026454294,0.035687242,-0.092098966,-0.008577357,-0.008196454,-0.061512269,0.0763399,0.080376558,-0.050675396,0.055355892,-0.056171812,0.054648962,0.069147781,0.137697205,0.003622085,0.045194909,0.041549034,-0.07295277,-0.082189627,-0.033287711
E:\Project\Fake News Detection\images\fake\4259.jpg,fake,test,0.453737319,0.532016337,-0.015182413,-0.020628296,0.079558767,0.056838915,0.089813948,-0.16683358,-0.104358502,-0.19650574,-0.137237757,-0.058784664,0.121393211,0.058224611,0.109139025,0.056753211,0.01507809,0.035312209,-0.040296946,-0.139001921,0.160536528,0.047166035,0.022704143,0.061996818,0.140341774,0.103392497,0.001240576,0.021308001,-0.020875759,0.049899951,-0.003466301,0.07604441,0.031761501,-0.004216634
E:\Project\Fake News Detection\images\fake\4276.jpg,fake,test,0.813323975,0.855624795,0.365334928,-0.02583646,0.145079523,-0.023261603,0.246499389,0.242901802,-0.127301261,0.040038064,-0.168691143,-0.107974738,0.000638204,0.01202663,0.002476235,0.056198549,-0.0515806,0.017531749,-0.064212859,-0.017912164,0.113553703,-0.079320848,-0.011418436,-0.029956549,-0.040388688,-0.056302167,0.066815428,0.114451863,-0.023495361,0.015536085,0.030876594,-0.026913578,-0.001505136,0.096001193
E:\Project\Fake News Detection\images\fake\4278.jpg,fake,test,0.828472793,0.860003293,0.221873313,-0.083689727,-0.230313033,-0.023732584,-0.053832028,0.07862927,0.367605448,0.019591564,-0.101862028,-0.090572193,-0.087101102,0.075052537,-0.015781345,0.237617254,0.078560553,-0.048133627,-0.057081249,0.045242354,-0.016273126,-0.037966192,0.034774214,0.000250332,-0.007717028,-0.01397223,-0.108485624,-0.074858889,0.0429096,0.039300814,-0.044806108,0.019939652,-0.019472413,-0.068075232
E:\Project\Fake News Detection\images\fake\428.jpg,fake,test,0.807399571,0.829141259,0.078764737,-0.045995079,-0.203951716,0.141928792,0.20187223,0.013652258,0.108924039,0.279756278,0.042726271,-0.029111531,-0.036379557,0.085834526,-0.030515064,-0.005299088,0.097142965,0.088103414,-0.032778289,0.000985265,-0.035603076,-0.025164649,-0.05092613,-0.016260929,0.105742112,0.056935396,0.005343642,-0.056647316,0.018611461,0.104404137,-0.053538136,-0.011620698,-0.00465598,-0.085723899
E:\Project\Fake News Detection\images\fake\4282.jpg,fake,test,0.743886828,0.803703487,-0.041935883,0.297425747,-0.363057882,0.233663619,-0.029775415,0.110440575,-0.04489632,0.114382572,0.120280862,0.044866398,0.095719762,-0.098877952,0.050933015,0.021328634,-0.009198248,0.133999705,0.000668529,-0.128633261,-0.054444261,0.080036812,0.016295204,0.009321898,0.017645717,-0.017444257,0.00774416,0.095995001,-0.016707219,0.033354446,0.010696739,0.027300414,-0.03173355,0.045047738
E:\Project\Fake News Detection\images\fake\4288.jpg,fake,train,0.634221256,0.710939527,0.172229722,0.129093319,0.144039482,-0.045785099,-0.162642464,-0.153841406,0.181876674,-0.075306162,-0.050444908,0.016152004,0.129551739,0.123980753,0.074209407,0.136382312,-0.068169996,-0.107586205,-0.099745646,-0.05616755,-0.115678906,0.030909896,0.057122879,0.032860395,0.002456866,-0.016072668,-0.064597704,-0.021159926,-0.004616734,0.089217894,-0.14573817,0.014875127,-0.012203453,0.074190088
E:\Project\Fake News Detection\images\fake\429.jpg,fake,train,0.846486092,0.857259393,0.375706196,0.178009257,0.004976558,-0.037492033,0.160372823,0.309213787,-0.19161658,-0.021794885,-0.010401298,0.002166076,-0.086006261,0.029902637,0.001440688,0.023275629,0.084594049,-0.016820816,-0.073928803,0.080568209,0.088307984,0.012948505,-0.007713819,0.036846478,-0.000581988,0.059099354,0.010555749,-0.008885696,0.02642002,0.013102151,-0.042609565,0.015288254,-0.017989825,-0.031168489
E:\Project\Fake News Detection\images\fake\4290.jpg,fake,train,0.626855373,0.660831451,-0.254401147,0.114472426,0.062970676,-0.136494458,-0.029914208,0.025772516,0.010836589,0.106546327,-0.137570813,0.039938632,-0.180099323,-0.080690689,-0.062890336,-0.063729718,0.126809224,-0.060535435,-0.236476779,-0.13551943,-0.012087224,0.08074642,-0.079647094,-0.103565983,0.125893459,0.092550352,0.018707158,-0.030636027,0.00370416,0.064918905,0.048217006,-0.01536132,-0.063750111,0.146776706
E:\Project\Fake News Detection\images\fake\430.jpg,fake,train,0.651658714,0.697677732,0.023571482,0.272933573,-0.202042952,0.12802729,0.051497687,0.036659665,-0.028335031,-0.124171771,-0.115682103,-0.087074682,-0.097540535,0.01783636,-0.031245762,-0.041122165,-0.071304299,-0.105585538,0.148245901,-0.175738782,0.069130741,0.010397068,-0.057199031,0.077823348,0.116280861,-0.107778229,-0.084919795,0.068203747,-0.069512218,0.066455401,-0.053674486,0.026457021,-0.044984024,-0.086409986
E:\Project\Fake News Detection\images\fake\4321.jpg,fake,train,0.803589702,0.837702215,-0.203208238,0.093251072,0.047166787,0.080400676,-0.000848477,-0.116932355,-0.099698909,-0.049974669,-0.00036851,0.212449238,-0.124353349,0.095949821,-0.055664506,0.154050186,0.110903732,0.171439081,0.090136193,0.017304294,-0.124791488,0.152441606,0.08833991,-0.031540986,-0.019458098,0.074716844,-0.041656822,-0.098399036,0.116985247,-0.008832264,0.10024149,-0.011412605,-0.141088217,0.099147312
E:\Project\Fake News Detection\images\fake\4335.jpg,fake,train,0.701466203,0.728984237,0.137198195,0.119411021,0.080061711,0.02450243,0.096334495,-0.317849755,-0.010917029,0.058559686,0.125398636,0.070123605,0.022571724,0.007305087,-0.047542214,0.141507119,0.14440532,-0.049732383,0.014961084,0.008780592,0.018196836,0.065401874,-0.07009013,-0.093796566,-0.104182228,-0.012158884,-0.006081914,-0.001686158,0.019080095,0.10983751,0.049225677,-0.019063078,-0.104278468,-0.087787375
E:\Project\Fake News Detection\images\fake\4336.jpg,fake,test,0.621136665,0.647764206,0.129344001,0.10007,0.100026354,-0.047291808,0.059629377,-0.172195435,0.045499407,-0.164725497,0.144184709,-0.154900551,0.108329475,0.053184874,-0.034042086,-0.191577062,0.156145498,-0.049594127,0.052438639,0.092603549,-0.087536536,-0.034722634,-0.010908905,-0.002266146,0.082514986,-0.019454025,0.001412628,-0.008836359,0.045384727,-0.050411351,-0.027974106,0.028676255,0.021074776,0.007336892
E:\Project\Fake News Detection\images\fake\4339.jpg,fake,test,0.648413777,0.669299006,0.017412938,-0.274738818,0.260291547,0.247883767,0.063543096,0.088798538,-0.01230625,-0.089654885,0.045645248,-0.037784159,0.100992322,0.054588057,0.004572842,-0.008754168,-0.069936648,0.020099815,0.027153198,-0.069135897,0.04181388,0.07899946,-0.011836547,0.030160695,-0.052928571,-0.057756983,-0.003358203,-0.070889682,0.000507854,0.015622586,0.030117201,-0.00220751,-0.09378282,0.026510708
E:\Project\Fake News Detection\images\fake\435.jpg,fake,train,0.835700035,0.907490611,0.291245729,-0.023716202,0.145256981,-0.095900647,0.239037588,0.209115699,-0.071991496,-0.026893625,-0.057293959,-0.132118195,-0.082301512,0.031635262,-0.011605785,0.009868908,-0.12225569,0.069912463,0.105651937,-0.040851787,0.138941914,-0.034146551,0.031142019,-0.083532058,-0.018467875,-0.008292283,-0.011436236,-0.018916307,-0.041561007,0.042736143,-0.024742022,0.003074063,-0.076598905,0.065808147
E:\Project\Fake News Detection\images\fake\4356.jpg,fake,train,0.671135604,0.724749446,-0.031792901,0.084421687,-0.131432876,0.113144636,0.17343919,0.134821191,0.072577506,-0.018696945,-0.211454183,-0.017520333,-0.040704936,-0.018690813,0.022747086,0.000562199,-0.017661294,0.023431549,0.062504604,0.146295086,0.127420738,0.113753214,0.025267433,0.071470514,-0.060152762,0.124570578,-0.043779951,0.001496115,-0.010025823,-0.090896331,0.03016774,-0.090411387,-0.050103959,-0.031968962
E:\Project\Fake News Detection\images\fake\4358.jpg,fake,test,0.815602601,0.841154695,0.35126999,0.195876867,0.055305503,-0.015656319,-0.227937192,-0.039486829,0.193269983,0.023788573,-0.154348657,-0.157194614,0.020963604,0.041314483,-0.075136676,0.160336852,-0.032800406,-0.020002417,-0.00918673,-4.22E-05,-0.034087196,0.002349752,0.121173859,-0.019075826,-0.092983373,0.014059884,-0.053773366,-0.010198019,-0.004353389,0.001268946,-0.019444108,0.050150119,-0.029443532,-0.024377204
E:\Project\Fake News Detection\images\fake\4362.jpg,fake,train,0.849908233,0.95638907,-0.033154041,0.110874072,-0.477342188,-0.028627075,-0.209076211,-0.041342672,-0.087256432,0.050464679,0.061638799,0.054697707,-0.054531131,-0.044500276,0.16810225,-0.035603914,-0.026839241,-0.010370776,0.006151819,-0.068981282,-0.107258305,0.034839518,0.017977266,0.056206249,-0.040051397,0.034876041,0.024040323,-0.045676887,-0.057732191,0.042024687,0.034227088,0.112951159,0.046731338,0.034488682
E:\Project\Fake News Detection\images\fake\4368.jpg,fake,train,0.754539967,0.851786017,-0.00390516,0.135256454,-0.421188384,0.109886676,-0.117248885,-0.016591968,0.016588617,0.13125515,0.028722553,-0.019770991,0.047886439,-0.053078212,0.149956912,-0.045828227,-0.031086186,0.034539156,0.007687385,-0.087703817,-0.04781894,0.018557552,-0.036358848,0.067576155,-0.015395552,0.004729849,0.096471697,-0.035503358,-0.063352197,0.073035076,0.035219278,0.06580615,0.007074648,-0.0045444
E:\Project\Fake News Detection\images\fake\4370.jpg,fake,train,0.962581336,1,0.002903938,-0.329615682,-0.134044111,0.308716625,-0.205083132,0.047733661,-0.097844124,0.039690949,-0.054460477,-0.136344984,0.039232194,-0.037111405,0.133989409,-0.044969603,0.10525284,-0.025416782,-0.030198593,-0.005061763,-0.047897279,-0.008582545,0.017415209,-0.061709657,0.031183764,0.051375732,0.058139611,-0.110363655,-0.016363967,0.079476245,0.001414998,0.071171388,0.012515436,-0.00984832
E:\Project\Fake News Detection\images\fake\4402.jpg,fake,train,0.776211321,0.78751415,0.061508227,-0.276709616,0.0562893,-0.292841613,0.013086833,0.024503885,0.017317303,0.031185655,0.057700027,0.072095819,-0.044171229,0.067851268,-0.096500441,-0.05783429,-0.074978493,0.075068079,0.12964797,0.084473923,-0.013773032,-0.073555075,0.070880927,0.036130942,-0.050693613,-0.149501279,0.060382403,0.029373052,0.034613129,0.044495601,0.053136777,0.07459268,-0.073925331,0.044732157
E:\Project\Fake News Detection\images\fake\4419.jpg,fake,train,0.749551177,0.749551177,0.074865997,-0.224188,-0.248183906,-0.113660485,0.047543753,0.086436257,0.131087065,0.139291704,0.077330962,0.125747129,0.078585885,0.053981472,-0.11697226,-0.057319064,0.029395906,0.041908931,-0.012173506,0.037332539,0.016586959,0.004694314,-0.024025064,-0.004602839,0.074182309,-0.020400168,-0.00930569,-0.032716122,-0.011076535,0.033686057,-0.058584735,-0.101325363,-0.069436677,-0.080303028
E:\Project\Fake News Detection\images\fake\442.jpg,fake,train,1,1,0.139076456,-0.260736436,-0.391322196,-0.284886181,0.071233682,0.027983313,0.059572916,0.10433358,0.054903816,0.130119488,0.03138528,0.021851171,-0.050032116,0.01577042,0.034144547,-0.050538857,-0.014661012,0.083717883,0.089406878,0.030575354,0.01854733,-0.00053337,0.059861362,0.008475258,-0.036444563,-0.009990639,-0.021242376,0.021776382,-0.038204715,-0.02684553,-0.015056755,-0.057966031
E:\Project\Fake News Detection\images\fake\443.jpg,fake,train,0.802999139,0.802999139,0.147452682,-0.194628522,-0.334290177,-0.251714975,0.086011358,0.042559326,0.071693666,0.069892697,0.039525747,0.081268951,0.095908828,0.063335761,-0.108873107,0.007761387,0.072867371,0.033326801,-0.014346285,0.103610352,0.095066518,0.040700424,0.038945328,-0.005708242,-0.043590624,-0.005251811,0.010497692,0.135744393,-0.052899733,0.057863086,-0.045404918,-0.013009041,0.058567885,-0.073218495
E:\Project\Fake News Detection\images\fake\446.jpg,fake,train,0.734826386,0.760537863,0.12726827,-0.356340557,0.053812373,-0.205498263,0.083297603,-0.062618829,0.032157063,-0.007339685,0.026388045,-0.020863237,-0.092805624,-0.022535434,0.013962965,0.071298912,-0.146252036,0.058648385,0.049949206,0.005565611,-0.006524569,0.009784825,0.04822617,-0.036911875,-0.002803693,-0.008243539,-0.016268471,-0.038422819,-0.035457529,0.002534793,-0.029677885,-0.003369746,-0.010133054,0.066405341
E:\Project\Fake News Detection\images\fake\4484.jpg,fake,train,0.58750546,0.602999687,0.151084989,0.098164164,0.076016307,-0.012669937,-0.061211001,-0.157064572,0.062770106,-0.108129472,0.151952684,-0.089924738,0.046743412,0.084245659,-0.005626337,-0.206182316,0.05055175,0.071967453,0.205824181,0.07202065,-0.108634107,0.014996834,0.007847722,-0.022075018,0.046828948,0.057767045,0.054903757,-0.004852951,-0.105977282,0.012896545,-0.058063306,-0.129853293,-0.025851579,0.083935857
E:\Project\Fake News Detection\images\fake\4487.jpg,fake,train,0.684223056,0.731813252,0.080679782,0.161773816,-0.129192308,0.039613836,-0.016986592,-0.154565424,0.083636947,-0.135594741,0.109050877,-0.133404523,0.077145353,0.033542808,-0.055510633,-0.035882868,0.048846871,-0.050807647,0.119945653,-0.009911237,0.085169658,0.063015737,-0.00152432,-0.098859966,-0.106862888,-0.038613666,0.07871528,0.233401179,-0.000324463,0.126599878,-0.018873077,-0.007705469,0.092492968,-0.009287067
E:\Project\Fake News Detection\images\fake\4494.jpg,fake,train,0.583083451,0.604124188,-0.178464159,-0.067910515,-0.27489683,0.028783647,0.144328922,0.211284041,-0.00993596,-0.010727263,-0.072896414,-0.227947488,0.015799299,0.017947096,0.147796348,-0.044740029,0.060400739,0.206242248,0.055347376,-0.112172037,-0.115159057,0.052810494,0.060988154,-0.03465284,0.059621092,-0.106461257,-0.042330526,-0.001771592,0.051374927,0.017942434,0.146584511,-0.110145114,0.103136748,-0.074319676
E:\Project\Fake News Detection\images\fake\4496.jpg,fake,train,0.696406066,0.728613257,-0.056274768,-0.228150696,-0.149358556,-0.275234669,-0.018303974,-0.030784216,0.002599276,0.092121772,0.001156156,0.001768329,-0.107711412,0.246416315,0.061851401,-0.008792228,-0.026146125,0.058324322,-0.122099996,-0.011988294,0.016960343,-0.117736608,0.029728653,-0.038239982,0.018806461,0.145163819,-0.036086537,0.119540274,0.103819057,-0.065556876,0.100185879,-0.076624289,0.033845045,-0.001843403
E:\Project\Fake News Detection\images\fake\4502.jpg,fake,train,0.90422374,0.932383418,0.445344269,0.199803114,0.16575551,0.038215037,-0.241525322,0.155630633,0.024583565,0.102247141,0.074038148,-0.001523847,-0.07231947,-0.211592972,0.001587051,-0.035120562,0.030994564,0.11626783,0.099882126,-0.01872983,0.125995904,0.027710067,-0.019221423,-0.022051502,0.093866751,-0.005988947,0.020641444,0.070233978,0.070002303,-0.048265573,-0.039357238,0.000231805,0.038819592,0.025589677
E:\Project\Fake News Detection\images\fake\4508.jpg,fake,train,0.660224617,0.660690188,0.186421841,-0.344264477,0.022111079,-0.119610526,0.225923374,-0.106737174,0.026232103,0.117073335,0.03881672,0.128466487,0.011826983,-0.133042544,-0.039013427,0.005835814,-0.12887831,0.030258765,0.003213094,-0.060043305,0.017106161,-0.021028413,0.035668321,0.008089643,-0.133333579,-0.052098986,-0.034870416,-0.001797498,0.060231775,-0.118285179,0.056810521,0.048378758,0.095719434,0.090725794
E:\Project\Fake News Detection\images\fake\4510.jpg,fake,test,0.629331708,0.682245374,-0.005978152,0.215162084,-0.395863563,0.069541581,0.005180124,-0.04446172,0.074591964,-0.130380228,0.062160801,-0.197009668,0.110219561,-0.027672205,-0.047995787,-0.114225805,0.109185129,0.059094481,0.127308831,-0.063777469,-0.09669292,-0.024490811,0.010495469,0.051362626,-0.030291937,0.075957306,0.029575406,0.11654608,-0.105658211,0.070146874,-0.043641537,-0.061186947,-0.021098591,0.08591336
E:\Project\Fake News Detection\images\fake\4520.jpg,fake,train,0.664361775,0.684982419,-0.384663075,0.115522169,0.179530591,-0.241212636,0.056699283,0.125542492,0.015915655,0.157470033,0.021327674,-0.116541013,0.193434328,0.085373349,0.048995521,0.057822101,-0.011665836,-0.054009549,0.156654835,0.030834634,0.026170222,-0.001972819,-0.054696508,-0.091705471,0.021499824,-0.07685519,-0.066520557,-0.003253021,0.036357913,0.079439126,-0.057160057,-0.038373068,-0.073947862,-0.014564901
E:\Project\Fake News Detection\images\fake\4521.jpg,fake,train,0.862003446,0.862003446,0.088189058,-0.185119301,-0.311851263,-0.264496326,0.0025141,0.060875945,0.061656628,0.104241133,0.067775078,0.147929713,0.031278521,0.030842224,-0.064228743,0.000904149,0.004681633,-0.037924916,-0.009275523,0.119932488,0.039107293,0.028571548,0.017067054,8.18E-05,0.05248969,-0.0479219,0.033314437,-0.061695457,-0.037451208,0.000574843,-0.052427594,-0.043748409,-0.032667473,-0.075041138
E:\Project\Fake News Detection\images\fake\4527.jpg,fake,train,0.756590545,0.780441046,0.053913061,-0.240817562,-0.097358637,0.116575629,0.094328046,0.113614246,0.140337244,-0.055696584,0.035195023,-0.061849199,-0.187521756,0.003773588,0.018175503,-0.044852782,0.016408369,-0.057418205,0.073786855,0.017831108,0.108117118,-0.004124193,0.075825587,-0.076104052,-0.005083551,0.046781026,-0.037141491,0.023089632,0.064525552,0.075935952,-0.033411793,0.057572324,-0.000780655,0.026286956
E:\Project\Fake News Detection\images\fake\4529.jpg,fake,train,0.730891109,0.771019697,0.092927739,0.060603414,-0.171287239,0.020022187,-0.029928431,-0.199525207,0.079564415,-0.121173456,0.093174972,-0.096461676,-0.145273656,0.134020418,0.088343069,-0.239278838,-0.031334963,-0.072316356,-0.078093871,-0.084505968,0.060577866,-0.095161222,-0.03179555,-0.042242214,0.015177144,-0.086270206,-0.016530616,0.013814406,0.006795121,-0.005829985,0.03466947,0.048251506,-0.007234571,0.009301399
E:\Project\Fake News Detection\images\fake\453.jpg,fake,train,0.640299022,0.704041898,-0.312504381,0.165559381,-0.049808491,0.058396325,-0.094682068,0.027657641,-0.053363115,0.057890829,0.127504855,0.210937351,-0.128623649,0.136357009,-0.056806348,0.067851312,0.034824938,0.144158244,0.083999723,-0.04428871,-0.170308396,0.112552665,-0.059059516,-0.02429907,0.02299553,0.091305181,-0.038340271,-0.049677774,-0.014298734,-0.026905311,0.205838248,0.012851709,-0.128756851,0.080892004
E:\Project\Fake News Detection\images\fake\4534.jpg,fake,train,0.938624203,0.956506968,0.46541658,0.222186238,0.176842958,-0.038324937,-0.27478537,0.192444205,0.05650603,0.009115092,0.004969966,-0.021236669,-0.130871296,-0.180416971,-0.00662819,0.030047512,0.066904604,0.068296641,0.058290988,0.03047126,0.10454274,0.073119134,0.019539591,0.018473245,0.009100578,0.034682073,0.00016364,0.041367762,0.087960802,-0.057338346,-0.023927948,0.036863644,0.033134263,-0.004496457
E:\Project\Fake News Detection\images\fake\4535.jpg,fake,train,0.774713159,0.873653769,0.190015987,0.156193823,0.016836964,-0.025067568,-0.120658882,-0.078822218,-0.031001247,0.070050329,-0.201455384,0.01189483,0.094854563,0.125560626,-0.018819064,-0.178932056,-0.206190959,-0.01714587,0.20103389,-0.042279501,-0.008531342,-0.226491794,0.0069606,-0.119336799,-0.026958546,0.104813315,-0.074940629,-0.048551217,0.034053653,-0.074321471,0.035609871,0.009190304,0.03112256,-0.029535929
E:\Project\Fake News Detection\images\fake\4545.jpg,fake,test,0.690486789,0.790906906,-0.168016553,0.089350343,0.078101918,0.035507739,0.217195868,-0.202164769,-0.010583858,-0.103347138,0.043152764,-0.093212329,0.006366831,-0.171079576,0.114049003,0.042807639,-0.221368954,0.019897059,-0.117221102,0.051151291,0.120809719,-0.090857491,-0.043446478,0.121741921,0.058005482,0.021837872,0.073383875,-0.067783043,0.148457736,-0.011839107,0.045999616,-0.0439547,0.028949548,0.061899964
E:\Project\Fake News Detection\images\fake\455.jpg,fake,train,0.946538627,0.985147774,0.135103256,-0.208508357,0.240983292,-0.020899404,0.415530592,0.044804595,0.301325053,-0.179381102,0.106199987,-0.104444116,-0.084677704,-0.194272518,0.117036179,-0.026452255,-0.088829465,-0.158767805,-0.002309561,-0.023978373,-0.233056009,0.083770782,0.035244651,0.072486684,-0.079325415,0.084419221,0.105717808,0.02498102,0.005273215,0.030491598,0.009701732,-0.018935952,0.038762525,-0.018036997
E:\Project\Fake News Detection\images\fake\4552.jpg,fake,train,0.584974051,0.606856942,-0.165278047,-0.038926236,0.146953702,-0.024110908,0.126411974,0.034716036,-0.083518557,-0.03575857,-0.293536961,-0.068438597,-0.026017718,-0.049287967,0.059420351,-0.039637886,-0.047302451,0.07894063,0.006131429,0.034358889,0.077715769,0.118077926,-0.030028205,-0.071668111,-0.142447278,-0.088278078,-0.122994527,-0.066487379,0.040603731,-0.105258308,-0.095370576,-0.10884802,-0.040240772,0.169776767
E:\Project\Fake News Detection\images\fake\456.jpg,fake,train,0.761777401,0.827207923,0.10306333,-0.046207357,-0.184410676,0.003990791,-0.041272771,0.102078147,0.314180464,-0.024034638,-0.09459468,0.05172804,-0.001550007,-0.026400011,-0.008378639,0.206964523,0.139409333,-0.029666048,-0.06601496,0.077880509,-0.019252094,0.038841479,-0.020162564,0.008738419,0.002542284,-0.012860785,-0.012808083,-0.100111678,0.021435248,-0.016170759,-0.102846518,-0.033003639,0.031146012,0.098545671
E:\Project\Fake News Detection\images\fake\4570.jpg,fake,train,0.704764366,0.744859815,0.025201429,-0.101936325,0.173135057,0.07342387,-0.074554369,0.141827121,0.297761798,0.087225288,0.045650478,0.091121435,0.000594901,-0.116997026,-0.099119999,-0.112080358,-0.027511247,0.238572255,0.132460579,0.046700053,0.023950251,0.044279721,-0.066920236,-0.00657228,0.046344183,-0.09075807,-0.008030447,0.071257234,0.062271882,-0.105608948,0.034133069,0.077952631,0.085279487,0.081602037
E:\Project\Fake News Detection\images\fake\4594.jpg,fake,train,0.696177661,0.74036628,0.083134875,-0.238844588,-0.182143241,-0.203042582,-0.061359264,0.069615789,0.238255084,-0.078165904,0.097300343,-0.074894831,-0.033789031,0.029156981,-0.142980784,0.123046517,0.029684398,0.091781072,0.026722891,0.063696697,0.094007239,-0.029060768,0.038548287,-0.011892218,-0.081543751,-0.01045474,-0.084503688,-0.072887875,-0.025794458,0.07529597,0.00054691,-0.058416311,0.082189389,0.091222651
E:\Project\Fake News Detection\images\fake\4647.jpg,fake,train,0.852097869,0.933041334,0.407378584,0.255975187,0.289139599,-0.007503139,0.133708954,0.156016648,-0.191067219,-0.071880125,0.146822467,0.109828033,-0.007499682,-0.191463783,0.059710424,-0.014173497,-0.020698501,-0.137610748,-0.031831864,0.003401319,-0.00295433,-0.082598314,0.000523478,0.085276783,0.009681908,0.053753547,-0.020903816,-0.061275344,0.088512897,0.008729971,-0.047914714,0.042130742,0.011675983,0.004769035
E:\Project\Fake News Detection\images\fake\4648.jpg,fake,train,0.661083281,0.804355025,0.024767512,-0.00263723,-0.110394031,0.146738112,0.105114639,0.098802634,0.122177742,0.119700797,0.002764775,0.093440332,-0.03742617,0.06206793,0.021944201,-0.06272807,0.102450706,0.141600966,0.001537708,0.00604943,-0.066722177,-0.004296462,0.007133301,-0.004050433,0.115870394,0.101543449,0.100334719,-0.070245303,-0.016793465,0.083832644,-0.080895171,0.085124284,0.039077658,0.011000586
E:\Project\Fake News Detection\images\fake\4702.jpg,fake,train,0.634551406,0.679624856,-0.275189906,0.223593667,-0.086389765,-0.134468853,-0.056208156,0.205004469,-0.020239137,0.116884239,-0.020551374,-0.140173659,0.233128026,-0.000332379,0.0563347,0.054884974,0.11012423,-0.068659313,0.053047568,0.109384269,-0.001056956,0.016425574,-0.018284719,0.024913063,-0.084746368,-0.052776501,0.028653463,0.121696711,0.140517473,-0.027308712,-0.009131121,0.00514661,-0.114599213,-0.007926913
E:\Project\Fake News Detection\images\fake\4729.jpg,fake,train,0.632326305,0.640925288,-0.01967144,-0.021240823,-0.127794385,0.22524108,0.170737192,0.055660103,0.058383781,0.244157702,0.055086635,0.024574174,0.007149335,0.099130802,-0.085626237,-0.078370839,0.125466436,0.015080575,-0.023106892,0.035117146,-0.0676101,-0.087903216,-0.063974716,0.048781078,-0.049111445,0.016815552,-0.114243895,-0.041457713,0.087613806,-0.028881446,-0.037720114,0.024749596,0.007919502,-0.081978723
E:\Project\Fake News Detection\images\fake\473.jpg,fake,train,0.877296329,0.879543781,-0.007821167,-0.362977117,-0.081303872,0.359673917,-0.109091558,0.088966586,-0.041497149,0.031127881,-0.017539244,-0.114689924,0.065124013,-0.018584423,0.063197032,0.00108869,0.122355022,-0.046497628,-0.067199633,0.015848169,0.017467495,-0.00752999,-0.053450644,-0.03580673,0.094979309,0.039175794,0.022113003,-0.053035695,0.025456937,0.016123747,0.014681058,0.006411389,0.004784284,-0.046006028
E:\Project\Fake News Detection\images\fake\4733.jpg,fake,train,0.63649255,0.662555158,-0.126774251,0.061089005,0.174027354,0.147364721,0.07896734,-0.010870419,-0.044552635,-0.007585777,-0.130323499,0.042802505,-0.149481893,-0.047659531,-0.085841835,-0.033151716,-0.039221868,-0.116253518,0.209443122,-0.100299411,-0.092386521,-0.046855289,0.028401963,0.01435612,0.108234979,-0.146985605,-0.108663946,0.126622289,-0.078804739,0.132560074,-0.004053143,-0.094562173,-0.018266387,-0.072309852
E:\Project\Fake News Detection\images\fake\4742.jpg,fake,test,0.797008634,0.805442333,-0.140896618,-0.270370454,0.094446667,0.390066564,-0.050803397,0.096778877,-0.012686903,-0.015767228,0.142383575,-0.124420241,-0.052433744,0.006473206,0.034082212,-0.044326622,-0.094478041,-0.072073586,-0.063162565,0.067284584,0.047956526,-0.012689379,0.10000971,0.035557363,-0.099835783,0.077326119,-0.073234208,0.021365061,-0.040882774,0.03550975,-0.029236212,-0.080239914,-0.040776618,0.055581279
E:\Project\Fake News Detection\images\fake\4750.jpg,fake,train,0.579374492,0.583276153,0.145848915,0.14650245,0.099448241,0.055522725,-0.087345749,-0.046266202,0.020900099,-0.015354524,-0.033421792,0.059258103,0.048084166,0.175275445,0.014677015,-0.20244351,-0.051657923,0.068663687,0.023577582,0.044979997,-0.14048779,0.041838795,0.182840839,-0.052760996,-0.03348358,0.025176583,-0.024046808,-0.104020461,-0.035124749,0.043642204,0.009155808,0.125913009,-0.029557448,0.031171618
E:\Project\Fake News Detection\images\fake\4768.jpg,fake,test,0.929991424,1,0.130706042,-0.496821791,0.041321646,0.063252218,-0.121219903,-0.046121061,-0.094402492,-0.03419967,0.004645555,-0.052891858,0.200593412,-0.055419415,-0.062642694,-0.013176579,0.027751401,-0.043868665,-0.014610332,-0.107639097,-0.018855527,0.035218932,-0.024863549,0.008662544,0.075294122,-0.061761104,0.05715239,-0.003918804,-0.013049006,-0.016566277,0.029537551,-0.033724003,-0.078651614,-0.048447818
E:\Project\Fake News Detection\images\fake\4783.jpg,fake,train,0.86321944,0.905372679,0.013523002,-0.311277658,-0.069974609,-0.198295757,0.225523278,0.063054092,0.132698715,-0.093813762,0.081523269,0.182274669,0.000171663,-0.155332938,0.046106659,0.013412325,-0.130476043,-0.049571324,0.034377754,0.006352734,-0.004962661,-0.12900658,0.046723437,0.033500429,0.034715489,0.052408464,-0.045112297,-0.014167153,0.06964954,0.070393421,0.026094906,0.036949936,0.017063674,0.022835093
E:\Project\Fake News Detection\images\fake\4787.jpg,fake,train,0.764007568,0.797058105,0.276180208,0.277209222,0.300508589,0.137321219,-0.042634547,0.203685999,-0.189297423,0.051376432,0.208368897,0.148111612,-0.119734295,0.034297902,-0.049284332,-0.067714408,0.03834606,0.033318922,-0.05039325,0.022912253,-0.037313048,-0.078076027,-0.018680086,0.130197197,0.018530678,0.052097265,-0.015868455,0.022946812,-0.051483877,-0.019082991,-0.006914716,-0.084850043,-0.017501201,-0.008400807
E:\Project\Fake News Detection\images\fake\479.jpg,fake,train,0.813188255,0.813560188,-0.019750459,-0.253469825,-0.084015079,0.331116706,-0.141577065,-0.01104137,-0.054092463,-0.0288828,-0.074316755,-0.076159872,0.00183702,-0.054811928,0.041492704,-0.006868855,0.141105175,-0.083968215,-0.029004833,0.021935044,0.048751969,0.046699546,0.02828484,-0.065555841,0.065617733,0.079537883,0.033631988,-0.02271417,0.068216354,0.070656836,-0.020013273,0.060220916,-0.012136619,-0.028396415
E:\Project\Fake News Detection\images\fake\4807.jpg,fake,train,0.774888337,0.810984135,0.370154798,0.237838373,0.139223695,-0.058978662,0.016235376,0.02029996,-0.244021252,-0.019098053,-0.007933581,0.040373791,0.034012698,0.005530796,0.068919048,0.036308687,-0.005496329,-1.69E-05,-0.146327019,0.096505672,-0.011161793,0.003214101,0.102652878,-0.108879924,0.112518594,0.027379546,-0.037943501,0.002704263,-0.012072939,0.019318745,0.11470288,-0.02866064,-0.007459341,-0.061790988
E:\Project\Fake News Detection\images\fake\4817.jpg,fake,train,0.888805211,0.924267471,0.45435819,0.223325297,0.169643655,-0.074560113,0.120058417,0.199522689,-0.256913304,-0.04348876,0.044674039,0.016240254,-0.067225166,-0.032592978,0.013713277,0.009127724,0.088370003,-0.01976837,-0.070037365,0.077323474,0.055653293,-0.030043503,-0.013194872,0.058403105,-0.023516716,-0.007075165,-0.020668678,-0.027069939,0.003377371,-0.026053885,-0.024428792,-0.027214672,0.007826738,0.021808779
E:\Project\Fake News Detection\images\fake\482.jpg,fake,train,0.574359417,0.768830359,-0.164141014,0.281965643,-0.277821392,0.122108832,0.025244933,0.132588774,0.048677489,-0.148265868,-0.01846326,0.133818269,0.098005995,-0.034259032,0.030416785,0.03521258,-0.045659147,0.012988253,-0.084322065,0.051327888,-0.133345485,0.007017461,0.036914863,-0.009079058,0.060452446,0.020208156,0.123058408,0.0299499,-0.048660848,-0.018643033,-0.01190322,-0.001991693,0.003122903,0.033062615
E:\Project\Fake News Detection\images\fake\4826.jpg,fake,train,0.824552834,0.862243295,0.3615385,0.236358449,0.247755259,-0.070356421,-0.265999943,0.188820586,0.066541702,0.050218355,0.095221408,-0.071988113,-0.088494912,-0.135845706,0.0245558,0.093382142,0.074425727,0.090403274,0.076189563,-0.010867681,0.133969441,0.084123664,0.03621728,-0.021151882,0.006466326,0.064502575,0.049650513,0.004465569,0.080329515,-0.0380252,0.033521667,0.051195491,0.07567291,0.00280114
E:\Project\Fake News Detection\images\fake\4836.jpg,fake,train,0.747261941,0.765447736,0.068457335,-0.305766881,0.059368096,-0.259920448,0.020587442,0.019718349,0.031118479,-0.026708815,0.000311923,0.181072801,0.012736261,0.082713127,-0.106894918,-0.008557164,-0.02178199,0.108768262,0.042008478,0.069054246,-0.015932336,-0.033243541,0.026593516,0.038455889,-0.01832578,-0.095663778,0.0572294,0.026732624,-0.019073207,-0.021006932,0.05551352,0.054213747,-0.049575817,0.013908237
E:\Project\Fake News Detection\images\fake\4845.jpg,fake,train,0.866587281,0.908851683,0.138197541,-0.098644644,-0.274931461,0.107913069,0.128509387,0.093294993,0.142293602,0.290154129,0.036024198,-0.020693282,-0.037330307,0.086414523,0.080719486,-0.038234994,0.111101612,0.041362032,-0.026889326,0.079995975,-0.044374779,0.004084351,0.004013814,-0.043441225,0.070730872,0.018011123,0.00291421,-0.110614799,-0.014606181,0.060667008,-0.052336026,0.045315418,-0.003822678,-0.058062654
E:\Project\Fake News Detection\images\fake\4848.jpg,fake,train,0.847316563,0.947460651,0.258510441,0.191218361,0.064409986,0.015667938,0.039215986,-0.161580533,-0.055736315,0.099607699,-0.158430725,-0.026959609,0.25013271,0.062820122,0.005745009,-0.02879658,-0.110711277,-0.032589976,-0.183311924,0.129378095,0.015909526,0.114117116,0.220982552,-0.089218274,0.022774749,0.026974592,-0.033841949,0.123448454,-0.024783028,0.003316946,0.131134942,0.027547956,-0.007688276,-0.045260843
E:\Project\Fake News Detection\images\fake\4856.jpg,fake,train,0.988217473,1,0.253917515,-0.417351872,-0.082708575,-0.338077694,0.089049526,-0.084848277,-0.034045294,0.044265062,-0.022776816,0.051981848,0.048495557,-0.035757132,-0.06865418,0.029813778,-0.039049972,0.029877039,-0.010474382,-0.04876858,0.013368872,0.038896449,0.041770682,0.01834934,-0.004093758,-0.074083522,-9.14E-05,0.021576617,-0.003563262,-0.011533959,0.039714139,-0.025896763,-0.003442762,0.058773339
E:\Project\Fake News Detection\images\fake\4858.jpg,fake,train,0.743235886,0.777638853,-0.165753588,-0.244906992,0.071367092,0.368779808,-0.090907551,0.085784927,-0.022382043,0.021896161,0.115747526,-0.029295901,0.0546728,-0.020055961,0.061406799,-0.060580987,-0.063403092,0.061992366,-0.029182794,0.075485058,0.011856735,0.040447176,0.009437729,0.005351524,-0.037223905,0.058337856,-0.046648022,-0.028577436,0.033704512,0.009167309,-0.057128742,-0.141422093,-0.045227051,0.031377669
E:\Project\Fake News Detection\images\fake\4868.jpg,fake,train,0.927831829,0.995905697,0.421790779,-0.102604844,0.223040074,0.034372557,0.185408056,0.321333349,-0.197048262,0.043547757,-0.007134213,-0.069580607,-0.028431799,0.002714077,-0.011715145,0.050203487,0.063427612,0.078328103,-0.086455218,-0.043857094,-0.015508108,-0.015125287,-0.062580191,0.058030657,0.054075669,-0.034781549,0.046357591,0.05969933,0.000250155,-0.060162056,0.062626518,-0.005307318,0.000526762,0.027722431
E:\Project\Fake News Detection\images\fake\4873.jpg,fake,train,0.836717784,0.87554729,-0.177149743,0.246484235,-0.301954567,-0.005376549,0.044517376,0.084676534,0.057499222,-0.096008815,-0.024045564,0.171191081,0.112148069,-0.12187402,-0.043102521,-0.001537146,-0.057773288,-0.052944206,-0.066184767,-0.022027092,-0.13922435,0.030549655,-0.022227161,-0.044025701,0.08108028,-0.065371066,0.075597726,-0.097669058,0.035082184,0.042928819,-0.080662042,0.000989904,-0.069561206,0.037377935
E:\Project\Fake News Detection\images\fake\4881.jpg,fake,train,0.963772476,1,-0.033440381,-0.443558216,-0.15682824,0.16723074,-0.176286191,0.018934883,-0.056599438,-0.076643519,0.036017347,-0.046775594,0.144585326,-0.069631234,-0.026628556,-0.008249428,0.074543044,-0.098350435,-0.02769785,-0.05474709,0.063476101,-0.017219296,-0.004230625,-0.02262146,0.086297274,0.009683981,0.023110202,-0.025349788,0.000645202,0.033740673,0.016050123,-0.074407108,-0.044558927,-0.066231102
E:\Project\Fake News Detection\images\fake\4891.jpg,fake,train,0.652865171,0.730318785,-0.117142253,0.075427562,-0.16859968,0.059180886,0.184889331,0.213388458,-0.071532898,-0.204075053,-0.142893627,-0.082525797,0.015111741,0.014071933,-0.054336105,0.003998806,-0.045022562,0.142688483,-0.036617611,-0.132918805,0.007406678,0.163462177,0.073121473,0.052809171,-0.013613391,-0.032022588,0.017335659,-0.15734154,0.065657258,-0.063994423,-0.131766334,0.063363306,0.073465444,0.055157252
E:\Project\Fake News Detection\images\fake\4897.jpg,fake,train,0.869357884,0.932136059,0.269523114,0.208110601,0.054731894,0.08624699,0.087711088,-0.133791506,0.032464903,0.043046162,-0.264983743,0.007006908,0.14717038,-0.022621188,-0.075710088,0.007231356,-0.079185531,-0.055154808,0.035827976,0.072626598,0.126180619,-0.024936236,-0.245929375,0.162297308,-0.074256137,0.017215651,0.134861261,-0.063412659,-0.026364092,0.041288588,0.060158554,-0.045399114,-0.090160698,0.081254967
E:\Project\Fake News Detection\images\fake\4899.jpg,fake,train,0.736822248,0.775992215,-0.015042008,0.074818455,0.144901261,-0.07371112,-0.009616535,-0.157400221,0.009934413,-0.050334424,0.263580382,-0.171877608,-0.007688442,0.202061743,-0.146817118,0.003603691,-0.05652399,0.054452837,0.111008286,-0.052959327,0.068641022,0.06990318,-0.0696977,-0.01315572,0.022213258,0.088270523,0.105549872,-0.129447117,-0.036386233,0.104929999,0.007634241,0.065092787,0.037664451,-0.009183588
E:\Project\Fake News Detection\images\fake\49.jpg,fake,train,0.695201397,0.720225453,0.030068098,-0.016164249,-0.067130134,0.032896962,0.112038404,-0.047709055,0.10187126,-0.09687975,0.098992996,-0.315028548,-0.281331241,0.164125398,-0.013081513,-0.112477712,-0.0698248,-0.069763198,-0.152524725,-0.099410042,0.07428319,-0.086299866,0.024473771,0.021877682,-0.00497204,-0.120127641,-0.019063689,0.018582653,-0.011611264,-0.078983679,0.058620609,0.070503041,-0.039617114,0.044429403
E:\Project\Fake News Detection\images\fake\4906.jpg,fake,train,0.864522576,0.893899918,0.431961864,-0.155996159,0.074446186,-0.270407975,0.078295693,0.251129836,-0.255899519,-0.047709841,0.037525769,0.030009884,-0.033569608,-0.042562075,-0.042092308,0.048879627,0.028700208,0.030635573,-0.052044101,-0.041620649,0.044415466,-0.019532584,0.034698028,0.068581097,-0.001730174,-0.021028271,0.016622582,0.055102147,-0.020499837,-0.031585027,0.035097033,-0.033703726,0.006334723,0.040174633
E:\Project\Fake News Detection\images\fake\4910.jpg,fake,train,0.661200285,0.689166307,-0.221129104,-0.003589715,-0.017715154,-0.053463567,0.010384073,-0.157292306,-0.091040529,-0.194790676,-0.050207365,-0.028772997,0.041880354,-0.045063108,-0.162574634,-0.12900959,0.172991246,0.220539734,-0.008522605,0.122151837,-0.021109354,-0.171898097,0.013932688,0.03868144,0.087675259,-0.013878322,-0.084893711,0.021891978,0.048442222,0.00372434,-0.059821725,0.043277089,0.0076101,-0.035888847
E:\Project\Fake News Detection\images\fake\4912.jpg,fake,train,0.940034986,1,0.455668747,0.073663846,0.033929802,-0.292684555,-0.158171654,0.112698406,-0.307233334,-0.049605932,0.138771817,0.137910351,-0.012216682,-0.100064099,-0.013505803,-0.008678854,0.067458265,-0.06885457,-0.032325316,0.016441951,0.042097528,-0.044042423,0.025876908,0.067492865,0.008353177,0.011437126,-0.006398576,0.010185728,-0.020918118,-0.006274867,-0.026321916,-0.065150775,0.012771538,-0.029216761
E:\Project\Fake News Detection\images\fake\4924.jpg,fake,train,0.883902669,0.910369754,0.1461474,-0.362572789,0.218183994,0.218261659,0.032089565,0.069213718,-0.032547776,0.071807325,-0.019936025,-0.023537345,0.14094685,0.053710986,-0.048026428,0.019826759,0.003475912,0.09786009,-0.060765393,-0.051717337,-0.111104906,0.025613222,-0.163985938,0.002326444,0.108721972,-0.064256057,0.04586358,0.01195155,-0.045381714,-0.057465471,0.023852607,0.003952416,-0.011098283,-0.052512508
E:\Project\Fake News Detection\images\fake\4928.jpg,fake,train,0.819417953,0.885763407,0.223947793,0.229731321,0.211997002,-0.048212558,-0.03155224,0.168415546,-0.20774895,-0.066566266,0.01608045,0.179520577,-0.041169472,0.08051791,-0.006131547,-0.006771257,-0.019962706,0.036103416,-0.010516075,0.057117097,-0.017161954,-0.064204141,-0.022612756,-0.017869741,-0.01342762,-0.034873966,0.022586944,-0.002697749,0.027646817,0.058240026,-0.068506204,-0.002071092,-0.036285643,-0.036304921
E:\Project\Fake News Detection\images\fake\4931.jpg,fake,train,0.962581336,1,0.002903939,-0.329615623,-0.134044081,0.308716506,-0.205083162,0.047733691,-0.097844087,0.03969096,-0.054460477,-0.13634491,0.039232228,-0.037111476,0.133989438,-0.044969555,0.105252847,-0.025416808,-0.030198636,-0.005061761,-0.047897223,-0.00858253,0.01741519,-0.061709691,0.031183751,0.051375709,0.058139633,-0.110363714,-0.016364004,0.079476252,0.00141502,0.071171366,0.012515396,-0.009848292
E:\Project\Fake News Detection\images\fake\4932.jpg,fake,train,0.789031923,0.843215048,-0.030884603,-0.075227819,0.30213654,-0.216481075,0.128949866,-0.050269809,0.093112178,-0.008228859,-0.115675621,0.125037938,0.058104184,0.196396932,0.110183388,-0.072140492,0.171086401,-0.032610524,-0.145188287,-0.255343676,-0.01351413,-0.009194072,-0.100428402,-0.076372646,-0.108941056,-0.028777728,-0.153665632,0.051245824,0.023478109,0.042055383,-0.10487368,0.11323788,0.041260522,-0.002009303
E:\Project\Fake News Detection\images\fake\4939.jpg,fake,train,0.657463908,0.670402229,-0.31167224,-0.093790159,0.057814106,-0.131611839,-0.039300036,0.219681606,-0.079812348,0.027984671,0.225218266,-0.273436189,0.279040813,-0.032443129,-0.249160394,0.061148368,0.032238491,-0.069000512,-0.07488171,-0.178966299,0.066486083,-0.022964602,0.10302303,-0.027975347,0.015302217,-0.004104844,0.049439054,-0.075253054,-0.09242548,-0.08241573,-0.009214552,-0.009283883,0.062077537,-0.067408986
E:\Project\Fake News Detection\images\fake\4942.jpg,fake,test,0.757444024,0.806700826,0.152190492,-0.042725973,0.117315583,0.089079812,0.114451498,0.114714876,-0.100573078,-0.003412195,-0.359296143,-0.107065342,0.073069394,0.050675176,-0.073299475,-0.045839656,-0.109216884,-0.062298544,0.13966383,-0.069551706,0.010121293,-0.174857989,0.031170569,-0.114953861,-0.02296003,0.113809176,-0.01832238,-0.062747702,-0.000789121,-0.022273198,0.020459212,-0.002046,0.018092461,0.022661958
E:\Project\Fake News Detection\images\fake\495.jpg,fake,train,0.790707588,0.880377769,-0.26578486,0.092726409,0.149914935,-0.232369021,-0.035695232,0.001559324,0.002003543,0.063117839,-0.229257464,0.046850406,-0.096871562,-0.168337971,-0.093873449,-0.171325356,0.054656848,-0.066522233,-0.17289342,-0.069888301,0.009431955,-0.001414383,-0.146190464,-0.108175412,0.071738735,0.080374584,-0.089141741,-0.062067006,-0.05189551,0.010356088,0.101630203,-0.045254387,0.002094962,0.09057603
E:\Project\Fake News Detection\images\fake\4950.jpg,fake,train,0.705409765,0.721630216,-0.280149639,0.172789663,0.252238542,-0.250392765,-0.011074577,0.074164122,-0.010193268,0.138696492,0.039709467,-0.057133216,0.252211332,0.04462466,0.097521923,0.057574175,0.091508254,-0.10306035,0.000516894,0.143287867,-0.030175516,-0.056786984,-0.012645276,0.022688035,0.016545776,-0.001552712,-0.022881871,0.054507442,0.0967246,0.012651426,-0.073346801,0.056761239,-0.072607458,0.047542457
E:\Project\Fake News Detection\images\fake\4973.jpg,fake,train,0.667093456,0.700796247,0.097625479,0.21292311,0.192590535,-0.037145741,-0.005883834,0.111897007,-0.125136256,-0.08441738,0.021701561,0.215258539,0.005253013,0.088444151,-0.04016206,0.008659449,-0.079475693,0.004997971,0.013992518,0.078607537,-0.113867924,-0.048787255,-0.068696909,-0.023317575,-0.027324131,-0.090943053,0.041310485,0.010546683,0.041251857,0.079524606,-0.085969336,-0.015365914,-0.10048683,0.006321285
E:\Project\Fake News Detection\images\fake\498.jpg,fake,test,0.758514106,0.798142672,-0.095741741,0.214532554,-0.189718395,0.032548957,-0.131520882,0.112118244,0.273878336,-0.217128485,0.007130923,0.103833914,0.016495852,-0.074763872,-0.047022004,0.128445402,-0.082058281,-0.056335777,0.019005166,-0.032161117,-0.170219779,-0.046888366,-0.035073541,-0.044072375,-0.008991778,-0.100805171,-0.029318092,-0.145256013,-0.006799005,0.017432779,-0.038174987,-0.037314996,-0.071787916,-0.024172112
E:\Project\Fake News Detection\images\fake\4980.jpg,fake,test,0.665920675,0.683648109,-0.163663626,-0.289688498,-0.064666562,-0.066697925,-0.141936839,0.08281301,-0.060555629,-0.057752088,0.070549846,0.097688138,-0.046300244,0.046396904,-0.131138638,-0.036721092,0.026145916,0.070316859,0.012774985,0.101510689,-0.038654827,-0.098344192,-0.017629851,-0.05949375,0.088080838,0.047246102,0.06937813,0.080411591,-0.053593751,0.027744994,-0.012487151,-0.013725375,0.045298394,-0.005697004
E:\Project\Fake News Detection\images\fake\4987.jpg,fake,train,0.781701446,0.826449633,-0.004034211,0.03645166,0.247875109,-0.192462742,0.00680663,-0.142871857,0.081436589,-0.013353183,-0.050382655,0.15210624,0.06407883,0.113105863,0.131292433,-0.131846383,0.164953664,-0.106785953,-0.143834308,-0.256247818,0.036166918,-0.000361232,-0.095902473,-0.091557793,-0.074771754,-0.019372782,-0.143154532,0.030134901,0.041071214,0.093113825,-0.102438785,0.074351676,-0.039029006,-0.000376386
E:\Project\Fake News Detection\images\fake\4989.jpg,fake,train,0.905470014,0.951781631,0.385710299,0.0897948,0.088033803,-0.298303157,-0.180661201,0.149762273,-0.302477181,-0.053053606,0.144743621,0.160527319,-0.020919234,-0.069068998,-0.02653704,0.001521306,0.038671918,-0.076613627,-0.033682834,0.020380167,0.033435848,-0.056297399,0.010945218,0.062967889,0.028491683,0.000968488,0.002781386,0.017863797,-0.041422807,-0.000767563,-0.032435887,-0.081999235,0.00320873,-0.054922801
E:\Project\Fake News Detection\images\fake\499.jpg,fake,train,0.778592288,0.829327464,0.21736452,0.194125742,0.098521069,0.008889324,0.017568162,-0.171388969,0.028273989,0.074180931,-0.044745829,-0.022361359,0.190756738,0.077384315,0.001510338,0.015663581,-0.081774093,-0.036244016,-0.088944092,0.075832166,-0.085175194,0.109066106,0.179093912,-0.000382338,0.028659351,0.062578805,-0.042971797,0.037394915,-0.044009615,0.076296851,-0.051388394,0.094688483,-0.078199223,0.009643745
E:\Project\Fake News Detection\images\fake\50.jpg,fake,train,0.788701177,0.873653769,0.285301834,0.086899735,-0.061349511,-0.054371834,-0.12672919,-0.184268534,-0.056658164,0.141210362,-0.156866416,-0.037265744,0.066097505,0.021248242,0.021516467,-0.185510039,-0.197898999,-0.030643128,0.170054212,-0.064303845,-0.005782637,-0.148560062,0.0235283,-0.095124975,-0.043402661,0.15827255,-0.045055088,-0.063050203,0.044678278,-0.088764034,0.02428994,0.019542556,0.034276895,-0.016064558
E:\Project\Fake News Detection\images\fake\5012.jpg,fake,train,0.666764677,0.690309525,-0.07527218,0.3160941,-0.287340194,0.077685051,0.058808777,0.083704539,-0.007919024,-0.143225133,-0.0251694,0.043001182,0.128844976,0.058924168,0.095044389,0.026613504,-0.037339687,0.029270791,-0.049644999,-0.122266337,0.062709123,0.166371524,-0.033054221,0.072091699,0.029564539,-0.017015951,0.002915886,0.144636229,-0.003491171,0.028722106,-0.035088919,-0.020006157,-0.046505921,0.075694203
E:\Project\Fake News Detection\images\fake\5023.jpg,fake,train,0.693892419,0.761817813,0.085884579,0.129556835,0.265590578,0.046672154,-0.010801574,-0.004244987,-0.030907836,-0.092820674,-0.176105604,0.088151902,0.050695773,0.05013524,-0.063153923,0.002755085,-0.067353591,0.083239123,0.064988963,-0.022539679,-0.072248287,0.000123639,-0.019944632,0.021346107,0.174737543,-0.069103278,-0.087797105,0.00867176,-0.032039244,0.026501188,-0.146217734,0.000473692,-0.074431054,-0.074852876
E:\Project\Fake News Detection\images\fake\5026.jpg,fake,test,0.773340881,0.833659172,0.071323812,0.131003588,0.144383982,0.001439966,0.025676314,-0.156338036,0.041929185,-0.053400122,0.275842369,-0.158952877,-0.025412243,0.154083759,-0.118264414,-0.024211597,-0.045828871,0.060042106,0.109816834,-0.105676964,0.036240011,0.091539435,-0.047310207,-0.036755934,0.035305239,0.125069976,0.116727196,-0.094115108,-0.039452046,0.06819655,0.035631046,0.106433965,0.019269459,-0.003467984
E:\Project\Fake News Detection\images\fake\5028.jpg,fake,train,0.668778598,0.690582335,-0.001024728,0.071082935,-0.115143552,0.237385809,-0.28046605,0.166756347,0.307228446,0.064174019,0.077128813,0.032798097,-0.016187469,-0.143026277,0.019662069,-0.023900697,-0.010108931,0.089210503,0.060346406,-0.119393133,0.084153377,0.117322922,-0.075180262,-0.015406353,0.145918816,0.018675186,0.027798126,0.127443373,0.052002981,-0.033015814,-0.061705876,0.024418993,0.068147883,-0.013788889
E:\Project\Fake News Detection\images\fake\503.jpg,fake,train,0.78626889,0.812506676,-0.004977042,-0.090951331,0.014432801,0.150622442,0.39916271,0.110677488,0.254635632,0.099593773,0.162050247,0.123642527,0.039404895,-0.169255689,0.058789723,-0.010754813,-0.078024387,-0.139930993,0.020675724,-0.019012302,-0.035368938,-0.052966733,-0.028889641,-0.001233187,0.091995858,0.046484835,-0.021908447,-0.084473804,0.116293542,0.056222551,-0.030612051,0.085183762,-0.019321946,-0.063721746
E:\Project\Fake News Detection\images\fake\5035.jpg,fake,train,0.85286504,0.85286504,0.110453673,-0.206741735,-0.365159899,-0.250724524,0.053996053,0.051287744,0.081018597,0.098305203,0.06157345,0.137009725,0.03571194,0.042522237,-0.048954394,-0.005226389,0.038360965,-0.021409445,0.001344061,0.144834742,0.027303476,0.021944698,0.024778135,0.004720913,0.042665213,-0.018665852,0.040573604,-0.02866056,-0.004323822,-0.020669937,-0.0474547,-0.007967587,0.003013462,-0.04092532
E:\Project\Fake News Detection\images\fake\5040.jpg,fake,train,0.859043241,0.874622703,-0.162729025,0.256567597,-0.315155029,-0.02572282,0.094126903,0.140647128,0.045349579,-0.103626966,0.033427685,0.128822193,0.148403898,-0.094993241,-0.130728364,0.01969482,-0.092261441,0.009569252,-0.075906649,-0.134183928,-0.1417564,0.099540792,0.023573387,-0.054306731,0.057968631,-0.025245782,0.104255415,-0.16972217,-0.027270086,-0.008409335,-0.108224176,-0.013192741,0.016006149,0.063995883
E:\Project\Fake News Detection\images\fake\505.jpg,fake,train,0.839306176,0.842476904,0.005203094,-0.39048931,-0.181818858,0.000250224,-0.354252279,0.053208508,0.042234007,-0.153101802,-0.033535402,0.005006843,0.049727846,-0.039650057,-0.092378907,0.096615329,0.023577254,-0.080131285,0.002049,0.00242962,0.024655851,-0.051166587,0.01411833,-0.005652221,-0.058145128,-0.021598116,0.000647113,-0.041601829,0.006526223,0.032708637,-0.011104804,-0.028332429,-0.004655393,0.034813546
E:\Project\Fake News Detection\images\fake\5056.jpg,fake,train,0.756078601,0.840022504,-0.13283442,-0.162427828,-0.392780483,0.099297032,-0.041516963,0.101406276,-0.135339037,-0.016301442,0.011854329,0.029473253,0.012779422,-0.083463378,0.093045972,0.077959336,-0.051588889,-0.016990092,0.020506725,-0.125911996,0.020053238,0.07615383,-0.079810143,0.116762489,-0.092188425,-0.001814253,-0.028234011,0.079686485,0.02788968,-0.036340829,0.062732674,0.089114532,-0.014757614,0.029363062
E:\Project\Fake News Detection\images\fake\5061.jpg,fake,test,0.785652518,0.792141795,-0.027060859,-0.322617531,-0.104743294,0.293713063,-0.144204497,0.025256053,-0.076372489,6.12E-05,-0.03163081,-0.153433993,0.06015813,-0.031938959,0.109985873,-0.004776035,0.078139745,-0.046319731,-0.010462895,-0.051458232,0.015806973,-0.026913188,-0.049320851,-0.067530394,0.067874745,0.044736691,0.04176797,-0.064516872,-0.057948709,0.035233244,-0.004908398,0.038586207,0.007291012,-0.011144333
E:\Project\Fake News Detection\images\fake\5068.jpg,fake,train,0.789807081,0.909475327,-0.042495616,-0.130607963,0.348448992,-0.098767556,-0.002224789,-0.017258033,0.011258705,-0.077667393,-0.082282104,0.141467705,0.138521686,0.169949338,0.122525536,-0.086084642,0.173650086,-0.040041503,-0.120560415,-0.256405234,0.030180359,0.004419514,-0.09879268,-0.031021029,-0.122091994,0.005381586,-0.142331958,0.075121559,-0.00251537,0.053209174,-0.052100498,0.120740712,-0.0205527,0.010868735
E:\Project\Fake News Detection\images\fake\507.jpg,fake,test,0.738018036,0.743789971,0.158739418,-0.287233859,0.080042653,-0.121310592,0.275070131,-0.025163468,0.004984418,-0.054489866,0.037818093,0.035338156,-0.051606078,-0.136060864,0.106689855,-0.041738544,-0.118751511,0.015611,0.041641869,-0.064228907,-0.09868414,-0.025830932,0.100691408,0.056415755,-0.028336994,0.000106415,-0.003258823,-0.096367553,0.052527167,0.011521488,0.022719804,0.135431349,0.015743259,0.065909341
E:\Project\Fake News Detection\images\fake\5070.jpg,fake,train,0.888630569,0.908685923,0.16435948,-0.49538365,0.033300474,-0.072132982,-0.146463171,-0.05893394,-0.138386741,-0.084353119,-0.02792402,0.044839501,0.13367112,-0.027622547,-0.091517545,-0.007264266,-0.027280472,-0.021859067,-0.030702846,-0.059239168,-0.030634595,0.048527971,-0.047811337,0.032526854,0.035826612,-0.03288139,0.057761271,-0.009499184,-0.064895689,-0.041468762,-0.000334994,-0.012321667,-0.038263828,0.001707417
E:\Project\Fake News Detection\images\fake\5078.jpg,fake,train,0.666697681,0.690609336,-0.179014459,-0.178488746,0.211309016,0.206943586,-0.060989946,-0.048612308,-0.161915317,0.02459581,-0.016501468,0.122061841,-0.035233416,0.208283201,-0.194059208,0.059736833,-0.042873159,-0.183096766,0.04237989,-0.027685389,-0.079860963,0.030451527,-0.015157972,0.046166025,-0.103747584,-0.047534481,0.025618497,0.022811271,0.113877587,-0.119320109,-0.033066433,0.026285885,0.022630049,-0.027753321
E:\Project\Fake News Detection\images\fake\5089.jpg,fake,train,0.610945404,0.692755222,-0.186523691,0.055423863,0.205112159,-0.05897573,-0.02141981,0.022853993,0.078986496,-0.100585908,-0.131064057,0.201889262,0.123291582,0.152826384,0.217990085,-0.023401119,0.126268744,0.043565545,0.07907258,-0.173658863,0.093782969,0.107809149,0.081431329,0.001800369,0.028890193,0.003299354,0.112327948,-0.094526559,-0.06249487,-0.002958322,0.06095016,-0.17369464,-0.045771457,0.027896389
E:\Project\Fake News Detection\images\fake\5095.jpg,fake,train,0.601789117,0.613849282,-0.34502551,0.135737583,0.24190402,-0.265539408,-0.00108686,0.011532546,-0.000329413,0.201109752,0.091926508,-0.092839412,0.075799286,-0.102920622,0.146039426,0.115361959,0.060658824,-0.168313235,0.10572046,0.087000631,-0.060979899,-0.074915469,0.002502716,0.040095624,0.031794153,-0.054727338,0.008835159,0.1061332,0.172534764,-0.082158789,0.006798719,0.036148991,0.014986163,-0.015119284
E:\Project\Fake News Detection\images\fake\5098.jpg,fake,train,0.86270076,0.923371911,0.158690453,-0.180936992,-0.344256967,-0.197049692,0.135962009,0.046289131,0.051950738,0.139856234,0.048664987,0.114307739,-0.028545637,0.03888673,0.028911794,0.019445293,0.087241642,-0.027254129,-0.011960877,0.059746929,0.094391353,0.063883372,-0.059222594,-0.004206911,0.0045547,0.027914591,-0.066296704,-0.036978062,-0.024236053,-0.002235938,0.012197433,-0.018267125,0.022767361,-0.018270576
E:\Project\Fake News Detection\images\fake\5113.jpg,fake,train,0.722545743,0.765951395,-0.034395702,-0.146411613,-0.063362285,0.164212912,-0.197939873,0.085040316,-0.160359398,0.055677541,-0.046277478,-0.107622549,-0.019360272,0.044712085,0.125963837,-0.035321068,0.046080831,0.046647299,0.214179397,0.025316902,-0.188951001,0.012921464,0.004681645,-0.03430298,0.06673488,-0.129979908,-0.004495692,-0.036968019,-0.028369544,0.013514721,0.073297217,-0.059075642,0.082419813,0.003557192
E:\Project\Fake News Detection\images\fake\5114.jpg,fake,train,0.782940507,0.802375853,0.332898468,-0.129808903,0.168070734,0.035385255,0.175140351,0.185625613,-0.12411733,0.041166268,-0.060565747,-0.046083838,-0.07317967,-0.011255461,0.024682056,0.081562594,0.005781644,0.160193175,-0.046527293,-0.059590034,-0.040066317,-0.052559257,-0.122694924,0.051794756,0.137316495,-0.040784951,0.011344272,0.061410446,0.030350812,-0.021105919,0.022136701,-0.060671274,0.03166094,0.02855324
E:\Project\Fake News Detection\images\fake\5133.jpg,fake,train,0.744801402,0.79445076,0.260692507,0.061329868,-0.085122176,-0.016355315,0.173940212,0.223651633,0.170370728,-0.121511862,0.103985153,-0.174791932,-0.146785706,0.027451485,0.092051275,-0.022860933,0.090119891,-0.136612356,-0.059248287,0.094530381,-0.1573309,0.155440658,-0.042117115,0.03686782,-0.041260775,0.082648076,0.176919594,0.106552847,-0.055073097,0.081170462,-0.044713929,-0.119433835,0.01661217,-0.119480379
E:\Project\Fake News Detection\images\fake\5140.jpg,fake,train,0.900415242,0.943618417,-0.000459151,-0.352461547,-0.184215456,0.136140928,-0.234461188,0.03949732,-0.158711821,-0.037538972,-0.099992335,-0.035288133,0.006998631,-0.019262984,0.090245672,-0.046333764,0.06144391,-0.048134472,-0.012488508,0.068406127,-0.010280791,0.011864989,0.037153024,-0.034357514,-0.041927569,0.067756459,0.048168976,-0.105387293,-0.022265684,0.054827459,-0.007953547,0.092021018,0.052170716,0.041151747
E:\Project\Fake News Detection\images\fake\5141.jpg,fake,train,0.728131711,0.80932796,0.061597895,-0.135417789,-0.249705821,-0.168681279,0.099702388,0.053493418,0.061848257,0.138756767,0.064714924,0.216480359,-0.103592589,0.14402464,-0.008274508,0.060748275,0.076436207,0.029531864,0.057269149,0.060153957,0.006318346,0.093193837,-0.055800121,-0.011768377,0.004592178,0.07363575,-0.082970187,-0.069081917,-0.054964527,0.000173503,0.083749503,-0.0216181,-0.004058027,0.03310585
E:\Project\Fake News Detection\images\fake\5147.jpg,fake,test,0.937877834,0.963582993,0.144328102,-0.195509911,0.239349008,0.003878705,0.435201228,0.028425738,0.288192928,-0.188823283,0.102213085,-0.117933288,-0.071716003,-0.209766507,0.090266645,-0.012397885,-0.109016567,-0.1537036,-0.013612453,-0.025123805,-0.214084387,0.090056948,0.0378283,0.08473409,-0.059330832,0.075560421,0.104943007,0.048347957,-0.016492225,0.002556846,0.005199902,-0.010981655,0.047628637,-0.017920412
E:\Project\Fake News Detection\images\fake\5161.jpg,fake,train,0.817530632,0.84428668,-0.013995793,-0.027434554,-0.063353077,0.149827018,0.093520775,-0.180734321,-0.137834892,-0.182133868,0.11102856,0.114624038,0.019693736,-0.08299192,0.048352003,0.248306617,0.117923088,0.05617556,0.049866628,0.082989722,0.03521955,-0.008411212,-0.13447687,-0.374047428,-0.054237969,0.10592933,-0.009926823,0.095429361,-0.093468204,-0.004545051,0.000119176,-0.011165493,-0.054013778,0.025681324
E:\Project\Fake News Detection\images\fake\5193.jpg,fake,train,0.62526679,0.671624541,-0.091069162,-0.023464333,-0.125471443,0.156513959,0.110106833,-0.089544922,0.032762062,-0.09969262,-0.040691867,-0.045724645,0.016463256,-0.075620547,-0.081594586,-0.098561041,0.124957345,0.005597512,0.082040608,0.041158304,0.05495254,-0.117856055,-0.099990524,0.111003347,-0.032253332,-0.097096965,-0.013956651,0.026891464,-0.060855493,0.14974907,-0.071584441,0.016429229,0.035884313,-0.072994083
E:\Project\Fake News Detection\images\fake\5196.jpg,fake,train,0.77930212,0.819152594,0.412427604,0.206449047,0.108704537,-0.028691102,0.068696864,0.185398534,-0.225948051,-0.111100562,0.112335786,-0.056109384,-0.102088757,-0.015682353,0.021553947,-0.060142666,0.177951649,-0.088444218,-0.030174414,0.114505611,0.075537205,0.066338405,-0.019583784,0.00261964,0.00607864,-0.048883732,-0.057606969,-0.082468644,-0.070005916,-0.058770467,0.020785743,0.001782788,-0.082685448,0.010821874
E:\Project\Fake News Detection\images\fake\5200.jpg,fake,train,0.754834473,0.808624268,-0.022349227,-0.231166214,-0.011336621,0.275343269,-0.116938941,0.011083304,-0.06023882,-0.065409802,-0.150719807,-0.047268659,-0.028189713,-0.076759964,0.079039559,-0.03775841,0.03304299,-0.07186082,0.020951655,0.051324662,0.053746838,0.06154931,0.00849252,-0.06032303,0.074346103,0.039852414,0.042396355,-0.04998808,0.087037832,0.113295682,0.019363293,0.07163962,-0.011276017,-0.071680561
E:\Project\Fake News Detection\images\fake\5206.jpg,fake,train,0.731822371,0.754525423,0.086396478,-0.323918819,0.262994617,0.255445689,-0.005660154,0.063515395,-0.044619866,0.043995462,0.044976443,-0.07983321,0.111232087,0.00510559,0.005341722,0.009012883,0.033594396,0.016124206,-0.031911608,-0.04312266,-0.133477911,0.022088472,-0.081015661,-0.027098818,0.060924329,-0.052119236,0.047228664,0.029522771,-0.066522084,-0.053110301,0.066525847,0.070982449,0.034806356,-0.038275477
E:\Project\Fake News Detection\images\fake\521.jpg,fake,train,0.766772091,0.78412503,0.064280644,-0.028441675,-0.162218779,0.183465287,0.209309742,0.07367035,0.160598144,0.221893281,0.072296821,0.055503424,-0.067780375,0.025786657,-0.00340465,-0.046229776,0.049080245,0.004558296,-0.104106553,0.028438091,0.015124763,0.034879856,-0.080683157,-0.068097726,0.112584054,0.009245175,0.035039078,-0.016717307,0.032208711,0.068565071,-0.081265412,0.052690241,0.007416488,-0.009358981
E:\Project\Fake News Detection\images\fake\5210.jpg,fake,test,0.718617082,0.744959235,0.056614444,-0.014689274,-0.164503157,-0.009567924,0.137911156,0.212495178,0.107413478,0.142402783,-0.254005969,-0.022992641,0.023260236,0.074184112,-0.028255865,-0.099925503,0.022043869,-0.100163937,0.108518764,0.038681537,-0.007986583,-0.218259856,0.082899421,-0.104212552,-0.035674118,0.185598671,-0.048510149,-0.074517071,-0.000964366,0.053516105,-0.036524013,-0.041997768,0.070386931,0.012296386
E:\Project\Fake News Detection\images\fake\5223.jpg,fake,train,0.819760799,0.945024133,-0.294007123,0.039331023,0.1517528,-0.20510672,0.267829925,0.186929613,0.117499828,0.116584241,0.189339668,-0.048910312,0.197594225,-0.094356172,0.12397816,0.089738168,0.047034986,-0.255338401,0.084306329,0.048339322,-0.005415954,-0.08332698,-0.026991813,-0.014619263,0.020536482,0.012904487,-0.011313847,-0.009597476,0.149815574,-0.020064134,-0.014143647,0.086585954,-0.092982598,-0.04029629
E:\Project\Fake News Detection\images\fake\5232.jpg,fake,test,0.845677376,0.903056741,-0.004443347,0.321467131,-0.346174985,0.119852036,0.047317456,0.093127996,-0.024211014,-0.010373713,-0.261106968,-0.052109342,0.11230804,-0.000385411,-0.011696341,-0.01878025,-0.080692366,-0.106132224,0.153466433,-0.135404855,0.056700885,-0.129449412,0.004659448,-0.078432515,-4.37E-05,0.119591817,-0.075436406,-0.027277991,0.06767375,-0.005121052,0.041272644,-0.021943163,-0.01310309,0.004299216
E:\Project\Fake News Detection\images\fake\5239.jpg,fake,train,0.733122468,0.772983909,-0.015401472,-0.232609481,0.242335439,0.186854482,-0.025570411,-0.033004671,-0.013452216,0.002182951,0.092276648,-0.046283964,0.179540738,0.034934796,-0.102371603,-0.027271751,0.114308283,0.135136068,0.032825146,-0.044258222,-0.180203646,-0.04894143,-0.205833837,0.066716172,-0.037972827,-0.05388166,-0.110924765,0.005156099,0.048051924,-0.0705273,0.076580651,0.0181881,0.063484959,-0.057046324
E:\Project\Fake News Detection\images\fake\5246.jpg,fake,train,0.845027149,0.881208658,0.093174279,-0.065814219,-0.220607877,0.145298854,0.208462477,0.082229376,0.163596332,0.328460217,0.098073013,-0.019845273,0.015478885,0.085769862,0.048645563,-0.002206167,0.103091225,0.048897222,-0.038258284,0.07446599,0.008919953,-0.016849605,-0.009282072,0.013577353,0.082130492,-0.011968705,-0.033871114,-0.049029395,-0.004051853,0.009387515,-0.040482014,0.030054903,-0.030480426,-0.041673627
E:\Project\Fake News Detection\images\fake\5250.jpg,fake,test,0.853526235,0.999999881,-0.066049896,0.131900683,-0.453582615,0.022700906,-0.064793304,-0.044560865,-0.07331007,0.031980649,0.116004825,0.124721751,-0.01976856,-0.096639052,0.120594099,0.030075215,-0.058682755,-0.045273729,0.036133941,-0.104599908,0.008481726,0.066132411,-0.05921362,0.107203498,-0.063471317,0.007973111,-0.051135585,0.03917627,0.013092771,-0.014483102,0.058205079,0.05486358,0.009322144,0.020497009
E:\Project\Fake News Detection\images\fake\527.jpg,fake,train,0.791193128,0.848643839,0.038096499,0.091385521,-0.493387133,-0.0807532,-0.198397353,-0.136436805,-0.033642638,0.08759477,0.075524554,-0.026687793,-0.05870679,-0.01293267,0.186743215,-0.082040057,-0.129563391,0.095953152,0.012685891,-0.133242533,-0.040191997,0.014950329,-0.064364143,0.02431022,-0.053915601,0.097207606,0.011084229,0.081048623,0.061030116,-0.100657351,-0.009766008,0.058527183,-0.026033735,-0.021088606
E:\Project\Fake News Detection\images\fake\529.jpg,fake,train,0.810504615,0.867539644,0.165022284,-0.347768307,-0.05911519,-0.30680874,0.021006335,-0.115461223,0.002974539,0.076010011,-0.030601913,-0.024805652,-0.04139721,0.146850169,0.095348723,-0.016312046,-0.05991412,0.084081464,-0.087616429,-0.102943651,-0.029301845,-0.094191849,-0.012146872,-0.002244887,-0.019169772,0.08458212,-0.041847438,0.081179142,0.087701686,-0.111568816,0.010550606,-0.019716527,-0.020373553,0.002640315
E:\Project\Fake News Detection\images\fake\531.jpg,fake,train,0.709219575,0.733213425,-0.034618791,-0.314015687,0.275361866,0.22683762,-0.051148437,0.01833977,-0.086607948,0.098407276,0.003389546,-0.086327277,0.081350684,0.034139816,0.036276199,-0.017909661,-0.050556667,0.146373883,0.022702968,-0.009365694,-0.113711543,0.015350396,-0.096623547,0.034129158,0.028563686,-0.082443416,0.012596653,-0.006851565,-0.030228708,-0.063420132,-0.003404084,0.007881409,-0.026842058,0.021900175
E:\Project\Fake News Detection\images\fake\5344.jpg,fake,test,0.703247666,0.72962296,0.064348996,-0.28028664,0.263296664,0.229930788,0.055339538,-0.00277981,-0.004563965,-0.030713646,-0.023636598,0.065036297,0.186739922,0.091082551,0.167112157,0.006287385,0.14187932,0.035359349,0.035433106,-0.245601922,0.049274564,0.021226604,0.048917204,0.065058105,-0.005318992,-0.117270865,0.050207734,-0.054175168,0.009424977,0.010203242,0.132523656,-0.043627284,0.015594102,-0.071640439
E:\Project\Fake News Detection\images\fake\5351.jpg,fake,train,0.962581336,0.999999821,0.002903937,-0.329615623,-0.134044155,0.308716625,-0.205083087,0.047733661,-0.097844124,0.039690949,-0.054460485,-0.136344999,0.03923215,-0.037111361,0.133989379,-0.044969644,0.105252825,-0.025416784,-0.030198593,-0.005061785,-0.047897331,-0.008582536,0.017415203,-0.061709657,0.031183768,0.051375728,0.058139592,-0.110363677,-0.016363952,0.079476252,0.001414962,0.071171373,0.012515458,-0.009848328
E:\Project\Fake News Detection\images\fake\5355.jpg,fake,train,0.605582714,0.625327706,-0.011546963,-0.082133166,0.162864819,-0.092595138,0.138617247,0.066209204,0.073922776,-0.052847352,-0.059678417,0.064779274,0.134906515,0.212520704,0.314671397,-0.01172626,0.189705074,0.104174048,-0.008034167,-0.063368618,0.062462546,0.01038943,0.265743762,0.047140565,0.007842306,-0.120457068,-0.000701195,-0.060731668,-0.026788397,0.060248312,0.096122913,-0.060049608,0.117688388,0.052626185
E:\Project\Fake News Detection\images\fake\5375.jpg,fake,train,0.803385139,0.831328511,-0.115904532,-0.381229043,-0.182997748,-0.07724347,-0.241872802,0.002736127,-0.170949459,-0.165505931,-0.051912762,0.01243629,0.039341249,-0.000579489,0.031206481,-0.047364373,-0.034494448,0.010102348,-0.015008134,0.032671411,0.037653178,0.067771688,-0.027398139,0.021927992,-0.026525544,-0.009398198,-0.019046435,-0.021212893,0.007003179,-0.024425149,-0.046469692,-0.006798932,-0.010434569,0.006529674
E:\Project\Fake News Detection\images\fake\5414.jpg,fake,train,0.600654602,0.609984398,0.146579847,-0.102975748,0.234132797,-0.036791015,0.184419796,0.160010979,0.014370465,-0.191697717,0.003715806,-0.02531801,-0.010339935,0.084019028,0.041542925,-0.057214946,-0.093895935,0.150679141,0.07563214,-0.065712407,-0.007167227,0.087170519,0.076672964,-0.093019754,-0.065071031,-0.029705731,-0.069416285,-0.113691218,-0.012597108,-0.068333879,0.013114324,0.024199115,0.026375644,0.071557686
E:\Project\Fake News Detection\images\fake\5415.jpg,fake,train,0.912125587,0.939036608,0.227880806,-0.224751741,0.081768468,-0.079249993,0.23452428,-0.008438926,0.234931439,-0.1181987,0.007562757,-0.242078319,-0.128431246,0.021970183,0.084632821,-0.039327126,0.061525784,-0.066910774,-0.044262439,0.047536384,-0.209777743,0.19177027,-0.005758711,0.05097821,-0.101904199,0.051717386,0.134596601,0.083333418,-0.075341374,0.009145884,0.007749847,-0.135407895,0.031585298,-0.052944791
E:\Project\Fake News Detection\images\fake\5436.jpg,fake,train,0.86176908,0.86176908,0.084215783,-0.212676898,-0.350485682,-0.271700084,0.033282865,0.034082368,0.059602585,0.087701879,0.04606463,0.160467759,0.027448326,0.058964383,-0.067166232,0.011099887,0.014900397,-0.0447037,-0.029149873,0.094167024,0.061483409,0.043890905,0.035708956,-0.009590508,0.05342605,-0.06073321,0.007752343,-0.017647482,-0.025000043,-0.005098574,-0.035079498,-0.008650586,0.011717858,-0.065822154
E:\Project\Fake News Detection\images\fake\5438.jpg,fake,train,0.740105629,0.830525279,0.039632577,0.314745337,-0.308147043,0.114485659,0.093670771,0.061809137,-0.052773185,-0.107641011,-0.06480436,0.072294995,0.023897707,-0.021250831,0.000248984,0.044627346,-0.051577367,-0.038787525,0.029219361,-0.050512988,0.031397827,0.059299931,-0.093962587,0.099555962,0.032793265,-0.029984877,0.099335782,0.000131653,0.045634869,0.028700938,0.012830014,-0.078017764,-0.221729591,0.06075168
E:\Project\Fake News Detection\images\fake\5439.jpg,fake,test,0.656371593,0.686260104,-0.001661465,0.012750871,0.1296902,0.00599676,0.019248765,0.005571594,0.098840222,-0.122267283,0.154532909,0.004574344,-0.075071439,0.086194299,-0.025755484,-0.159048915,-0.030039668,-0.022411708,0.084676854,0.1661091,0.027661793,0.160504326,-0.019535676,-0.011316955,-0.071836971,-0.018031314,-0.052908957,-0.117873758,-0.031055816,-0.008384004,-0.016077265,-0.018282425,-0.132499725,0.003704786
E:\Project\Fake News Detection\images\fake\5448.jpg,fake,test,0.761676908,0.781141937,-0.075051732,-0.18936047,-0.043822289,0.332009822,0.00102495,0.153365269,-0.084125578,-0.084684402,-0.109099001,-0.092765689,0.079182863,0.00386484,0.023163652,0.031106491,0.060608521,-0.095623761,-0.06110042,0.080290914,0.083978325,-0.009851853,-0.066192806,-0.036451794,0.029274732,0.016751995,0.034605138,-0.068497807,-0.004291065,-0.027330153,-0.030528672,-0.048246197,0.019289847,0.092139743
E:\Project\Fake News Detection\images\fake\5462.jpg,fake,test,0.7851035,0.803677559,-0.194161981,-0.241503865,0.072141699,0.414540499,-0.134444356,0.109941706,-0.081425339,0.142193437,0.020519661,-0.063514695,0.026863536,-0.061880235,0.027287751,0.011835992,0.026478384,0.065455429,-0.060843822,-0.003406867,0.010025911,-0.051365659,0.051776305,0.026985705,-0.056121007,0.04740572,-0.005469096,-0.088153824,-0.044681028,0.004042916,-0.01792863,-0.013094244,-0.029981963,0.023241363
E:\Project\Fake News Detection\images\fake\5471.jpg,fake,test,0.822531343,0.862433195,0.108278885,-0.361252278,0.044242069,-0.215595126,-0.087242961,-0.067221001,-0.12904048,-0.030812278,-0.005897064,0.080190979,0.098484457,0.002542339,-0.100991637,-0.06301564,-0.07204707,0.063416511,0.006921083,0.010935247,-0.034214515,0.080151737,-0.010621889,-0.025838867,-0.042718947,-0.075143524,0.06936311,-0.034063108,0.002173997,-0.046879172,-0.011660099,-0.011824656,-0.084343947,0.00632257
E:\Project\Fake News Detection\images\fake\5482.jpg,fake,test,0.850755394,0.889676869,0.241629422,-0.220743328,0.068311863,-0.057074185,0.203035936,-0.005743161,0.264324576,-0.095732011,0.001492877,-0.236617431,-0.143796712,0.0598711,0.123810388,-0.070747614,0.031705234,-0.025335845,-0.10421218,0.001644105,-0.205928102,0.129750982,0.00811341,0.083982363,-0.089730948,0.061868243,0.159695879,0.117333204,-0.10625273,0.009226307,0.001048017,-0.092598461,0.07047601,-0.013542242
E:\Project\Fake News Detection\images\fake\5492.jpg,fake,train,0.637855351,0.650074661,-0.20181568,-0.017445378,-0.161970511,0.104377784,0.158223733,0.006731729,-0.027815871,0.101960279,-0.013518979,0.071330875,-0.162645206,0.223938599,-0.125360101,0.169117436,0.028318478,-0.141276285,0.048986785,-0.000252137,0.111145832,0.091705307,-0.058153361,0.070212729,-0.018789152,-0.004752796,-0.018632384,0.042550411,0.037867635,-0.060548052,-0.055803563,0.003477863,0.012022899,0.049839202
E:\Project\Fake News Detection\images\fake\552.jpg,fake,train,0.749711215,0.786815584,-0.10741026,0.093907572,0.169776231,0.108820103,-0.057836533,-0.131373659,-0.02654635,0.056424141,0.080359392,0.216069907,-0.077411585,0.179707691,-0.049007654,0.069824331,0.045404982,0.171521246,0.114085719,-0.008248849,-0.193951935,0.107354663,-0.023927821,-0.024347717,0.035345931,0.114888303,-0.077062927,-0.110193387,0.055271123,-0.003801563,0.148374125,0.000947735,-0.092988133,0.078916371
E:\Project\Fake News Detection\images\fake\5525.jpg,fake,train,0.775029182,0.797224641,0.090147287,-0.279523432,-0.214418069,-0.238188222,0.047536001,0.075873137,0.074201703,0.027461385,-0.039939065,0.082754582,-0.122450955,-0.124009386,-0.068787597,-0.022480348,-0.059742786,-0.003259787,0.052050546,0.042436618,0.13114965,-0.041645877,0.022425521,-0.023477118,0.082241312,0.078560621,-0.068723656,0.024743279,0.047434434,0.102376096,0.052850112,-0.020623887,0.079941362,0.003234865
E:\Project\Fake News Detection\images\fake\5527.jpg,fake,train,0.826679885,0.85643959,0.011504956,-0.322069496,0.184044898,0.353610396,0.012603606,-0.111101687,-0.101044618,0.139685541,-0.064187892,-0.008515564,0.04380751,0.028957136,-0.111391649,0.127923995,0.040292911,-0.103026986,0.02455028,-0.11316447,-0.002519304,0.073346131,-0.061635889,0.059007924,0.089794986,-0.029019766,0.046042878,0.020556835,0.102705985,-0.074481107,0.044506148,-0.029718965,-0.00755175,0.031742781
E:\Project\Fake News Detection\images\fake\553.jpg,fake,train,0.766651988,0.840675354,0.09168268,0.301751137,-0.322725832,0.039265312,-0.014890916,0.032147683,-0.083988152,0.004243253,-0.134374365,-0.021247637,0.190451652,0.046390519,0.01213761,0.003762791,-0.059964567,0.073887154,-0.136918783,0.025294924,0.03402197,0.137573376,0.169831321,-0.028273776,0.005018419,0.017618379,-0.019043012,0.162052497,-0.016970906,-0.020045295,0.189127758,-0.016839085,-0.031881444,-0.073044978
E:\Project\Fake News Detection\images\fake\5531.jpg,fake,train,0.840776622,0.872359931,0.004510779,-0.356598914,-0.226506844,0.058300339,-0.182372525,0.029381741,-0.220424369,-0.026389739,-0.056279976,-0.036046959,0.042088855,-0.038373839,0.143593729,0.001006152,0.06088569,-0.117954418,0.035590541,0.064828411,0.002575167,0.048525117,-0.041042041,0.01334759,-0.008286881,0.097492501,-0.016725821,-0.084242135,-0.043241322,0.022682453,0.012958016,0.106916964,0.08281488,0.069770835
E:\Project\Fake News Detection\images\fake\5533.jpg,fake,train,0.803655028,0.848507762,0.014809736,0.037361775,-0.364286363,-0.072683714,0.033066954,0.091145575,-0.159478053,0.103388719,-0.010147377,-0.066481814,-0.132904127,0.029100256,0.23303242,-0.017975952,0.079792857,-0.075951867,0.267160684,0.087700404,-0.04635556,0.101152048,-0.001508738,-0.004727403,0.042748272,-0.095502861,-0.090762883,-0.12462984,-0.149184808,0.015155184,0.032365832,-0.012656858,0.119296767,0.074109286
E:\Project\Fake News Detection\images\fake\5548.jpg,fake,train,0.755605459,0.764798641,0.234070867,-0.10704951,0.107106648,-0.136449233,0.090544313,-0.152813405,0.040106349,-0.001958554,0.146996751,0.208014026,0.096885964,-0.301916093,0.076757841,-0.082038648,-0.220626146,-0.155042112,0.080217801,-0.047208115,-0.053634755,-0.028602516,-0.005029966,0.031539947,0.008217016,0.078666776,-0.023676939,-0.084077984,0.078653999,0.025075644,0.028534593,0.113704756,0.061889723,0.06978374
E:\Project\Fake News Detection\images\fake\5553.jpg,fake,train,0.669549346,0.69097209,0.132064715,0.103232943,0.140773907,0.317955732,-0.013685729,-0.230271533,0.102739163,0.312715083,0.144874871,0.023747887,-0.006119686,-0.04455306,-0.01823158,-0.097688548,-0.087823488,-0.010156017,-0.046726599,-0.082303785,-0.056135066,-0.063160799,0.104642026,0.023306351,-0.059777297,-0.065912627,-0.030882161,-0.04402604,-0.128068164,0.000462197,-0.01918708,-0.051806308,0.009004124,-0.001777566
E:\Project\Fake News Detection\images\fake\5555.jpg,fake,train,0.75700891,0.77792418,-0.246328697,-0.252989054,0.019960778,-0.194124013,-0.19253625,0.1572797,-0.061889246,0.122052498,0.047800671,-0.148310572,0.15885438,-0.0372256,0.02361924,0.100914642,0.084240548,-0.189056545,0.069360577,0.064580172,0.056567423,-0.085364819,0.008576529,-0.021097206,-0.03019271,-0.02362893,0.019044794,0.040106889,0.03340343,-0.010958067,0.071931191,0.016374636,-0.108850032,-0.05316703
E:\Project\Fake News Detection\images\fake\5568.jpg,fake,train,0.828455627,0.848842502,0.28957203,0.169061556,0.110552616,-0.022058874,-0.27867195,-0.080892235,0.2635445,-0.009459311,-0.14071095,-0.107734159,0.069568872,0.071791932,-0.024158804,0.159254864,-0.053272642,0.00821024,-0.114078268,0.017616855,-0.06681519,-0.000801254,0.128478706,-0.022498107,-0.051015656,-0.035646956,-0.086880058,0.068534628,-0.011997353,0.08125779,-0.032456733,0.084621072,0.003252037,-0.013976321
E:\Project\Fake News Detection\images\fake\5576.jpg,fake,train,0.711983562,0.728984237,0.138446659,-0.181411907,0.161688879,0.044535827,0.27324599,-0.107823528,0.043994259,0.183662534,0.150204793,-0.046083909,0.042644456,0.020934131,-0.076201923,0.185747847,0.112987772,0.068034656,0.022200076,-0.035530344,-0.011133029,0.089812994,-0.109469704,-0.051320992,-0.052914411,-0.091528274,0.002470839,9.15E-05,0.033698298,0.05441948,0.108434796,-0.001122995,-0.044167001,0.002548707
E:\Project\Fake News Detection\images\fake\558.jpg,fake,train,0.644525349,0.768830359,-0.134999514,0.313265026,-0.288083136,0.140137836,0.052927312,0.108542204,0.018508244,-0.185513422,-0.062775232,0.102031581,0.0567635,0.004683926,-0.018163748,0.035288833,-0.035628282,-0.010158956,-0.039721757,0.048241649,-0.118925899,-0.035515677,-0.116530508,-0.021642726,-0.015870385,0.043642644,0.145218641,-0.039543014,-0.108060494,-0.032929949,0.062502444,-0.055135742,-0.004973975,0.041523527
E:\Project\Fake News Detection\images\fake\5595.jpg,fake,train,0.560708344,0.595132232,-0.27851373,-0.065874912,0.112588018,0.163581073,0.021087272,-0.163330019,-0.090131827,-0.045671143,-0.07218571,0.178635523,-0.102013245,0.105953552,-0.125730306,0.184036225,-0.05147526,-0.139448762,0.06031834,0.023538848,0.025678959,-0.107885987,-0.043235295,0.089156896,-0.039741743,0.015786432,0.053904578,0.148419812,-0.002723599,-0.011259893,-0.097751245,-0.086136289,0.138553634,0.005315296
E:\Project\Fake News Detection\images\fake\5602.jpg,fake,train,0.676769078,0.801598907,0.183216661,-0.021937165,0.109929025,0.002733361,0.232031867,0.015936513,-0.012978482,0.003192388,-0.237718984,-0.05868819,0.06996835,0.012366858,-0.040529616,0.044868708,-0.131174937,0.029988527,0.056515846,0.025649447,0.003607423,-0.0029908,-0.104238652,0.094210446,-0.064271405,0.176227927,-0.049253885,-0.040151566,-0.031095818,-0.034170166,0.105533928,-0.059876766,-0.013222796,-0.067833282
E:\Project\Fake News Detection\images\fake\5606.jpg,fake,train,0.827932835,0.852680445,0.202326864,-0.310245305,-0.025188912,-0.245552659,-0.126844391,-0.012862153,0.216165975,-0.080708303,-0.01235306,-0.011887177,-0.023892332,0.043050706,-0.107504532,0.177965656,-0.079119898,0.103800759,-0.018166279,-0.029511718,-0.057285234,-0.063883863,0.029292222,-0.023919083,-0.040387955,-0.073614404,-0.055506974,-0.049304441,-0.034809593,-0.005991999,-0.007555538,-0.043267086,0.032800265,0.056722272
E:\Project\Fake News Detection\images\fake\561.jpg,fake,test,0.525865376,0.563409567,0.045039445,-0.055944674,0.164021164,0.089218795,0.005154366,0.135399625,0.331673443,-0.036648378,-0.041087553,-0.017731428,-0.057644669,-0.216993481,0.128930673,0.005369745,0.0361594,0.076884381,0.094024159,0.000992641,-0.003710754,0.09559276,0.000594772,-0.044432819,0.120960131,0.064438373,-0.060484692,0.022385087,0.113428764,-0.01786226,0.036542866,0.006402144,0.14322567,0.089618944
E:\Project\Fake News Detection\images\fake\5622.jpg,fake,train,0.82115519,0.875140607,-0.168965667,-0.204614863,-0.024686223,0.435208976,-0.089489333,0.043266285,-0.062381402,0.106464073,0.012720319,0.006841912,-0.004119061,0.059652664,-0.067345679,0.045215849,0.037350439,-0.124266028,-0.030347273,-0.049837917,0.009800805,-0.026215937,0.066703498,0.010972872,-0.002164313,-0.041389681,0.093259797,-0.038817026,0.084342405,0.006192915,0.033968151,-0.001510221,-0.009364578,0.031149557
E:\Project\Fake News Detection\images\fake\5623.jpg,fake,train,0.830570042,0.916006804,0.194370583,-0.110134497,-0.077032179,-0.256592274,-0.380701751,-0.134647548,0.18896386,-0.056435268,0.055018704,0.056818906,0.055463981,0.008546954,-0.078927644,0.129808292,-0.038706884,-0.018780293,0.015394547,-0.006906028,-0.030420942,-0.065095998,0.038456652,0.023546111,-0.053868923,-0.067711532,-0.055674568,-0.064806223,-0.024263103,0.021677809,-0.000935234,-0.092830174,-0.034636203,-0.0013276
E:\Project\Fake News Detection\images\fake\5632.jpg,fake,train,0.893527985,1,-0.117225856,-0.255850852,-0.011571946,0.460918069,-0.064107291,-0.010010119,-0.089084804,0.126847193,0.00839074,-0.052614629,-0.024164336,0.011696749,-0.062790364,0.063936174,0.05637753,-0.152868837,-0.010166864,-0.083796225,0.050528884,0.002734474,0.05293509,0.015737468,0.027530191,0.005739238,0.046400398,-0.021468598,0.079703219,0.011445788,0.008832382,-0.009214972,-0.014609457,0.026951972
E:\Project\Fake News Detection\images\fake\564.jpg,fake,train,0.846879601,0.883073688,0.153682753,-0.346318424,-0.011123614,-0.285495281,-0.164525226,0.029018665,0.224464491,-0.043612175,-0.042658255,-0.004395626,-0.025580434,0.045309752,-0.108317047,0.167969078,-0.046705533,0.059850518,0.000913636,-0.023697797,-0.060833942,-0.105776206,0.033751573,0.002035611,-0.074415676,-0.100929141,-0.080327317,-0.025243098,0.022132967,0.005911347,0.035041302,-0.086099662,-0.010684425,0.093290687
E:\Project\Fake News Detection\images\fake\5640.jpg,fake,test,0.752644897,0.785365939,-0.225679696,-0.177695811,0.040149961,0.281595975,-0.051984522,-0.053438902,-0.15843603,-0.013454258,-0.033077855,0.084488466,-0.100282803,0.184830457,-0.140429705,0.180489331,-0.004651234,-0.219489083,0.030532926,-0.027390979,0.080473572,0.051581055,-0.034914296,0.038752824,-0.002950691,0.067820072,0.020329453,0.042477582,0.094774418,-0.07129246,-0.027202874,0.023894221,0.070974335,0.05504854
E:\Project\Fake News Detection\images\fake\5652.jpg,fake,test,0.655794919,0.692189634,0.077709883,0.049702287,0.127723396,0.039585322,-0.014599819,-0.152143925,-0.002670834,-0.112822764,0.15015012,-0.055966787,-0.094675779,0.040032953,0.066857636,-0.122289389,-0.095303282,-0.026006471,0.054265082,0.099259391,0.02836071,0.085276373,0.02119966,-0.051027834,-0.035347257,-0.026233181,-0.023000436,-0.079059005,0.011686221,0.008587584,-0.052905232,-0.033375964,-0.056026436,0.060800474
E:\Project\Fake News Detection\images\fake\5658.jpg,fake,test,0.675185621,0.68997252,-0.129523829,-0.093863212,0.072158158,-0.245025799,-0.082016557,-0.049669325,-0.033176467,0.115083627,0.148354322,-0.111198783,0.020378359,0.075845562,0.012464641,-0.10507378,-0.0289068,-0.084828861,0.05003931,0.080435738,-0.075885803,-0.05154375,0.007327186,-0.048009306,-0.002325527,-0.070482828,0.034363426,0.042173944,0.051289551,0.000449106,-0.005957976,-0.004944794,-0.068169288,-0.026185565
E:\Project\Fake News Detection\images\fake\5659.jpg,fake,test,0.704366326,0.762806296,-0.068524882,-0.34747842,0.200238794,-0.114501759,-0.13999325,0.03425381,-0.122358218,-0.151793286,-0.06846194,0.142957941,0.062938921,0.148656577,-0.08168827,-0.01492336,-0.103953212,0.0500338,0.051741131,-0.084887505,-0.094042316,-0.015903149,-0.129802272,0.096301168,0.005526781,0.035855215,0.018326389,0.024257172,-0.096497029,-0.025925137,0.011492122,-0.020888019,-0.057727478,-0.098381527
E:\Project\Fake News Detection\images\fake\5664.jpg,fake,train,0.844416976,0.86599052,-0.271673441,-0.105411977,0.199726671,0.198025391,-0.062799439,0.196481794,0.00854606,-0.151018023,0.057568625,0.066726469,-0.010324856,0.025910823,-0.026004117,-0.070799142,-0.087247632,-0.076747417,0.003364195,0.107217953,0.11854592,0.003852224,-0.030588491,0.008482336,0.03635313,-0.033278208,-0.05561585,0.102026917,-0.061916426,-0.033061508,-0.095099412,0.052870762,-0.08168909,0.052303113
E:\Project\Fake News Detection\images\fake\5667.jpg,fake,test,0.715696037,0.789880157,-0.111459702,-0.211143106,-0.48476842,-0.20332846,0.08055108,0.080532551,-0.062024973,-0.061216116,-0.041956432,-0.075771064,-0.02558716,-0.007125959,0.024725389,-0.021973494,-0.037627667,0.159140974,0.023405433,-0.084909469,-0.047601093,0.106185064,-0.04126142,0.067571469,-0.074674264,-0.049461357,-0.080329627,0.115502648,0.057479076,-0.013062507,0.036936451,0.014540045,-0.013917923,-0.032379463
E:\Project\Fake News Detection\images\fake\567.jpg,fake,train,0.895662129,0.917132735,0.402253866,0.052237839,0.001092861,-0.284845859,-0.177503124,0.046231296,-0.265123338,-0.032392044,0.10517934,0.136616126,-0.020094406,-0.071094811,-0.00336973,-0.019633537,0.031692892,-0.04063122,0.00217756,0.006410876,0.046255428,-0.067256555,0.017785687,0.01950464,0.039916605,-0.009424084,0.041981645,0.020550208,-0.0106549,0.047921069,-0.046893686,-0.074949354,-0.011599461,-0.042426035
E:\Project\Fake News Detection\images\fake\5677.jpg,fake,train,0.676720619,0.702193379,-0.189778566,-0.112376973,0.016279822,0.201946899,-0.105546124,-0.007992696,-0.066409938,-0.037732374,0.01272794,0.146293029,-0.138392106,0.155963361,-0.066888936,0.041588325,-0.019224823,-0.05950721,-0.043495137,0.092464462,-0.078799225,0.061672002,0.011732754,0.010673375,-0.068125986,-0.009046345,-0.057283737,0.000793366,0.143877685,-0.116622686,0.001815897,0.029400963,0.035390526,0.034283157
E:\Project\Fake News Detection\images\fake\5682.jpg,fake,train,0.789732635,0.840690792,-0.255770981,-0.100053377,0.059971549,0.331442088,-0.10402599,-0.017484624,-0.133283362,0.012649321,-0.005703176,0.119348235,-0.106309213,0.176823765,-0.172449216,0.087155469,0.047685247,-0.182323977,0.024475548,0.037637822,-0.049735758,0.053756911,0.072368063,0.031632748,-0.088600777,-0.015497592,0.069013581,-0.008895672,0.119467221,-0.077883765,0.01766629,0.013349814,0.005534831,0.026842564
E:\Project\Fake News Detection\images\fake\5685.jpg,fake,test,0.768100798,0.860087276,0.094014019,-0.002867587,-0.331994921,-0.130228326,0.031875513,0.106112026,0.0463349,0.05305323,0.052063663,0.016365185,-0.164499044,-0.092002876,0.028210487,-0.002844948,-0.003446341,-0.024625622,0.104741693,0.02676107,0.170506328,0.113702327,-0.027345262,-0.00562153,-0.00992059,-0.083029591,-0.024162939,0.001857728,-0.068083927,0.087935045,-0.03700541,0.13729322,0.003148295,-0.034332819
E:\Project\Fake News Detection\images\fake\569.jpg,fake,train,0.966213882,0.990481794,0.494336665,0.247800425,0.144824013,-0.057282083,-0.251165926,0.180513576,0.048853502,-0.083474629,-0.011630643,-0.085185654,-0.134692505,-0.061848052,-0.014834766,0.220424786,0.128431246,-0.064977698,-0.065867282,-0.007642265,-0.040999401,-0.05764658,0.033160497,0.052009568,-0.083260939,-0.020208772,-0.056714747,-0.064345308,0.046266325,0.020770298,-0.033029154,-0.023275251,-0.017198056,-0.027258795
E:\Project\Fake News Detection\images\fake\5700.jpg,fake,train,0.57995683,0.628506303,0.089725085,-0.074342892,0.171348318,0.002870892,0.21448718,0.105456904,-0.062402364,-0.00174944,-0.185653985,-0.05858732,-0.052038208,0.065321788,-0.089178115,0.106558509,-0.041448954,0.123795658,0.144383252,0.006409614,-0.132178918,-0.054418571,-0.038676314,0.037662558,0.020890769,0.130437046,-0.07675565,0.006969628,-0.030470066,-0.032674633,0.098897278,-0.049142007,-0.009709934,-0.094101958
E:\Project\Fake News Detection\images\fake\5714.jpg,fake,train,0.645273566,0.689088345,-0.23773551,0.051544134,0.016988609,0.229100585,0.124983311,0.209025219,0.169088095,-0.237141863,0.190655306,0.16252929,0.050280828,-0.117429629,0.03372198,-0.098553471,-0.118250079,-0.159420222,0.116866775,-0.036286157,-0.076747231,-0.02478838,-0.016544733,0.041675027,-0.037735395,0.050253902,0.028340692,0.006648309,0.115295671,0.075726017,0.00405118,0.093370043,-0.080300778,0.004382847
E:\Project\Fake News Detection\images\fake\5721.jpg,fake,train,0.710766315,0.760517836,-0.141084597,-0.134070784,0.032371353,0.269514978,-0.013108276,0.110251442,0.065166332,-0.018045194,0.072118305,0.112243906,-0.017930154,-0.000159001,-0.021619564,-0.102203123,-0.040732328,0.042468891,-0.069376141,0.048641358,0.011873743,-0.030330196,-0.114893645,-0.079133533,0.042510618,0.041375481,0.04214099,0.060411461,0.0336808,0.075441793,-0.037444457,0.044912554,0.017402746,0.036147319
E:\Project\Fake News Detection\images\fake\5733.jpg,fake,test,0.871999085,0.937267721,0.09803924,-0.266618848,-0.24292767,-0.216470182,-0.145040125,0.059557155,0.273647308,-0.06144391,-0.026348557,-0.024550706,-0.072492018,0.028221667,-0.064968042,0.204437166,-0.023622446,-0.0075861,-0.04123253,0.016091004,0.013768055,-0.094171815,0.03813402,-0.037339985,-0.047576085,-0.028645288,-0.11335057,-0.063474268,-0.020744912,0.009438023,0.002484869,-0.085351087,0.027249932,0.046999924
E:\Project\Fake News Detection\images\fake\5741.jpg,fake,train,0.723069072,0.729562521,0.29833591,-0.116625391,0.189343914,0.040656559,0.090555526,0.295105666,-0.125221983,0.097728625,-0.109018765,-0.055688642,-0.009354914,0.032729555,0.022878498,0.054257594,0.009760838,0.135685101,-0.055068061,-0.024574121,-0.067450009,-0.066593707,-0.016261321,0.01219432,-0.009440526,0.000293056,0.101160347,0.011409481,-0.028833983,0.007724906,0.054058447,-0.012606495,0.015608442,0.048020337
E:\Project\Fake News Detection\images\fake\5743.jpg,fake,train,0.749604464,0.827207923,0.016131867,-0.230024099,-0.066622734,0.13563098,-0.279432803,0.098860197,0.205237746,-0.17796354,-0.1585581,-0.071728341,0.016682642,-0.040458076,0.00090326,0.265040547,0.111287057,-0.055176936,-0.070215352,0.011922347,-0.029456975,0.002497791,0.009709505,0.007115082,-0.037503503,-0.013753066,-0.012219953,-0.095852837,-0.018794335,-0.001342623,-0.06033399,-0.047964282,0.045251295,0.105332904
E:\Project\Fake News Detection\images\fake\5745.jpg,fake,train,0.855682731,0.932136059,0.288642973,0.205191687,0.049274597,0.088283472,0.087460414,-0.135437489,0.008896453,0.026046224,-0.255466312,0.006823693,0.137140274,-0.007880811,-0.08750543,-0.017046079,-0.084553704,-0.039845753,0.013323789,0.043012775,0.152403578,-0.018286411,-0.228485793,0.163351879,-0.094185963,0.047209907,0.123446584,-0.076639861,-0.029077049,0.028053494,0.066811122,-0.040002741,-0.057760831,0.05247261
E:\Project\Fake News Detection\images\fake\5759.jpg,fake,test,0.856588721,0.868091226,-0.049984317,-0.321989179,-0.084581144,0.243427455,-0.212904394,0.03105808,-0.091308832,0.01057235,-0.044713419,-0.070317015,0.02031168,0.026461296,0.14394775,-0.010331072,0.054854728,-0.005281935,-0.05194835,0.030233085,-0.053804897,-0.023292191,-0.017959028,-0.052162796,0.0840206,0.070060082,0.072872639,-0.094940871,-0.041974075,0.063216835,0.041593976,0.055759672,0.000263929,-0.058646984
E:\Project\Fake News Detection\images\fake\576.jpg,fake,train,1,1,0.139076486,-0.260736465,-0.391322225,-0.284886241,0.07123369,0.027983323,0.05957292,0.104333587,0.054903802,0.130119503,0.03138528,0.021851171,-0.05003212,0.015770424,0.034144558,-0.050538864,-0.014661013,0.08371789,0.089406885,0.030575348,0.018547332,-0.00053337,0.059861355,0.008475256,-0.036444563,-0.009990637,-0.021242375,0.021776382,-0.038204718,-0.026845526,-0.015056755,-0.057966039
E:\Project\Fake News Detection\images\fake\5771.jpg,fake,train,0.643383086,0.678744435,-0.088659577,0.34898898,-0.200164184,0.061416294,-0.044045359,0.259484351,-0.064335145,-0.022224681,0.011546307,0.092837095,0.043327928,0.038905405,-0.010939253,-0.018074302,-0.091758206,-0.009825032,-0.044489674,0.007824236,-0.013214935,-0.09851104,-0.126944661,-0.0220365,-0.02347468,-0.005839462,0.081950173,0.041008629,-0.008626439,0.050431989,-0.106806949,-0.072629265,-0.04336239,0.061188519
E:\Project\Fake News Detection\images\fake\5775.jpg,fake,train,0.672819734,0.765077949,-0.096392415,0.183417723,-0.217022941,0.155735463,0.083899751,-0.011396191,0.015355991,-0.026856204,0.153388605,-0.015939105,0.020752918,0.049892217,-0.180478454,-0.014242527,0.049150847,0.137798712,-0.035225317,-0.104400948,-0.014903009,-0.043373592,-0.007963211,-0.032102983,0.002945075,0.016740438,0.104036331,0.033916287,0.061717704,0.196371883,0.010932084,-0.027942525,-0.035629474,-0.010108296
E:\Project\Fake News Detection\images\fake\5781.jpg,fake,train,0.761759639,0.790186405,0.315150112,-0.10971798,0.232528046,0.009596336,-0.048692796,0.29429996,-0.184668824,-0.015541173,0.05974761,-0.086486712,-0.045124039,-0.040390801,-0.027088987,-0.00113097,-0.026211629,0.021499889,-0.030296076,-0.060462061,0.009512619,0.038348462,-0.05330497,0.062850006,0.030552547,-0.058692079,0.050274037,0.037188187,-0.030982625,0.044053063,-0.002483052,0.09990155,0.009415671,-0.035757639
E:\Project\Fake News Detection\images\fake\5789.jpg,fake,test,0.923598647,0.966335714,0.155931294,-0.492079943,0.038182508,-0.085704781,-0.149195716,-0.051052332,-0.165155575,-0.071072601,-0.03504457,0.032159656,0.155481637,-0.027594231,-0.059792776,-0.006425615,-0.031772882,-0.014896329,0.002135556,-0.037135527,-0.011897877,0.057369448,-0.009810898,0.027934384,0.005418479,-0.069966845,0.075974494,-0.002913684,-0.005416162,-0.021658406,0.018153213,0.029546369,-0.047269493,-0.000959717
E:\Project\Fake News Detection\images\fake\579.jpg,fake,test,0.704014897,0.704014897,0.174328119,-0.360637724,0.072268367,-0.272453129,0.07133536,-0.020071201,0.066841327,0.039973445,-0.002598008,0.155301809,0.095004126,0.027661912,0.120348677,0.004257794,0.027663365,0.067316875,0.003649134,-0.176196069,0.130568638,0.006503898,0.116929159,0.063830227,-0.024330981,-0.078003466,-0.035089783,0.013636217,-0.057654638,0.080572203,0.075528681,-0.067420051,0.051653016,0.129874855
E:\Project\Fake News Detection\images\fake\5791.jpg,fake,train,0.917002082,0.926317692,0.16529499,-0.381451249,0.043348931,-0.296817422,0.241381258,-0.054474305,0.038569063,-0.066203378,0.063997954,0.146178454,0.100986607,-0.189360186,0.010881996,0.034754124,-0.180485353,-0.037242457,0.022045748,-0.080757476,-0.056401778,-0.058560476,0.067057267,0.038892899,0.03954668,-0.014571428,-0.026047971,0.017815845,0.037109971,0.010249437,0.022248045,0.07102409,0.011423683,0.109468281
E:\Project\Fake News Detection\images\fake\5792.jpg,fake,train,0.811078846,0.816485465,0.344753236,0.239177212,0.154083103,-0.046318721,-0.253930271,0.168066025,0.114187345,-0.095359907,0.000295034,-0.043317266,-0.099160135,0.010087341,-0.062041119,0.147463068,0.078348137,-0.039926708,-0.020572692,-0.00899569,-0.063905194,-0.12463475,0.025720065,-0.011330296,-0.119624123,-0.058155358,-0.001710867,-0.120443605,0.029177587,0.052025352,0.009285117,-0.06221009,-0.065982163,0.038611218
E:\Project\Fake News Detection\images\fake\5794.jpg,fake,train,0.888320744,0.952339888,0.169704765,-0.31413871,-0.29652366,-0.239795253,-0.094776101,0.036500249,0.251230359,-0.044324961,-0.033229664,-0.018693676,-0.066377334,-0.023339432,-0.043761902,0.200326219,0.025250806,-0.025642963,-0.018801847,-0.013125738,0.043178715,-0.085656531,0.056407019,-0.007482809,-0.052226353,-0.032395836,-0.102176219,-0.034727935,-0.005171459,0.025159985,0.00193096,-0.088412985,0.027858201,0.05523894
E:\Project\Fake News Detection\images\fake\5808.jpg,fake,train,0.641323149,0.683663368,0.180654615,-0.183338761,0.190874681,-0.006150733,0.257995546,0.057231236,0.125516221,-0.204029873,0.008948404,-0.095272876,-0.087435715,0.104965165,0.020266538,-0.046672847,0.013382678,-0.001116499,0.03420968,0.013851177,-0.063545048,0.047798712,-0.016484072,0.009633917,0.012520078,0.002280991,0.056491353,0.044272728,-0.03549685,-0.076796129,0.009100155,0.042506974,-0.111867331,-0.022292757
E:\Project\Fake News Detection\images\fake\581.jpg,fake,train,0.867775142,0.907027602,0.400129914,0.172723234,0.154600516,-0.072123587,-0.257924646,0.179314956,-0.025707919,-0.02821991,0.086484708,0.078346007,-0.105853274,-0.153227761,-0.003804583,-0.01496743,0.031712007,0.11900346,0.129427433,0.044792201,0.130742714,0.051068708,-0.016410008,0.048980273,0.047690593,0.042016208,0.008540173,0.060529131,0.063281998,-0.091748841,-0.027757889,0.034098174,0.07049074,0.031027062
E:\Project\Fake News Detection\images\fake\5826.jpg,fake,train,0.711302161,0.765349388,0.168998525,-0.182094902,0.261166215,0.065454192,0.174010053,0.080714539,0.194471493,-0.111199901,0.045177698,-0.040970147,0.073318481,-0.023490084,-0.014677081,-0.06591849,0.063365199,0.044822935,0.057852659,-0.120792829,0.133850038,0.116982363,0.035912845,-0.030133219,0.021987516,0.039276738,-0.029536592,0.017640987,0.002891383,-0.0663867,-0.022413842,-0.038073063,0.08592809,0.11364834
E:\Project\Fake News Detection\images\fake\5834.jpg,fake,train,0.696961284,0.739534676,0.176313773,0.098674558,0.186891839,-0.047122449,0.101883896,-0.143888444,0.048618019,-0.084046476,0.041598115,0.013973243,-0.018345259,0.013108687,0.071885474,-0.1474334,0.12699382,-0.029159503,-0.062336605,-0.182487473,0.042036019,0.064551041,-0.132048592,-0.111533828,-0.101300552,-0.050979011,-0.177024737,0.014338871,-0.026721494,0.126247793,-0.068361081,0.123575427,-0.068053074,-0.020474588
E:\Project\Fake News Detection\images\fake\5836.jpg,fake,train,0.697744071,0.761817813,0.101999171,0.127821773,0.275347769,0.045220036,-0.027151842,0.00289546,-0.074569218,-0.054150257,-0.130476013,0.122663908,0.113229439,0.080426261,-0.043700475,-0.054546513,-0.060134273,0.083879896,0.058058605,-0.011120526,-0.062850967,0.018994933,-0.006344193,-0.00324002,0.090911008,-0.053598553,-0.0721469,-0.018913504,0.02374462,0.099781059,-0.142480463,0.032757986,-0.053131349,-0.030259306
E:\Project\Fake News Detection\images\fake\5838.jpg,fake,train,0.732073426,0.767287612,-0.033487167,-0.014976426,0.272846729,-0.107978895,0.186310723,0.02887892,0.076480798,-0.078512892,-0.018758604,0.017164683,-0.009870552,0.07677722,-0.020229492,-0.101424411,0.146054044,0.042484447,-0.067397952,-0.17001681,-0.045843393,0.049651243,-0.160059929,-0.153092429,-0.185042739,-0.057457272,-0.164911777,0.021481004,-0.047205757,0.071437597,-0.053184792,0.146557674,-0.06896475,0.005783468
E:\Project\Fake News Detection\images\fake\5853.jpg,fake,train,0.801323116,0.807210028,0.407157272,0.215700835,0.080336049,-0.15511772,-0.138648808,0.124697797,-0.30567494,0.04117313,0.155068472,0.036061905,-0.090639941,0.014195378,0.115226768,-0.093560308,0.021182774,0.016267987,-0.103360832,-0.007594422,-0.051325805,-0.087195307,-0.049766853,0.029401315,-0.106169224,0.082914621,-0.008929762,0.020438539,0.062915362,-0.102131307,-0.060131572,-0.039889283,0.054082114,0.018083293
E:\Project\Fake News Detection\images\fake\5865.jpg,fake,train,0.563549817,0.572765946,-0.053586666,0.263273805,-0.205209374,0.139724001,-0.017747294,0.103078291,0.10950987,0.008676502,0.154463097,0.122060992,0.119934343,0.049422309,0.097791657,-0.072300054,-0.011283962,0.116508737,-0.164994419,-0.246935755,0.089369074,0.068456441,0.04899032,-0.067540482,0.001599317,-0.019050244,-0.022189418,0.191173047,-0.070762634,0.021425106,0.064073741,-0.026139952,-0.008588665,-0.055214118
E:\Project\Fake News Detection\images\fake\5869.jpg,fake,train,0.918402076,1,0.260665864,0.181448787,0.020275287,0.047579061,0.033425234,-0.17167148,0.050686471,0.117112234,-0.282978117,-0.053908139,0.19068636,-0.000621736,-0.082203329,-0.033640277,-0.063867517,-0.025571367,0.010004072,0.080408767,0.147480279,-0.009655696,-0.220918983,0.105450265,-0.125508547,0.014101304,0.13615863,0.003266782,-0.064222001,0.052893072,0.058873385,0.0177278,0.019002438,0.016979789
E:\Project\Fake News Detection\images\fake\5883.jpg,fake,train,0.594932735,0.639582872,0.167562291,0.020870529,-0.089399852,-0.165818945,-0.195591867,-0.24687615,-0.031421889,0.092231981,0.118018672,0.015474051,-0.048939437,0.020512478,0.037681382,-0.169533953,-0.133158058,0.091063619,0.067022733,0.028906779,-0.041912593,0.051365167,-0.01699915,-0.005153771,0.017493283,0.105863072,0.04011818,-0.014482955,-0.0683406,-0.136800572,-0.016743416,0.095568977,0.018208332,0.034922317
E:\Project\Fake News Detection\images\fake\5895.jpg,fake,train,0.70659852,0.742353439,0.017461274,0.253843516,-0.30381459,0.076359734,0.011837151,-0.003140493,-0.080073118,-0.010288571,-0.203315541,-0.097672299,0.105128139,0.018800132,0.006404927,-0.103873499,-0.027425211,-0.081158474,0.143151402,-0.102298528,0.039699148,-0.103040516,0.038308632,-0.111946985,-0.10067717,0.093598709,-0.061366104,-0.079671867,0.100021183,-0.008201579,0.037209306,0.002329517,-0.060466155,0.002357789
E:\Project\Fake News Detection\images\fake\5899.jpg,fake,test,0.599950314,0.614172459,0.06937106,0.181964546,0.167207494,-0.008316971,-0.047787208,-0.151935965,-0.039998867,0.238132104,-0.013350945,-0.06029531,0.049102057,0.168680102,-0.093876615,-0.02217323,-0.215508386,-0.089406714,0.110250816,-0.038575418,-0.006736763,-0.122737654,-0.005997997,-0.063849419,-0.073825955,0.099855989,-0.006148787,-0.071086377,-0.028343558,0.036118865,-0.013809144,0.015342742,0.02811145,0.054732095
E:\Project\Fake News Detection\images\fake\5903.jpg,fake,train,0.691541493,0.756393552,0.133977234,-0.198994875,0.140247598,0.234834641,0.177508727,-0.05865458,0.000925406,0.244256377,-0.034891479,0.007630294,-0.031986605,-0.00892765,-0.024453813,0.033086613,-0.006348133,0.003464706,-0.002261524,-0.102835424,-0.064704098,-0.013060495,0.007668379,0.030940531,0.007093757,-0.036144093,0.086521924,0.034762438,-0.06343358,-0.012244864,0.036335457,0.019968819,-0.053594213,0.047244083
E:\Project\Fake News Detection\images\fake\5907.jpg,fake,train,0.600276828,0.619591236,-0.039333284,0.241403386,-0.448560834,0.037959203,-0.026612584,-0.038338099,-0.04404451,0.108029187,0.017967205,0.027932452,0.07695435,-0.003752573,0.050264116,0.054390274,-0.006664529,0.050593935,-0.008948551,-0.083550394,0.034621578,-0.019779859,-0.07831876,0.035133287,-0.080887407,-0.007420628,0.028239006,0.043616325,-0.00543386,-0.051433783,0.028791897,0.002935591,-0.01992226,-0.136483014
E:\Project\Fake News Detection\images\fake\591.jpg,fake,test,0.680692017,0.696080863,0.261255175,0.138072073,0.055735104,0.010436252,0.009386155,-0.168177411,-0.035718754,-0.037613787,0.073923945,-0.057985023,0.049337227,0.023461394,0.032100633,-0.078752041,-0.105338082,0.017449787,0.049598604,0.002519503,0.088467374,0.135680482,-0.015299074,-0.089384422,0.004239887,0.049557623,-0.018039117,-0.013005897,0.044712298,0.0072245,-0.026400708,0.01276274,-0.112803809,-0.016445264
E:\Project\Fake News Detection\images\fake\5919.jpg,fake,train,0.737155199,0.756102622,-0.121384829,-0.254296005,-0.016648265,0.43156895,-0.045481432,0.062176935,-0.002562663,0.007699153,0.083057545,-0.062246576,0.120076425,-0.172126949,-0.045489531,-0.054460216,0.144080624,-0.000439424,-0.050983042,-0.006840198,0.067529656,-0.067404456,-0.055403229,-0.00976037,0.032536998,-0.046203665,-0.066326626,0.019101346,-0.005277186,-0.026383303,-0.005365296,0.0583199,0.076593086,-0.024853043
E:\Project\Fake News Detection\images\fake\5923.jpg,fake,test,0.979359925,0.999999881,0.178968787,-0.396851391,0.073811121,-0.256725729,0.251957715,-0.043672353,0.066071659,-0.058134161,0.060322426,0.11875242,0.080150083,-0.231479734,0.012494422,0.019636309,-0.16524677,-0.077170216,0.03966118,-0.088077404,-0.051828429,-0.073395796,0.052480791,0.054107103,0.006698146,-0.001860015,0.009387923,-0.006371722,0.057851069,0.020895317,0.056887917,0.071496211,0.004659392,0.074307159
E:\Project\Fake News Detection\images\fake\5927.jpg,fake,test,0.778654873,0.798159719,0.418950886,0.248112291,0.008980092,-0.02254007,-0.096853212,0.22241877,-0.006977106,0.00432975,-0.02228155,-0.012370795,-0.113788657,-0.006320342,-0.022607462,0.114605859,0.116557509,-0.063492931,-0.06828846,0.043378279,-0.035637312,-0.035047214,-0.022575941,0.011412337,-0.003640912,-0.011573337,0.069653824,-0.005800888,0.060997538,0.095907867,-0.030342765,0.055978082,-0.028380938,-0.071596436
E:\Project\Fake News Detection\images\fake\5931.jpg,fake,train,0.749993324,0.758186579,0.113252789,0.10131453,0.157630295,0.002732937,-0.325616986,-0.024690067,0.355803907,0.034540392,0.045244623,-0.035116863,-0.036227621,0.021479879,-0.063991457,0.081957243,-0.048141092,0.121132925,0.215331212,-0.073209509,0.005209779,-0.027175238,-0.001218667,-0.020423178,0.028528452,0.009828628,0.013070738,-0.008308865,0.005365873,-0.032828253,-0.047671493,0.012761463,0.012462344,-0.033630669
E:\Project\Fake News Detection\images\fake\5938.jpg,fake,test,0.874773324,0.947005153,-0.079687081,-0.313293457,-0.187020779,0.040862411,-0.223884746,-0.055127487,-0.185891554,-0.116773225,-0.11413382,-0.080749989,-0.055594187,-0.031850599,0.130197346,-0.086794734,-0.07110469,0.103654854,0.025393724,0.033213004,-0.009089164,0.104293622,-0.028906506,0.007218465,-0.096089736,0.017374869,-0.028240992,-0.060080066,0.066513859,-0.077097408,-0.07147333,0.047070302,0.009436369,0.003081568
E:\Project\Fake News Detection\images\fake\5942.jpg,fake,test,0.802774072,0.839603901,-0.186444387,-0.204224586,0.055748887,0.380239815,-0.084350392,-0.005235754,-0.093773283,0.019741563,0.020789294,0.056325778,-0.046522744,0.119303174,-0.064525127,0.066933207,-0.005575292,-0.098404534,0.002561197,-0.04728739,-0.024689224,0.002286138,0.007505865,0.032705266,0.081896856,0.026211608,0.029820981,0.007301286,0.074937798,0.011727914,-0.005988151,-0.014178377,-0.000100628,0.007649697
E:\Project\Fake News Detection\images\fake\5955.jpg,fake,train,0.538787127,0.5665434,0.087520219,0.119164139,-0.04400235,0.063998267,0.081096433,-0.002424303,0.055539865,-0.250865012,0.004142039,-0.100031137,0.037732314,-0.033323552,-0.110556372,-0.133440733,-0.025885761,-0.123168528,0.045122888,-0.014229628,0.051134601,0.05150551,0.044199433,-0.077420242,-0.064419888,0.066878855,-0.081166215,-0.012083047,0.048643775,-0.148753464,0.031773008,-0.001095162,0.063450471,-0.0851795
E:\Project\Fake News Detection\images\fake\5962.jpg,fake,train,0.893235087,0.893235087,0.127801463,-0.273840517,-0.372962594,-0.27922368,0.026301559,0.026902124,0.052127298,0.109368242,0.046425365,0.092387326,0.004881447,0.055190958,0.023750966,-0.009742337,0.038077682,-0.02843797,-0.037567057,0.056474682,0.011417337,-0.017089147,0.008675951,-0.036740143,0.014202047,0.039223544,-0.00950411,-0.028196461,-0.048665613,0.047459155,-0.056009099,-0.017652916,0.004708346,-0.050237842
E:\Project\Fake News Detection\images\fake\5974.jpg,fake,test,0.656656384,0.676656127,0.000667341,0.238277912,-0.300075799,0.090124324,0.091275856,-0.008204537,0.039022699,-0.17330572,0.076169252,-0.18223615,0.039509945,0.030708544,-0.004102096,-0.078993201,0.064740621,0.10538251,0.183395877,-0.077353701,-0.004469238,0.039000254,-0.01899099,-0.042817317,-0.06315206,-0.058231808,0.002404904,0.192992792,0.084493332,0.068121314,0.003750991,-0.007040011,0.033775263,-0.081252597
E:\Project\Fake News Detection\images\fake\5982.jpg,fake,test,0.624904037,0.666971445,0.098890334,0.086820945,-0.02533447,0.017086715,0.036761187,-0.283467412,0.034805715,0.042530477,0.02467557,0.029627904,0.080462322,-0.102216624,0.038767643,0.017151285,-0.040230535,-0.022052931,0.002494153,0.013620049,0.001143262,-0.066070572,0.03854847,-0.046391442,-0.023300312,0.07588248,0.031241836,-0.080517083,-0.069386244,-0.057483952,0.027682532,0.055957362,0.007671192,-0.022430837
E:\Project\Fake News Detection\images\fake\5984.jpg,fake,train,0.666988552,0.736309171,0.164936781,0.085360408,0.059769414,0.037856482,0.0897341,-0.160937995,-0.049631499,-0.03799805,-0.02074909,-0.105558746,-0.0290411,0.071256436,0.033510238,-0.11291682,0.060134355,0.0984139,0.15764527,0.016860971,-0.089914083,-0.004144966,-0.075095318,-0.024113525,0.028682172,0.011583716,-0.07114692,-0.037871491,0.06154066,-0.019263845,0.044376526,-0.017902397,-0.028415551,-0.186388731
E:\Project\Fake News Detection\images\fake\5986.jpg,fake,train,0.72668618,0.744449198,0.359617293,-0.092976049,0.189236403,-0.028107988,0.227502555,0.205688432,-0.068072148,-0.045798648,0.015048084,-0.176774845,-0.201262712,0.042995356,0.038229696,0.019449413,-0.01478416,0.027456911,-0.041709349,-0.101463102,-0.000247248,0.011040876,-0.022753084,0.03611758,0.001530275,-0.022739751,0.08751376,0.083542638,0.006113133,-0.016042702,0.063221082,-2.02E-05,-0.023323495,0.076114245
E:\Project\Fake News Detection\images\fake\6000.jpg,fake,test,0.677938581,0.85756284,0.04527308,0.055819187,-0.068848178,0.041536756,0.037267361,-0.195455715,-0.051069595,-0.055839062,-0.075971365,0.00294634,0.019000435,-0.134607315,0.037051082,0.08260081,0.036498841,0.107809901,0.01686931,0.112810746,0.071395785,0.128446132,-0.16075626,0.005299799,-0.048031524,0.044700593,-0.136784256,-0.072256893,0.040626727,-0.031698726,-0.030533731,0.07351274,0.048810072,-0.020879619
E:\Project\Fake News Detection\images\fake\6012.jpg,fake,train,0.570411384,0.575153589,0.140779912,0.12192069,-0.121812508,0.154942617,0.078457333,-0.188614443,0.067954406,-0.207599819,0.089439139,-0.047595304,0.066426791,-0.074641801,0.005076663,-0.05138259,0.098966569,0.039728593,0.066425629,-0.003178612,-0.017003158,-0.11727874,-0.093874596,-0.29575935,-0.074413113,-0.054631155,-0.032558929,0.031171428,-0.066405505,-0.04048394,-0.002477889,-0.064627752,-0.032704066,6.25E-05
E:\Project\Fake News Detection\images\fake\6016.jpg,fake,train,0.701754689,0.751144648,0.008964994,-0.01316826,-0.10218963,0.060561471,0.205119029,0.092970096,-0.02284223,-0.000349414,-0.257606387,-0.113125212,-0.01008008,0.075219914,-0.030991539,-0.102444477,0.001016676,0.086201347,0.102586851,0.035923731,-0.025666241,-0.160457343,0.033647094,-0.109614246,-0.082217507,0.044853207,-0.08046633,-0.093166858,0.133063108,-0.026817031,-0.00051265,-0.05227609,-0.023261458,-0.05110912
E:\Project\Fake News Detection\images\fake\6035.jpg,fake,test,0.79136622,0.916195869,0.019642785,-0.10454274,-0.058849767,0.004490647,0.447132528,0.076208316,0.202068105,-0.008091146,0.108319819,0.139165804,0.00977914,-0.165993869,0.064214997,-0.012350887,-0.111110881,-0.148352072,0.03262645,0.015234068,-0.022575304,-0.053774618,-0.001408573,0.015515357,0.044995114,0.046786491,-0.011503626,-0.0917041,0.107620083,0.065667957,-0.029885583,0.125093669,-0.035273261,-0.077582367
E:\Project\Fake News Detection\images\fake\6042.jpg,fake,train,0.752105117,0.760171354,0.126715899,-0.134099483,-0.297834724,-0.048149861,0.174699247,-0.032175273,0.081790037,0.122217588,0.004126786,0.019818762,-0.078697786,0.109646715,0.02724839,-0.10631752,0.036119107,0.006085493,-0.058970254,0.031267554,0.036980115,-0.021537535,-0.02189219,-0.038598925,0.077787548,-0.045016292,-0.03889744,-0.051267035,0.00811277,0.042260114,-0.035357267,0.091758862,-0.030680679,-0.096698493
E:\Project\Fake News Detection\images\fake\6054.jpg,fake,train,0.694547713,0.711012721,0.062004875,0.067772441,0.205015451,0.009026582,0.229772329,-0.088689215,0.136620477,-0.136276126,0.110476777,0.157877967,0.074722342,-0.213914797,0.047559921,-0.087112889,-0.147748247,-0.174240202,0.070984766,0.027122509,-0.075591721,-0.059299182,-0.030203145,-0.007457087,0.003058681,0.061185915,-0.016421149,-0.119598895,0.100355119,0.01253828,-0.025018619,0.152639106,-0.019223252,-0.034560304
E:\Project\Fake News Detection\images\fake\6062.jpg,fake,train,0.641070068,0.753568947,0.156804025,0.174750403,-0.090383932,-0.065098837,0.063270085,-0.053719308,-0.048117463,-0.180353016,0.020959605,-0.098661259,0.078601778,-0.051750511,0.023470741,-0.136262447,0.037566189,-0.113398023,-0.112996981,0.025363242,-0.050959405,0.011043694,0.123963796,-0.094276883,0.096920379,0.01858509,-0.074239559,0.0741117,-0.058013659,-0.031736262,0.074951664,-0.154313147,0.074543417,-0.051584713
E:\Project\Fake News Detection\images\fake\6064.jpg,fake,train,0.92164278,1,-0.106794484,-0.289531678,0.005835585,0.478068024,-0.120352209,0.051560182,-0.053735524,0.199341714,0.052279208,-0.070538446,-0.000204542,-0.074697986,0.062099032,-0.0131513,0.015603899,0.005527652,-0.0657451,-0.033676729,0.045376208,-0.082081541,0.057212245,0.011782045,-0.045335319,0.01356424,-0.032299936,-0.015081397,-0.065553941,0.050317064,-0.033699896,-0.010827606,-0.032703813,0.034983154
E:\Project\Fake News Detection\images\fake\6066.jpg,fake,train,0.564881742,0.625265837,-0.092048734,0.176748335,-0.271601468,0.060419135,0.137128904,0.013362859,-0.029386189,-0.063284919,0.050102707,-0.036169879,0.037205797,-0.011142348,0.058944449,-0.105644889,0.029946534,-0.055395704,0.103020795,0.079121843,-0.047916614,-0.027858103,-0.146334425,0.146254882,-0.039353963,0.015278228,-0.061843086,-0.116001047,-0.051258132,-0.075772464,0.086985461,0.105251499,-0.029075263,0.003879996
E:\Project\Fake News Detection\images\fake\6080.jpg,fake,train,0.565160453,0.577666521,-0.026966987,0.109244823,-0.104040891,0.016247509,0.040225375,-0.158743218,-0.184198663,-0.070950516,-0.008723081,-0.123000361,-0.014192229,0.026459286,0.011874196,0.019694675,0.137626052,0.105905816,-0.006595572,0.038150366,-0.12168254,0.036820538,0.09198755,-0.047496747,0.00865831,0.10307359,0.011304106,0.030894104,0.085222133,-0.015987407,-0.057710744,0.050566129,-0.069316074,-0.045589697
E:\Project\Fake News Detection\images\fake\6092.jpg,fake,train,0.838182271,0.922439933,-0.070243694,0.20398052,-0.306529373,0.017201176,0.09583649,0.063387595,-0.016376367,-0.134366646,0.145818621,-0.086371921,-0.11823193,0.021747028,0.021059927,-0.049907897,0.156279281,-0.118336752,0.117617719,0.054622319,0.086828932,0.146219149,-0.041938178,-0.030432761,0.0400731,-0.111417897,-0.073107056,-0.028626408,-0.165481284,-0.066675626,0.145003691,0.048918184,-0.175732151,0.075696401
E:\Project\Fake News Detection\images\fake\6096.jpg,fake,train,0.73059541,0.739795327,-0.100576214,0.310746431,-0.255670995,0.094938293,-0.008675912,0.159567118,0.008341691,-0.057779018,-0.231487691,0.011680826,0.096618533,0.068399303,-0.076311789,-0.044330388,-0.074116968,-0.066759691,0.188716799,-0.080704093,0.022131946,-0.152163476,-0.041066371,-0.008693327,-0.059069235,0.08593294,-0.01864483,-0.006923652,0.059384208,-0.007157555,-0.030913068,-0.038639013,-0.051174134,0.06803035
E:\Project\Fake News Detection\images\fake\6104.jpg,fake,test,0.840049267,0.856447935,0.22097984,-0.33864513,-0.03695529,-0.29297781,0.077210568,-0.075244665,-0.006096886,0.035172127,-0.028724354,-0.001549933,-0.036895644,0.018627964,-0.056828383,-0.007241786,-0.092304796,0.076160923,0.033609673,0.007711977,0.01745975,0.042950865,0.056550786,-0.017850161,-0.025575526,-0.068977125,-0.008615125,0.034172889,0.008109786,0.019794717,0.043710522,0.044831567,-0.008809499,0.024796203
E:\Project\Fake News Detection\images\fake\6116.jpg,fake,train,0.848914981,0.877963543,-0.219114393,-0.192408264,0.154673085,0.335238636,-0.109698094,0.182207376,0.068601228,-0.099565528,0.117585652,0.060052581,0.077047117,0.002000384,0.025573129,-0.066706128,-0.073025264,-0.006118024,-0.064416878,0.074503869,0.103486195,0.010575265,-0.055876855,-0.012367649,0.016030602,0.014779088,-0.046506397,0.042393073,-0.040529586,-0.052403394,-0.056361411,0.027108114,-0.00647734,0.068278216
E:\Project\Fake News Detection\images\fake\6124.jpg,fake,train,0.879472077,0.917132735,0.422596663,0.041786622,-0.030380098,-0.283942252,-0.17878367,0.031247318,-0.292174876,-0.002411371,0.13547644,0.087692365,0.010119339,-0.094051756,0.000715647,-0.041378051,0.025660317,-0.036653109,0.006722176,-0.006803068,0.033855088,-0.040831175,0.026256125,-0.00809471,-0.000882255,-0.011832369,0.039950136,0.012405976,0.006398899,0.063120566,-0.064290024,-0.054723669,-0.027848898,-0.02980466
E:\Project\Fake News Detection\images\fake\6126.jpg,fake,test,0.74531877,0.75044024,0.319151789,0.225527495,0.25358668,0.028791577,0.063919887,0.185355604,-0.160943687,-0.098334849,0.182083607,0.02801875,-0.066708043,0.029891156,0.011422217,0.016914017,-0.017681599,-0.022218676,-0.08436279,0.074980989,0.040779859,0.008970658,-0.020265732,0.070631489,-0.016662389,0.047999091,-0.023184417,-0.051509574,0.001074314,-0.085582636,-0.009490356,-0.07613007,0.024114262,-0.019841723
E:\Project\Fake News Detection\images\fake\6128.jpg,fake,test,0.582286894,0.603678107,0.086668327,0.11884252,0.166531712,-0.008591838,-0.010743286,-0.126455173,0.035052016,-0.086282715,0.080955163,-0.053705376,0.161379695,0.059559815,-0.132670477,-0.277861565,0.067933246,0.124588713,-0.023605417,0.010488793,-0.129629761,-0.116361611,0.059404287,0.023575064,0.170192376,0.022335567,-0.110359423,0.096143059,0.021872558,0.003519565,-0.041612595,-0.034588397,0.01427637,0.01939033
E:\Project\Fake News Detection\images\fake\6142.jpg,fake,train,0.709082663,0.735217214,-0.172729358,-0.142916143,-0.049496181,0.032683212,-0.120885789,-0.019084111,-0.125909105,-0.121172585,-0.162904218,-0.044515688,-0.008001171,-0.021175779,0.047342304,-0.092368037,-0.080384344,0.132894978,-0.037429433,0.116656005,-0.039322648,0.154113367,-0.033522617,0.013216523,-0.062543884,-0.069699727,-0.020937691,-0.09770795,0.104707703,0.015080244,-0.046828281,-0.012437761,-0.06361077,0.002445958
E:\Project\Fake News Detection\images\fake\6154.jpg,fake,train,0.800630391,0.800630331,0.045636844,-0.218469366,-0.283828974,-0.284476042,0.031107085,0.07739225,0.044327784,0.06884481,0.063375697,0.1937989,0.031428009,0.070615545,-0.048569739,-0.043096226,0.046568267,0.042736802,0.001350637,0.167383432,0.02009158,0.002933405,0.017210692,-0.026640359,-0.005378974,-0.011508049,-0.024233811,-0.012475656,0.007855166,0.007365776,-0.001083169,0.014345078,-0.025426736,-0.051459529
E:\Project\Fake News Detection\images\fake\6158.jpg,fake,train,0.977582932,0.977582932,0.121755943,-0.26430285,-0.370552838,-0.274701416,0.063037001,0.016213186,0.058847148,0.088802859,0.04627065,0.130014896,0.025223557,0.040563386,-0.038831815,0.017173916,0.029903473,-0.041095287,-0.028863782,0.093690969,0.075818256,0.023378871,0.015580703,0.003467004,0.082937516,0.019803176,-0.031612277,-0.017068099,-0.016330611,0.008899089,-0.030310061,-0.017453996,-0.016284743,-0.074160479
E:\Project\Fake News Detection\images\fake\6162.jpg,fake,train,0.813081145,0.834975839,0.379629701,0.267252892,0.209409997,0.020062258,0.066444874,0.106158346,-0.274427593,-0.023529945,0.08277975,0.079946481,-0.055854298,-0.071897075,0.043873731,0.059671596,0.103603713,-0.041475646,-0.099226169,0.063483037,0.055221424,-0.06014334,0.022034286,-0.002355075,-0.031857122,0.024590703,0.026882403,-0.037526436,0.023611614,-0.059860874,-0.023779547,-0.048018213,-0.034042571,-0.01132667
E:\Project\Fake News Detection\images\fake\6164.jpg,fake,train,0.745065391,0.77166301,-0.17215468,-0.25527966,-0.046637144,-0.331698865,-0.059030559,0.095651165,-0.017815446,0.156279638,0.071679026,-0.099655911,0.072987653,0.129002631,0.047014568,0.129134566,0.025284555,-0.066467285,-0.041279055,0.05209912,0.066215537,-0.108643524,0.04660143,-0.044620987,0.059019413,-0.002020472,-0.026943419,0.068390623,0.046512678,0.013585316,0.124389999,-0.024933811,-0.009936682,-0.023772601
E:\Project\Fake News Detection\images\fake\6165.jpg,fake,train,0.648802996,0.668491602,-0.09287174,0.304583937,-0.328177601,0.09784326,0.047403362,0.054935217,-0.065557331,-0.029942011,-0.027393879,-0.075889319,0.017374275,0.100309812,-0.011638826,0.024131984,-0.128577977,0.008365601,0.003368418,-0.100206196,0.010308233,0.095919788,-0.018923311,0.081941687,0.10303203,0.017557103,-0.014634389,0.036502037,0.006970187,0.030913685,-0.064810775,0.130372137,-0.043800578,0.089180715
E:\Project\Fake News Detection\images\fake\6173.jpg,fake,train,0.626390338,0.683399916,0.01187206,0.177386448,-0.11549747,0.108733043,0.090637177,-0.173094243,0.052644238,-0.096530698,0.025179079,-0.013146178,0.02287215,-0.12108817,0.037146404,-0.059749015,-0.01650021,-0.090757132,-0.080116637,0.049337573,0.099978805,-0.027637593,-0.001132543,-0.068825528,-0.011566681,0.004248918,0.068511896,-0.076148674,-0.031532571,0.023713483,0.011730772,0.018406479,0.025158994,0.054744184
E:\Project\Fake News Detection\images\fake\6202.jpg,fake,train,0.759680092,0.852189362,0.131667823,0.016539063,-0.098175324,-0.11796961,-0.088471167,-0.306447536,-0.050896943,0.215055376,0.005380229,-0.070872307,-0.02858365,0.13098906,0.205373853,-0.162084863,-0.061765496,0.052860826,-0.081285179,-0.076424219,-0.102794252,-0.097389042,-0.028352806,-0.013817897,-0.047127858,0.103779405,0.06926553,0.06538818,0.065299243,-0.047168944,-0.121280044,-0.014354894,-0.019266242,0.015531724
E:\Project\Fake News Detection\images\fake\6204.jpg,fake,test,0.81880188,0.852769196,0.145078361,0.120294303,-0.07254868,0.063780472,-0.085702464,-0.111224532,0.115589589,-0.166870251,0.198584318,-0.156398267,-0.225927263,0.155434012,0.0390612,-0.161665767,-0.011817977,-0.130843952,-0.105138198,-0.0324587,0.072513163,-0.095933609,-0.027746502,-0.011328675,-0.009220839,-0.085121848,-0.018322626,0.016806901,0.026961453,-0.030162886,0.078375295,0.062438507,-0.063917033,0.02202443
E:\Project\Fake News Detection\images\fake\6206.jpg,fake,test,0.768634439,0.809290528,0.062449515,0.16225332,-0.39339298,0.051225789,-0.289738715,0.010981636,0.302697241,-0.132923961,0.033922993,-0.101010285,-0.057427339,-0.006008007,0.047523886,0.151549444,-0.017481387,-0.020189729,-0.026922043,-0.146005094,-0.039946601,-0.059624217,-0.0221931,0.040745102,-0.050779924,-0.019069023,-0.037359037,-0.009656139,-0.051125776,0.013902292,0.027630594,-0.054544605,-0.050244264,0.011922769
E:\Project\Fake News Detection\images\fake\6217.jpg,fake,train,0.710100889,0.727101803,-0.07829421,-0.121463485,-0.394267589,-0.046156205,0.126685083,0.007734247,-0.013544755,0.014039361,-0.107223086,-0.228807241,-0.093910955,0.016258232,0.180802971,-0.022801574,-0.013506039,0.242352247,-0.005647473,-0.186475918,-0.113316312,-0.012418013,-0.07106553,0.037468739,-0.095050447,0.083972849,-0.014340098,0.092043623,0.124755383,-0.102638066,0.011990979,0.018112656,-0.065960534,-0.067177325
E:\Project\Fake News Detection\images\fake\622.jpg,fake,train,0.701864064,0.728186071,-0.116223283,-0.246980801,-0.010527038,0.264489353,-0.307230294,0.111837842,0.140804633,-0.059199587,-0.05401358,-0.097220823,0.02433411,-0.004863042,-0.072027348,0.11931318,0.103676051,-0.032513503,-0.026895791,0.039610028,-0.041152965,-0.059074793,0.000880837,-0.007657845,-0.146486759,-0.098306634,-0.054043114,-0.11285121,-0.032804258,0.029694555,-0.023649024,-0.008302899,-0.018598802,0.023259787
E:\Project\Fake News Detection\images\fake\6224.jpg,fake,train,0.690541148,0.693741262,0.105067864,-0.251045674,-0.327628314,-0.192819893,0.127479777,0.005616781,0.057826381,0.028341435,0.025800092,0.145711929,-0.045544397,0.076787613,-0.065136351,0.069146477,0.021215225,-0.040914174,0.022889495,0.007117022,0.09531565,-0.046141237,0.053837039,0.041033685,-0.005560024,0.060603607,-0.068540312,0.006779305,-0.050794609,0.011329021,0.031565435,-0.091930829,0.036478452,-0.06223996
E:\Project\Fake News Detection\images\fake\6225.jpg,fake,train,0.77598983,0.809353709,0.038979527,0.31557861,-0.315241605,0.115973979,0.091490693,0.117851079,-0.009829016,-0.086768173,-0.199520826,-0.114582673,0.078809522,0.01240091,0.002927392,-0.094219372,-0.080325685,-0.14032349,0.118927285,-0.146333575,0.003084736,-0.09985587,0.018476531,-0.085027747,-0.023693617,0.084869727,-0.079382144,0.016682286,0.049882125,-0.002225109,0.016246369,-0.089960888,-0.014240285,-0.03147665
E:\Project\Fake News Detection\images\fake\6229.jpg,fake,train,0.720664859,0.764918327,0.127215549,0.356307149,-0.298945069,0.01018031,-0.02325264,0.156527728,-0.215980098,-0.087900728,-0.063991994,0.040872347,0.025681056,-0.051041503,0.101749636,0.055125047,-0.033846661,0.032445945,-0.108544677,-0.022010183,-0.037169442,0.032649111,0.061777432,-0.041681129,0.065522805,-0.010649219,0.007863047,0.072675191,0.015665842,0.059306521,0.1273655,-0.073176883,-0.004503196,-0.06616243
E:\Project\Fake News Detection\images\fake\6230.jpg,fake,train,0.627758861,0.64011699,-0.122029141,0.045486964,-0.254513949,0.080539897,0.188618064,0.205570027,-0.019137787,-0.117112935,-0.206169084,-0.104590908,0.058008138,0.087373763,-0.112256169,-0.032185338,-0.051097948,0.201821312,0.180157915,-0.106918581,-0.096502334,-0.06487336,0.043906637,-0.047485869,-0.142056122,-0.010471932,0.014237992,0.150624841,0.130318806,0.078535736,0.035374686,-0.040324785,0.015732564,-0.028945737
E:\Project\Fake News Detection\images\fake\6234.jpg,fake,test,0.672822952,0.722607195,0.040628642,-0.020853601,-0.094693013,6.75E-05,0.184669122,0.021926902,0.124616131,-0.001840839,0.165719211,0.004049964,-0.199612036,0.259227544,-0.065814614,-0.102612466,-0.032751054,0.010593843,0.020766167,0.046348393,0.09468168,0.016956341,-0.051970396,-0.034249499,0.044805482,-0.059057586,-0.065844916,0.022351339,-0.022767477,-0.060616381,-0.005681559,0.066276945,-0.044684418,-0.01546409
E:\Project\Fake News Detection\images\fake\624.jpg,fake,train,0.86869669,0.926642656,0.217722237,0.222598121,0.054055139,0.036776476,0.021289131,-0.121959865,0.074579872,0.088971771,-0.292495608,-0.062629528,0.097266085,0.000279938,-0.075994737,-0.019234531,-0.025419563,-0.016726157,0.082586363,0.092047416,0.118579768,-0.048027724,-0.270269394,0.121718518,-0.096078962,0.084023826,0.133131385,-0.037492249,-0.100589715,0.068103984,0.020560674,-0.053981956,0.089837261,-0.00781389
E:\Project\Fake News Detection\images\fake\6240.jpg,fake,train,0.803993344,0.907454789,0.053174056,0.049875207,-0.034287877,-0.073274679,0.142839685,0.12757282,0.094121516,0.006753036,0.015859308,-0.013684798,-0.040661708,0.136881933,-0.052645091,-0.072040506,-0.121923134,0.024296561,0.140240803,0.070517987,0.155553952,0.017383706,0.009898525,-0.074378014,0.028649477,-0.019609779,-0.059859566,-0.080257662,-0.043825254,0.037775826,-0.062714368,0.002039086,-0.133619264,-0.020014752
E:\Project\Fake News Detection\images\fake\6243.jpg,fake,test,0.886313081,0.896547198,0.124058336,-0.368428856,0.141789079,-0.251433015,0.222143888,-0.022382207,0.062868223,-0.079856947,0.074601471,0.136271521,0.032603715,-0.148168087,0.012452919,-0.030327145,-0.216176435,-0.002747934,0.037750244,-0.069162846,-0.054766372,-0.077450521,0.03044989,0.025724523,0.040882722,0.01380593,-0.03343761,0.009155765,0.000990659,0.038293242,0.037285998,0.064470366,0.017892271,0.032992158
E:\Project\Fake News Detection\images\fake\6246.jpg,fake,train,0.675720096,0.711675167,0.03618861,-0.170436174,-0.196124375,-0.192532405,-0.176243544,-0.215286762,-0.131076187,-0.111366533,-0.010305868,0.017388556,-0.069294646,-0.045632489,0.04321963,-0.130628303,0.009382754,0.046150036,-0.013841896,0.019833907,0.080039531,0.042670678,0.028367301,-0.00981334,-0.027288772,-0.119246088,-0.035702366,-0.060590968,0.015919421,0.012162376,-0.032337397,0.006149614,-0.045463804,0.034016002
E:\Project\Fake News Detection\images\fake\6250.jpg,fake,train,0.643869996,0.650656462,0.116166152,-0.0171519,-0.197372258,-0.118752562,0.10928151,0.151343316,0.035895616,0.166942611,0.044284023,0.041374855,-0.100205578,0.12567544,0.058219191,0.075733155,-0.009675659,-0.027280154,0.010641012,0.100792922,-0.004925596,-0.080229253,0.00080307,-0.075659804,-0.015767651,0.086930521,0.031397738,0.059929859,-0.026429638,-0.039889775,-0.040234502,0.000287555,0.070962667,-0.01483976
E:\Project\Fake News Detection\images\fake\6270.jpg,fake,test,0.728505731,0.830994666,0.007811025,0.123335421,0.192943007,-0.051897198,0.053347774,-0.059259027,0.036618069,-0.09352497,0.28410989,-0.130630761,0.090887778,0.126883954,-0.210312098,0.002933916,-0.083763361,0.123510882,0.04281199,-0.196847796,0.056010425,0.080604665,0.038956232,0.012496307,0.03718365,0.112057276,0.003927065,-0.106024832,-0.148890927,-0.05697329,-0.000168987,0.092575893,0.092040174,-0.028008267
E:\Project\Fake News Detection\images\fake\6271.jpg,fake,train,0.795051992,0.826967716,0.384268552,0.229635224,0.170205489,-0.069887221,-0.044285875,0.121383555,-0.194477379,-0.127930984,0.159098491,-0.031900212,-0.174700677,0.109029278,0.039195266,-0.117655687,-0.019327948,-0.023966059,-0.116908707,-0.014958401,0.00818033,-0.123207629,-0.02928591,-0.011219481,0.031636219,-0.054562688,-0.021900915,-0.007266272,-0.003934597,-0.021497235,-0.024863284,0.046904374,0.003615873,-0.013693232
E:\Project\Fake News Detection\images\fake\628.jpg,fake,train,0.815970778,0.861030757,0.132142991,-0.3420057,0.058262728,-0.198580414,-0.23119472,-0.019616144,0.133025289,-0.118573934,-0.065070517,0.033089239,0.003801626,0.051245201,-0.095336661,0.142595664,-0.065584444,0.04811858,0.003707195,0.000479663,-0.111573376,-0.076044478,-0.017218875,0.036011085,-0.024653196,-0.059475377,-0.022431234,-0.037023902,-0.025737619,-0.015922789,0.01399721,-0.026414303,-0.043992616,-0.00241823
E:\Project\Fake News Detection\images\fake\6287.jpg,fake,test,0.656389832,0.674962759,-0.011154369,-0.298250943,0.172844499,-0.071841262,-0.104154959,-0.005864218,-0.122323215,0.071579888,0.006408319,0.032091893,0.030116156,0.078680672,0.005307394,-0.099808991,-0.096034497,0.100910969,0.082816824,0.007048383,-0.134958535,0.064724281,-0.053942766,0.048772611,-0.091352843,-0.119100936,0.034268931,0.013440132,-0.033150889,-0.045492195,-0.036742836,-0.032081999,0.018652417,0.033191148
E:\Project\Fake News Detection\images\fake\6289.jpg,fake,train,0.818907857,0.836565912,0.381167412,0.285822719,0.149290696,-0.046187736,0.058838084,0.142474353,-0.228776693,-0.083414853,0.096645817,0.046597648,-0.017088195,-0.120992675,-0.072097756,-0.061687995,0.182905108,-0.013909722,-0.056531798,0.108337328,0.029624755,-0.046061147,0.002110121,0.076095454,-0.033366237,-0.049534395,-0.044873588,-0.019513831,0.046017725,-0.039363198,-0.066855192,0.057512432,0.069017857,-0.028890228
E:\Project\Fake News Detection\images\fake\6300.jpg,fake,train,0.930874646,0.999999881,0.469295442,0.256234974,0.158576041,-0.045286123,-0.116000794,0.15327397,-0.121198006,-0.044684075,0.002897299,-0.013814507,-0.111511737,-0.086695977,-0.014124828,0.052632354,0.128397599,-0.062604725,-0.042203411,0.060877737,0.039124947,0.016457178,0.0139722,0.039541289,-0.050110567,0.033367474,-0.004599107,-0.037168782,0.092110768,0.027266478,-0.039538294,0.029964598,-0.013980097,-0.052326728
E:\Project\Fake News Detection\images\fake\6305.jpg,fake,train,0.789414823,0.817595661,0.329325885,0.233675301,0.03481365,0.010790715,0.010849626,-0.082220361,-0.108615071,0.083791919,-0.147584513,-0.042758252,0.174841285,0.052992862,-0.065149672,-0.022934197,-0.070736349,-0.026106577,-0.019309664,0.035933409,0.044141933,0.074844047,0.123400256,-0.069763154,-0.054257676,0.057428196,-0.020658635,0.045988016,-0.031430088,-0.043606408,0.037897404,0.036530528,-0.029920876,-0.021563662
E:\Project\Fake News Detection\images\fake\6318.jpg,fake,train,0.71316874,0.725557566,0.085043833,-0.212970391,0.255451977,0.000350469,0.314579904,0.031529929,0.215133131,-0.075034067,-0.007776638,-0.222566649,-0.076785378,-0.123886175,0.043658331,-0.033615623,-0.074760668,-0.095147848,0.01906608,-0.002915453,-0.129366472,0.211723626,0.030212177,0.082022287,-0.088703483,0.115470633,0.050172467,0.108697198,-0.02238434,0.023264304,0.015860008,-0.13255088,0.032189544,0.014406991
E:\Project\Fake News Detection\images\fake\6323.jpg,fake,train,0.739289165,0.809431911,0.025066612,-0.144828394,-0.404208958,-0.112957314,0.026792295,0.031373873,-0.080662951,0.026896589,-0.046565991,0.050649703,-0.078659132,0.058391578,0.11184153,-0.002810501,0.071456775,-0.006422775,0.057711396,0.09447635,0.082765736,0.043824121,-0.027368331,0.063576162,-0.01283838,0.002975475,0.00064883,-0.090504736,-0.036886729,0.034767944,0.019871978,0.069919914,0.001339044,0.006139353
E:\Project\Fake News Detection\images\fake\6325.jpg,fake,train,0.935741425,0.990973175,0.17851454,-0.508468032,0.023481758,-0.0917437,-0.140460253,-0.074620083,-0.17078425,-0.06879326,-0.038551699,-0.004854821,0.169611752,-0.053360179,-0.062326446,-0.002469888,-0.019127298,-0.066923231,-0.000933323,-0.061798215,-0.012042812,0.059953097,-0.016900333,0.032909766,0.018803071,-0.047054674,0.055455875,0.01234113,-0.03597853,-0.040291231,0.019852515,0.035123639,-0.050112732,0.004081084
E:\Project\Fake News Detection\images\fake\6326.jpg,fake,train,0.675618529,0.74418056,-0.070547201,0.160582691,-0.386623085,0.134945586,0.11922463,0.08957538,-0.022237087,-0.056552388,-0.130382448,-0.091927774,0.022160824,0.038905587,0.004650597,-0.007451931,0.063708521,4.06E-05,0.059936889,0.030235915,0.091763556,0.102641687,-0.028263116,0.07231383,0.059209771,-0.032657135,0.00503488,-0.010260142,0.072118312,-0.016882086,0.036855549,0.038767833,-0.116170496,0.052474998
E:\Project\Fake News Detection\images\fake\6332.jpg,fake,train,0.669695079,0.703719318,0.02124216,0.30263108,-0.287306577,0.170163974,-0.0998917,0.251617163,-0.003810066,0.073005624,0.168123677,0.03122575,0.007646004,-0.077582523,-0.012208372,0.049136542,-0.066154696,0.032503653,0.056757819,-0.081643254,0.011309873,-0.039426018,-0.09694612,0.067503221,0.02970455,-0.062138412,0.049741399,0.028506599,-0.072805196,0.009964911,-0.040383663,-0.08486858,-0.083314523,0.01964701
E:\Project\Fake News Detection\images\fake\6334.jpg,fake,train,0.573067546,0.630356669,-0.14543207,0.080315098,-0.202281356,0.14164865,0.16287604,0.195611462,-0.039217792,-0.123736776,-0.127330109,0.046383187,0.037948947,0.080861717,0.097805537,0.09576831,0.019720901,0.091832601,-0.044709202,-0.116513021,0.002255237,0.120538779,-0.079409361,0.139657646,0.04487168,0.088046439,0.083703525,0.103663482,-0.003662952,0.044047408,0.011453008,0.057902701,-0.01626016,0.03545256
E:\Project\Fake News Detection\images\fake\6337.jpg,fake,test,0.623301089,0.651018977,-0.104902878,0.063225798,-0.233137637,0.185495079,0.156024441,0.049305767,-0.020678136,0.12900497,-0.043005358,0.036090091,-0.098585725,0.125992447,-0.038079232,0.009608526,0.080142833,-0.032028679,0.057564538,-0.003325552,0.041524008,-0.006828257,0.057024319,0.110271603,0.002041213,-0.026167244,-0.079461135,-0.060745925,-0.010701977,0.006180428,-0.042215124,0.019046932,-0.015105911,-0.015159182
E:\Project\Fake News Detection\images\fake\637.jpg,fake,train,0.679174125,0.689310193,0.247285634,0.24422656,0.247469589,-0.042860903,-0.011858911,0.203323811,-0.205102414,-0.130782247,0.080758855,0.185824469,-0.019684419,0.076001562,0.065302335,-0.0179228,0.093213812,0.041466944,-0.004465592,0.003777648,-0.047787361,-0.006649005,-0.000674693,0.074336007,-0.083712392,0.014182023,0.020008914,-0.105168208,0.033365671,0.043912124,-0.008613344,0.006218603,0.047512047,0.026406351
E:\Project\Fake News Detection\images\fake\6370.jpg,fake,train,0.57995379,0.694323361,-0.228429809,-0.012661475,0.188744575,-0.10863018,-0.093145475,0.033491846,0.035706241,-0.076734677,-0.188642874,0.067812189,-0.124703981,-0.145727172,-0.022759218,-0.126640007,-0.060409859,0.060756568,-0.022247514,0.124390863,-0.008810071,0.052040808,-0.103861459,0.084816113,0.059370171,0.050364047,-0.066360645,0.081402048,-0.091987841,0.08275079,0.226796687,0.137539968,0.085664578,-0.062360156
E:\Project\Fake News Detection\images\fake\6397.jpg,fake,train,0.64920795,0.662927091,-0.044555452,-0.119384527,-0.119458139,-0.014419937,0.054047793,-0.025550449,0.086335011,-0.096057169,0.007477196,-0.049679819,0.070592239,0.026690183,-0.209919244,-0.135730296,0.242712438,0.137373522,-0.018959919,0.098606735,-0.095518969,-0.181851059,0.010595952,-0.044486418,0.055797845,-0.00833487,0.021175515,0.019075919,-0.010878442,0.037994504,-0.071905687,-0.082781173,-0.050481308,0.161679015
E:\Project\Fake News Detection\images\fake\640.jpg,fake,train,0.690373778,0.732625127,0.12324772,0.194434404,0.170180917,0.024851423,0.007271049,-0.106803983,-0.02503797,-0.003412682,-0.064574771,0.111072667,0.188993096,0.08658164,-0.018984834,-0.063613079,-0.044589967,0.070503041,-0.012745586,0.070780382,0.003218912,0.07439135,0.072586425,0.023204448,0.11481715,-0.006123401,-0.089153789,0.031459924,0.018838484,0.060658332,-0.055358294,0.046911996,-0.093006738,0.038697992
E:\Project\Fake News Detection\images\fake\6408.jpg,fake,train,0.899344265,0.907306194,0.19905439,0.06883768,0.147061437,0.036006063,-0.374877155,-0.030278726,0.38839522,0.020752778,0.033911042,-0.020210462,-0.005324095,-0.073177651,-0.014601768,0.111012973,-0.041650943,0.149425566,0.150430262,-0.068369091,0.060523152,0.017426763,-0.014950912,-0.019791801,0.053555828,-0.015688095,-0.023544263,-0.024068922,0.027071491,-0.03781043,-0.003923859,-0.059868623,0.022898415,0.029603748
E:\Project\Fake News Detection\images\fake\6440.jpg,fake,train,0.752594173,0.791120529,-0.056815717,-0.192794964,0.201712325,0.220368549,0.209999561,0.113964938,0.164804205,-0.291325301,0.076827817,-0.047192834,0.004712412,-0.245142221,0.137134686,-0.013733488,-0.086002141,-0.267341256,0.01221969,0.011709876,-0.055777822,-0.034954827,0.059004322,0.000143168,-0.091720842,0.117618144,0.044782035,0.020325709,0.031701595,0.031860448,0.012189675,0.067148596,-0.053871218,-0.041380469
E:\Project\Fake News Detection\images\fake\6442.jpg,fake,test,1,1,0.139076561,-0.260736465,-0.391322047,-0.28488636,0.071233854,0.02798333,0.05957298,0.104333021,0.054903768,0.13011986,0.031384245,0.021848463,-0.050033484,0.015772752,0.034144629,-0.050536413,-0.014656659,0.083719894,0.089386791,0.030548412,0.018569924,-0.000610396,0.059877098,0.008480545,-0.036320798,-0.009991013,-0.021297626,0.021762028,-0.037952468,-0.026773481,-0.015071742,-0.057646461
E:\Project\Fake News Detection\images\fake\645.jpg,fake,test,0.865819931,0.928854644,0.244093865,0.186372817,0.082118593,-0.025346696,0.02368574,-0.167628437,-0.089831181,0.036205932,-0.09781526,-0.002007417,0.200885475,0.045996301,0.038103018,-0.006839927,-0.053519934,-0.014084809,-0.172713295,0.134174839,-0.033758871,0.148765013,0.223105818,-0.100572929,0.11839442,0.036164124,-0.10099005,0.040081087,0.011448555,-0.00645338,0.148935646,0.02558247,-0.059541412,-0.05104477
E:\Project\Fake News Detection\images\fake\6461.jpg,fake,test,0.772684276,0.824794531,0.222064465,0.154357165,0.061197646,-0.052122328,-0.260430425,-0.08725059,0.261428475,-0.060082838,-0.114721105,-0.057598785,0.023475831,0.06207902,-0.029173546,0.178968221,-0.030806862,-0.051425911,-0.048726786,0.013948649,-0.114172272,0.003191235,0.062272627,0.011945203,-0.038382601,-0.022842638,-0.019123107,-0.0637023,0.020323239,0.054612398,-0.060303077,0.055310126,-0.102223955,0.016748443
E:\Project\Fake News Detection\images\fake\6465.jpg,fake,train,0.708205044,0.809330344,-0.138839751,-0.121786147,-0.373107463,-0.081596777,0.029642433,0.164221466,0.060527213,0.010658217,-0.046673555,0.041126132,-0.102268785,0.112221383,0.066053815,0.069784716,-0.117940322,0.141876251,-0.041171033,-0.125856102,-0.046363682,-0.014762938,-0.049545188,0.13334918,-0.010979895,-0.004641083,-0.014407822,0.112143494,-0.061212122,0.026415743,0.035325289,0.0815828,0.009715801,0.068478346
E:\Project\Fake News Detection\images\fake\6469.jpg,fake,train,0.70455277,0.78322351,-0.046353444,-0.021571826,0.075156838,0.072258525,-0.157068297,0.17300421,0.27351138,0.151545405,-0.005594586,0.052313253,-0.064495176,-0.057344906,-0.059880085,-0.12226738,0.003887769,0.190304279,0.11312934,0.094511107,0.043126889,0.091887109,-0.084823132,-0.043540496,0.066787116,-0.037298009,-0.022978989,0.015923344,0.095658496,-0.058608171,0.016687106,-0.014994516,-0.012592111,0.049895685
E:\Project\Fake News Detection\images\fake\6471.jpg,fake,train,0.786689878,0.810931742,0.300739467,0.036842577,0.206373528,-0.056455113,0.023527885,0.289074749,-0.078668885,-0.037033163,-0.097717278,-0.053050838,-0.146042839,0.073576897,0.0042848,0.074349098,0.020624187,0.060333826,-0.045689486,0.008666578,-0.051207125,-0.024045186,0.003236973,-0.015556214,-0.036345102,-0.023574596,0.026096337,0.059779964,-0.026737014,0.057881955,0.051649634,0.087629154,0.020721456,0.001437911
E:\Project\Fake News Detection\images\fake\6479.jpg,fake,train,0.797315657,0.925706565,-0.033268936,-0.161094934,-0.44723171,-0.099767044,0.169437811,0.124696232,-0.070857592,-0.06163409,-0.086436391,-0.084713928,-0.017163124,-0.043998312,0.003613197,-0.02582247,-0.022910941,0.174186274,0.050641224,-0.141539842,-0.071266718,0.034571655,-0.011938138,0.106788553,-0.080289535,-0.022499193,-0.042918548,0.057751015,0.096757255,-0.025822779,0.077424698,-0.038521908,-0.076414607,-0.042009763
E:\Project\Fake News Detection\images\fake\6480.jpg,fake,train,0.756630599,0.770258546,-0.101359926,-0.272196829,0.13942115,0.31181401,0.143931538,0.072685756,0.084877752,-0.091088973,0.121158548,0.063255526,0.097924255,-0.235739976,0.092742763,-0.006131051,-0.118706413,-0.180641294,0.027024951,-0.093680561,-0.010637335,-0.082849592,-0.031013947,0.003519514,0.083107844,0.069108911,-0.007538067,-0.072593771,0.055019271,0.047073349,0.017450627,0.096209325,-0.019006638,-0.035066418
E:\Project\Fake News Detection\images\fake\6489.jpg,fake,train,0.961966336,0.978596687,0.161603019,-0.402441263,0.071814284,-0.259086907,0.246530443,-0.056878533,0.05602178,-0.058551576,0.083487347,0.140043467,0.09174937,-0.22516115,0.017477427,0.017388275,-0.17024298,-0.073733494,0.044166628,-0.094478838,-0.051187474,-0.083864816,0.038387507,0.037710059,0.017267529,-0.013420176,0.001245757,-0.002201235,0.04328759,-0.0013821,0.053080164,0.069711991,0.007632799,0.072638147
E:\Project\Fake News Detection\images\fake\649.jpg,fake,test,0.65804249,0.727747738,-0.109236747,-0.045527719,0.133237779,0.037326723,0.17438294,-0.018616918,0.150240615,-0.082057938,-0.028133933,0.213877514,0.075184099,0.218954951,0.231488228,0.027392028,0.18782492,0.09619569,0.050710957,-0.213365719,0.079999,-0.022049956,0.046306416,0.098766968,-0.030910425,-0.053895272,-0.051863894,-0.06311807,0.018432952,0.093498573,0.092334211,-0.067958653,0.017403446,-0.036753125
E:\Project\Fake News Detection\images\fake\6493.jpg,fake,test,0.853451729,0.946237266,0.109519243,-0.092811517,-0.160889,0.157515347,0.094981059,0.107040472,0.164494082,0.209607422,0.06797339,-0.000101537,0.001349103,0.131929964,0.021722388,-0.01554187,0.103583217,-0.00903385,-0.068587616,0.113098308,-0.012157559,-0.005952251,-0.089774802,-0.028729439,0.136303693,0.017052816,0.005780987,-0.067393601,0.030494578,-0.018141873,-0.011166729,-0.004980139,0.000480831,-0.107465468
E:\Project\Fake News Detection\images\fake\6496.jpg,fake,train,0.728767395,0.803315997,0.069479518,0.300567359,-0.300908715,0.124132432,-0.1295463,0.266929597,-0.061986607,0.039394777,0.080240496,0.108210884,-0.01980212,-0.129163876,0.067750953,0.028846338,0.035033967,0.041246217,-0.058641464,-0.171111092,-0.032982703,-0.0081289,-0.05649855,0.039736591,0.045271542,0.00468943,0.10297922,0.05216188,0.028078964,0.074377432,-0.089458562,-0.061059646,-0.089424372,0.039280098
E:\Project\Fake News Detection\images\fake\6497.jpg,fake,train,0.65228045,0.672023177,-0.112962782,0.047192771,-0.03591837,0.162700027,0.092723019,-0.271579117,-0.037964001,0.077884577,0.024602126,0.018641375,-0.14065814,-0.074664436,0.064330928,0.027469672,0.027785802,0.047866102,-0.062956117,0.019979794,0.121968299,-0.065716952,0.099432908,0.027694173,-0.02433362,0.012861474,0.075054936,0.052833419,-0.001961688,0.026783628,-0.04448767,-0.036658809,-0.12139409,0.016966349
E:\Project\Fake News Detection\images\fake\6510.jpg,fake,train,0.732213676,0.745078266,0.262030959,0.070853129,-0.07885319,-0.021651594,-0.100983746,-0.136332899,-0.087848529,0.152741253,-0.008606377,-0.07258831,-0.023595791,0.060521021,0.194221377,-0.12944366,-0.033926729,-0.022519195,0.191594258,-0.004174863,-0.153571248,0.043963268,0.071042806,-0.039444815,0.045792505,-0.09799578,0.047606215,-0.104559653,-0.057563793,0.033940658,-0.041570518,0.003296089,0.056520957,0.027873976
E:\Project\Fake News Detection\images\fake\6514.jpg,fake,train,0.783806801,0.817595661,0.281981379,0.24570033,0.089309029,-0.014735131,-0.007997949,-0.072760552,-0.141584054,0.004473382,-0.09293098,0.017845735,0.103653982,0.026702464,-0.003616288,0.035684701,-0.068910129,-0.016551508,-0.060665984,0.089248538,-0.042405535,0.061443083,0.173561826,-0.110742711,0.077888273,0.070072576,-0.110716447,-0.04494413,0.000970867,-0.076637335,0.174074829,0.005592359,-0.039845895,-0.063481145
E:\Project\Fake News Detection\images\fake\6516.jpg,fake,train,0.763918698,0.78874433,-0.218112275,-0.149158746,0.094764717,0.289406121,-0.08166004,0.157733113,0.004131362,-0.16866143,0.129484132,-0.014606562,0.065007061,0.047444936,0.0077211,-0.127093092,-0.082370698,-0.008131345,-0.013623535,0.183323115,0.046747915,0.017891623,-0.016807372,-0.054590512,-0.055836633,0.045105644,-0.016828833,0.064304225,0.041261684,-1.33E-05,-0.011143777,0.029720839,-0.033084024,0.045113094
E:\Project\Fake News Detection\images\fake\6517.jpg,fake,train,0.727916598,0.781767488,0.172521561,-0.135485634,-0.14735803,0.075500831,-0.020632396,0.098146185,0.326631755,-0.047765553,-0.01568038,-0.104524508,-0.090886541,0.029070014,-0.020490982,0.178101957,-0.019240519,-0.073350452,-0.012662176,0.039951399,0.010600047,-0.043358676,0.028488295,-0.087893583,-0.054215916,0.001802839,-0.107950635,-0.037541732,0.037627902,0.022294363,-0.027900025,-0.045531999,-0.010782218,-0.024139369
E:\Project\Fake News Detection\images\fake\6524.jpg,fake,train,0.721793056,0.772194266,0.090228721,-0.200605035,0.297201186,0.119387187,0.27573356,-0.055137474,0.009444692,-0.004598761,0.121188655,0.141076282,0.065165848,-0.184883684,0.05069666,0.096240215,-0.087448321,0.002854186,-0.024137542,-0.083634317,-0.052567713,0.011255292,-0.07681179,0.052102767,-0.01716776,-0.012016646,0.046050385,-0.048397075,0.040514734,0.005593094,0.073734924,0.031348981,-0.043381885,-0.020824159
E:\Project\Fake News Detection\images\fake\6525.jpg,fake,test,0.77938807,0.787772298,0.071852922,-0.215535969,-0.332541376,-0.009773239,-0.070922956,-0.042051531,-0.119146705,0.031732209,-0.084854633,-0.010800611,-0.059626568,0.012375519,0.137856513,-0.047190312,0.092727296,-0.013818078,0.021560866,0.138596669,0.026311472,0.020391777,0.000759367,0.033346836,-0.086292446,0.03124037,0.00916091,-0.109911829,-0.095484056,0.040854096,-0.030041598,0.11223609,0.027702149,0.052191481
E:\Project\Fake News Detection\images\fake\6527.jpg,fake,test,0.689412236,0.708337665,0.057618976,0.055726133,0.216139108,0.08667852,-0.26794225,-0.032535285,0.215177014,0.237139657,0.071865514,0.044375271,-0.040784694,-0.1258834,-0.063756466,-0.094076812,-0.021744937,0.077033035,0.051325053,0.047872156,0.066051766,0.091563113,-0.02868155,-0.097259745,0.093176678,0.018966358,-0.011119831,-0.00107979,0.026186801,-0.102433674,0.02644594,-0.074714705,-0.031273909,0.074637696
E:\Project\Fake News Detection\images\fake\6548.jpg,fake,train,0.581475377,0.620248556,-0.09050861,-0.033493184,-0.120584011,0.196564183,0.141053125,0.066958189,0.024462229,-0.083879866,0.034315769,-0.087247118,0.072290115,-0.118896559,-0.065418668,-0.065830678,0.03609816,-0.054259859,-0.037701908,0.15826492,0.206426263,0.034701575,-0.038332008,0.034273811,-0.070063658,0.010183617,-0.112640873,-0.117505312,-0.13579908,-0.049208872,-0.038056284,-0.015147896,-0.034138341,0.05410089
E:\Project\Fake News Detection\images\fake\6575.jpg,fake,train,0.65008384,0.664876938,0.113864139,0.089011371,0.18100816,0.035457328,-0.31841436,-0.018297207,0.263941914,0.088734627,0.081353933,-0.158331424,-0.001702649,-0.039057024,-0.050309435,0.110054784,0.015734505,0.202073038,0.104525656,-0.063781559,0.043778144,0.029279562,0.029396808,0.016325533,0.076668441,0.053246707,0.008330851,-0.017613424,0.045578457,0.009735716,0.057784215,-0.085072912,-0.01474552,0.02885738
E:\Project\Fake News Detection\images\fake\6586.jpg,fake,test,0.766715288,0.789274216,0.242420703,0.287399024,-0.217722923,0.07109905,-0.128344521,0.330310881,-0.232702449,0.037155449,0.12489368,0.005883202,-0.096324794,-0.073903009,0.1428065,-0.026785459,0.094104186,0.039060745,-0.048580717,-0.054598331,-0.062342644,-0.052447431,0.007576797,0.053629868,-0.017096028,0.036858059,0.040161036,-0.030953273,-0.010547683,0.069052115,-0.027429037,-0.003621734,-0.00314337,-0.025120169
E:\Project\Fake News Detection\images\fake\6600.jpg,fake,train,0.807366192,0.945024133,-0.260551959,0.002917671,0.136862606,-0.10600055,0.285073161,0.196742892,0.167349175,0.232576445,0.18754296,0.004617628,0.200969264,-0.112806991,0.118760183,0.08098828,0.044001061,-0.223983049,0.051071253,0.016638624,-0.026122116,-0.11055617,-0.034027133,-0.012436001,0.052320119,0.003867271,-0.017433928,-0.023517312,0.154709935,-0.001199008,-0.024894098,0.059576631,-0.067016721,-0.049893826
E:\Project\Fake News Detection\images\fake\6613.jpg,fake,test,0.635547638,0.651078105,-0.101301707,-0.199684829,0.030060839,0.05904521,-0.074459612,0.095366284,0.064750947,-0.241011292,-0.028771054,0.038367495,0.044342011,0.030068792,0.020044101,0.02951728,0.073845841,0.012113834,-0.048633028,0.125703648,0.08054322,-0.044134587,0.030501921,0.099255934,0.051103756,0.109702103,0.0532052,0.008644491,-0.004139982,0.000597328,-0.030736953,-0.002845541,0.029613964,-0.04637152
E:\Project\Fake News Detection\images\fake\6624.jpg,fake,train,0.772802532,0.799306035,0.127049997,0.073426299,-0.226955771,0.005456326,0.178771198,0.183322042,-0.057761021,0.153253242,-0.266341925,-0.105320334,-0.027796963,0.095179282,0.075168252,-0.040241621,-0.019839138,-0.114999436,0.306959242,0.019982681,-0.036368106,-0.128778115,0.057555679,-0.10199742,0.059225295,0.073332749,-0.123430789,-0.113086805,-0.053537443,-0.006202171,0.010321734,-0.060805876,0.125230193,0.029324671
E:\Project\Fake News Detection\images\fake\6629.jpg,fake,train,0.662201107,0.72039479,0.030368369,0.100892887,-0.07855764,0.079609081,0.003884312,-0.18221347,0.053861469,-0.120886616,0.122617088,-0.0791765,0.060699005,0.001455092,-0.100470662,-0.214772671,0.111423321,0.016184866,0.086932302,0.028190412,-0.044238105,-0.101669773,-0.005147199,0.018801132,0.11851351,0.040783592,-0.033732701,-0.015675461,0.026686974,-0.012677301,0.001724828,-0.086275063,-0.080934443,0.096216477
E:\Project\Fake News Detection\images\fake\663.jpg,fake,train,0.822284698,0.868675113,0.153842121,-0.048857793,-0.081944235,-0.24535808,-0.22024101,-0.267749965,-0.050901402,0.145621493,0.084382109,-0.003914095,-0.001495638,0.113803841,0.183611557,-0.169884086,-0.141614154,0.054764681,-0.066858232,-0.053859107,-0.112712122,-0.0668144,-0.06672661,-0.054367747,-0.030597521,0.130703911,0.013503719,0.032648452,0.082076199,-0.134228051,-0.041350875,-0.021373756,-0.00595971,-0.005664714
E:\Project\Fake News Detection\images\fake\6639.jpg,fake,train,0.615290523,0.64011699,-0.090436108,-0.012426392,-0.274294049,0.000925751,0.14123112,0.23040691,-0.030202501,-0.116167963,-0.238429397,-0.056391723,0.081599005,0.063966751,-0.019351956,0.016416235,-0.065003872,0.155991942,0.087436184,-0.20966284,-0.056960933,-0.03386467,0.042760242,-0.062716395,0.041200526,-0.02467379,0.012562597,0.114202514,0.081497774,0.018369067,0.125056937,-0.098054171,0.093233868,-0.063914694
E:\Project\Fake News Detection\images\fake\6640.jpg,fake,train,0.705084026,0.78839469,-0.248006582,0.044559252,0.184539124,-0.001339484,-0.044169981,-0.058326744,0.032369293,-0.170102656,-0.046068456,0.243565187,0.002651412,0.189944804,0.255588233,-0.011111143,0.096671104,0.153688535,0.03356671,-0.111854829,0.127791822,-0.053292211,0.140720487,0.09477488,0.04361653,-0.009026333,-0.004991183,-0.023093345,0.012413338,0.048664805,0.110899761,-0.070132613,-0.030792682,-0.046598971
E:\Project\Fake News Detection\images\fake\6647.jpg,fake,train,0.656371891,0.715203702,-0.230640575,0.028781168,0.042565692,0.068817899,0.003097708,-0.236855179,-0.144789785,0.03860376,0.025634548,0.186496601,-0.164596736,0.142506838,-0.045328956,0.115949452,0.046442881,-0.1187208,0.101252541,0.026082292,-0.08664453,0.081718057,0.105403975,0.009931929,-0.028534222,0.096082769,0.009122224,-0.001061984,0.083569363,-0.09756472,-0.021999225,-0.074990973,0.1068791,0.165077105
E:\Project\Fake News Detection\images\fake\6648.jpg,fake,train,0.669922531,0.723786473,0.251574963,0.101524271,-0.044596266,-0.032462567,-0.083800159,-0.169969171,-0.073546462,0.149524897,-0.131232634,-0.013339326,0.024107095,0.021461414,0.113395579,-0.130325958,-0.028733116,-0.095688656,0.162740082,-0.021770149,-0.080304645,-0.013933955,0.027864955,-0.035105873,-0.056349643,0.054162301,0.090824381,-0.072253071,-0.055512201,0.070418306,-0.086686417,0.041103706,0.047050454,0.051720645
E:\Project\Fake News Detection\images\fake\6649.jpg,fake,train,0.704745054,0.711712539,-0.228651494,0.195804611,-0.158460259,-0.071225889,0.054108102,0.087468125,0.02444325,-0.1100251,-0.072262429,0.170571446,0.053002238,-0.092772849,-0.045609765,-0.015685916,-0.060402717,-0.035467491,-0.076901585,0.020670077,-0.213060245,-0.02950903,-0.042322211,-0.078184851,0.023885237,-0.098556541,0.126006976,-0.19414711,0.029704588,0.052724879,-0.089245982,-0.055490505,-0.022584356,0.08259178
E:\Project\Fake News Detection\images\fake\665.jpg,fake,test,0.88366127,0.971034944,0.080520466,-0.066768996,-0.203934252,0.154099628,0.201468334,0.089314125,0.178262398,0.33252418,0.093542263,-0.032173853,0.012857269,0.075236849,0.075535432,-0.018790331,0.084986202,0.052410033,-0.043886658,0.063821957,0.011640862,-0.023063947,0.009631485,0.007471472,0.074359089,0.00065787,-0.04288917,-0.051441595,-0.015311353,0.0240127,-0.056977272,0.035183839,-0.023755044,-0.023210667
E:\Project\Fake News Detection\images\fake\6651.jpg,fake,train,0.784537435,0.843215048,-0.030806715,-0.068469144,0.274600953,-0.187070653,0.132274598,-0.046934981,0.075938322,0.002619241,-0.142882913,0.123064078,0.050844371,0.18718797,0.113288678,-0.071850806,0.147359118,-0.024831565,-0.095759951,-0.245304093,0.036530335,0.023461338,-0.12198516,-0.089769855,-0.093242675,-0.0187578,-0.136587113,0.065370254,-0.009120676,0.059624132,-0.093524911,0.110464238,0.005281611,0.028237097
E:\Project\Fake News Detection\images\fake\6658.jpg,fake,train,0.755762219,0.851732612,0.131123289,0.024465896,0.024411406,0.031171933,0.062071536,-0.19093512,-0.03005415,0.052333158,0.059902042,-0.051793184,0.01690862,0.054116122,-0.160517037,-0.00299215,0.064647913,0.072100058,-0.028596351,-0.057736672,0.064430431,0.043329496,0.046989433,-0.058243703,0.030554119,0.04886936,0.158512622,-0.065381154,0.112409085,0.188266441,-0.034348413,0.000945355,-0.036574464,-0.052692566
E:\Project\Fake News Detection\images\fake\6659.jpg,fake,train,0.733922601,0.811193407,-0.034737334,-0.013136461,0.082109749,0.145820513,0.145821214,-0.007292653,-0.076811075,-0.056187924,-0.245134383,-0.017276445,-0.153102815,0.016233817,-0.065104447,0.040834635,-0.074555956,-0.083314054,0.111369222,-0.100682862,0.018347252,-0.001441972,-0.028474592,0.05135015,0.148326561,-0.180527121,-0.074116863,0.12320438,-0.1167349,0.076294139,-0.020038147,-0.041339099,-0.018900044,-0.06345474
E:\Project\Fake News Detection\images\fake\6663.jpg,fake,test,0.759404302,0.799849451,0.002599202,-0.263728887,0.075645655,-0.359329104,-0.104855403,0.110143542,0.177871332,0.089232303,0.006186521,-0.047886282,0.088301927,0.023952745,-0.089998439,0.155622199,0.046065129,-0.02027772,0.055425767,0.029571757,-0.023723286,-0.08952456,-0.00128518,-0.035819225,-0.110070609,-0.158901811,-0.035177007,0.024608821,0.07523068,-0.028332695,0.015596449,-0.037693564,-0.028622322,0.038829565
E:\Project\Fake News Detection\images\fake\6665.jpg,fake,train,0.764676094,0.780406117,-0.107522443,-0.230442762,0.263657659,0.079800799,-0.115813456,0.14151001,0.000813153,-0.04435711,0.079393841,0.08507359,0.143383741,-0.027815977,-0.040093012,-0.105977684,-0.076429658,0.007248968,-0.034772508,0.081309073,0.049400855,0.049523707,-0.059131015,-0.022554694,-0.054730397,-0.065999761,0.009463642,0.066979706,-0.045916401,-0.098678038,-0.001062729,0.069368653,-0.040671535,0.073723115
E:\Project\Fake News Detection\images\fake\6668.jpg,fake,train,0.689750195,0.722009063,-0.331288695,0.011292015,0.190403387,-0.162476167,-0.118401937,0.096968517,-0.057634592,-0.003491037,-0.131719455,0.076767832,-0.217262745,-0.140340343,-0.099748738,-0.129365712,-0.118718624,0.052746989,-0.046293341,0.015693551,0.05322545,0.113666944,-0.090933062,-0.054254349,0.039285231,0.083816379,-0.099696837,0.069509663,-0.066273548,0.113436587,0.088615827,0.010222864,0.032835454,-0.003657669
E:\Project\Fake News Detection\images\fake\6669.jpg,fake,test,0.620664418,0.631412268,-0.091978773,-0.066178627,-0.036539271,0.011420354,0.028651988,-0.121482894,-0.027133759,-0.061575882,-0.027427744,-0.088454634,0.033164296,-0.173638344,0.011134533,0.001297817,-0.07937853,0.217209652,0.007946432,0.035020977,0.124741971,0.065417856,0.104868963,-0.021194667,-0.104230091,0.033150788,-0.027797429,-0.095228672,0.050724156,0.008998975,-0.075054437,-0.03408229,-0.073197715,-0.075672261
E:\Project\Fake News Detection\images\fake\6671.jpg,fake,train,0.858388782,0.884177208,0.030005233,-0.111570254,0.09845157,-0.001683184,0.395377338,0.139033213,0.375029683,-0.144480154,0.169261232,-0.037136916,-0.095512353,-0.121662125,0.110521019,-0.0397068,-0.084840842,-0.189314246,-0.024857549,0.060683124,-0.197760776,0.065598406,0.017749086,0.049590275,-0.059617847,0.107507102,0.081959978,0.009899778,0.004133205,0.03929266,-0.019033251,-0.040052589,0.055109225,-0.099185005
E:\Project\Fake News Detection\images\fake\6677.jpg,fake,test,0.719513595,0.761072874,-0.02473776,0.060511529,-0.103703283,0.092151791,0.158003226,-0.213729903,-0.012898879,0.002433285,-0.03086856,0.022521351,0.00620756,-0.130441904,-0.029088352,0.001112062,0.097095951,0.036163159,-0.010482162,0.077645734,0.045427814,0.025114115,-0.08727397,0.079695389,-0.107397214,0.000555564,-0.150096714,-0.04710871,0.027603082,0.033967122,0.016329568,0.026538456,0.007817589,-0.087376811
E:\Project\Fake News Detection\images\fake\6678.jpg,fake,train,0.988217473,1,0.253917515,-0.417351842,-0.082708575,-0.338077694,0.089049526,-0.084848292,-0.034045286,0.044265058,-0.02277682,0.051981844,0.048495565,-0.035757124,-0.06865418,0.029813774,-0.039049972,0.029877031,-0.010474381,-0.048768587,0.013368868,0.038896441,0.041770682,0.018349342,-0.004093759,-0.074083515,-9.14E-05,0.021576619,-0.00356326,-0.011533957,0.039714139,-0.025896763,-0.003442762,0.058773335
E:\Project\Fake News Detection\images\fake\6692.jpg,fake,train,0.805580258,0.893899918,0.373927593,-0.126163945,0.099981606,-0.23688823,0.167149872,0.274982125,-0.214661539,-0.062165126,0.053009648,-0.059566371,0.002111083,-0.000604642,-0.133129254,0.084510103,0.003693711,0.081713393,-0.073613152,-0.106950648,0.047634639,0.015199547,0.074762963,0.085877508,0.006386417,-0.003149208,0.022756351,0.022040118,-0.073789097,-0.068867818,0.043619577,-0.006263071,0.068904676,0.065555058
E:\Project\Fake News Detection\images\fake\6696.jpg,fake,train,0.723593891,0.765951395,0.0330281,-0.247100413,-0.124339849,0.169829711,-0.184294358,-0.010448623,-0.128789216,0.032192245,-0.047958132,-0.230644017,0.014422716,0.017456129,0.200136423,-0.094635054,0.083922073,0.000892455,0.068362743,-0.090841986,-0.100785404,-0.02656455,-0.059180129,-0.067034893,0.023684695,-0.020915525,-0.002617409,-0.0018991,0.033523802,-0.042520788,0.029857438,-0.049768005,0.051238522,-0.018257378
E:\Project\Fake News Detection\images\fake\6707.jpg,fake,train,0.730353653,0.891263127,-0.110789113,0.071268074,-0.041852362,0.045204774,0.088620357,-0.068156131,-0.033838287,-0.019958291,-0.073884852,0.071522996,-0.083903402,-0.096766688,0.013758603,-0.024118355,0.047962323,0.034928899,-0.104890615,0.061150908,0.028816666,0.017700257,-0.042405568,-0.066790283,-0.015007386,-0.043235973,0.142001748,-0.059502661,0.091272287,0.065715387,-0.073823631,0.088850453,0.007460643,-0.049098253
E:\Project\Fake News Detection\images\fake\6714.jpg,fake,train,0.785253227,0.870843768,0.205022961,0.132934943,0.045762066,0.012760449,-0.036240514,-0.110974208,-0.016210999,-0.00252924,-0.128369763,-0.051580679,0.006440174,0.096557647,-0.040894747,-0.214374706,-0.135654569,-0.053198915,0.131853551,-0.087527774,0.042429235,-0.192326128,0.017649328,-0.156895727,0.000962293,0.051099833,-0.071872771,-0.075636983,0.029024107,0.013446428,0.054303825,0.072874725,-0.012528424,-0.053974155
E:\Project\Fake News Detection\images\fake\6716.jpg,fake,train,0.614698529,0.666603565,-0.187396675,0.282001883,-0.132324263,0.207179293,0.025187479,0.168613017,0.095581613,-0.150263056,0.101417966,0.247450992,0.100232981,0.044554353,0.116992526,0.006920135,0.025320901,0.005446053,0.052764848,-0.165712804,-0.00090871,-0.000893152,-0.013995847,0.131810322,0.0199496,-0.093132257,0.092722379,-0.023561662,0.068672344,0.041231442,0.072244264,-0.11616917,-0.140407071,0.094036333
E:\Project\Fake News Detection\images\fake\6728.jpg,fake,train,0.729176164,0.789387703,-0.025704615,0.264423937,-0.326063782,0.180282325,-0.131284952,0.222387806,0.061773114,0.024298444,0.023276251,0.087331049,0.085342161,-0.07454437,0.023519319,0.077767484,0.024082385,0.106348529,-0.092904024,-0.083718531,-0.047008276,0.007148783,0.020219818,0.040115394,0.092221595,-0.001456073,0.057182606,0.031676497,0.014946743,-0.068776309,-0.021583406,-0.039548684,0.024576735,0.016229883
E:\Project\Fake News Detection\images\fake\6735.jpg,fake,test,0.672849357,0.69328773,-0.168775663,-0.155728608,-0.242013782,-0.099278025,0.038641527,0.206699029,0.129241392,-0.044271201,0.041544478,0.171354026,0.058759045,0.048780538,0.21835649,0.02013446,0.031604253,0.102292575,-0.00209894,-0.227430314,0.142810777,-0.006399822,0.069109999,0.083087362,0.003237717,-0.03082519,-0.017619332,0.084885724,-0.056338456,0.106530324,0.068417221,-0.041956238,0.031539667,0.08799924
E:\Project\Fake News Detection\images\fake\6740.jpg,fake,train,0.716754854,0.781293154,0.155581534,0.324777186,-0.337469786,0.018034721,-0.119462736,0.188204318,-0.189227253,0.067664832,0.117920563,0.075756073,-0.081621952,-0.138250977,0.117436022,0.009209001,-0.034236092,0.030769926,-0.011974228,-0.098447382,0.032072358,-0.059185319,-0.031670336,0.052205082,-0.048167333,0.007700968,0.04900445,0.136778295,0.000106148,0.112744801,-0.025382908,0.017866664,-0.01004579,0.024209417
E:\Project\Fake News Detection\images\fake\6741.jpg,fake,test,0.813014984,0.817741096,0.382251948,0.237297505,0.229825854,0.08464089,0.020923998,0.165074751,-0.189395592,0.0140223,0.187466606,0.010077782,-0.061249796,-0.068871111,0.002910995,-0.044807937,0.006595146,-0.046451624,-0.083396405,0.020090878,0.019553728,-0.002876709,0.005726467,0.058057718,-0.009973899,0.070312776,-0.052974395,-0.028888136,0.033443026,0.00758177,-0.036912426,-0.090524979,-0.009564556,-0.019458324
E:\Project\Fake News Detection\images\fake\6745.jpg,fake,train,0.723681211,0.753463507,0.14370203,0.214424223,0.069306187,0.023059756,-0.044264324,0.024837876,-0.061353136,0.105811812,-0.215725034,-0.049098749,0.076149702,0.118820399,-0.037016418,-0.140217543,-0.100150771,-0.102288134,0.267059118,0.014895276,-0.061417814,-0.150213763,0.058695801,-0.133745894,0.022141652,-0.01283209,-0.058630358,-0.113978907,-0.020694107,-0.036891215,0.048702225,-0.052646428,0.053407613,-0.002228039
E:\Project\Fake News Detection\images\fake\6761.jpg,fake,train,0.688074887,0.717633963,0.218955532,-0.269083619,0.118020013,0.157298833,0.204629645,-0.032146256,0.082558647,0.076773614,0.035660915,-0.138099343,0.151269943,-0.006015904,-0.119791545,-0.00435203,0.054097593,0.179640457,0.02403453,-0.004964029,-0.061354056,-0.001795269,-0.065208457,0.009626701,0.029426483,-0.133076608,0.040570475,0.116782352,0.070517533,-0.035071928,0.02447648,-0.069632314,0.054273028,0.033315763
E:\Project\Fake News Detection\images\fake\6765.jpg,fake,train,0.747613251,0.801598907,0.0758297,-0.017728783,-0.033045515,0.03883037,0.272732794,0.159828797,0.066771172,-0.043260761,-0.249591962,-0.028685711,-0.034214601,0.061016526,-0.013503917,0.041063584,-0.060289457,0.028397316,0.032784585,0.076746911,0.0622367,-0.011546459,-0.023586955,0.024521593,-0.042415194,0.207112327,-0.056106184,-0.027783444,0.022219513,-0.01887838,0.07841444,-0.076266684,0.017688481,-0.054497425
E:\Project\Fake News Detection\images\fake\6771.jpg,fake,train,0.86382246,0.881208658,0.146258906,-0.09903907,-0.203762978,0.188336149,0.140976831,0.105188414,0.176185369,0.242950872,0.068195291,-0.011099725,0.014187035,0.098403797,0.016780797,-0.003843813,0.127580583,-0.015028705,-0.073874645,0.102369517,0.004337695,0.009653372,-0.072233893,-0.017262276,0.124072783,0.021365834,-0.004142594,-0.038813081,0.023033746,-0.004097649,-0.030882273,0.011369347,0.002188984,-0.08309336
E:\Project\Fake News Detection\images\fake\6773.jpg,fake,train,0.756507218,0.861482143,0.226974875,0.188254923,0.055476882,0.066613279,0.080210805,-0.080623381,-0.015110102,0.077938765,-0.226545498,0.010057296,0.221575335,0.006344071,-0.102514014,-0.012782711,-0.068943247,-0.074183978,0.064041987,0.070338726,0.113811523,-0.006611741,-0.032215465,0.081489675,-0.057226583,0.109964333,0.017221304,-0.040415879,0.035657126,-0.090163469,0.082885779,-0.03707448,-0.072137229,-0.053200208
E:\Project\Fake News Detection\images\fake\6777.jpg,fake,train,0.915874779,0.934630752,0.149841607,-0.378142565,0.095572129,-0.233316287,0.213276044,-0.042626921,0.082515083,-0.072484113,0.062645279,0.158663616,0.061594691,-0.180057913,-0.005781302,0.015712112,-0.166105673,-0.03533588,0.03039838,-0.057894845,-0.074407734,-0.081380293,0.061148632,0.062739082,0.019270847,0.010280496,0.022347651,-0.031005144,0.052424286,0.0207518,0.036454868,0.055629872,-0.017910345,0.062800795
E:\Project\Fake News Detection\images\fake\6786.jpg,fake,test,0.844675064,0.911865771,0.132763952,-0.084936596,-0.26521644,0.126543075,0.128721014,0.083810702,0.126446843,0.321544349,0.01458516,-0.03178443,-0.032808069,0.068101726,0.072523281,0.000827175,0.098263644,0.090398043,-0.01068192,0.104842231,-0.045248765,0.004928099,-0.00012348,-0.017097905,0.063809186,0.017835207,-0.025869336,-0.081919909,0.005454279,0.063226283,-0.075446963,0.036904231,0.034537785,-0.058698289
E:\Project\Fake News Detection\images\fake\6791.jpg,fake,train,0.754450023,0.790576875,0.02036226,-0.06849543,-0.195947036,0.071716197,0.077851936,0.09139815,0.193185613,0.252108902,0.081461236,0.087467253,-0.081148349,0.147798732,0.090948634,-0.119765453,-0.067144781,0.189725712,0.050696302,0.086198315,-0.083960198,-0.006551541,-0.053587139,-0.019095633,0.039078493,-0.009315902,0.009045992,-0.040680334,0.040414929,-0.049524989,-0.075061262,-0.009824852,-0.002848733,-0.05065864
E:\Project\Fake News Detection\images\fake\6796.jpg,fake,train,0.824556172,0.824556351,0.028701313,-0.274211317,-0.283325136,-0.270564258,0.049227532,0.055992,0.054068569,0.023340024,0.022580028,0.187630385,-0.013804414,0.052565433,0.049615514,0.024416305,0.023168016,-0.011595148,-0.001123418,0.066332221,0.067432985,-0.015665172,0.057498544,-0.000678222,0.104884267,-0.004972516,-0.013017135,-0.014136152,-0.021451054,0.08009588,0.005633749,-0.082996592,0.032338586,0.002793518
E:\Project\Fake News Detection\images\fake\6815.jpg,fake,train,0.606757343,0.628473878,-0.155459046,-0.015392558,-0.131678,0.005472228,0.039400395,0.081901759,0.077150114,0.074837886,-0.025681537,0.049748868,-0.067851909,0.097446382,0.085650109,-0.078314736,-0.013560318,0.184934363,-0.041760754,0.143796623,-0.106995225,0.08120577,-0.104411736,-0.062228274,-0.01014956,-0.061766732,-0.03408388,-0.143590197,-0.031298015,-0.02651274,-0.090999469,-0.065084316,-0.023660321,0.083975822
E:\Project\Fake News Detection\images\fake\6816.jpg,fake,train,0.707520306,0.804228783,0.081618078,0.097048789,0.080615059,0.057865731,0.07442607,-0.305488139,-0.07120312,0.125107601,-0.094473541,0.156057045,-0.076992311,0.111829087,-0.126406729,0.101924643,-0.027629783,-0.249774441,0.073716223,-0.094618507,0.056933902,0.071334846,-0.048071377,0.054644629,-0.04191627,0.012399681,0.040123351,0.123764962,0.031311106,-0.153300375,-0.136922702,0.037571013,0.076710947,0.066893004
E:\Project\Fake News Detection\images\fake\6826.jpg,fake,train,0.812352061,0.831034184,0.245512158,0.143403396,0.047980279,0.015855601,0.0593035,-0.115266494,0.070039138,0.054167591,-0.214752272,-0.032749232,0.098418221,-0.063867807,-0.092425272,-0.01344042,-0.055070944,-0.051599476,0.065083362,0.064978473,0.159526482,0.01465021,-0.266096741,0.120761096,-0.08408045,-0.003667894,0.098525867,-0.047919653,-0.059899181,0.106021486,0.023161706,0.058705647,0.040326968,0.000321835
E:\Project\Fake News Detection\images\fake\6830.jpg,fake,train,0.704227924,0.780679882,0.102245346,-0.215085775,0.220348835,0.074248612,0.159222394,-0.012404119,0.007196846,0.136108384,0.070124634,0.117395066,-0.011744032,0.048257422,-0.045163766,0.097261526,0.010333307,0.140451014,-0.036178019,-0.010684622,-0.063264236,0.050144546,-0.124716654,0.028308926,-0.058451824,-0.057210576,0.019881403,0.026594236,0.013200024,-0.039110765,0.100495346,-0.058488544,-0.041895308,-0.015329923
E:\Project\Fake News Detection\images\fake\6832.jpg,fake,train,0.755920589,0.811193407,0.028706869,-0.052931126,0.069396406,0.154695243,0.238598958,-0.014020123,0.016813157,0.034863044,-0.173324242,0.028638197,-0.204940334,0.047857113,-0.058888495,0.06547685,-0.002970802,-0.018758284,0.147696882,-0.19959344,-0.005883653,-0.016945342,0.018735934,0.050622683,0.127498522,-0.225633249,-0.111598976,0.090709761,-0.100075856,0.109797835,0.022551505,-0.020391278,0.016997255,-0.100785702
E:\Project\Fake News Detection\images\fake\6833.jpg,fake,train,0.649461031,0.682741404,-0.030750362,-0.044445284,-0.025406651,0.14283362,0.081667848,-0.099086426,-0.084733337,-0.076968953,-0.115418702,-0.019863633,-0.11705181,-0.12469466,0.03776551,0.012286172,-0.013795681,0.028884917,-0.011654101,-0.036135674,0.151557237,0.112694681,0.06616962,-0.023846997,0.098026529,-0.058448579,0.042552546,0.043809067,0.103825346,0.087024443,-0.058550444,0.094341882,-0.032298755,-0.098628357
E:\Project\Fake News Detection\images\fake\6849.jpg,fake,train,0.634104371,0.723882794,0.106758453,0.13132827,0.128477156,0.080504797,0.078699358,-0.365451187,0.022026422,0.090030111,0.105733648,0.10635525,-0.039908975,0.094162896,-0.052169792,0.032731712,0.048704755,-0.185613289,0.012166532,-0.087200873,0.0056392,0.054444354,0.084646739,0.052017942,-0.029947804,0.071286142,0.006082309,0.046794839,0.056649048,0.023362594,-0.057212591,-0.040676046,-0.042736806,-0.061275069
E:\Project\Fake News Detection\images\fake\6864.jpg,fake,train,0.607713223,0.622793496,0.036753923,0.072543636,0.326786548,0.074485257,-0.087987475,0.015400665,0.166749686,-0.129057065,0.277748495,0.084108368,-0.008337308,0.074947424,-0.040745668,-0.110856876,0.005353817,0.010205247,0.020516483,0.015351101,0.04513374,0.08146964,0.04927054,-0.049867962,-0.013697054,0.108173653,0.049401738,-0.045405712,-0.01618661,0.054446321,-0.019732535,0.010664271,0.004841934,0.080235794
E:\Project\Fake News Detection\images\fake\6867.jpg,fake,train,0.634189248,0.677931428,-0.049949456,0.085195221,0.273466378,-0.053373188,-0.004711246,-0.059872597,0.13326472,-0.114009827,0.054588247,0.263939023,0.14131248,0.21966514,0.157797068,-0.128966287,0.073712088,0.018106984,0.088153534,-0.159512073,0.111770041,0.057157367,0.025824407,0.016320283,-0.053223129,-0.062459171,0.031517074,-0.059490655,-0.04993955,-0.021350479,0.008289586,-0.118380792,-0.09739513,-0.019457068
E:\Project\Fake News Detection\images\fake\688.jpg,fake,train,0.86485827,0.907490611,0.297056675,0.003013478,0.134240687,-0.060756605,0.244439647,0.223851383,-0.075245537,0.012414625,-0.175183997,-0.146934077,-0.033340055,0.013859,-0.046418853,-0.001347776,-0.136005774,0.023984274,0.144670144,-0.077025719,0.128147125,-0.113004513,0.060499147,-0.115136266,-0.031557187,0.02028456,-0.026006594,-0.038222112,-0.018076327,0.020227741,-0.014468439,-0.009901367,-0.052701686,0.072644502
E:\Project\Fake News Detection\images\fake\6892.jpg,fake,train,0.697714388,0.715211153,0.374726832,0.264134556,0.256067127,0.070489086,-0.005766127,0.130703732,-0.208616763,0.043117579,0.165221065,0.029123368,-0.065316588,-0.015091362,0.028647656,0.02349567,0.020754039,0.091878608,-0.097042598,-0.052772064,-0.039026011,-0.077785291,-0.076448984,0.023320967,0.028043747,0.024064677,-0.047668137,-0.059410833,-0.097336143,-0.082722671,0.04535865,-0.153923243,0.043157212,-0.039303612
E:\Project\Fake News Detection\images\fake\6894.jpg,fake,train,0.860682666,0.910908699,0.219171003,-0.009065761,0.119934879,0.18641822,-0.247626498,-0.024534633,0.264655501,0.150747716,0.04228342,-0.007901141,-0.017814932,-0.128846824,-0.014682211,-0.060762394,0.005784046,0.083161756,0.12840578,0.012991274,0.120572388,0.122037865,-0.007927107,-0.032990701,0.158169925,0.043249592,0.001387562,0.045857802,0.072190762,-0.083614409,-0.016030628,0.006747309,0.053503599,0.017975014
E:\Project\Fake News Detection\images\fake\6895.jpg,fake,train,0.895910561,0.957784891,0.039734948,-0.050254088,-0.151502073,0.261094451,0.179853544,0.090548038,0.195532948,0.396028817,0.120911144,0.03993218,-0.074634694,0.057752654,0.026742974,-0.036921889,0.013460197,0.09190838,-0.078515485,0.041142605,0.011024373,-0.05818117,0.02754836,0.019693566,0.005415109,0.013599757,-0.049216129,-0.051228184,-0.087471046,0.025675099,-0.081893638,-0.049716387,-0.04126066,-0.009775644
E:\Project\Fake News Detection\images\fake\6899.jpg,fake,train,0.771301866,0.779062867,0.287780583,0.155752137,0.032865521,0.059172831,0.034302451,-0.057947438,-0.02763181,0.020441547,-0.155848816,-0.123364374,0.054174613,0.02991561,-0.004408318,-0.105816238,-0.103213973,-0.063190609,0.17950289,-0.06674134,0.085849211,-0.141206935,0.01155631,-0.16809915,-0.03779804,0.085766077,-0.077646397,-0.092618905,0.063832879,-0.018435456,0.025431979,0.049338143,-0.082802519,-0.009485325
E:\Project\Fake News Detection\images\fake\6905.jpg,fake,train,0.703153133,0.810521662,0.06821733,-0.279368728,0.174357325,0.165864274,0.049603652,-0.068892427,-0.186220899,0.029788554,-0.144410938,-0.138767287,0.046834733,-0.027468922,0.020586828,0.096454211,-0.005955745,0.102843843,0.004645612,-0.118755929,-0.081501059,0.038507219,-0.123950921,-0.00635247,-0.006967002,0.001898099,-0.018508149,-0.02660588,-0.11386469,-0.064973593,0.058441672,-0.032155946,-0.06207348,-0.081057817
E:\Project\Fake News Detection\images\fake\6911.jpg,fake,train,0.649645627,0.767287612,-0.168768257,0.04820041,0.109474219,-0.063083656,0.178521335,0.123450845,0.09595944,-0.125187322,0.015163239,0.048328042,-0.05816574,0.11981602,-0.018763358,-0.098222353,0.093523614,0.080254301,-0.045913324,-0.183431849,-0.023728436,0.055397965,-0.179006934,-0.101753928,-0.191351548,-0.034313161,-0.178133413,0.095489956,-0.031526867,0.080345355,0.006379246,0.184079438,-0.06955561,-0.006202735
E:\Project\Fake News Detection\images\fake\6916.jpg,fake,train,0.643911004,0.715391278,0.021388035,-0.053029548,0.20891355,-0.080226146,0.193038076,-0.025081363,0.051980436,-0.068774603,-0.060922589,-0.030537341,-0.041173555,0.051042978,0.038820356,-0.091404594,0.094352216,0.066510327,-0.07617487,-0.171111137,-0.089751326,0.062892064,-0.170563072,-0.078628041,-0.201506019,-0.03433843,-0.26451838,0.01739214,-0.041885071,0.072606482,-0.049776491,0.187376395,-0.003045542,-0.035920475
E:\Project\Fake News Detection\images\fake\692.jpg,fake,train,0.540348053,0.633096337,0.110537753,0.046531707,0.003896774,-0.094092511,0.064245574,0.141181514,0.217148095,-0.049759556,0.069492847,-0.201314747,-0.072489813,-0.033246376,0.125548705,-0.069238648,0.094988242,-0.057630084,0.008706352,0.163221613,-0.146182656,0.203289986,-0.048621424,0.084477074,-0.0710949,0.117261022,0.122865371,0.161850914,-0.110809885,0.103129722,0.074896924,-0.042770982,0.009331944,-0.046581246
E:\Project\Fake News Detection\images\fake\6923.jpg,fake,train,0.810589969,0.840831757,-0.177902281,0.078728393,0.049042437,0.094902292,-0.032239448,-0.145022407,-0.107512146,-0.016043156,0.000509115,0.17223835,-0.140074402,0.057617895,-0.061341476,0.13653484,0.124296524,0.158538148,0.108139262,-0.004905823,-0.105286039,0.147707269,0.081709683,-0.03650073,-0.020106852,0.075136527,-0.08709877,-0.084596366,0.084891021,-0.015737016,0.114963412,0.020832557,-0.106186204,0.062095474
E:\Project\Fake News Detection\images\fake\6926.jpg,fake,train,1,1,0.139076427,-0.260736346,-0.391322047,-0.284886152,0.071233742,0.027983323,0.059572887,0.104333647,0.054903753,0.130119473,0.031385265,0.021851093,-0.050032098,0.015770501,0.03414464,-0.050538812,-0.014661006,0.083717898,0.089406841,0.030575434,0.018547222,-0.000533376,0.059861388,0.008475164,-0.036444467,-0.009990682,-0.021242337,0.021776455,-0.038204782,-0.026845595,-0.015056883,-0.05796605
E:\Project\Fake News Detection\images\fake\6929.jpg,fake,train,0.6166628,0.631869674,-0.237277836,0.103244819,0.155427501,-0.21636714,-0.134666264,-0.0011807,0.115119301,0.096041121,-0.177252486,-0.026926681,-0.138557404,-0.063544229,0.039289847,-0.137905851,0.066769108,-0.063509099,-0.107876375,-0.110805362,-0.010173684,-0.048326194,-0.021524185,-0.086480968,0.073226131,0.049409181,-0.056399442,-0.042946607,-0.010888191,0.043579873,0.081680998,-0.003299043,-0.046585917,0.058110189
E:\Project\Fake News Detection\images\fake\693.jpg,fake,train,0.769694149,0.859585524,0.016999913,-0.036987353,-0.171958461,0.184581876,0.254827291,-0.024439398,0.040107179,0.250439078,0.022439424,0.086893521,-0.137283996,0.15803799,-0.136998489,0.106100604,0.085835323,-0.154741853,0.021625726,0.080091968,0.011648514,0.093934365,0.062423971,0.044758927,-0.000167459,-0.011270988,-0.010403417,0.008069028,0.117585182,-0.052705888,-0.068062395,0.017697439,0.012975144,-0.02299092
E:\Project\Fake News Detection\images\fake\6949.jpg,fake,train,0.699706256,0.711575925,0.161641359,0.086185843,0.151851326,-0.05133184,-0.033619814,-0.10633979,0.001511438,-0.132718369,0.179015979,-0.051606525,-0.040651839,0.110251084,0.012569739,-0.171938851,-0.059404563,0.004559617,0.116015732,0.044626776,0.007378953,0.037951045,0.011287396,-0.072890736,-0.008332437,-0.009022574,0.088564232,-0.067924783,0.018247582,-0.004991174,-0.0118545,-4.06E-05,-0.08068043,-0.03265715
E:\Project\Fake News Detection\images\fake\6952.jpg,fake,train,0.71097815,0.81031549,0.204563469,0.171967462,0.068266436,0.061676104,0.117894828,-0.14928931,-0.026272919,0.067019068,0.135751605,0.034055866,0.067219317,-0.091735043,-0.059044637,-0.066835016,0.117626868,-0.048817243,-0.037992969,0.094444722,-0.003934633,0.034156196,-0.090814553,0.119950466,-0.080179952,-0.002555826,-0.219978556,-0.080507018,-0.013607742,-0.072098002,0.091961063,0.037666712,0.023183262,-0.122231014
E:\Project\Fake News Detection\images\fake\6953.jpg,fake,train,0.909696937,0.932557106,0.181075349,0.079316638,0.120376602,0.04020733,-0.424606413,-0.014423398,0.399785072,0.037411593,0.039581843,-0.015453497,-0.03938093,-0.068292469,-0.050126527,0.087402828,-0.04541694,0.129866481,0.143893734,-0.022947287,0.017432585,0.001633201,-0.018016309,-0.020791976,0.038402904,-0.027815396,-0.033935372,-0.020490644,0.032573573,-0.10158246,0.019679388,-0.031983964,-0.007304923,0.026242154
E:\Project\Fake News Detection\images\fake\6954.jpg,fake,train,0.804959655,0.933381796,-0.039185263,-0.287080526,0.185897931,0.31646648,0.024161801,-0.065232925,-0.114314064,0.182853565,-0.045767821,-0.051065225,0.025907142,-0.093416892,0.052757654,0.029502071,-0.028624833,0.114214435,-0.010685602,-0.092131883,-0.113888726,-0.035003338,-0.084774487,0.131589249,-0.025970129,0.029824575,-0.038315937,-0.061715115,-0.070593409,-0.033025071,0.108283132,-0.002821201,-0.105826341,-0.039041568
E:\Project\Fake News Detection\images\fake\6964.jpg,fake,train,0.615524173,0.634075642,-0.149444744,0.140337378,0.256725311,-0.075418249,0.023643021,-0.074312218,0.016324714,0.029548537,0.132980525,-0.07148423,0.178268373,-0.036475915,0.098374791,-0.036259316,-0.118116789,0.027081987,-0.010092042,0.094301797,0.004275391,-0.012902656,-0.053081725,-0.089617155,-0.047234684,-0.022578413,-0.038511671,0.00081589,0.059041258,0.00441049,-0.081677988,0.007470033,-0.074598931,-0.034618672
E:\Project\Fake News Detection\images\fake\6966.jpg,fake,train,0.656146348,0.695251286,-0.130567968,0.23469016,-0.27220577,0.013154433,-0.022398043,0.040624823,-0.026058335,-0.045838155,0.040084824,0.058356743,0.094185062,0.090396516,0.021789975,-0.017358886,-0.061672006,0.083704174,0.032109432,0.012118878,-0.040838476,0.046989977,0.012709345,-0.013243517,0.001948874,0.017433975,0.04432461,0.011826264,0.011442869,0.070649579,-0.01173488,-0.009506258,-0.038651224,0.010136443
E:\Project\Fake News Detection\images\fake\697.jpg,fake,train,0.917124748,0.93874687,0.188553363,-0.225998476,0.180957898,-0.056330372,0.329130679,0.04744605,0.277379811,-0.150017783,0.063779444,-0.170709416,-0.117347069,-0.135328993,0.152821928,-0.045228366,-0.05033515,-0.126677722,0.004084891,0.018564623,-0.277245283,0.085088544,0.073885903,0.062387038,-0.101063259,0.102317475,0.142984241,-0.003279835,-0.035995733,0.063381694,0.000397061,-0.00308645,0.044069562,-0.006894083
E:\Project\Fake News Detection\images\fake\6987.jpg,fake,test,0.790576816,0.807147503,-0.106203988,-0.272906691,0.009753741,0.450422615,-0.053843629,0.041010693,-0.030467004,0.123078994,0.021332292,-0.065266453,0.067420475,-0.029405851,-0.016890574,0.060130648,0.043236505,-0.074016266,-0.053860981,-0.027476899,0.039508544,-0.028592825,-0.055302467,0.016723484,0.016890287,0.006910137,-0.006381803,-0.021625817,0.031135567,-0.049375653,0.051875956,-0.037141953,-0.001859583,-0.025727443
E:\Project\Fake News Detection\images\fake\699.jpg,fake,train,0.627483189,0.730382085,-0.187535554,0.069583461,0.20599544,-0.040807184,0.049388215,0.171359926,0.202441469,-0.251496047,0.094973326,0.209188506,0.067324534,0.08813858,-0.042988434,-0.089733928,-0.042286944,0.15297018,0.137263685,-0.024473436,0.113548771,0.0820655,-0.095453069,-0.039666545,-0.092289999,0.061152488,-0.041650981,-0.019503357,-0.038644232,-0.059153095,-0.023253122,-0.032005358,-0.003363064,-0.013273211
E:\Project\Fake News Detection\images\fake\6998.jpg,fake,train,0.876396656,0.908019066,0.103668071,-0.456693351,0.053296018,-0.11310567,-0.172230154,-0.031506184,-0.149039328,-0.045146346,-0.001440368,0.007491011,0.158694595,-0.020971123,-0.093885265,-0.010129661,-0.056229927,-0.072468944,-0.016384153,-0.038820095,-0.044690397,0.075552866,-0.045425273,0.01321819,0.008006648,-0.064286001,0.050013524,0.00567436,-0.02423132,-0.061117377,0.028248537,0.025844168,-0.037746947,-0.017422017
E:\Project\Fake News Detection\images\fake\70.jpg,fake,train,0.818664193,0.848327219,0.378924757,0.212959617,0.152843937,-0.00955857,-0.110751122,0.193166733,-0.209473908,0.037187703,0.087672822,0.053352695,-0.054804076,-0.026629157,0.098174259,-0.083276086,0.08884012,-0.018467782,-0.056110114,0.027331972,-0.083219968,-0.074167505,0.008058444,0.020425661,-0.027911158,0.010139423,0.038775615,-0.091600522,-0.001018369,0.031943887,-0.058853928,-0.015326877,0.019125896,-0.013703497
E:\Project\Fake News Detection\images\fake\700.jpg,fake,train,0.682825923,0.740446568,-0.230823994,0.070522197,0.142271519,-0.187823623,0.175679058,0.227346256,0.190442041,0.025755966,0.114169061,0.029586079,0.231285304,0.172988981,0.249075577,-0.002982089,0.232510567,-0.127013877,0.044198819,-0.012832442,0.09567596,-0.018454868,0.006292297,0.021101587,0.025816131,-0.013045942,-0.015117953,0.014582319,0.071856759,-0.009778146,0.029373899,-0.018249534,-0.022923669,-0.025952857
E:\Project\Fake News Detection\images\fake\7000.jpg,fake,train,0.808754802,0.84371835,-0.056895588,0.124947332,-0.459269792,0.017521461,-0.073180497,-0.039624039,-0.070637763,0.024553435,0.115027845,0.11030937,-0.024468556,-0.095220305,0.123706326,0.019985763,-0.056959607,-0.048358615,0.031942189,-0.100297727,-0.000389892,0.070326239,-0.05516747,0.101673566,-0.06233526,0.009978639,-0.045476694,0.039602142,0.010434165,-0.010844717,0.060142342,0.053582627,0.010317592,0.018100753
E:\Project\Fake News Detection\images\fake\7005.jpg,fake,train,0.655049443,0.671905994,-0.102125302,-0.181364432,0.142769441,0.175158769,-0.01530558,0.034179118,-0.128639176,-0.063135482,-0.066024914,0.009661872,0.030859094,0.023930619,0.111668594,0.058199808,0.029117903,0.031666625,-0.051835433,-0.096469618,-0.04195372,0.03409401,-0.023372877,-0.037696812,0.158671513,-0.048775725,-0.058929924,-0.086797342,0.016446048,0.033715338,0.094897874,-0.017541077,0.007264591,-0.099695534
E:\Project\Fake News Detection\images\fake\7008.jpg,fake,train,0.962581336,0.999999821,0.002903935,-0.329615682,-0.134044111,0.308716625,-0.205083162,0.047733657,-0.097844109,0.039690949,-0.054460485,-0.136344999,0.03923215,-0.037111361,0.133989379,-0.044969644,0.105252825,-0.025416784,-0.030198593,-0.005061785,-0.047897331,-0.008582536,0.017415203,-0.061709657,0.031183768,0.051375728,0.058139592,-0.110363677,-0.016363952,0.079476252,0.001414962,0.071171373,0.012515458,-0.009848328
E:\Project\Fake News Detection\images\fake\7011.jpg,fake,test,0.853687406,0.861280799,0.215374708,0.074962869,0.141202003,0.062770873,-0.359592617,-0.067689374,0.395079792,0.033719398,0.00207058,-0.035091445,-0.05735613,-0.14392361,-0.033895295,0.044223044,-0.043588549,0.140118599,0.065534942,-0.044687107,0.014693365,0.00641636,-0.027787875,-0.035630584,0.070200458,0.00871688,-0.033576623,-0.015432343,0.031108849,-0.097842947,-0.014141068,-0.055614088,0.011505425,0.002516545
E:\Project\Fake News Detection\images\fake\7015.jpg,fake,train,0.558204472,0.571258187,-0.069005363,-0.068959467,0.082457468,0.104343712,0.095631495,0.072825052,0.065039419,-0.048739173,0.123767138,-0.035489239,-0.09650296,0.050083242,-0.016326858,-0.097552896,-0.029630063,-0.058185745,0.045707654,0.105986916,-0.006677991,0.097535551,-0.021314945,-0.075503409,-0.185040399,0.02270739,-0.058177318,-0.070235185,0.008143218,0.041802309,-0.048441276,-0.043571215,-0.04117728,-0.001541573
E:\Project\Fake News Detection\images\fake\7020.jpg,fake,train,1,1,0.139076427,-0.260736346,-0.391322047,-0.284886152,0.071233742,0.027983323,0.059572887,0.104333647,0.054903753,0.130119473,0.031385265,0.021851093,-0.050032098,0.015770501,0.03414464,-0.050538812,-0.014661006,0.083717898,0.089406841,0.030575434,0.018547222,-0.000533376,0.059861388,0.008475164,-0.036444467,-0.009990682,-0.021242337,0.021776455,-0.038204782,-0.026845595,-0.015056883,-0.05796605
E:\Project\Fake News Detection\images\fake\705.jpg,fake,train,0.552994907,0.636659026,-0.014283923,0.161148697,0.035064537,0.030785829,0.084696285,-0.19721958,-0.138608158,-0.0606618,-0.004532373,-0.038098659,-0.110646524,-0.008612958,-0.028791334,0.062383816,0.146931887,-0.065693818,0.12230505,0.068330601,-0.045595553,0.07501778,-0.084563166,0.111551575,0.04343481,0.02268618,-0.145658791,-0.134334356,0.117617972,-0.160531625,0.109339833,-0.04375241,0.074425556,-0.074857019
E:\Project\Fake News Detection\images\fake\715.jpg,fake,train,0.761742413,0.813615084,0.02139323,-0.279506534,0.280269504,-0.018435944,0.303705603,0.041456889,0.132364735,-0.098696582,0.138816461,0.147835389,0.003339052,-0.101707265,0.051050011,-0.022819933,-0.214454696,0.014783706,0.020858485,-0.051426806,-0.113867283,-0.064655609,-0.004526128,0.057884388,0.037127033,0.033574149,-0.058433738,-0.022428628,0.112700865,0.01167081,0.036623031,0.027169231,-0.01023193,0.013543627
E:\Project\Fake News Detection\images\fake\720.jpg,fake,train,0.888756275,0.894411802,0.42259717,0.237494454,0.168556303,-0.031906832,-0.278634608,0.166146353,0.064139299,-0.133829951,0.019435715,-0.014988989,-0.128845528,0.045150977,-0.049002904,0.210571408,0.07045114,-0.006142115,-0.048428271,-0.002645722,-0.061199076,-0.055217393,0.037059575,0.064809397,-0.083820239,-0.028465854,-0.057278261,-0.08461266,0.028493088,0.030821754,-0.028816834,-0.011825359,-0.03858408,-0.021355748
E:\Project\Fake News Detection\images\fake\726.jpg,fake,train,0.817233086,0.935032606,0.002549995,-0.288673252,0.165300801,0.204262301,0.000258476,-0.072506763,-0.165342331,0.130324394,-0.129415959,-0.115960166,0.032990236,-0.053112764,0.04572152,0.080513529,-0.042998869,0.115560047,-0.035818424,-0.077247038,-0.059202436,0.034590993,-0.040168554,0.061433241,-0.06716159,0.024452055,-0.020683806,-0.013837481,-0.085960239,-0.00814198,0.064767234,-0.01109715,-0.133365899,-0.054639105
E:\Project\Fake News Detection\images\fake\731.jpg,fake,test,0.825230122,0.8369627,0.247447759,-0.090632819,0.122966908,0.049264833,-0.267347395,0.041554373,0.412468284,0.065778114,-0.029456683,-0.095791273,-0.097063184,-0.096292704,-0.04047497,0.12927261,-0.045127273,0.172448054,0.09220621,-0.050506659,0.033648126,0.001115325,-0.022712577,-0.037456222,0.033960029,-0.028162833,-0.059639588,0.028382391,0.007784955,-0.086399049,-0.003936496,-0.019097043,0.045325145,0.063108921
E:\Project\Fake News Detection\images\fake\736.jpg,fake,train,0.78527987,0.829024255,-0.473362416,0.117075473,0.218284786,-0.336226881,-0.052362654,0.087004162,-0.076911956,0.166009814,0.17753315,-0.246639028,0.122490875,0.113609113,0.038691003,0.145764962,0.034507081,0.005622271,0.169917628,0.001853052,0.009184271,0.006180345,-0.04217834,0.004653919,0.004480458,-0.005780879,0.029353704,-0.062652312,0.031236298,0.13522014,0.071411252,0.041845221,-0.030767936,0.041670956
E:\Project\Fake News Detection\images\fake\741.jpg,fake,train,0.643168926,0.676646888,0.067644089,0.070297256,0.176912382,-0.093863644,-0.128678828,-0.029837951,-0.083645239,0.0249449,-0.102492258,0.123698115,-0.039989214,0.015070164,-0.133712873,-0.069328658,-0.169913948,-0.154308617,0.160557225,-0.107158557,-0.021181537,-0.009944659,0.009862241,0.019686732,0.073856696,-0.186765164,-0.003967768,0.099891983,-0.10940177,-0.01383585,-0.104329489,-0.008245016,-0.030519502,-0.184986815
E:\Project\Fake News Detection\images\fake\748.jpg,fake,train,0.73318249,0.745406806,0.101680301,-0.060417224,-0.222264394,0.177418843,0.137652993,0.096716456,0.214782774,0.287197173,0.089266717,-0.015096113,-0.018388242,0.043395936,-0.033304643,-0.017174166,0.043951351,0.044760711,0.058873113,0.110929675,0.052635726,0.010043778,-0.033090636,-0.000628276,0.049586609,-0.039250165,-0.040284473,-0.0953767,-0.045606572,-0.014638967,-0.049508039,-0.016416971,-0.029312389,-0.043649279
E:\Project\Fake News Detection\images\fake\75.jpg,fake,train,0.715937436,0.745746255,0.056430455,-0.022159709,0.22460936,-0.192331955,0.158719257,0.159316212,-0.118057527,-0.025606267,0.091560453,-0.068999209,-0.124755017,0.221855968,-0.038267162,0.049002253,-0.073279895,0.106831059,0.088218175,-0.012498109,0.022867914,-0.031446554,-0.018780902,-0.035540897,-0.043934353,0.035980355,0.059417859,-0.020158678,-0.002568139,0.140490353,0.002430238,0.047827326,-0.05017985,0.07355506
E:\Project\Fake News Detection\images\fake\753.jpg,fake,train,0.772972167,0.818322062,-0.040822923,-0.297194123,-0.20772934,0.059030771,-0.215208888,0.003394892,-0.185298905,-0.110965423,-0.128023177,-0.113877036,-0.051435407,-0.046983931,0.122979902,-0.102683403,-0.062464315,0.022953717,0.017528096,0.071993656,-0.028548874,0.055864498,0.022359019,-0.025874192,-0.06784448,0.024715686,-0.018361663,-0.106200114,0.083838001,-0.083119348,-0.072346449,0.050792668,0.02284302,0.00215546
E:\Project\Fake News Detection\images\fake\755.jpg,fake,train,0.862017989,0.905372679,0.004403993,-0.306397945,-0.07315933,-0.206451461,0.238031641,0.050476987,0.151294425,-0.095156454,0.090169355,0.209681347,-0.006934111,-0.139371842,0.021444872,7.05E-05,-0.123735748,-0.045308545,0.040803347,0.004569303,-0.005444482,-0.124704137,0.056554485,0.040260311,0.020411246,0.022280665,-0.02719453,-0.031224271,0.055725913,0.093801007,0.048697427,0.067672573,0.039714515,0.048673123
E:\Project\Fake News Detection\images\fake\758.jpg,fake,train,0.7619766,0.871857703,0.195043355,0.063725382,0.037361551,-0.031706568,0.043585811,-0.246920109,0.077557452,-0.137997955,0.133826837,-0.137429401,0.118019827,-0.010368313,-0.14841406,-0.261247665,0.183322191,0.015726408,0.094940051,0.023447484,-0.054084841,-0.099671677,0.038178939,0.00686669,0.154034734,-0.003902953,-0.017569428,0.064963304,-0.009709359,-0.023313038,-0.038599957,-0.088254519,-0.090046033,0.204675928
E:\Project\Fake News Detection\images\fake\769.jpg,fake,train,0.714042604,0.746910393,-0.110089272,0.010510783,-0.089237444,0.044799283,0.05689184,-0.309568912,-0.154773116,0.058486871,-0.020284642,0.116317838,-0.090815701,-0.031973258,-0.005498776,0.21790649,0.010550515,-0.095995724,0.08255022,-0.040639959,-0.001188708,0.068739682,-0.059225854,0.07799013,0.138683632,0.100371912,-0.026401836,0.030294361,0.034142572,-0.038041435,0.010465969,-0.052600868,0.047361109,0.117253527
E:\Project\Fake News Detection\images\fake\77.jpg,fake,train,0.883729935,0.920760632,0.068654776,-0.30899334,-0.220079914,-0.223539785,0.216746092,0.045493849,0.12311592,-0.040592827,0.073273003,0.110525019,-0.069613203,-0.131865114,0.014705294,-0.008666925,-0.082765222,-0.070828758,0.062825061,0.035792496,0.084169142,-0.082817405,0.070897102,-0.023090631,-0.007290807,0.036090028,-0.045569532,-0.030214787,0.061947446,0.086594343,-0.011633595,0.04327907,0.004421454,0.021727126
E:\Project\Fake News Detection\images\fake\770.jpg,fake,train,0.614117444,0.626365364,0.14822863,0.101837419,0.144952029,0.14679268,0.120021477,-0.150866792,0.029856466,0.088450462,-0.029704651,0.088866912,0.099154063,-0.030017652,-0.133306831,-0.0341019,0.066445157,0.066723332,0.022008477,-0.035113998,0.036690794,-0.074677356,-0.044378895,0.163354531,0.045618393,0.06426277,-0.016848994,-0.067704551,-0.031870641,0.061208982,0.129754797,-0.087955639,-0.092326909,-0.110085487
E:\Project\Fake News Detection\images\fake\771.jpg,fake,test,0.963326335,0.999999881,0.135688514,-0.210852861,0.241781205,-0.020003445,0.418283045,0.041919969,0.298463196,-0.177196637,0.108082071,-0.10236875,-0.081215017,-0.203517467,0.115077384,-0.027858648,-0.088815749,-0.161994651,0.000167932,-0.030386426,-0.230757862,0.086349107,0.035442971,0.069429822,-0.081183955,0.082337342,0.104277991,0.022067901,0.011734672,0.031340554,0.010122813,-0.02086731,0.038800005,-0.016425975
E:\Project\Fake News Detection\images\fake\777.jpg,fake,train,0.867906928,0.885215521,0.204930872,-0.379619539,-0.008997098,-0.303971976,0.078565426,-0.076634921,-0.000221482,0.025299031,0.006337734,0.065836132,-0.037328545,0.024613166,-0.086012512,-0.01402208,-0.094678573,0.047721319,0.049234889,-0.05193967,0.022954004,0.017984394,0.056172326,-0.008377279,0.010093234,-0.095449314,0.036371313,1.88E-05,-0.011965114,0.00625525,-0.003738964,0.017071413,-0.012357002,0.027111012
E:\Project\Fake News Detection\images\fake\785.jpg,fake,test,0.700619817,0.736485004,-0.088207379,0.039933491,0.169249088,0.141251683,0.031991884,-0.019386958,-0.032167092,-0.026802113,-0.182062179,0.083129048,-0.194309831,0.011854179,-0.040779371,-0.019606855,-0.09377709,-0.019370813,0.159405977,-0.113997295,-0.026325792,-0.078160889,-0.005871903,0.101384036,0.159701154,-0.174001962,-0.05923067,0.115925439,-0.117870815,0.126576155,-0.019486703,-0.019619349,-0.011885315,-0.159890831
E:\Project\Fake News Detection\images\fake\788.jpg,fake,train,0.708041012,0.84987092,-0.124794848,-0.235576123,0.004590598,0.299567997,-0.052304089,0.072354399,-0.053140141,-0.081875108,-0.007679775,0.024298726,0.094461799,0.050835669,-0.006040516,0.007000682,0.010889394,-0.010127487,-0.052961588,0.06766516,-0.002891067,-0.056997426,-0.11439079,-0.013759173,0.056341153,0.071104556,-0.049051188,0.036605567,-0.04814136,0.015188793,-0.01733521,0.06640742,0.034728553,-0.04890598
E:\Project\Fake News Detection\images\fake\790.jpg,fake,train,0.733217955,0.771018028,-0.050815754,0.03532742,-0.034979012,0.05366718,0.065915354,-0.255956292,-0.137738287,-0.178223014,0.142416045,0.137188286,-0.010819721,0.017944358,0.081832476,0.221938536,-0.000389078,0.138362646,-0.002064399,0.055132404,-0.002617598,-0.02841082,-0.143442631,-0.286174566,-0.052915785,0.03252247,-0.011640154,0.10946203,-0.091300145,0.036127776,0.010106392,0.007632764,-0.050343513,0.0333305
E:\Project\Fake News Detection\images\fake\796.jpg,fake,train,0.781732976,0.781732976,0.272974283,-0.363101035,-0.063883305,-0.271623909,0.091272548,-0.090166405,-0.036245525,0.105310373,-0.033436574,-0.023032388,-0.079956099,0.022639826,0.005030598,-0.020086829,-0.102463163,0.152716294,0.030673716,-0.054954752,-0.02752172,0.041695181,0.015025361,0.011334213,-0.039780077,-0.022297395,0.013218054,0.039884195,0.010432496,-0.092971422,0.002577835,0.06319388,0.022307349,0.054103114
E:\Project\Fake News Detection\images\fake\8.jpg,fake,train,0.780302405,0.870843768,0.178729624,0.186100021,-0.127015039,0.109757163,-0.007749162,-0.095390864,0.024990937,-0.051750984,-0.145832345,-0.1003116,0.009168233,0.041114185,0.010692396,-0.22023645,-0.083487324,-0.135478318,0.100345284,-0.128437459,0.057352792,-0.187478885,0.031597376,-0.15584375,-0.008336947,0.056799755,-0.107076682,-0.07244581,0.051521823,-0.000622844,0.050473928,0.018342016,0.001324094,0.012578402
E:\Project\Fake News Detection\images\fake\803.jpg,fake,test,0.762125611,0.794838905,-0.223938614,-0.169750094,0.22183457,0.18701081,0.123035252,0.198801935,0.072338469,-0.307411283,0.114792407,0.033768289,0.006384472,-0.104103737,-0.029765453,-0.117077321,-0.155828819,-0.137791455,0.047003526,0.090441808,-0.044066101,-0.050567646,0.066550881,-0.006724596,-0.118169546,0.136166066,-0.009791622,-0.013262182,0.072035603,0.047127336,-0.029053986,0.047302444,-0.103654362,-0.009623095
E:\Project\Fake News Detection\images\fake\805.jpg,fake,train,0.828303695,0.916006804,0.20105356,-0.109694593,-0.083065666,-0.271032274,-0.397517145,-0.14330247,0.209373146,-0.034282774,0.038396087,0.047967918,0.037788916,0.008438288,-0.049163923,0.146355852,-0.056485832,-0.017880177,-0.011248236,-0.043300629,-0.047698036,-0.071074001,0.025799202,-0.003679069,-0.035249524,-0.030952703,-0.065204404,-0.060012508,-0.041062679,-0.01274291,0.005687993,-0.10576082,-0.046629604,0.005800817
E:\Project\Fake News Detection\images\fake\81.jpg,fake,train,0.826919734,0.905659556,0.305682093,0.189012036,-0.03419077,-0.022611482,-0.001020956,-0.132777467,-0.070324302,0.062478937,-0.141954601,-0.029327778,0.215535551,0.068262964,-0.012096662,-0.045651965,-0.046288837,0.05432209,-0.14749074,0.101400636,0.013133324,0.152606189,0.19120498,-0.068362966,0.006210709,0.009372575,-0.007255743,0.104318023,-0.030759538,-0.003822936,0.144038305,0.016120838,-0.015586893,-0.046386153
E:\Project\Fake News Detection\images\fake\812.jpg,fake,train,0.830298901,0.95638907,-0.051511496,0.11083778,-0.468311071,-0.046727359,-0.220168769,-0.033212733,-0.085276201,0.051412005,0.068999805,0.040931147,-0.05390143,-0.027998827,0.186028615,-0.04150847,-0.058301847,-0.003851343,0.012443503,-0.05302139,-0.130056188,0.018480929,0.010167784,0.05116066,-0.023892378,0.045002565,0.018413536,-0.040069226,-0.087659195,0.059300471,0.022221541,0.108324967,0.073424675,0.051172528
E:\Project\Fake News Detection\images\fake\819.jpg,fake,train,0.677318633,0.684385777,0.094819851,-0.267935216,0.123180397,0.008419494,0.114240311,0.054939546,0.073113456,0.120551199,0.034340259,0.060447086,0.065380163,0.051295191,-0.068145394,-0.081034504,-0.035801042,0.149589181,-0.045580152,-0.018690264,-0.136286274,0.043158039,-0.061158817,-0.067727298,-0.017123155,-0.109655596,0.040661786,-0.033314094,0.040020924,-0.028575741,-0.033565123,-0.035486847,-0.02371316,0.097017646
E:\Project\Fake News Detection\images\fake\82.jpg,fake,train,0.847647488,0.847647429,0.179106548,-0.219456807,-0.339518934,-0.286151916,0.038810924,0.086968042,0.093983382,0.108362578,0.087567821,0.110128939,-0.043752816,-0.021752993,-0.061316077,0.017139621,-0.009976053,-0.042713199,0.027265433,0.0413194,0.128114417,0.045583896,0.018343935,-0.003589648,0.052815128,-0.023074824,-0.018927457,0.021495583,-0.038346261,0.070561223,-0.075237304,0.047433455,0.003328777,-0.085020833
E:\Project\Fake News Detection\images\fake\835.jpg,fake,train,0.938264072,0.950343132,0.241458699,-0.399179786,-0.069994129,-0.319955975,0.113843217,-0.095163487,-0.00700781,0.025579089,-0.001265403,0.013198956,-0.037416227,-0.045983888,-0.075517617,-0.011107,-0.063502058,0.029181754,0.071951576,-0.047275033,0.038742043,0.025447574,0.052513707,0.000497971,-0.043509252,-0.079765856,0.004331592,0.016439253,0.013882217,0.019746402,0.020873137,0.020774044,-0.018211886,0.060319383
E:\Project\Fake News Detection\images\fake\837.jpg,fake,train,1,1,0.139076456,-0.260736436,-0.391322047,-0.284886211,0.071233742,0.02798333,0.059572894,0.104333647,0.054903753,0.130119473,0.031385265,0.021851093,-0.050032098,0.015770501,0.03414464,-0.050538812,-0.014661006,0.083717898,0.089406841,0.030575434,0.018547222,-0.000533376,0.059861388,0.008475164,-0.036444467,-0.009990682,-0.021242337,0.021776455,-0.038204782,-0.026845595,-0.015056883,-0.05796605
E:\Project\Fake News Detection\images\fake\844.jpg,fake,train,0.862320244,0.892373025,0.206635192,-0.356179863,-0.052599289,-0.259161562,-0.163590491,-0.019488074,0.197795659,-0.061858721,-0.034512158,0.0071953,-0.041839536,0.037260253,-0.084904522,0.203987315,-0.039112803,0.079462253,-0.012649504,-0.019252133,-0.042583514,-0.066858776,0.040886186,0.007708243,-0.062672652,-0.098031789,-0.05750696,-0.033393722,0.009844501,-0.019337457,0.020614529,-0.083477475,-0.031971239,0.066974565
E:\Project\Fake News Detection\images\fake\847.jpg,fake,train,0.710260272,0.723445892,0.234713763,0.000178289,0.149304748,0.358231813,-0.148853302,0.027652493,-0.003070953,0.181352034,0.05703634,-0.030226283,0.162139788,-0.057107624,-0.068304442,-0.082313798,0.028668027,-0.049746446,-0.026001755,-0.042056393,-0.033197924,0.061591327,0.053154785,-0.070059575,0.119263574,0.004028227,0.017640047,0.010640986,0.04200146,-0.008076342,-0.053402524,0.051312625,0.005768305,-0.048898786
E:\Project\Fake News Detection\images\fake\852.jpg,fake,train,0.857422471,0.919353247,0.199808106,-0.183475822,0.074997395,-0.067540966,0.217615888,0.005252198,0.243570268,-0.11480049,0.020392019,-0.206363901,-0.133752227,0.044298418,0.089192048,-0.054699346,0.067453831,-0.046203531,-0.049639244,0.047109537,-0.213545337,0.175708726,0.018973088,0.044673041,-0.11128699,0.050106637,0.129805103,0.066666022,-0.075767033,0.01443937,-0.001356258,-0.144172266,0.025071492,-0.039024685
E:\Project\Fake News Detection\images\fake\856.jpg,fake,train,0.902183175,0.92705977,0.477055073,0.144964784,0.052060008,-0.179990098,-0.146191627,0.152657956,-0.335601062,0.011008475,0.09787304,0.065923125,-0.080953032,-0.078289986,0.085501701,-0.040608279,0.09318991,-0.044847667,-0.032872874,0.056667913,-0.030241352,-0.032299921,0.036762234,0.064047053,-0.054296233,0.047136478,0.00594538,-0.053647771,-0.03454851,0.014131288,-0.029828783,0.025100011,0.051141866,0.016013356
E:\Project\Fake News Detection\images\fake\859.jpg,fake,train,0.876696587,0.914144397,0.494983315,0.04863289,0.12046022,-0.165846139,0.038989607,0.224827796,-0.274901599,0.034409355,0.075411841,0.087954834,-0.09074232,-0.057187948,-0.002994634,0.025447171,0.119817033,-0.018038072,-0.066287778,0.079964094,0.006502702,-0.033111811,-0.055097748,0.077960975,0.002746115,0.017215325,-0.02031865,0.00349292,0.020292209,-0.034657981,-0.002790113,0.00848051,0.066780604,0.016167637
E:\Project\Fake News Detection\images\fake\864.jpg,fake,train,0.673586965,0.709560275,0.151077837,0.017096866,0.072409593,0.181661218,0.030299151,-0.304932058,0.033349924,0.177037984,0.094377682,0.009723117,0.035696905,-0.003894137,-0.079415917,-0.049669255,0.050748017,-0.009072718,0.06788601,-0.051455211,-0.083532587,0.016421419,-0.045734026,-0.001726654,0.142438784,0.02401055,0.038527731,-0.030928055,0.059235394,0.030783085,-0.019544683,0.004570811,0.012391738,-0.030901805
E:\Project\Fake News Detection\images\fake\865.jpg,fake,test,0.680081487,0.695069373,0.003471278,-0.132018149,0.139029518,0.03662432,0.16932793,-0.065076195,0.100457758,-0.076225661,0.122156501,-0.149352312,0.083077945,0.010759808,-0.092068419,-0.002014022,0.022796281,0.058497839,0.01463946,-0.014464185,-0.12168254,-0.060964353,-0.100051403,0.05160531,-0.086390279,0.026634831,-0.213099033,0.002952166,0.060749613,-0.076862171,-0.013859272,-0.020878827,0.07713034,0.00404942
E:\Project\Fake News Detection\images\fake\87.jpg,fake,train,0.583486199,0.628911257,-0.136335269,-0.032811627,0.034527637,-0.06674096,-0.018368624,0.170177668,0.068162002,-0.05163281,0.084443688,0.097986944,-0.117675878,0.255438119,-0.123152852,-0.16090408,-0.036663011,0.021132194,0.149862826,0.052038733,-0.101604953,-0.027629968,-0.092588939,0.021072159,-0.05844412,0.117377147,0.04088011,0.025249027,0.002709072,0.101690158,-0.085346349,0.00452064,-0.007445592,-0.102909781
E:\Project\Fake News Detection\images\fake\870.jpg,fake,train,0.722119451,0.768541455,0.22070311,0.078709275,0.087978363,0.169705644,-0.085046105,-0.290809631,0.04855242,0.217180163,0.123210028,-0.076774605,0.044954792,-0.052058645,0.090221412,-0.06842649,0.031863667,0.053485461,0.065453768,-0.113169052,-0.094238445,-0.006891262,-0.050328087,-0.095873475,0.103980243,0.066483982,0.022834819,-0.006638322,0.040271576,-0.025122764,-0.028712191,-0.046108551,-0.033260982,-0.025342006
E:\Project\Fake News Detection\images\fake\875.jpg,fake,train,0.719514847,0.756626606,0.072356038,-0.063337848,0.128960103,0.077603951,0.012698812,0.092921831,0.04645953,-0.014697158,0.042253256,-0.053026009,0.051609963,0.085771516,-0.090328775,-0.119108453,-0.134335503,0.018561227,0.115232654,0.022236455,0.106315263,0.019405471,0.002133911,-0.120831907,0.013896291,-0.035255436,-0.000633534,-0.093341857,-0.039378513,0.014331723,-0.021782348,0.011377859,-0.09607432,0.008738223
E:\Project\Fake News Detection\images\fake\88.jpg,fake,test,0.56141293,0.588318348,-0.282715112,0.082872361,0.137350544,0.060304761,-0.052621182,-0.191101879,-0.093176097,0.055693455,0.098879978,0.119870648,-0.102198914,0.120294206,-0.138950482,0.059112974,0.044750534,-0.003367804,0.090191126,0.062432125,-0.120237716,0.040648226,-0.031797167,-0.020059533,-0.103937104,0.048313513,-0.080736414,-0.05050163,0.088746391,-0.178146422,0.049337685,-0.095814459,0.149829209,0.06152257
E:\Project\Fake News Detection\images\fake\882.jpg,fake,train,0.585483789,0.596999764,-0.02538058,0.002681121,-0.011394246,-0.064473353,0.047681961,0.056736115,0.037046105,-0.071602866,0.092184402,0.026900843,-0.020395139,0.080096133,-0.065690227,-0.10843347,0.000354282,0.118761294,0.140525967,0.115996368,0.01323891,0.069085039,-0.049895003,-0.09865135,-0.138163939,-0.020169789,-0.09509217,-0.104057103,0.034656044,0.027885124,0.069173172,0.035924148,-0.083608262,-0.09526132
E:\Project\Fake News Detection\images\fake\885.jpg,fake,test,0.868484378,0.962245762,0.050916478,-0.090038501,-0.282713979,-0.166384563,0.081320226,-0.117057741,0.040183954,0.174049839,0.009077569,-0.082376987,-0.055113502,0.195919871,0.154873818,-0.111029208,0.016050026,0.038892366,-0.114515692,-0.030645087,-0.004152156,-0.077575818,-0.077957481,-0.053653046,-0.002071649,0.139138311,0.01281938,0.048262157,0.121105783,-0.071277723,-0.089200139,-0.050347019,-0.067918815,-0.062237255
E:\Project\Fake News Detection\images\fake\895.jpg,fake,train,0.760371566,0.854025185,-0.038456045,-0.058224976,-0.029459866,-0.006423329,0.314336002,-0.063634396,0.077880315,-0.024832536,0.022114864,0.092192203,-0.118072279,-0.159590572,0.095589779,0.101956934,-0.061602715,-0.008604926,-0.036390346,0.019904168,-0.010911874,-0.128489703,0.041223813,-0.021165039,-0.035154864,0.024071679,0.033823002,-0.191308647,-0.013869858,-0.127258673,0.132902682,0.09170498,0.114581585,0.048301626
E:\Project\Fake News Detection\images\fake\90.jpg,fake,train,0.745448947,0.767679513,0.027610788,-0.116637386,-0.073474213,0.208666429,-0.00889683,0.087003782,-0.11496222,-0.099384494,-0.379888505,-0.108725108,0.064869873,0.027160419,-0.019939948,-0.017130006,-0.041219138,-0.090142779,0.150293022,-0.02237531,0.016832104,-0.127295718,0.027941648,-0.097172283,-0.00861582,0.098615289,-0.000378202,-0.094139993,0.067641221,0.035476044,-0.018038316,-0.028863069,-0.006579288,0.000782751
E:\Project\Fake News Detection\images\fake\907.jpg,fake,train,1,1,0.139076427,-0.260736346,-0.391322047,-0.284886152,0.071233742,0.027983323,0.059572887,0.104333647,0.054903753,0.130119473,0.031385265,0.021851093,-0.050032098,0.015770501,0.03414464,-0.050538812,-0.014661006,0.083717898,0.089406841,0.030575434,0.018547222,-0.000533376,0.059861388,0.008475164,-0.036444467,-0.009990682,-0.021242337,0.021776455,-0.038204782,-0.026845595,-0.015056883,-0.05796605
E:\Project\Fake News Detection\images\fake\908.jpg,fake,train,0.785972297,0.850696504,-0.296252996,-0.18929714,0.19022584,0.204631299,-0.055290077,0.13699393,-0.04186561,-0.187838092,0.15146406,0.093171291,-0.115844876,0.136923298,-0.149999663,-0.051943392,-0.137087241,-0.110051781,0.046856623,0.066631421,-0.003871083,0.0606854,0.060687959,0.068435222,-0.09956938,0.152569547,-0.02932669,0.071724176,0.054536313,-0.032016281,-0.05206272,-0.056981348,-0.011267873,0.038781617
E:\Project\Fake News Detection\images\fake\921.jpg,fake,train,0.62071687,0.68640101,-0.174630642,0.130840927,0.133148149,-0.135012746,0.001407653,-0.096639201,-0.013849957,-0.014540112,0.133787066,0.002959146,0.095505066,0.103344478,-0.311950386,-0.167568922,0.076427363,0.132595494,-0.061662856,-0.04068606,-0.013504938,-0.120947666,-0.005936039,-0.006410792,0.002409064,0.019195147,0.138899028,0.002348394,0.041269813,0.09539821,-0.068851613,0.059938002,0.02845438,-0.023922076
E:\Project\Fake News Detection\images\fake\925.jpg,fake,train,0.783990562,0.839452744,-0.069608159,0.31544742,-0.265623331,0.034312222,-0.003135124,0.16438587,-0.057152066,-0.044784114,-0.263728529,0.006716981,0.076605454,0.089394405,-0.006684906,-0.035512093,-0.135420501,-0.052976839,0.198734537,-0.06706465,-0.031791341,-0.178176105,-0.045317251,-0.069802202,0.010015909,0.081990048,-0.052533343,-0.021109836,-0.005186952,-0.04555456,0.034061927,-0.054966077,0.039280169,0.005737813
E:\Project\Fake News Detection\images\fake\928.jpg,fake,train,0.717236102,0.74532032,-0.117628992,-0.061726049,0.019820226,0.114763595,0.077828437,-0.050248891,-0.065445654,0.018569173,0.000787666,0.18822673,-0.19470726,0.182228357,-0.067548826,0.188555688,0.094834425,0.066213094,0.09652146,0.067332208,-0.095433444,0.138062119,0.043274596,0.00635838,-0.002838299,0.112412848,-0.133741587,-0.052397668,0.109221101,-0.075077087,0.096753418,-0.006065995,-0.059000269,0.078518443
E:\Project\Fake News Detection\images\fake\931.jpg,fake,train,0.633639216,0.677937031,-0.018735847,0.192267463,-0.329413116,0.030952362,0.165609002,-0.043489214,0.084150337,-0.238112494,0.122132428,-0.181267768,-0.027895121,-0.031869516,-0.093711324,-0.196278408,0.132537529,0.009273455,0.052635707,-0.091867499,-0.025255928,0.011242887,-0.051706661,0.020649042,-0.026783071,-0.03843496,0.035638064,0.152695149,0.009554723,-0.028043749,-8.73E-05,-0.002934423,-0.032371782,0.000410169
E:\Project\Fake News Detection\images\fake\933.jpg,fake,train,0.638468027,0.683399916,0.108439632,0.13901116,-0.093481898,0.130784109,-0.017303588,-0.153938249,0.008555837,-0.009356641,-0.072705261,-0.042660993,0.010341136,0.006284054,0.038150471,-0.072254747,-0.042075183,-0.145045608,-0.043081321,0.047301009,0.056479152,-0.018918822,-0.018882426,-0.065265119,-0.014632847,-0.043648575,0.083511233,-0.079694524,0.031185253,0.003218854,0.011420014,-0.034683034,-0.012169112,-0.021416966
E:\Project\Fake News Detection\images\fake\954.jpg,fake,test,0.85795176,0.97951293,0.155886263,-0.185840219,-0.350082308,-0.260332346,0.08819668,0.044336833,0.073229507,0.093817726,0.037926055,0.070857145,0.103684485,0.065655671,-0.105621167,0.012568664,0.071633399,0.036221363,-0.014751796,0.095393315,0.10475111,0.038233068,0.045317262,-0.010317385,-0.059116319,-0.007400751,0.008807652,0.149904162,-0.059947751,0.052759618,-0.044391572,-0.011516636,0.066517688,-0.071055673
E:\Project\Fake News Detection\images\fake\957.jpg,fake,train,0.693008304,0.755973339,0.250199854,0.191472188,0.050807007,0.008382242,-0.000169232,-0.131603912,-0.072107933,-0.03303108,-0.111518815,0.022402983,0.033224367,0.032633878,0.015865702,-0.008822875,-0.090063326,0.040201414,-0.038808357,0.123048991,-0.035716742,0.051573429,0.129534751,-0.033099223,0.119339697,-9.72E-05,-0.07230249,0.004765036,-0.011045931,-0.012446739,0.200914249,-0.016965918,-0.077879384,-0.033052292
E:\Project\Fake News Detection\images\fake\96.jpg,fake,train,0.762723148,0.878879786,0.072368421,0.076576255,-0.135185301,-0.061781134,-0.093138337,-0.071487203,-0.216434792,0.068306856,-0.027907787,-0.091719098,-0.100662358,0.013854318,0.259576499,-0.066605844,0.041336574,-0.050800823,0.256121844,0.05507046,-0.13274613,0.103655629,0.05379058,-0.009674865,0.019961119,-0.172370091,-0.018959289,-0.186287612,-0.13880384,0.024302691,-0.00727703,-0.035950217,0.122907981,0.122997694
E:\Project\Fake News Detection\images\fake\975.jpg,fake,train,0.740134537,0.871857703,0.175885588,0.055415217,0.074896112,-0.049084522,0.064166375,-0.198141232,0.018076517,-0.156617194,0.017461888,-0.125504732,0.132433861,-0.021846965,-0.154658213,-0.224607795,0.19762291,0.075744733,0.117178589,0.004345792,-0.086199105,-0.134025156,0.054917283,0.020756178,0.168753117,-0.007051728,0.004892521,0.052400701,-0.029462561,-0.017418357,-0.088339537,-0.119958065,-0.087012373,0.196629167
E:\Project\Fake News Detection\images\fake\977.jpg,fake,test,0.704100549,0.811927617,-0.114452519,7.40E-05,-0.230023831,0.033653855,0.195339754,0.251841426,0.062595621,-0.165713876,-0.029977862,-0.023968799,-0.065040298,-0.065661997,0.042924073,0.062768221,-0.126480654,-0.046780959,0.029346934,-0.115047403,-0.167212009,0.075424954,-0.046492103,-0.008526646,0.048443854,-0.059414878,-0.004457348,-0.049731582,0.031663887,-0.0306063,0.018764671,-0.060402133,-0.085993059,-0.101348989
E:\Project\Fake News Detection\images\fake\984.jpg,fake,train,0.869701266,0.869701266,0.10697823,-0.203589365,-0.330743164,-0.232641369,0.051034786,0.04689116,0.069003634,0.056798868,0.039874457,0.128763318,0.016735928,0.031077912,-0.033939309,0.010974837,0.02209571,-0.019941332,-0.001790212,0.123408593,0.028276874,0.016628386,0.012343382,-0.016292332,0.050064929,-0.015551586,-0.041133065,-0.008770754,0.020766417,0.034460176,-0.070699535,0.016962491,-0.021833016,-0.076536693
E:\Project\Fake News Detection\images\fake\985.jpg,fake,train,0.756975174,0.766384721,0.092091925,-0.298770845,0.080137022,-0.259811342,0.204606444,0.056827489,0.099148408,-0.10308402,0.031848837,0.149179325,0.035092402,-0.191694781,-0.037662178,-0.011239697,-0.146480918,-0.05114628,-0.012254078,-0.020768445,-0.126708671,-0.056001447,0.024118124,0.026280371,0.00044281,-0.004420199,-0.04375498,-0.019950185,0.016316036,0.03232339,0.059904508,0.082214423,0.011414352,0.091411792
E:\Project\Fake News Detection\images\fake\990.jpg,fake,train,0.766405165,0.855237067,0.148126081,0.082981199,0.079964571,0.246688187,0.034364242,-0.275670409,0.015108319,0.273290753,0.103679836,0.077134304,-0.04147784,0.025514601,-0.123311527,0.055952832,0.024584191,-0.08608067,0.027900554,-0.083227262,0.008206828,0.049933176,0.008951677,0.05786052,0.11266356,-0.02640754,0.05358927,0.00279798,0.106339253,0.002822369,-0.001027438,-0.034958161,0.015079786,0.06593705
