image_path,file_size_bytes,width,height,aspect_ratio,megapixels,format,mode,has_exif,exif_software,error,label
E:\Project\Fake News Detection\images\real\1004.jpeg,133000,995,560,1.776785714,0.5572,JPEG,RGB,FALSE,none,,real
E:\Project\Fake News Detection\images\real\1005.jpg,64783,995,560,1.776785714,0.5572,JPEG,RGB,FALSE,none,,real
E:\Project\Fake News Detection\images\real\1011.jpg,128156,995,560,1.776785714,0.5572,JPEG,RGB,FALSE,none,,real
E:\Project\Fake News Detection\images\real\1018.jpg,56352,995,560,1.776785714,0.5572,JPEG,RGB,FALSE,none,,real
E:\Project\Fake News Detection\images\real\1021.jpg,68876,995,560,1.776785714,0.5572,JPEG,RGB,FALSE,none,,real
E:\Project\Fake News Detection\images\real\1023.jpg,67753,995,560,1.776785714,0.5572,JPEG,RGB,FALSE,none,,real
E:\Project\Fake News Detection\images\real\1028.jpg,50896,995,560,1.776785714,0.5572,JPEG,RGB,FALSE,none,,real
E:\Project\Fake News Detection\images\real\1048.png,75815,995,560,1.776785714,0.5572,JPEG,RGB,FALSE,none,,real
E:\Project\Fake News Detection\images\real\1051.png,42783,995,560,1.776785714,0.5572,JPEG,RGB,FALSE,none,,real
E:\Project\Fake News Detection\images\real\1059.png,44886,995,560,1.776785714,0.5572,JPEG,RGB,FALSE,none,,real
E:\Project\Fake News Detection\images\real\1060.png,47818,995,560,1.776785714,0.5572,JPEG,RGB,FALSE,none,,real
E:\Project\Fake News Detection\images\real\1061.png,59566,995,560,1.776785714,0.5572,JPEG,RGB,FALSE,none,,real
E:\Project\Fake News Detection\images\real\1086.jpg,49448,995,560,1.776785714,0.5572,JPEG,RGB,FALSE,none,,real
E:\Project\Fake News Detection\images\real\1091.jpg,64106,995,560,1.776785714,0.5572,JPEG,RGB,FALSE,none,,real
E:\Project\Fake News Detection\images\real\1099.jpg,71287,995,560,1.776785714,0.5572,JPEG,RGB,FALSE,none,,real
E:\Project\Fake News Detection\images\real\1119.jpg,129790,995,560,1.776785714,0.5572,JPEG,RGB,FALSE,none,,real
E:\Project\Fake News Detection\images\real\1126.jpg,77922,995,560,1.776785714,0.5572,JPEG,RGB,FALSE,none,,real
E:\Project\Fake News Detection\images\real\1128.jpg,48773,995,560,1.776785714,0.5572,JPEG,RGB,FALSE,none,,real
E:\Project\Fake News Detection\images\real\1129.jpg,56674,995,560,1.776785714,0.5572,JPEG,RGB,FALSE,none,,real
E:\Project\Fake News Detection\images\real\1132.jpg,75903,995,560,1.776785714,0.5572,JPEG,RGB,FALSE,none,,real
E:\Project\Fake News Detection\images\real\1133.jpg,26546,995,560,1.776785714,0.5572,JPEG,RGB,FALSE,none,,real
E:\Project\Fake News Detection\images\real\1135.jpg,57364,995,560,1.776785714,0.5572,JPEG,RGB,FALSE,none,,real
E:\Project\Fake News Detection\images\real\1136.jpg,88105,995,560,1.776785714,0.5572,JPEG,RGB,FALSE,none,,real
E:\Project\Fake News Detection\images\real\115.jpg,161619,800,420,1.904761905,0.336,JPEG,RGB,TRUE,Android UP1A.231005.007.E135FXXSDEZB1,,real
E:\Project\Fake News Detection\images\real\1157.jpg,145371,995,560,1.776785714,0.5572,JPEG,RGB,FALSE,none,,real
E:\Project\Fake News Detection\images\real\1183.jpg,136106,995,560,1.776785714,0.5572,JPEG,RGB,FALSE,none,,real
E:\Project\Fake News Detection\images\real\1193.jpg,122869,995,560,1.776785714,0.5572,JPEG,RGB,FALSE,none,,real
E:\Project\Fake News Detection\images\real\1194.jpg,61567,995,560,1.776785714,0.5572,JPEG,RGB,FALSE,none,,real
E:\Project\Fake News Detection\images\real\1199.jpg,79267,995,560,1.776785714,0.5572,JPEG,RGB,FALSE,none,,real
E:\Project\Fake News Detection\images\real\1201.jpg,70071,995,560,1.776785714,0.5572,JPEG,RGB,FALSE,none,,real
E:\Project\Fake News Detection\images\real\1203.jpg,57066,995,560,1.776785714,0.5572,JPEG,RGB,FALSE,none,,real
E:\Project\Fake News Detection\images\real\1204.jpg,77389,995,560,1.776785714,0.5572,JPEG,RGB,FALSE,none,,real
E:\Project\Fake News Detection\images\real\1209.jpg,65377,995,560,1.776785714,0.5572,JPEG,RGB,FALSE,none,,real
E:\Project\Fake News Detection\images\real\1214.jpg,96598,995,560,1.776785714,0.5572,JPEG,RGB,FALSE,none,,real
E:\Project\Fake News Detection\images\real\1221.jpg,58961,995,560,1.776785714,0.5572,JPEG,RGB,FALSE,none,,real
E:\Project\Fake News Detection\images\real\1227.jpg,61094,995,560,1.776785714,0.5572,JPEG,RGB,FALSE,none,,real
E:\Project\Fake News Detection\images\real\1237.jpg,76439,995,560,1.776785714,0.5572,JPEG,RGB,FALSE,none,,real
E:\Project\Fake News Detection\images\real\1239.jpg,132154,995,560,1.776785714,0.5572,JPEG,RGB,FALSE,none,,real
E:\Project\Fake News Detection\images\real\1259.jpg,39613,995,560,1.776785714,0.5572,JPEG,RGB,FALSE,none,,real
E:\Project\Fake News Detection\images\real\1264.jpg,40415,995,560,1.776785714,0.5572,JPEG,RGB,FALSE,none,,real
E:\Project\Fake News Detection\images\real\1285.jpg,137737,995,560,1.776785714,0.5572,JPEG,RGB,FALSE,none,,real
E:\Project\Fake News Detection\images\real\129.jpg,180414,800,420,1.904761905,0.336,JPEG,RGB,TRUE,Adobe Photoshop 21.2 (Windows),,real
E:\Project\Fake News Detection\images\real\1293.jpg,98805,995,560,1.776785714,0.5572,JPEG,RGB,FALSE,none,,real
E:\Project\Fake News Detection\images\real\13.jpg,181091,800,420,1.904761905,0.336,JPEG,RGB,TRUE,none,,real
E:\Project\Fake News Detection\images\real\1301.jpg,80197,995,560,1.776785714,0.5572,JPEG,RGB,FALSE,none,,real
E:\Project\Fake News Detection\images\real\1311.jpg,128294,995,560,1.776785714,0.5572,JPEG,RGB,FALSE,none,,real
E:\Project\Fake News Detection\images\real\1312.jpg,113344,995,560,1.776785714,0.5572,JPEG,RGB,FALSE,none,,real
E:\Project\Fake News Detection\images\real\1321.jpg,56548,995,560,1.776785714,0.5572,JPEG,RGB,FALSE,none,,real
E:\Project\Fake News Detection\images\real\1327.jpg,62315,995,560,1.776785714,0.5572,JPEG,RGB,FALSE,none,,real
E:\Project\Fake News Detection\images\real\134.jpg,117322,800,420,1.904761905,0.336,JPEG,RGB,TRUE,none,,real
E:\Project\Fake News Detection\images\real\1343.jpg,99971,995,560,1.776785714,0.5572,JPEG,RGB,FALSE,none,,real
E:\Project\Fake News Detection\images\real\1347.jpg,104402,995,560,1.776785714,0.5572,JPEG,RGB,FALSE,none,,real
E:\Project\Fake News Detection\images\real\1349.jpg,87861,995,560,1.776785714,0.5572,JPEG,RGB,FALSE,none,,real
E:\Project\Fake News Detection\images\real\1350.jpg,114643,995,560,1.776785714,0.5572,JPEG,RGB,FALSE,none,,real
E:\Project\Fake News Detection\images\real\1352.jpg,75500,995,560,1.776785714,0.5572,JPEG,RGB,FALSE,none,,real
E:\Project\Fake News Detection\images\real\1372.jpg,112786,995,560,1.776785714,0.5572,JPEG,RGB,FALSE,none,,real
E:\Project\Fake News Detection\images\real\1375.jpg,51764,995,560,1.776785714,0.5572,JPEG,RGB,FALSE,none,,real
E:\Project\Fake News Detection\images\real\1381.jpg,110516,995,560,1.776785714,0.5572,JPEG,RGB,FALSE,none,,real
E:\Project\Fake News Detection\images\real\1387.jpg,121124,995,560,1.776785714,0.5572,JPEG,RGB,FALSE,none,,real
E:\Project\Fake News Detection\images\real\139.jpg,65439,800,420,1.904761905,0.336,JPEG,RGB,TRUE,none,,real
E:\Project\Fake News Detection\images\real\1402.jpg,103253,995,560,1.776785714,0.5572,JPEG,RGB,FALSE,none,,real
E:\Project\Fake News Detection\images\real\1404.jpg,61312,995,560,1.776785714,0.5572,JPEG,RGB,FALSE,none,,real
E:\Project\Fake News Detection\images\real\1408.jpg,59616,995,560,1.776785714,0.5572,JPEG,RGB,FALSE,none,,real
E:\Project\Fake News Detection\images\real\1415.jpg,58939,995,560,1.776785714,0.5572,JPEG,RGB,FALSE,none,,real
E:\Project\Fake News Detection\images\real\1434.jpg,73408,995,560,1.776785714,0.5572,JPEG,RGB,FALSE,none,,real
E:\Project\Fake News Detection\images\real\1437.jpg,113049,995,560,1.776785714,0.5572,JPEG,RGB,FALSE,none,,real
E:\Project\Fake News Detection\images\real\1445.jpg,90860,995,560,1.776785714,0.5572,JPEG,RGB,FALSE,none,,real
E:\Project\Fake News Detection\images\real\1448.jpg,52849,995,560,1.776785714,0.5572,JPEG,RGB,FALSE,none,,real
E:\Project\Fake News Detection\images\real\1456.jpg,45424,995,560,1.776785714,0.5572,JPEG,RGB,FALSE,none,,real
E:\Project\Fake News Detection\images\real\1459.jpg,62024,995,560,1.776785714,0.5572,JPEG,RGB,FALSE,none,,real
E:\Project\Fake News Detection\images\real\1471.jpg,58663,995,560,1.776785714,0.5572,JPEG,RGB,FALSE,none,,real
E:\Project\Fake News Detection\images\real\1472.jpg,60954,995,560,1.776785714,0.5572,JPEG,RGB,FALSE,none,,real
E:\Project\Fake News Detection\images\real\1475.jpg,97282,995,560,1.776785714,0.5572,JPEG,RGB,FALSE,none,,real
E:\Project\Fake News Detection\images\real\1478.jpg,149822,995,560,1.776785714,0.5572,JPEG,RGB,FALSE,none,,real
E:\Project\Fake News Detection\images\real\148.jpeg,128953,800,420,1.904761905,0.336,JPEG,RGB,FALSE,none,,real
E:\Project\Fake News Detection\images\real\1485.jpg,71134,995,560,1.776785714,0.5572,JPEG,RGB,FALSE,none,,real
E:\Project\Fake News Detection\images\real\1488.jpg,74237,995,560,1.776785714,0.5572,JPEG,RGB,FALSE,none,,real
E:\Project\Fake News Detection\images\real\149.jpg,123089,800,420,1.904761905,0.336,JPEG,RGB,TRUE,none,,real
E:\Project\Fake News Detection\images\real\1493.jpg,98362,995,560,1.776785714,0.5572,JPEG,RGB,FALSE,none,,real
E:\Project\Fake News Detection\images\real\1495.jpg,79368,995,560,1.776785714,0.5572,JPEG,RGB,FALSE,none,,real
E:\Project\Fake News Detection\images\real\1498.jpg,64150,995,560,1.776785714,0.5572,JPEG,RGB,FALSE,none,,real
E:\Project\Fake News Detection\images\real\1514.jpg,84139,995,560,1.776785714,0.5572,JPEG,RGB,FALSE,none,,real
E:\Project\Fake News Detection\images\real\1516.jpg,86125,995,560,1.776785714,0.5572,JPEG,RGB,FALSE,none,,real
E:\Project\Fake News Detection\images\real\1521.jpg,52101,995,560,1.776785714,0.5572,JPEG,RGB,FALSE,none,,real
E:\Project\Fake News Detection\images\real\1536.jpg,66090,995,560,1.776785714,0.5572,JPEG,RGB,FALSE,none,,real
E:\Project\Fake News Detection\images\real\1556.jpg,139901,995,560,1.776785714,0.5572,JPEG,RGB,FALSE,none,,real
E:\Project\Fake News Detection\images\real\1566.jpg,99861,995,560,1.776785714,0.5572,JPEG,RGB,FALSE,none,,real
E:\Project\Fake News Detection\images\real\1569.jpg,119015,995,560,1.776785714,0.5572,JPEG,RGB,FALSE,none,,real
E:\Project\Fake News Detection\images\real\1578.jpg,80456,995,560,1.776785714,0.5572,JPEG,RGB,FALSE,none,,real
E:\Project\Fake News Detection\images\real\1585.jpg,53278,995,560,1.776785714,0.5572,JPEG,RGB,FALSE,none,,real
E:\Project\Fake News Detection\images\real\1586.jpg,95405,995,560,1.776785714,0.5572,JPEG,RGB,FALSE,none,,real
E:\Project\Fake News Detection\images\real\160.jpg,86783,800,420,1.904761905,0.336,JPEG,RGB,TRUE,none,,real
E:\Project\Fake News Detection\images\real\1604.jpg,90085,995,560,1.776785714,0.5572,JPEG,RGB,FALSE,none,,real
E:\Project\Fake News Detection\images\real\1608.jpg,104526,995,560,1.776785714,0.5572,JPEG,RGB,FALSE,none,,real
E:\Project\Fake News Detection\images\real\1620.jpg,105868,995,560,1.776785714,0.5572,JPEG,RGB,FALSE,none,,real
E:\Project\Fake News Detection\images\real\1622.jpg,72199,995,560,1.776785714,0.5572,JPEG,RGB,FALSE,none,,real
E:\Project\Fake News Detection\images\real\1628.jpg,92001,995,560,1.776785714,0.5572,JPEG,RGB,FALSE,none,,real
E:\Project\Fake News Detection\images\real\1632.jpg,44770,995,560,1.776785714,0.5572,JPEG,RGB,FALSE,none,,real
E:\Project\Fake News Detection\images\real\1634.jpg,55810,995,560,1.776785714,0.5572,JPEG,RGB,FALSE,none,,real
E:\Project\Fake News Detection\images\real\1640.jpg,48091,995,560,1.776785714,0.5572,JPEG,RGB,FALSE,none,,real
E:\Project\Fake News Detection\images\real\1642.jpg,94948,995,560,1.776785714,0.5572,JPEG,RGB,FALSE,none,,real
E:\Project\Fake News Detection\images\real\1666.jpg,107262,995,560,1.776785714,0.5572,JPEG,RGB,FALSE,none,,real
E:\Project\Fake News Detection\images\real\167.jpg,96848,800,420,1.904761905,0.336,JPEG,RGB,TRUE,none,,real
E:\Project\Fake News Detection\images\real\1678.jpg,65501,995,560,1.776785714,0.5572,JPEG,RGB,FALSE,none,,real
E:\Project\Fake News Detection\images\real\1679.jpg,73056,995,560,1.776785714,0.5572,JPEG,RGB,FALSE,none,,real
E:\Project\Fake News Detection\images\real\168.jpeg,65593,800,420,1.904761905,0.336,JPEG,RGB,FALSE,none,,real
E:\Project\Fake News Detection\images\real\1688.jpg,73779,995,560,1.776785714,0.5572,JPEG,RGB,FALSE,none,,real
E:\Project\Fake News Detection\images\real\169.jpg,52523,800,420,1.904761905,0.336,JPEG,RGB,TRUE,Adobe Photoshop 24.7 (Windows),,real
E:\Project\Fake News Detection\images\real\1693.jpg,82174,995,560,1.776785714,0.5572,JPEG,RGB,FALSE,none,,real
E:\Project\Fake News Detection\images\real\1697.jpg,88393,995,560,1.776785714,0.5572,JPEG,RGB,FALSE,none,,real
E:\Project\Fake News Detection\images\real\1701.jpg,177000,995,560,1.776785714,0.5572,JPEG,RGB,FALSE,none,,real
E:\Project\Fake News Detection\images\real\1706.jpg,48716,995,560,1.776785714,0.5572,JPEG,RGB,FALSE,none,,real
E:\Project\Fake News Detection\images\real\1715.jpg,57500,995,560,1.776785714,0.5572,JPEG,RGB,FALSE,none,,real
E:\Project\Fake News Detection\images\real\1727.jpg,56562,995,560,1.776785714,0.5572,JPEG,RGB,FALSE,none,,real
E:\Project\Fake News Detection\images\real\173.jpg,68143,800,420,1.904761905,0.336,JPEG,RGB,TRUE,none,,real
E:\Project\Fake News Detection\images\real\1731.jpg,85188,995,560,1.776785714,0.5572,JPEG,RGB,FALSE,none,,real
E:\Project\Fake News Detection\images\real\1745.jpg,65899,995,560,1.776785714,0.5572,JPEG,RGB,FALSE,none,,real
E:\Project\Fake News Detection\images\real\1749.jpg,70882,995,560,1.776785714,0.5572,JPEG,RGB,FALSE,none,,real
E:\Project\Fake News Detection\images\real\1767.jpg,66397,800,420,1.904761905,0.336,JPEG,RGB,FALSE,none,,real
E:\Project\Fake News Detection\images\real\1787.jpg,135536,800,420,1.904761905,0.336,JPEG,RGB,FALSE,none,,real
E:\Project\Fake News Detection\images\real\180.jpg,116162,800,420,1.904761905,0.336,JPEG,RGB,TRUE,none,,real
E:\Project\Fake News Detection\images\real\1800.jpg,75101,800,420,1.904761905,0.336,JPEG,RGB,FALSE,none,,real
E:\Project\Fake News Detection\images\real\1806.jpg,125046,800,420,1.904761905,0.336,JPEG,RGB,FALSE,none,,real
E:\Project\Fake News Detection\images\real\1807.jpg,66913,800,420,1.904761905,0.336,JPEG,RGB,FALSE,none,,real
E:\Project\Fake News Detection\images\real\1810.jpg,54840,800,420,1.904761905,0.336,JPEG,RGB,FALSE,none,,real
E:\Project\Fake News Detection\images\real\1817.jpg,22248,800,420,1.904761905,0.336,JPEG,RGB,FALSE,none,,real
E:\Project\Fake News Detection\images\real\1818.jpg,97847,800,420,1.904761905,0.336,JPEG,RGB,FALSE,none,,real
E:\Project\Fake News Detection\images\real\1824.jpg,93927,800,420,1.904761905,0.336,JPEG,RGB,FALSE,none,,real
E:\Project\Fake News Detection\images\real\1825.jpg,70071,800,420,1.904761905,0.336,JPEG,RGB,FALSE,none,,real
E:\Project\Fake News Detection\images\real\1829.jpg,88113,800,420,1.904761905,0.336,JPEG,RGB,FALSE,none,,real
E:\Project\Fake News Detection\images\real\1841.jpg,65587,800,420,1.904761905,0.336,JPEG,RGB,FALSE,none,,real
E:\Project\Fake News Detection\images\real\1848.jpg,107050,800,420,1.904761905,0.336,JPEG,RGB,FALSE,none,,real
E:\Project\Fake News Detection\images\real\1850.jpg,152515,800,420,1.904761905,0.336,JPEG,RGB,FALSE,none,,real
E:\Project\Fake News Detection\images\real\1853.jpg,88559,800,420,1.904761905,0.336,JPEG,RGB,FALSE,none,,real
E:\Project\Fake News Detection\images\real\1857.jpg,39643,800,420,1.904761905,0.336,JPEG,RGB,FALSE,none,,real
E:\Project\Fake News Detection\images\real\1859.jpg,97542,800,420,1.904761905,0.336,JPEG,RGB,FALSE,none,,real
E:\Project\Fake News Detection\images\real\1861.jpg,114750,800,420,1.904761905,0.336,JPEG,RGB,FALSE,none,,real
E:\Project\Fake News Detection\images\real\1872.jpg,124643,800,420,1.904761905,0.336,JPEG,RGB,FALSE,none,,real
E:\Project\Fake News Detection\images\real\1907.jpg,39325,800,420,1.904761905,0.336,JPEG,RGB,FALSE,none,,real
E:\Project\Fake News Detection\images\real\1925.jpg,121647,800,420,1.904761905,0.336,JPEG,RGB,FALSE,none,,real
E:\Project\Fake News Detection\images\real\1930.jpg,58863,800,420,1.904761905,0.336,JPEG,RGB,FALSE,none,,real
E:\Project\Fake News Detection\images\real\1933.jpg,85712,800,420,1.904761905,0.336,JPEG,RGB,FALSE,none,,real
E:\Project\Fake News Detection\images\real\1959.jpg,72480,800,420,1.904761905,0.336,JPEG,RGB,FALSE,none,,real
E:\Project\Fake News Detection\images\real\1965.jpg,97299,800,420,1.904761905,0.336,JPEG,RGB,FALSE,none,,real
E:\Project\Fake News Detection\images\real\1979.jpg,87412,800,420,1.904761905,0.336,JPEG,RGB,FALSE,none,,real
E:\Project\Fake News Detection\images\real\1986.jpg,66852,800,420,1.904761905,0.336,JPEG,RGB,FALSE,none,,real
E:\Project\Fake News Detection\images\real\1988.jpg,43706,800,420,1.904761905,0.336,JPEG,RGB,FALSE,none,,real
E:\Project\Fake News Detection\images\real\1989.jpg,127564,800,420,1.904761905,0.336,JPEG,RGB,FALSE,none,,real
E:\Project\Fake News Detection\images\real\1990.jpg,140364,800,420,1.904761905,0.336,JPEG,RGB,FALSE,none,,real
E:\Project\Fake News Detection\images\real\2001.jpg,67292,800,420,1.904761905,0.336,JPEG,RGB,FALSE,none,,real
E:\Project\Fake News Detection\images\real\2014.jpg,83388,800,420,1.904761905,0.336,JPEG,RGB,FALSE,none,,real
E:\Project\Fake News Detection\images\real\2023.jpg,120801,800,420,1.904761905,0.336,JPEG,RGB,FALSE,none,,real
E:\Project\Fake News Detection\images\real\2025.jpg,64771,800,420,1.904761905,0.336,JPEG,RGB,FALSE,none,,real
E:\Project\Fake News Detection\images\real\203.jpg,62350,800,420,1.904761905,0.336,JPEG,RGB,TRUE,Adobe Photoshop CC 2019 (Windows),,real
E:\Project\Fake News Detection\images\real\2031.jpg,74676,800,420,1.904761905,0.336,JPEG,RGB,FALSE,none,,real
E:\Project\Fake News Detection\images\real\2034.jpg,156765,800,420,1.904761905,0.336,JPEG,RGB,FALSE,none,,real
E:\Project\Fake News Detection\images\real\2043.jpg,143024,800,420,1.904761905,0.336,JPEG,RGB,FALSE,none,,real
E:\Project\Fake News Detection\images\real\2047.jpg,130143,800,420,1.904761905,0.336,JPEG,RGB,FALSE,none,,real
E:\Project\Fake News Detection\images\real\2053.jpg,26352,800,420,1.904761905,0.336,JPEG,RGB,FALSE,none,,real
E:\Project\Fake News Detection\images\real\206.jpg,145453,800,420,1.904761905,0.336,JPEG,RGB,FALSE,none,,real
E:\Project\Fake News Detection\images\real\2067.jpg,143542,800,420,1.904761905,0.336,JPEG,RGB,FALSE,none,,real
E:\Project\Fake News Detection\images\real\2098.jpg,81636,800,420,1.904761905,0.336,JPEG,RGB,FALSE,none,,real
E:\Project\Fake News Detection\images\real\210.jpeg,127717,800,420,1.904761905,0.336,JPEG,RGB,TRUE,none,,real
E:\Project\Fake News Detection\images\real\2106.jpeg,46741,800,420,1.904761905,0.336,JPEG,RGB,FALSE,none,,real
E:\Project\Fake News Detection\images\real\2110.jpg,49377,800,420,1.904761905,0.336,JPEG,RGB,FALSE,none,,real
E:\Project\Fake News Detection\images\real\2118.jpg,67631,800,420,1.904761905,0.336,JPEG,RGB,FALSE,none,,real
E:\Project\Fake News Detection\images\real\2140.jpg,79545,800,420,1.904761905,0.336,JPEG,RGB,FALSE,none,,real
E:\Project\Fake News Detection\images\real\2147.jpg,128597,800,420,1.904761905,0.336,JPEG,RGB,FALSE,none,,real
E:\Project\Fake News Detection\images\real\2149.jpg,63507,800,420,1.904761905,0.336,JPEG,RGB,FALSE,none,,real
E:\Project\Fake News Detection\images\real\215.jpg,67113,800,420,1.904761905,0.336,JPEG,RGB,TRUE,Adobe Photoshop CC 2019 (Windows),,real
E:\Project\Fake News Detection\images\real\2161.jpg,187029,800,420,1.904761905,0.336,JPEG,RGB,FALSE,none,,real
E:\Project\Fake News Detection\images\real\2163.jpg,58405,800,420,1.904761905,0.336,JPEG,RGB,FALSE,none,,real
E:\Project\Fake News Detection\images\real\2166.jpg,135880,800,420,1.904761905,0.336,JPEG,RGB,FALSE,none,,real
E:\Project\Fake News Detection\images\real\2175.jpg,41776,800,420,1.904761905,0.336,JPEG,RGB,FALSE,none,,real
E:\Project\Fake News Detection\images\real\2178.jpg,68006,800,420,1.904761905,0.336,JPEG,RGB,FALSE,none,,real
E:\Project\Fake News Detection\images\real\218.jpg,171248,800,420,1.904761905,0.336,JPEG,RGB,TRUE,none,,real
E:\Project\Fake News Detection\images\real\219.jpeg,147561,800,420,1.904761905,0.336,JPEG,RGB,FALSE,none,,real
E:\Project\Fake News Detection\images\real\2190.jpg,64270,800,420,1.904761905,0.336,JPEG,RGB,FALSE,none,,real
E:\Project\Fake News Detection\images\real\2197.jpg,71134,800,420,1.904761905,0.336,JPEG,RGB,FALSE,none,,real
E:\Project\Fake News Detection\images\real\2200.jpg,158174,800,420,1.904761905,0.336,JPEG,RGB,FALSE,none,,real
E:\Project\Fake News Detection\images\real\2202.jpg,71651,800,420,1.904761905,0.336,JPEG,RGB,FALSE,none,,real
E:\Project\Fake News Detection\images\real\2212.jpg,128978,800,420,1.904761905,0.336,JPEG,RGB,FALSE,none,,real
E:\Project\Fake News Detection\images\real\2215.jpg,120273,800,420,1.904761905,0.336,JPEG,RGB,FALSE,none,,real
E:\Project\Fake News Detection\images\real\2231.jpg,65141,800,420,1.904761905,0.336,JPEG,RGB,FALSE,none,,real
E:\Project\Fake News Detection\images\real\2240.jpg,75603,800,420,1.904761905,0.336,JPEG,RGB,FALSE,none,,real
E:\Project\Fake News Detection\images\real\2256.jpg,75215,800,420,1.904761905,0.336,JPEG,RGB,FALSE,none,,real
E:\Project\Fake News Detection\images\real\2261.jpg,38561,800,420,1.904761905,0.336,JPEG,RGB,FALSE,none,,real
E:\Project\Fake News Detection\images\real\2269.jpg,82496,800,420,1.904761905,0.336,JPEG,RGB,FALSE,none,,real
E:\Project\Fake News Detection\images\real\2278.jpg,111675,800,420,1.904761905,0.336,JPEG,RGB,FALSE,none,,real
E:\Project\Fake News Detection\images\real\2283.jpg,55474,800,420,1.904761905,0.336,JPEG,RGB,FALSE,none,,real
E:\Project\Fake News Detection\images\real\229.jpg,85286,800,420,1.904761905,0.336,JPEG,RGB,TRUE,none,,real
E:\Project\Fake News Detection\images\real\2293.jpg,36658,800,420,1.904761905,0.336,JPEG,RGB,FALSE,none,,real
E:\Project\Fake News Detection\images\real\2319.jpg,125056,800,420,1.904761905,0.336,JPEG,RGB,FALSE,none,,real
E:\Project\Fake News Detection\images\real\2324.jpg,68869,800,420,1.904761905,0.336,JPEG,RGB,FALSE,none,,real
E:\Project\Fake News Detection\images\real\233.jpg,36908,800,420,1.904761905,0.336,JPEG,RGB,TRUE,Adobe Photoshop 24.7 (Windows),,real
E:\Project\Fake News Detection\images\real\2331.jpg,99714,800,420,1.904761905,0.336,JPEG,RGB,FALSE,none,,real
E:\Project\Fake News Detection\images\real\2332.jpg,55383,800,420,1.904761905,0.336,JPEG,RGB,FALSE,none,,real
E:\Project\Fake News Detection\images\real\2333.jpg,26014,800,420,1.904761905,0.336,JPEG,RGB,FALSE,none,,real
E:\Project\Fake News Detection\images\real\2344.jpg,120797,800,420,1.904761905,0.336,JPEG,RGB,FALSE,none,,real
E:\Project\Fake News Detection\images\real\2347.jpg,120273,800,420,1.904761905,0.336,JPEG,RGB,FALSE,none,,real
E:\Project\Fake News Detection\images\real\2350.jpg,104988,800,420,1.904761905,0.336,JPEG,RGB,FALSE,none,,real
E:\Project\Fake News Detection\images\real\2365.jpg,66584,800,420,1.904761905,0.336,JPEG,RGB,FALSE,none,,real
E:\Project\Fake News Detection\images\real\2366.jpg,82266,800,420,1.904761905,0.336,JPEG,RGB,FALSE,none,,real
E:\Project\Fake News Detection\images\real\2367.jpg,120273,800,420,1.904761905,0.336,JPEG,RGB,FALSE,none,,real
E:\Project\Fake News Detection\images\real\2369.jpg,120273,800,420,1.904761905,0.336,JPEG,RGB,FALSE,none,,real
E:\Project\Fake News Detection\images\real\2374.jpg,42645,800,420,1.904761905,0.336,JPEG,RGB,FALSE,none,,real
E:\Project\Fake News Detection\images\real\238.jpg,52010,800,420,1.904761905,0.336,JPEG,RGB,TRUE,Adobe Photoshop 24.7 (Windows),,real
E:\Project\Fake News Detection\images\real\2393.jpg,71125,800,420,1.904761905,0.336,JPEG,RGB,FALSE,none,,real
E:\Project\Fake News Detection\images\real\240.jpeg,111874,800,420,1.904761905,0.336,JPEG,RGB,FALSE,none,,real
E:\Project\Fake News Detection\images\real\2402.jpg,75651,800,420,1.904761905,0.336,JPEG,RGB,FALSE,none,,real
E:\Project\Fake News Detection\images\real\2408.jpg,94255,800,420,1.904761905,0.336,JPEG,RGB,FALSE,none,,real
E:\Project\Fake News Detection\images\real\2411.jpg,116026,800,420,1.904761905,0.336,JPEG,RGB,FALSE,none,,real
E:\Project\Fake News Detection\images\real\2415.jpg,107050,800,420,1.904761905,0.336,JPEG,RGB,FALSE,none,,real
E:\Project\Fake News Detection\images\real\2416.jpg,55733,800,420,1.904761905,0.336,JPEG,RGB,FALSE,none,,real
E:\Project\Fake News Detection\images\real\2417.jpg,111879,800,420,1.904761905,0.336,JPEG,RGB,FALSE,none,,real
E:\Project\Fake News Detection\images\real\2426.jpg,112328,800,420,1.904761905,0.336,JPEG,RGB,FALSE,none,,real
E:\Project\Fake News Detection\images\real\243.jpeg,71729,800,420,1.904761905,0.336,JPEG,RGB,FALSE,none,,real
E:\Project\Fake News Detection\images\real\2448.jpg,112490,800,420,1.904761905,0.336,JPEG,RGB,FALSE,none,,real
E:\Project\Fake News Detection\images\real\2449.jpg,84563,800,420,1.904761905,0.336,JPEG,RGB,FALSE,none,,real
E:\Project\Fake News Detection\images\real\2463.jpg,107190,800,420,1.904761905,0.336,JPEG,RGB,FALSE,none,,real
E:\Project\Fake News Detection\images\real\2464.jpg,110148,800,420,1.904761905,0.336,JPEG,RGB,FALSE,none,,real
E:\Project\Fake News Detection\images\real\247.jpg,118936,800,420,1.904761905,0.336,JPEG,RGB,TRUE,none,,real
E:\Project\Fake News Detection\images\real\2476.jpg,132158,800,420,1.904761905,0.336,JPEG,RGB,FALSE,none,,real
E:\Project\Fake News Detection\images\real\2479.jpg,85389,800,420,1.904761905,0.336,JPEG,RGB,FALSE,none,,real
E:\Project\Fake News Detection\images\real\2486.jpg,69384,800,420,1.904761905,0.336,JPEG,RGB,FALSE,none,,real
E:\Project\Fake News Detection\images\real\2487.jpg,69384,800,420,1.904761905,0.336,JPEG,RGB,FALSE,none,,real
E:\Project\Fake News Detection\images\real\2490.jpg,69384,800,420,1.904761905,0.336,JPEG,RGB,FALSE,none,,real
E:\Project\Fake News Detection\images\real\2495.jpg,47717,800,420,1.904761905,0.336,JPEG,RGB,FALSE,none,,real
E:\Project\Fake News Detection\images\real\2497.jpg,33437,800,420,1.904761905,0.336,JPEG,RGB,FALSE,none,,real
E:\Project\Fake News Detection\images\real\2498.jpg,99277,800,420,1.904761905,0.336,JPEG,RGB,FALSE,none,,real
E:\Project\Fake News Detection\images\real\25.jpg,177967,800,420,1.904761905,0.336,JPEG,RGB,FALSE,none,,real
E:\Project\Fake News Detection\images\real\2500.jpg,111232,800,420,1.904761905,0.336,JPEG,RGB,FALSE,none,,real
E:\Project\Fake News Detection\images\real\2509.jpg,176490,800,420,1.904761905,0.336,JPEG,RGB,FALSE,none,,real
E:\Project\Fake News Detection\images\real\2526.jpg,85786,800,420,1.904761905,0.336,JPEG,RGB,FALSE,none,,real
E:\Project\Fake News Detection\images\real\253.jpg,105260,800,420,1.904761905,0.336,JPEG,RGB,TRUE,Adobe Photoshop 24.7 (Windows),,real
E:\Project\Fake News Detection\images\real\2531.jpg,50549,800,420,1.904761905,0.336,JPEG,RGB,FALSE,none,,real
E:\Project\Fake News Detection\images\real\2533.jpg,155192,800,420,1.904761905,0.336,JPEG,RGB,FALSE,none,,real
E:\Project\Fake News Detection\images\real\2538.jpg,170002,800,420,1.904761905,0.336,JPEG,RGB,FALSE,none,,real
E:\Project\Fake News Detection\images\real\2540.jpg,67852,800,420,1.904761905,0.336,JPEG,RGB,FALSE,none,,real
E:\Project\Fake News Detection\images\real\2558.jpg,43933,800,420,1.904761905,0.336,JPEG,RGB,FALSE,none,,real
E:\Project\Fake News Detection\images\real\2563.jpg,57284,800,420,1.904761905,0.336,JPEG,RGB,FALSE,none,,real
E:\Project\Fake News Detection\images\real\2580.jpg,105023,800,420,1.904761905,0.336,JPEG,RGB,FALSE,none,,real
E:\Project\Fake News Detection\images\real\2581.jpg,208946,800,420,1.904761905,0.336,JPEG,RGB,FALSE,none,,real
E:\Project\Fake News Detection\images\real\2585.jpg,120273,800,420,1.904761905,0.336,JPEG,RGB,FALSE,none,,real
E:\Project\Fake News Detection\images\real\2587.jpg,82266,800,420,1.904761905,0.336,JPEG,RGB,FALSE,none,,real
E:\Project\Fake News Detection\images\real\2588.jpg,120273,800,420,1.904761905,0.336,JPEG,RGB,FALSE,none,,real
E:\Project\Fake News Detection\images\real\26.jpeg,112968,800,420,1.904761905,0.336,JPEG,RGB,FALSE,none,,real
E:\Project\Fake News Detection\images\real\2609.jpg,120273,800,420,1.904761905,0.336,JPEG,RGB,FALSE,none,,real
E:\Project\Fake News Detection\images\real\2611.jpg,49916,800,420,1.904761905,0.336,JPEG,RGB,FALSE,none,,real
E:\Project\Fake News Detection\images\real\2618.jpg,164374,800,420,1.904761905,0.336,JPEG,RGB,FALSE,none,,real
E:\Project\Fake News Detection\images\real\2619.jpg,120273,800,420,1.904761905,0.336,JPEG,RGB,FALSE,none,,real
E:\Project\Fake News Detection\images\real\2635.jpg,74795,800,420,1.904761905,0.336,JPEG,RGB,FALSE,none,,real
E:\Project\Fake News Detection\images\real\2639.jpg,120663,800,420,1.904761905,0.336,JPEG,RGB,FALSE,none,,real
E:\Project\Fake News Detection\images\real\264.jpg,118756,800,420,1.904761905,0.336,JPEG,RGB,TRUE,none,,real
E:\Project\Fake News Detection\images\real\2641.jpg,70201,995,560,1.776785714,0.5572,JPEG,RGB,FALSE,none,,real
E:\Project\Fake News Detection\images\real\2648.jpg,44073,995,560,1.776785714,0.5572,JPEG,RGB,FALSE,none,,real
E:\Project\Fake News Detection\images\real\2653.jpg,53697,995,560,1.776785714,0.5572,JPEG,RGB,FALSE,none,,real
E:\Project\Fake News Detection\images\real\2654.jpg,55466,995,560,1.776785714,0.5572,JPEG,RGB,FALSE,none,,real
E:\Project\Fake News Detection\images\real\2659.jpg,105420,995,560,1.776785714,0.5572,JPEG,RGB,FALSE,none,,real
E:\Project\Fake News Detection\images\real\2676.jpg,48114,995,560,1.776785714,0.5572,JPEG,RGB,FALSE,none,,real
E:\Project\Fake News Detection\images\real\2678.jpg,83947,995,560,1.776785714,0.5572,JPEG,RGB,FALSE,none,,real
E:\Project\Fake News Detection\images\real\2681.jpg,47204,995,560,1.776785714,0.5572,JPEG,RGB,FALSE,none,,real
E:\Project\Fake News Detection\images\real\2694.jpg,62479,995,560,1.776785714,0.5572,JPEG,RGB,FALSE,none,,real
E:\Project\Fake News Detection\images\real\2700.jpg,92389,995,560,1.776785714,0.5572,JPEG,RGB,FALSE,none,,real
E:\Project\Fake News Detection\images\real\2701.jpg,88010,995,560,1.776785714,0.5572,JPEG,RGB,FALSE,none,,real
E:\Project\Fake News Detection\images\real\2706.jpg,92992,995,560,1.776785714,0.5572,JPEG,RGB,FALSE,none,,real
E:\Project\Fake News Detection\images\real\2714.jpg,145238,995,560,1.776785714,0.5572,JPEG,RGB,FALSE,none,,real
E:\Project\Fake News Detection\images\real\2717.jpg,91261,995,560,1.776785714,0.5572,JPEG,RGB,FALSE,none,,real
E:\Project\Fake News Detection\images\real\2726.jpg,31300,995,560,1.776785714,0.5572,JPEG,RGB,FALSE,none,,real
E:\Project\Fake News Detection\images\real\273.jpg,109168,800,498,1.606425703,0.3984,JPEG,RGB,TRUE,none,,real
E:\Project\Fake News Detection\images\real\2738.jpg,45516,995,560,1.776785714,0.5572,JPEG,RGB,FALSE,none,,real
E:\Project\Fake News Detection\images\real\2742.jpg,87437,995,560,1.776785714,0.5572,JPEG,RGB,FALSE,none,,real
E:\Project\Fake News Detection\images\real\2754.jpg,111296,995,560,1.776785714,0.5572,JPEG,RGB,FALSE,none,,real
E:\Project\Fake News Detection\images\real\2759.jpg,96473,995,560,1.776785714,0.5572,JPEG,RGB,FALSE,none,,real
E:\Project\Fake News Detection\images\real\2760.jpg,39910,995,560,1.776785714,0.5572,JPEG,RGB,FALSE,none,,real
E:\Project\Fake News Detection\images\real\2762.jpg,50189,995,560,1.776785714,0.5572,JPEG,RGB,FALSE,none,,real
E:\Project\Fake News Detection\images\real\2763.jpg,57500,995,560,1.776785714,0.5572,JPEG,RGB,FALSE,none,,real
E:\Project\Fake News Detection\images\real\2776.jpg,69608,995,560,1.776785714,0.5572,JPEG,RGB,TRUE,none,,real
E:\Project\Fake News Detection\images\real\2779.jpg,93023,995,560,1.776785714,0.5572,JPEG,RGB,FALSE,none,,real
E:\Project\Fake News Detection\images\real\278.jpg,121162,800,462,1.731601732,0.3696,JPEG,RGB,TRUE,none,,real
E:\Project\Fake News Detection\images\real\2792.jpg,66570,995,560,1.776785714,0.5572,JPEG,RGB,FALSE,none,,real
E:\Project\Fake News Detection\images\real\2805.jpg,68443,995,560,1.776785714,0.5572,JPEG,RGB,FALSE,none,,real
E:\Project\Fake News Detection\images\real\2808.jpg,55597,995,560,1.776785714,0.5572,JPEG,RGB,FALSE,none,,real
E:\Project\Fake News Detection\images\real\2809.jpg,56842,995,560,1.776785714,0.5572,JPEG,RGB,FALSE,none,,real
E:\Project\Fake News Detection\images\real\2811.jpg,108788,995,560,1.776785714,0.5572,JPEG,RGB,FALSE,none,,real
E:\Project\Fake News Detection\images\real\2823.jpg,115156,995,560,1.776785714,0.5572,JPEG,RGB,FALSE,none,,real
E:\Project\Fake News Detection\images\real\283.jpg,108978,800,420,1.904761905,0.336,JPEG,RGB,TRUE,Adobe Photoshop 7.0,,real
E:\Project\Fake News Detection\images\real\2831.jpg,39099,995,560,1.776785714,0.5572,JPEG,RGB,FALSE,none,,real
E:\Project\Fake News Detection\images\real\2836.jpg,79255,995,560,1.776785714,0.5572,JPEG,RGB,FALSE,none,,real
E:\Project\Fake News Detection\images\real\2841.jpg,57357,995,560,1.776785714,0.5572,JPEG,RGB,FALSE,none,,real
E:\Project\Fake News Detection\images\real\2852.jpg,42815,995,560,1.776785714,0.5572,JPEG,RGB,FALSE,none,,real
E:\Project\Fake News Detection\images\real\2859.jpg,62150,995,560,1.776785714,0.5572,JPEG,RGB,FALSE,none,,real
E:\Project\Fake News Detection\images\real\2863.jpg,56046,995,560,1.776785714,0.5572,JPEG,RGB,FALSE,none,,real
E:\Project\Fake News Detection\images\real\2864.jpg,80043,995,560,1.776785714,0.5572,JPEG,RGB,FALSE,none,,real
E:\Project\Fake News Detection\images\real\2878.jpg,56376,995,560,1.776785714,0.5572,JPEG,RGB,FALSE,none,,real
E:\Project\Fake News Detection\images\real\2881.jpg,50441,995,560,1.776785714,0.5572,JPEG,RGB,FALSE,none,,real
E:\Project\Fake News Detection\images\real\2891.jpg,99066,995,560,1.776785714,0.5572,JPEG,RGB,FALSE,none,,real
E:\Project\Fake News Detection\images\real\2895.jpg,87173,995,560,1.776785714,0.5572,JPEG,RGB,FALSE,none,,real
E:\Project\Fake News Detection\images\real\2897.jpg,145219,995,560,1.776785714,0.5572,JPEG,RGB,FALSE,none,,real
E:\Project\Fake News Detection\images\real\2898.jpg,40064,995,560,1.776785714,0.5572,JPEG,RGB,FALSE,none,,real
E:\Project\Fake News Detection\images\real\2909.jpg,55713,995,560,1.776785714,0.5572,JPEG,RGB,FALSE,none,,real
E:\Project\Fake News Detection\images\real\2913.jpg,58719,995,560,1.776785714,0.5572,JPEG,RGB,FALSE,none,,real
E:\Project\Fake News Detection\images\real\2920.jpg,45667,995,560,1.776785714,0.5572,JPEG,RGB,FALSE,none,,real
E:\Project\Fake News Detection\images\real\2922.jpg,59346,995,560,1.776785714,0.5572,JPEG,RGB,FALSE,none,,real
E:\Project\Fake News Detection\images\real\2930.jpg,69427,995,560,1.776785714,0.5572,JPEG,RGB,FALSE,none,,real
E:\Project\Fake News Detection\images\real\2938.jpg,63042,995,560,1.776785714,0.5572,JPEG,RGB,FALSE,none,,real
E:\Project\Fake News Detection\images\real\2948.jpg,99698,995,560,1.776785714,0.5572,JPEG,RGB,FALSE,none,,real
E:\Project\Fake News Detection\images\real\2962.jpg,78238,995,560,1.776785714,0.5572,JPEG,RGB,FALSE,none,,real
E:\Project\Fake News Detection\images\real\2963.jpg,79260,995,560,1.776785714,0.5572,JPEG,RGB,FALSE,none,,real
E:\Project\Fake News Detection\images\real\2972.jpg,91957,995,560,1.776785714,0.5572,JPEG,RGB,FALSE,none,,real
E:\Project\Fake News Detection\images\real\298.jpg,94170,800,420,1.904761905,0.336,JPEG,RGB,TRUE,Adobe Photoshop 24.7 (Windows),,real
E:\Project\Fake News Detection\images\real\2982.jpg,109603,995,560,1.776785714,0.5572,JPEG,RGB,FALSE,none,,real
E:\Project\Fake News Detection\images\real\2992.jpg,74383,995,560,1.776785714,0.5572,JPEG,RGB,FALSE,none,,real
E:\Project\Fake News Detection\images\real\303.jpeg,187307,800,420,1.904761905,0.336,JPEG,RGB,TRUE,none,,real
E:\Project\Fake News Detection\images\real\3030.jpg,39994,995,560,1.776785714,0.5572,JPEG,RGB,FALSE,none,,real
E:\Project\Fake News Detection\images\real\3035.jpg,45826,995,560,1.776785714,0.5572,JPEG,RGB,FALSE,none,,real
E:\Project\Fake News Detection\images\real\3039.jpg,67662,995,560,1.776785714,0.5572,JPEG,RGB,FALSE,none,,real
E:\Project\Fake News Detection\images\real\3065.jpg,50408,995,560,1.776785714,0.5572,JPEG,RGB,FALSE,none,,real
E:\Project\Fake News Detection\images\real\3067.jpg,80808,995,560,1.776785714,0.5572,JPEG,RGB,FALSE,none,,real
E:\Project\Fake News Detection\images\real\3070.jpg,55715,995,560,1.776785714,0.5572,JPEG,RGB,FALSE,none,,real
E:\Project\Fake News Detection\images\real\3074.jpg,89068,995,560,1.776785714,0.5572,JPEG,RGB,FALSE,none,,real
E:\Project\Fake News Detection\images\real\3097.jpg,102375,995,560,1.776785714,0.5572,JPEG,RGB,FALSE,none,,real
E:\Project\Fake News Detection\images\real\3109.jpg,69586,995,560,1.776785714,0.5572,JPEG,RGB,FALSE,none,,real
E:\Project\Fake News Detection\images\real\3111.jpg,84397,995,560,1.776785714,0.5572,JPEG,RGB,FALSE,none,,real
E:\Project\Fake News Detection\images\real\3130.jpg,82723,995,560,1.776785714,0.5572,JPEG,RGB,FALSE,none,,real
E:\Project\Fake News Detection\images\real\3131.jpg,44836,995,560,1.776785714,0.5572,JPEG,RGB,FALSE,none,,real
E:\Project\Fake News Detection\images\real\3143.jpg,58948,995,560,1.776785714,0.5572,JPEG,RGB,FALSE,none,,real
E:\Project\Fake News Detection\images\real\3148.jpg,78099,995,560,1.776785714,0.5572,JPEG,RGB,FALSE,none,,real
E:\Project\Fake News Detection\images\real\3164.jpg,76390,995,560,1.776785714,0.5572,JPEG,RGB,FALSE,none,,real
E:\Project\Fake News Detection\images\real\3175.jpg,63564,995,560,1.776785714,0.5572,JPEG,RGB,FALSE,none,,real
E:\Project\Fake News Detection\images\real\318.jpg,97739,800,449,1.781737194,0.3592,JPEG,RGB,TRUE,none,,real
E:\Project\Fake News Detection\images\real\3183.jpg,73500,995,560,1.776785714,0.5572,JPEG,RGB,FALSE,none,,real
E:\Project\Fake News Detection\images\real\3186.jpg,57754,995,560,1.776785714,0.5572,JPEG,RGB,FALSE,none,,real
E:\Project\Fake News Detection\images\real\3187.jpg,66839,995,560,1.776785714,0.5572,JPEG,RGB,FALSE,none,,real
E:\Project\Fake News Detection\images\real\3190.jpg,94351,995,560,1.776785714,0.5572,JPEG,RGB,FALSE,none,,real
E:\Project\Fake News Detection\images\real\3194.jpg,108492,995,560,1.776785714,0.5572,JPEG,RGB,FALSE,none,,real
E:\Project\Fake News Detection\images\real\3203.jpg,57292,995,560,1.776785714,0.5572,JPEG,RGB,FALSE,none,,real
E:\Project\Fake News Detection\images\real\3209.jpg,38832,995,560,1.776785714,0.5572,JPEG,RGB,FALSE,none,,real
E:\Project\Fake News Detection\images\real\3212.jpg,52656,995,560,1.776785714,0.5572,JPEG,RGB,FALSE,none,,real
E:\Project\Fake News Detection\images\real\3216.jpg,67019,995,560,1.776785714,0.5572,JPEG,RGB,FALSE,none,,real
E:\Project\Fake News Detection\images\real\3223.jpg,64119,995,560,1.776785714,0.5572,JPEG,RGB,FALSE,none,,real
E:\Project\Fake News Detection\images\real\3226.jpg,104103,995,560,1.776785714,0.5572,JPEG,RGB,FALSE,none,,real
E:\Project\Fake News Detection\images\real\3233.jpg,116273,995,560,1.776785714,0.5572,JPEG,RGB,FALSE,none,,real
E:\Project\Fake News Detection\images\real\3240.jpg,66507,995,560,1.776785714,0.5572,JPEG,RGB,FALSE,none,,real
E:\Project\Fake News Detection\images\real\3242.jpg,55519,995,560,1.776785714,0.5572,JPEG,RGB,FALSE,none,,real
E:\Project\Fake News Detection\images\real\3252.jpg,46813,995,560,1.776785714,0.5572,JPEG,RGB,FALSE,none,,real
E:\Project\Fake News Detection\images\real\3254.jpg,109517,995,560,1.776785714,0.5572,JPEG,RGB,FALSE,none,,real
E:\Project\Fake News Detection\images\real\3260.jpg,54121,995,560,1.776785714,0.5572,JPEG,RGB,FALSE,none,,real
E:\Project\Fake News Detection\images\real\3265.jpg,50067,995,560,1.776785714,0.5572,JPEG,RGB,FALSE,none,,real
E:\Project\Fake News Detection\images\real\3271.jpg,72444,995,560,1.776785714,0.5572,JPEG,RGB,FALSE,none,,real
E:\Project\Fake News Detection\images\real\3272.jpg,53379,995,560,1.776785714,0.5572,JPEG,RGB,FALSE,none,,real
E:\Project\Fake News Detection\images\real\3279.jpg,42951,995,560,1.776785714,0.5572,JPEG,RGB,FALSE,none,,real
E:\Project\Fake News Detection\images\real\3283.jpg,93272,995,560,1.776785714,0.5572,JPEG,RGB,FALSE,none,,real
E:\Project\Fake News Detection\images\real\329.jpg,116511,800,420,1.904761905,0.336,JPEG,RGB,FALSE,none,,real
E:\Project\Fake News Detection\images\real\3293.jpg,60049,995,560,1.776785714,0.5572,JPEG,RGB,FALSE,none,,real
E:\Project\Fake News Detection\images\real\3327.jpg,47429,995,560,1.776785714,0.5572,JPEG,RGB,FALSE,none,,real
E:\Project\Fake News Detection\images\real\3330.jpg,74352,995,560,1.776785714,0.5572,JPEG,RGB,FALSE,none,,real
E:\Project\Fake News Detection\images\real\3349.jpg,95634,995,560,1.776785714,0.5572,JPEG,RGB,FALSE,none,,real
E:\Project\Fake News Detection\images\real\3352.jpg,58439,995,560,1.776785714,0.5572,JPEG,RGB,FALSE,none,,real
E:\Project\Fake News Detection\images\real\3359.jpg,86820,995,560,1.776785714,0.5572,JPEG,RGB,FALSE,none,,real
E:\Project\Fake News Detection\images\real\3374.jpg,135450,995,560,1.776785714,0.5572,JPEG,RGB,FALSE,none,,real
E:\Project\Fake News Detection\images\real\3376.jpg,106550,995,560,1.776785714,0.5572,JPEG,RGB,FALSE,none,,real
E:\Project\Fake News Detection\images\real\3377.jpg,40072,995,560,1.776785714,0.5572,JPEG,RGB,FALSE,none,,real
E:\Project\Fake News Detection\images\real\3384.jpg,89233,995,560,1.776785714,0.5572,JPEG,RGB,FALSE,none,,real
E:\Project\Fake News Detection\images\real\3409.jpg,46173,995,560,1.776785714,0.5572,JPEG,RGB,FALSE,none,,real
E:\Project\Fake News Detection\images\real\3410.jpg,65812,995,560,1.776785714,0.5572,JPEG,RGB,FALSE,none,,real
E:\Project\Fake News Detection\images\real\3413.jpg,73245,995,560,1.776785714,0.5572,JPEG,RGB,FALSE,none,,real
E:\Project\Fake News Detection\images\real\3414.jpg,58469,995,560,1.776785714,0.5572,JPEG,RGB,FALSE,none,,real
E:\Project\Fake News Detection\images\real\3417.jpg,55390,995,560,1.776785714,0.5572,JPEG,RGB,FALSE,none,,real
E:\Project\Fake News Detection\images\real\343.jpg,57167,800,420,1.904761905,0.336,JPEG,RGB,TRUE,Adobe Photoshop 24.7 (Windows),,real
E:\Project\Fake News Detection\images\real\3445.jpg,74593,995,560,1.776785714,0.5572,JPEG,RGB,FALSE,none,,real
E:\Project\Fake News Detection\images\real\345.jpg,140894,800,419,1.909307876,0.3352,JPEG,RGB,TRUE,none,,real
E:\Project\Fake News Detection\images\real\3450.jpg,90078,995,560,1.776785714,0.5572,JPEG,RGB,FALSE,none,,real
E:\Project\Fake News Detection\images\real\3457.jpg,80585,995,560,1.776785714,0.5572,JPEG,RGB,FALSE,none,,real
E:\Project\Fake News Detection\images\real\3471.jpg,44742,995,560,1.776785714,0.5572,JPEG,RGB,FALSE,none,,real
E:\Project\Fake News Detection\images\real\3472.jpg,62102,995,560,1.776785714,0.5572,JPEG,RGB,FALSE,none,,real
E:\Project\Fake News Detection\images\real\3477.jpg,68626,995,560,1.776785714,0.5572,JPEG,RGB,FALSE,none,,real
E:\Project\Fake News Detection\images\real\3484.jpg,68890,995,560,1.776785714,0.5572,JPEG,RGB,FALSE,none,,real
E:\Project\Fake News Detection\images\real\3488.jpg,60621,995,560,1.776785714,0.5572,JPEG,RGB,FALSE,none,,real
E:\Project\Fake News Detection\images\real\3494.jpg,55612,995,560,1.776785714,0.5572,JPEG,RGB,FALSE,none,,real
E:\Project\Fake News Detection\images\real\3504.jpg,111522,995,560,1.776785714,0.5572,JPEG,RGB,FALSE,none,,real
E:\Project\Fake News Detection\images\real\3505.jpg,107283,995,560,1.776785714,0.5572,JPEG,RGB,FALSE,none,,real
E:\Project\Fake News Detection\images\real\3509.jpg,41024,995,560,1.776785714,0.5572,JPEG,RGB,FALSE,none,,real
E:\Project\Fake News Detection\images\real\3513.jpg,82682,995,560,1.776785714,0.5572,JPEG,RGB,FALSE,none,,real
E:\Project\Fake News Detection\images\real\3514.jpg,81562,995,560,1.776785714,0.5572,JPEG,RGB,FALSE,none,,real
E:\Project\Fake News Detection\images\real\3519.jpg,80180,995,560,1.776785714,0.5572,JPEG,RGB,FALSE,none,,real
E:\Project\Fake News Detection\images\real\3520.jpg,103101,995,560,1.776785714,0.5572,JPEG,RGB,FALSE,none,,real
E:\Project\Fake News Detection\images\real\353.jpg,54788,800,420,1.904761905,0.336,JPEG,RGB,TRUE,none,,real
E:\Project\Fake News Detection\images\real\3542.png,831742,995,592,1.680743243,0.58904,PNG,RGBA,FALSE,none,,real
E:\Project\Fake News Detection\images\real\3543.png,910159,993,596,1.666107383,0.591828,PNG,RGBA,FALSE,none,,real
E:\Project\Fake News Detection\images\real\355.jpg,47694,800,420,1.904761905,0.336,JPEG,RGB,TRUE,Adobe Photoshop 24.7 (Windows),,real
E:\Project\Fake News Detection\images\real\3550.png,1111282,993,594,1.671717172,0.589842,PNG,RGBA,FALSE,none,,real
E:\Project\Fake News Detection\images\real\3552.png,749031,994,590,1.684745763,0.58646,PNG,RGBA,FALSE,none,,real
E:\Project\Fake News Detection\images\real\3553.png,769562,971,581,1.671256454,0.564151,PNG,RGBA,FALSE,none,,real
E:\Project\Fake News Detection\images\real\3561.png,1167820,991,593,1.671163575,0.587663,PNG,RGBA,FALSE,none,,real
E:\Project\Fake News Detection\images\real\3567.png,709540,991,593,1.671163575,0.587663,PNG,RGBA,FALSE,none,,real
E:\Project\Fake News Detection\images\real\3582.png,1077702,991,590,1.679661017,0.58469,PNG,RGBA,FALSE,none,,real
E:\Project\Fake News Detection\images\real\3584.png,821759,991,591,1.676818951,0.585681,PNG,RGBA,FALSE,none,,real
E:\Project\Fake News Detection\images\real\3589.png,657212,960,567,1.693121693,0.54432,PNG,RGBA,FALSE,none,,real
E:\Project\Fake News Detection\images\real\359.jpg,81098,800,420,1.904761905,0.336,JPEG,RGB,TRUE,none,,real
E:\Project\Fake News Detection\images\real\3602.png,887190,995,596,1.669463087,0.59302,PNG,RGBA,FALSE,none,,real
E:\Project\Fake News Detection\images\real\3606.png,631349,990,592,1.672297297,0.58608,PNG,RGBA,FALSE,none,,real
E:\Project\Fake News Detection\images\real\3609.png,676745,994,592,1.679054054,0.588448,PNG,RGBA,FALSE,none,,real
E:\Project\Fake News Detection\images\real\3610.png,608379,994,594,1.673400673,0.590436,PNG,RGBA,FALSE,none,,real
E:\Project\Fake News Detection\images\real\3615.png,1280869,992,591,1.678510998,0.586272,PNG,RGBA,FALSE,none,,real
E:\Project\Fake News Detection\images\real\3628.png,696243,994,594,1.673400673,0.590436,PNG,RGBA,FALSE,none,,real
E:\Project\Fake News Detection\images\real\3634.png,887588,993,595,1.668907563,0.590835,PNG,RGBA,FALSE,none,,real
E:\Project\Fake News Detection\images\real\3650.png,862598,991,597,1.659966499,0.591627,PNG,RGBA,FALSE,none,,real
E:\Project\Fake News Detection\images\real\3654.png,766604,994,597,1.664991625,0.593418,PNG,RGBA,FALSE,none,,real
E:\Project\Fake News Detection\images\real\3661.png,595100,994,595,1.670588235,0.59143,PNG,RGBA,FALSE,none,,real
E:\Project\Fake News Detection\images\real\3663.png,950702,993,600,1.655,0.5958,PNG,RGBA,FALSE,none,,real
E:\Project\Fake News Detection\images\real\367.jpg,67135,800,420,1.904761905,0.336,JPEG,RGB,FALSE,none,,real
E:\Project\Fake News Detection\images\real\3674.png,868398,993,596,1.666107383,0.591828,PNG,RGBA,FALSE,none,,real
E:\Project\Fake News Detection\images\real\3691.png,894160,990,590,1.677966102,0.5841,PNG,RGBA,FALSE,none,,real
E:\Project\Fake News Detection\images\real\3693.png,907744,994,595,1.670588235,0.59143,PNG,RGBA,FALSE,none,,real
E:\Project\Fake News Detection\images\real\370.jpg,149884,800,448,1.785714286,0.3584,JPEG,RGB,TRUE,Adobe Photoshop 21.0 (Windows),,real
E:\Project\Fake News Detection\images\real\3709.png,552106,992,557,1.780969479,0.552544,PNG,RGBA,FALSE,none,,real
E:\Project\Fake News Detection\images\real\3712.png,383746,992,593,1.672849916,0.588256,PNG,RGBA,FALSE,none,,real
E:\Project\Fake News Detection\images\real\3713.png,1233367,990,594,1.666666667,0.58806,PNG,RGBA,FALSE,none,,real
E:\Project\Fake News Detection\images\real\3719.png,544532,995,597,1.666666667,0.594015,PNG,RGBA,FALSE,none,,real
E:\Project\Fake News Detection\images\real\3721.png,362984,989,597,1.656616415,0.590433,PNG,RGBA,FALSE,none,,real
E:\Project\Fake News Detection\images\real\3723.png,385983,989,586,1.687713311,0.579554,PNG,RGBA,FALSE,none,,real
E:\Project\Fake News Detection\images\real\3738.png,659712,992,596,1.66442953,0.591232,PNG,RGBA,FALSE,none,,real
E:\Project\Fake News Detection\images\real\3740.png,229559,992,595,1.667226891,0.59024,PNG,RGBA,FALSE,none,,real
E:\Project\Fake News Detection\images\real\3744.png,585571,991,596,1.662751678,0.590636,PNG,RGBA,FALSE,none,,real
E:\Project\Fake News Detection\images\real\3748.png,572287,989,595,1.662184874,0.588455,PNG,RGBA,FALSE,none,,real
E:\Project\Fake News Detection\images\real\3758.png,735593,991,640,1.5484375,0.63424,PNG,RGBA,FALSE,none,,real
E:\Project\Fake News Detection\images\real\3759.png,739932,987,583,1.69296741,0.575421,PNG,RGBA,FALSE,none,,real
E:\Project\Fake News Detection\images\real\3771.png,458402,992,592,1.675675676,0.587264,PNG,RGBA,FALSE,none,,real
E:\Project\Fake News Detection\images\real\3778.png,99653,991,594,1.668350168,0.588654,PNG,RGBA,FALSE,none,,real
E:\Project\Fake News Detection\images\real\3781.png,523970,990,592,1.672297297,0.58608,PNG,RGBA,FALSE,none,,real
E:\Project\Fake News Detection\images\real\3785.png,542106,995,596,1.669463087,0.59302,PNG,RGBA,FALSE,none,,real
E:\Project\Fake News Detection\images\real\3787.png,670906,991,595,1.665546218,0.589645,PNG,RGBA,FALSE,none,,real
E:\Project\Fake News Detection\images\real\3789.png,841797,991,595,1.665546218,0.589645,PNG,RGBA,FALSE,none,,real
E:\Project\Fake News Detection\images\real\3794.png,808438,991,597,1.659966499,0.591627,PNG,RGBA,FALSE,none,,real
E:\Project\Fake News Detection\images\real\38.jpg,86692,800,420,1.904761905,0.336,JPEG,RGB,TRUE,none,,real
E:\Project\Fake News Detection\images\real\3803.png,998156,993,594,1.671717172,0.589842,PNG,RGBA,FALSE,none,,real
E:\Project\Fake News Detection\images\real\3804.png,1185787,991,596,1.662751678,0.590636,PNG,RGBA,FALSE,none,,real
E:\Project\Fake News Detection\images\real\3811.png,891083,992,598,1.658862876,0.593216,PNG,RGBA,FALSE,none,,real
E:\Project\Fake News Detection\images\real\3813.png,1085750,991,593,1.671163575,0.587663,PNG,RGBA,FALSE,none,,real
E:\Project\Fake News Detection\images\real\3816.png,1129177,993,595,1.668907563,0.590835,PNG,RGBA,FALSE,none,,real
E:\Project\Fake News Detection\images\real\3827.png,497633,985,598,1.647157191,0.58903,PNG,RGBA,FALSE,none,,real
E:\Project\Fake News Detection\images\real\3829.png,792111,990,593,1.669477234,0.58707,PNG,RGBA,FALSE,none,,real
E:\Project\Fake News Detection\images\real\3832.png,776996,992,597,1.661641541,0.592224,PNG,RGBA,FALSE,none,,real
E:\Project\Fake News Detection\images\real\3842.png,1046816,1262,755,1.671523179,0.95281,PNG,RGBA,FALSE,none,,real
E:\Project\Fake News Detection\images\real\3843.png,1655461,1266,757,1.672391017,0.958362,PNG,RGBA,FALSE,none,,real
E:\Project\Fake News Detection\images\real\3844.png,1819141,1262,754,1.673740053,0.951548,PNG,RGBA,FALSE,none,,real
E:\Project\Fake News Detection\images\real\3845.png,1389219,1265,758,1.668865435,0.95887,PNG,RGBA,FALSE,none,,real
E:\Project\Fake News Detection\images\real\3846.png,1339364,1262,757,1.667107001,0.955334,PNG,RGBA,FALSE,none,,real
E:\Project\Fake News Detection\images\real\3848.png,1474562,1260,754,1.671087533,0.95004,PNG,RGBA,FALSE,none,,real
E:\Project\Fake News Detection\images\real\3849.png,1702140,1263,753,1.677290837,0.951039,PNG,RGBA,FALSE,none,,real
E:\Project\Fake News Detection\images\real\3850.png,784456,1263,756,1.670634921,0.954828,PNG,RGBA,FALSE,none,,real
E:\Project\Fake News Detection\images\real\3857.png,1806726,1268,755,1.679470199,0.95734,PNG,RGBA,FALSE,none,,real
E:\Project\Fake News Detection\images\real\3866.png,1078409,1265,756,1.673280423,0.95634,PNG,RGBA,FALSE,none,,real
E:\Project\Fake News Detection\images\real\3867.png,1054943,1266,756,1.674603175,0.957096,PNG,RGBA,FALSE,none,,real
E:\Project\Fake News Detection\images\real\3868.png,1334065,1263,757,1.668428005,0.956091,PNG,RGBA,FALSE,none,,real
E:\Project\Fake News Detection\images\real\3871.png,1451278,1263,755,1.672847682,0.953565,PNG,RGBA,FALSE,none,,real
E:\Project\Fake News Detection\images\real\3884.png,558806,1265,757,1.671070013,0.957605,PNG,RGBA,FALSE,none,,real
E:\Project\Fake News Detection\images\real\3910.png,1576730,1266,765,1.654901961,0.96849,PNG,RGBA,FALSE,none,,real
E:\Project\Fake News Detection\images\real\3914.png,1981547,1264,764,1.654450262,0.965696,PNG,RGBA,FALSE,none,,real
E:\Project\Fake News Detection\images\real\3919.png,955587,1267,756,1.675925926,0.957852,PNG,RGBA,FALSE,none,,real
E:\Project\Fake News Detection\images\real\3922.png,1033431,1267,754,1.680371353,0.955318,PNG,RGBA,FALSE,none,,real
E:\Project\Fake News Detection\images\real\3924.png,919543,1267,755,1.678145695,0.956585,PNG,RGBA,FALSE,none,,real
E:\Project\Fake News Detection\images\real\3930.jpg,33512,1000,600,1.666666667,0.6,JPEG,RGB,FALSE,none,,real
E:\Project\Fake News Detection\images\real\3931.jpg,102998,1000,600,1.666666667,0.6,JPEG,RGB,FALSE,none,,real
E:\Project\Fake News Detection\images\real\3947.jpg,137025,1280,756,1.693121693,0.96768,JPEG,RGB,FALSE,none,,real
E:\Project\Fake News Detection\images\real\3955.jpg,125877,1000,600,1.666666667,0.6,JPEG,RGB,FALSE,none,,real
E:\Project\Fake News Detection\images\real\3964.jpg,204248,1000,600,1.666666667,0.6,JPEG,RGB,FALSE,none,,real
E:\Project\Fake News Detection\images\real\3973.jpg,59110,800,483,1.6563147,0.3864,JPEG,RGB,TRUE,Adobe Photoshop CS6 (Windows),,real
E:\Project\Fake News Detection\images\real\3981.jpg,44611,800,483,1.6563147,0.3864,JPEG,RGB,FALSE,none,,real
E:\Project\Fake News Detection\images\real\3999.jpg,35613,800,483,1.6563147,0.3864,JPEG,RGB,FALSE,none,,real
E:\Project\Fake News Detection\images\real\4003.jpg,147830,1000,600,1.666666667,0.6,JPEG,RGB,FALSE,none,,real
E:\Project\Fake News Detection\images\real\4014.jpg,101254,1000,600,1.666666667,0.6,JPEG,RGB,FALSE,none,,real
E:\Project\Fake News Detection\images\real\402.jpg,51018,800,420,1.904761905,0.336,JPEG,RGB,TRUE,Adobe Photoshop 24.7 (Windows),,real
E:\Project\Fake News Detection\images\real\4023.jpg,111106,1000,600,1.666666667,0.6,JPEG,RGB,FALSE,none,,real
E:\Project\Fake News Detection\images\real\4027.jpg,65284,1000,600,1.666666667,0.6,JPEG,RGB,FALSE,none,,real
E:\Project\Fake News Detection\images\real\4030.jpg,154857,1000,600,1.666666667,0.6,JPEG,RGB,FALSE,none,,real
E:\Project\Fake News Detection\images\real\4031.jpg,86887,1000,600,1.666666667,0.6,JPEG,RGB,FALSE,none,,real
E:\Project\Fake News Detection\images\real\4033.jpg,123080,1000,600,1.666666667,0.6,JPEG,RGB,FALSE,none,,real
E:\Project\Fake News Detection\images\real\4034.jpg,147571,1000,600,1.666666667,0.6,JPEG,RGB,FALSE,none,,real
E:\Project\Fake News Detection\images\real\4039.jpg,145402,1000,600,1.666666667,0.6,JPEG,RGB,FALSE,none,,real
E:\Project\Fake News Detection\images\real\404.jpg,42352,800,420,1.904761905,0.336,JPEG,RGB,TRUE,Adobe Photoshop 24.7 (Windows),,real
E:\Project\Fake News Detection\images\real\4045.jpg,196308,1000,600,1.666666667,0.6,JPEG,RGB,FALSE,none,,real
E:\Project\Fake News Detection\images\real\4048.jpg,113178,1000,600,1.666666667,0.6,JPEG,RGB,FALSE,none,,real
E:\Project\Fake News Detection\images\real\4051.jpg,81842,1000,600,1.666666667,0.6,JPEG,RGB,FALSE,none,,real
E:\Project\Fake News Detection\images\real\4056.jpg,112651,1000,600,1.666666667,0.6,JPEG,RGB,FALSE,none,,real
E:\Project\Fake News Detection\images\real\4063.jpg,97947,1000,600,1.666666667,0.6,JPEG,RGB,FALSE,none,,real
E:\Project\Fake News Detection\images\real\4067.jpg,101614,1000,600,1.666666667,0.6,JPEG,RGB,FALSE,none,,real
E:\Project\Fake News Detection\images\real\4073.jpg,65428,1000,600,1.666666667,0.6,JPEG,RGB,FALSE,none,,real
E:\Project\Fake News Detection\images\real\4078.png,688105,918,612,1.5,0.561816,PNG,RGBA,FALSE,none,,real
E:\Project\Fake News Detection\images\real\4090.jpg,124394,1000,600,1.666666667,0.6,JPEG,RGB,FALSE,none,,real
E:\Project\Fake News Detection\images\real\4106.png,369709,800,483,1.6563147,0.3864,PNG,RGB,FALSE,none,,real
E:\Project\Fake News Detection\images\real\4108.png,464649,800,483,1.6563147,0.3864,PNG,RGB,FALSE,none,,real
E:\Project\Fake News Detection\images\real\411.jpg,68424,800,420,1.904761905,0.336,JPEG,RGB,TRUE,Adobe Photoshop 24.7 (Windows),,real
E:\Project\Fake News Detection\images\real\4134.jpg,51838,800,483,1.6563147,0.3864,JPEG,RGB,FALSE,none,,real
E:\Project\Fake News Detection\images\real\4144.jpg,141817,1000,600,1.666666667,0.6,JPEG,RGB,FALSE,none,,real
E:\Project\Fake News Detection\images\real\4145.jpg,65078,1000,600,1.666666667,0.6,JPEG,RGB,FALSE,none,,real
E:\Project\Fake News Detection\images\real\4146.jpg,110527,1000,600,1.666666667,0.6,JPEG,RGB,FALSE,none,,real
E:\Project\Fake News Detection\images\real\4154.png,1687016,1265,755,1.675496689,0.955075,PNG,RGBA,FALSE,none,,real
E:\Project\Fake News Detection\images\real\4160.jpg,112358,1000,600,1.666666667,0.6,JPEG,RGB,FALSE,none,,real
E:\Project\Fake News Detection\images\real\4167.jpg,123467,1000,600,1.666666667,0.6,JPEG,RGB,FALSE,none,,real
E:\Project\Fake News Detection\images\real\4178.jpg,166939,1000,600,1.666666667,0.6,JPEG,RGB,FALSE,none,,real
E:\Project\Fake News Detection\images\real\4180.jpg,109456,1000,600,1.666666667,0.6,JPEG,RGB,FALSE,none,,real
E:\Project\Fake News Detection\images\real\4184.jpg,135519,1000,600,1.666666667,0.6,JPEG,RGB,FALSE,none,,real
E:\Project\Fake News Detection\images\real\4189.jpg,108125,1000,600,1.666666667,0.6,JPEG,RGB,FALSE,none,,real
E:\Project\Fake News Detection\images\real\42.jpg,225829,800,420,1.904761905,0.336,JPEG,RGB,FALSE,none,,real
E:\Project\Fake News Detection\images\real\4201.jpg,223958,1000,600,1.666666667,0.6,JPEG,RGB,FALSE,none,,real
E:\Project\Fake News Detection\images\real\4203.jpg,85416,1000,600,1.666666667,0.6,JPEG,RGB,FALSE,none,,real
E:\Project\Fake News Detection\images\real\4205.jpg,120070,1000,600,1.666666667,0.6,JPEG,RGB,FALSE,none,,real
E:\Project\Fake News Detection\images\real\4218.jpg,103785,1000,600,1.666666667,0.6,JPEG,RGB,FALSE,none,,real
E:\Project\Fake News Detection\images\real\4228.jpg,62965,640,386,1.658031088,0.24704,JPEG,RGB,FALSE,none,,real
E:\Project\Fake News Detection\images\real\424.jpeg,121854,800,420,1.904761905,0.336,JPEG,RGB,FALSE,none,,real
E:\Project\Fake News Detection\images\real\4240.jpg,56121,800,488,1.639344262,0.3904,JPEG,RGB,TRUE,Adobe Photoshop CS3 Windows,,real
E:\Project\Fake News Detection\images\real\4249.jpg,111235,1000,600,1.666666667,0.6,JPEG,RGB,FALSE,none,,real
E:\Project\Fake News Detection\images\real\4254.jpg,127692,1000,600,1.666666667,0.6,JPEG,RGB,FALSE,none,,real
E:\Project\Fake News Detection\images\real\4257.jpg,143407,1000,600,1.666666667,0.6,JPEG,RGB,FALSE,none,,real
E:\Project\Fake News Detection\images\real\4259.jpg,187808,1000,600,1.666666667,0.6,JPEG,RGB,FALSE,none,,real
E:\Project\Fake News Detection\images\real\426.jpg,48097,800,420,1.904761905,0.336,JPEG,RGB,TRUE,none,,real
E:\Project\Fake News Detection\images\real\4264.jpg,118146,1000,600,1.666666667,0.6,JPEG,RGB,FALSE,none,,real
E:\Project\Fake News Detection\images\real\4266.jpg,88969,1000,600,1.666666667,0.6,JPEG,RGB,FALSE,none,,real
E:\Project\Fake News Detection\images\real\4274.jpg,115675,1000,600,1.666666667,0.6,JPEG,RGB,FALSE,none,,real
E:\Project\Fake News Detection\images\real\4281.jpg,69786,1000,600,1.666666667,0.6,JPEG,RGB,FALSE,none,,real
E:\Project\Fake News Detection\images\real\4285.jpg,99821,1000,600,1.666666667,0.6,JPEG,RGB,FALSE,none,,real
E:\Project\Fake News Detection\images\real\4286.jpg,108415,1000,600,1.666666667,0.6,JPEG,RGB,FALSE,none,,real
E:\Project\Fake News Detection\images\real\4296.jpg,174329,1000,600,1.666666667,0.6,JPEG,RGB,FALSE,none,,real
E:\Project\Fake News Detection\images\real\4300.jpg,138790,1000,600,1.666666667,0.6,JPEG,RGB,FALSE,none,,real
E:\Project\Fake News Detection\images\real\4302.jpg,37650,1000,600,1.666666667,0.6,JPEG,RGB,FALSE,none,,real
E:\Project\Fake News Detection\images\real\4318.jpg,134739,800,483,1.6563147,0.3864,JPEG,RGB,TRUE,Adobe Photoshop 7.0,,real
E:\Project\Fake News Detection\images\real\432.jpg,42605,800,420,1.904761905,0.336,JPEG,RGB,TRUE,none,,real
E:\Project\Fake News Detection\images\real\4324.jpg,184727,1000,600,1.666666667,0.6,JPEG,RGB,FALSE,none,,real
E:\Project\Fake News Detection\images\real\433.jpg,40110,800,420,1.904761905,0.336,JPEG,RGB,TRUE,none,,real
E:\Project\Fake News Detection\images\real\4333.jpg,85742,1000,600,1.666666667,0.6,JPEG,RGB,FALSE,none,,real
E:\Project\Fake News Detection\images\real\434.jpg,70382,800,420,1.904761905,0.336,JPEG,RGB,FALSE,none,,real
E:\Project\Fake News Detection\images\real\4350.jpg,76082,1000,600,1.666666667,0.6,JPEG,RGB,FALSE,none,,real
E:\Project\Fake News Detection\images\real\4357.jpg,347248,800,483,1.6563147,0.3864,JPEG,RGB,TRUE,Adobe Photoshop 7.0,,real
E:\Project\Fake News Detection\images\real\4359.jpg,80268,800,483,1.6563147,0.3864,JPEG,RGB,FALSE,none,,real
E:\Project\Fake News Detection\images\real\436.jpeg,100310,800,420,1.904761905,0.336,JPEG,RGB,FALSE,none,,real
E:\Project\Fake News Detection\images\real\4360.jpg,162445,800,483,1.6563147,0.3864,JPEG,RGB,TRUE,Adobe Photoshop 7.0,,real
E:\Project\Fake News Detection\images\real\439.jpeg,143262,800,420,1.904761905,0.336,JPEG,RGB,FALSE,none,,real
E:\Project\Fake News Detection\images\real\4391.jpg,59558,800,485,1.649484536,0.388,JPEG,RGB,FALSE,none,,real
E:\Project\Fake News Detection\images\real\4392.jpg,108196,800,483,1.6563147,0.3864,JPEG,RGB,FALSE,none,,real
E:\Project\Fake News Detection\images\real\4415.jpg,296252,700,365,1.917808219,0.2555,PNG,RGBA,FALSE,none,,real
E:\Project\Fake News Detection\images\real\4423.jpg,431545,700,365,1.917808219,0.2555,PNG,RGBA,FALSE,none,,real
E:\Project\Fake News Detection\images\real\4434.jpg,457246,700,365,1.917808219,0.2555,PNG,RGBA,FALSE,none,,real
E:\Project\Fake News Detection\images\real\4438.jpg,270666,700,365,1.917808219,0.2555,PNG,RGBA,FALSE,none,,real
E:\Project\Fake News Detection\images\real\4444.jpg,402737,700,365,1.917808219,0.2555,PNG,RGBA,FALSE,none,,real
E:\Project\Fake News Detection\images\real\4448.jpg,406654,700,365,1.917808219,0.2555,PNG,RGBA,FALSE,none,,real
E:\Project\Fake News Detection\images\real\4454.jpg,360021,700,365,1.917808219,0.2555,PNG,RGBA,FALSE,none,,real
E:\Project\Fake News Detection\images\real\4455.jpg,477338,700,365,1.917808219,0.2555,PNG,RGBA,FALSE,none,,real
E:\Project\Fake News Detection\images\real\4456.jpg,277787,700,365,1.917808219,0.2555,PNG,RGBA,FALSE,none,,real
E:\Project\Fake News Detection\images\real\4472.jpg,179251,700,365,1.917808219,0.2555,PNG,RGBA,FALSE,none,,real
E:\Project\Fake News Detection\images\real\45.jpg,173672,800,420,1.904761905,0.336,JPEG,RGB,FALSE,none,,real
E:\Project\Fake News Detection\images\real\4503.jpg,357505,700,365,1.917808219,0.2555,PNG,RGBA,FALSE,none,,real
E:\Project\Fake News Detection\images\real\4509.jpg,261377,700,365,1.917808219,0.2555,PNG,RGBA,FALSE,none,,real
E:\Project\Fake News Detection\images\real\4516.jpg,374895,700,365,1.917808219,0.2555,PNG,RGBA,FALSE,none,,real
E:\Project\Fake News Detection\images\real\452.jpg,53261,800,420,1.904761905,0.336,JPEG,RGB,TRUE,Adobe Photoshop 24.7 (Windows),,real
E:\Project\Fake News Detection\images\real\4521.jpg,239988,700,365,1.917808219,0.2555,PNG,RGBA,FALSE,none,,real
E:\Project\Fake News Detection\images\real\4528.jpg,298945,700,365,1.917808219,0.2555,PNG,RGBA,FALSE,none,,real
E:\Project\Fake News Detection\images\real\4532.jpg,335897,700,365,1.917808219,0.2555,PNG,RGBA,FALSE,none,,real
E:\Project\Fake News Detection\images\real\4541.jpg,340170,700,365,1.917808219,0.2555,PNG,RGBA,FALSE,none,,real
E:\Project\Fake News Detection\images\real\4556.jpg,419201,700,365,1.917808219,0.2555,PNG,RGBA,FALSE,none,,real
E:\Project\Fake News Detection\images\real\4557.jpg,325813,700,365,1.917808219,0.2555,PNG,RGBA,FALSE,none,,real
E:\Project\Fake News Detection\images\real\4559.jpg,299269,700,365,1.917808219,0.2555,PNG,RGBA,FALSE,none,,real
E:\Project\Fake News Detection\images\real\4573.jpg,490040,700,365,1.917808219,0.2555,PNG,RGBA,FALSE,none,,real
E:\Project\Fake News Detection\images\real\4577.jpg,457270,700,365,1.917808219,0.2555,PNG,RGBA,FALSE,none,,real
E:\Project\Fake News Detection\images\real\4582.jpg,259972,700,365,1.917808219,0.2555,PNG,RGBA,FALSE,none,,real
E:\Project\Fake News Detection\images\real\4587.jpg,602717,700,365,1.917808219,0.2555,PNG,RGBA,FALSE,none,,real
E:\Project\Fake News Detection\images\real\4590.jpg,408050,700,365,1.917808219,0.2555,PNG,RGBA,FALSE,none,,real
E:\Project\Fake News Detection\images\real\4592.jpg,341503,700,365,1.917808219,0.2555,PNG,RGBA,FALSE,none,,real
E:\Project\Fake News Detection\images\real\4595.jpg,535485,700,365,1.917808219,0.2555,PNG,RGBA,FALSE,none,,real
E:\Project\Fake News Detection\images\real\4598.jpg,318564,700,365,1.917808219,0.2555,PNG,RGBA,FALSE,none,,real
E:\Project\Fake News Detection\images\real\46.jpg,175120,800,420,1.904761905,0.336,JPEG,RGB,FALSE,none,,real
E:\Project\Fake News Detection\images\real\4610.jpg,374562,700,365,1.917808219,0.2555,PNG,RGBA,FALSE,none,,real
E:\Project\Fake News Detection\images\real\4611.jpg,446410,700,365,1.917808219,0.2555,PNG,RGBA,FALSE,none,,real
E:\Project\Fake News Detection\images\real\464.jpg,70628,800,420,1.904761905,0.336,JPEG,RGB,TRUE,none,,real
E:\Project\Fake News Detection\images\real\4642.jpg,360842,700,365,1.917808219,0.2555,PNG,RGBA,FALSE,none,,real
E:\Project\Fake News Detection\images\real\4662.jpg,327876,700,365,1.917808219,0.2555,PNG,RGBA,FALSE,none,,real
E:\Project\Fake News Detection\images\real\4664.jpg,329555,700,365,1.917808219,0.2555,PNG,RGBA,FALSE,none,,real
E:\Project\Fake News Detection\images\real\4668.jpg,189884,700,365,1.917808219,0.2555,PNG,RGBA,FALSE,none,,real
E:\Project\Fake News Detection\images\real\4684.jpg,421104,700,365,1.917808219,0.2555,PNG,RGBA,FALSE,none,,real
E:\Project\Fake News Detection\images\real\4688.jpg,479041,700,365,1.917808219,0.2555,PNG,RGBA,FALSE,none,,real
E:\Project\Fake News Detection\images\real\4691.jpg,382564,700,365,1.917808219,0.2555,PNG,RGBA,FALSE,none,,real
E:\Project\Fake News Detection\images\real\4697.jpg,326310,700,365,1.917808219,0.2555,PNG,RGBA,FALSE,none,,real
E:\Project\Fake News Detection\images\real\4709.jpg,480442,700,365,1.917808219,0.2555,PNG,RGBA,FALSE,none,,real
E:\Project\Fake News Detection\images\real\4723.jpg,432521,700,365,1.917808219,0.2555,PNG,RGBA,FALSE,none,,real
E:\Project\Fake News Detection\images\real\4739.jpg,350888,700,365,1.917808219,0.2555,PNG,RGBA,FALSE,none,,real
E:\Project\Fake News Detection\images\real\474.jpg,75917,800,420,1.904761905,0.336,JPEG,RGB,TRUE,none,,real
E:\Project\Fake News Detection\images\real\4756.jpg,442104,700,365,1.917808219,0.2555,PNG,RGBA,FALSE,none,,real
E:\Project\Fake News Detection\images\real\4761.jpg,228045,700,365,1.917808219,0.2555,PNG,RGBA,FALSE,none,,real
E:\Project\Fake News Detection\images\real\4773.jpg,240204,700,365,1.917808219,0.2555,PNG,RGBA,FALSE,none,,real
E:\Project\Fake News Detection\images\real\4776.jpg,386733,700,365,1.917808219,0.2555,PNG,RGBA,FALSE,none,,real
E:\Project\Fake News Detection\images\real\478.jpg,65539,800,420,1.904761905,0.336,JPEG,RGB,TRUE,none,,real
E:\Project\Fake News Detection\images\real\4789.jpg,483008,700,365,1.917808219,0.2555,PNG,RGBA,FALSE,none,,real
E:\Project\Fake News Detection\images\real\4790.jpg,374384,700,365,1.917808219,0.2555,PNG,RGBA,FALSE,none,,real
E:\Project\Fake News Detection\images\real\4791.jpg,306705,700,365,1.917808219,0.2555,PNG,RGBA,FALSE,none,,real
E:\Project\Fake News Detection\images\real\480.jpg,143444,800,420,1.904761905,0.336,JPEG,RGB,FALSE,none,,real
E:\Project\Fake News Detection\images\real\4800.jpg,440904,700,365,1.917808219,0.2555,PNG,RGBA,FALSE,none,,real
E:\Project\Fake News Detection\images\real\4806.jpg,359695,700,365,1.917808219,0.2555,PNG,RGBA,FALSE,none,,real
E:\Project\Fake News Detection\images\real\4820.jpg,390539,700,365,1.917808219,0.2555,PNG,RGBA,FALSE,none,,real
E:\Project\Fake News Detection\images\real\4828.jpg,354313,700,365,1.917808219,0.2555,PNG,RGBA,FALSE,none,,real
E:\Project\Fake News Detection\images\real\4834.jpg,373158,700,365,1.917808219,0.2555,PNG,RGBA,FALSE,none,,real
E:\Project\Fake News Detection\images\real\4837.jpg,419428,700,365,1.917808219,0.2555,PNG,RGBA,FALSE,none,,real
E:\Project\Fake News Detection\images\real\484.jpg,157719,800,420,1.904761905,0.336,JPEG,RGB,TRUE,none,,real
E:\Project\Fake News Detection\images\real\4844.jpg,461060,700,365,1.917808219,0.2555,PNG,RGBA,FALSE,none,,real
E:\Project\Fake News Detection\images\real\4847.jpg,490132,700,365,1.917808219,0.2555,PNG,RGBA,FALSE,none,,real
E:\Project\Fake News Detection\images\real\4860.jpg,525450,700,365,1.917808219,0.2555,PNG,RGBA,FALSE,none,,real
E:\Project\Fake News Detection\images\real\4866.jpg,232124,700,365,1.917808219,0.2555,PNG,RGBA,FALSE,none,,real
E:\Project\Fake News Detection\images\real\4876.jpg,351565,700,365,1.917808219,0.2555,PNG,RGBA,FALSE,none,,real
E:\Project\Fake News Detection\images\real\4901.jpg,408815,700,365,1.917808219,0.2555,PNG,RGBA,FALSE,none,,real
E:\Project\Fake News Detection\images\real\4904.jpg,369804,700,365,1.917808219,0.2555,PNG,RGBA,FALSE,none,,real
E:\Project\Fake News Detection\images\real\4905.jpg,314187,700,365,1.917808219,0.2555,PNG,RGBA,FALSE,none,,real
E:\Project\Fake News Detection\images\real\4911.jpg,511613,700,365,1.917808219,0.2555,PNG,RGBA,FALSE,none,,real
E:\Project\Fake News Detection\images\real\4921.jpg,496612,700,365,1.917808219,0.2555,PNG,RGBA,FALSE,none,,real
E:\Project\Fake News Detection\images\real\4927.jpg,410859,700,365,1.917808219,0.2555,PNG,RGBA,FALSE,none,,real
E:\Project\Fake News Detection\images\real\4935.jpg,380932,700,365,1.917808219,0.2555,PNG,RGBA,FALSE,none,,real
E:\Project\Fake News Detection\images\real\4962.jpg,308735,700,365,1.917808219,0.2555,PNG,RGBA,FALSE,none,,real
E:\Project\Fake News Detection\images\real\497.jpg,205298,800,420,1.904761905,0.336,JPEG,RGB,FALSE,none,,real
E:\Project\Fake News Detection\images\real\4972.jpg,401235,700,365,1.917808219,0.2555,PNG,RGBA,FALSE,none,,real
E:\Project\Fake News Detection\images\real\4974.jpg,255699,700,365,1.917808219,0.2555,PNG,RGBA,FALSE,none,,real
E:\Project\Fake News Detection\images\real\4979.jpg,374689,700,365,1.917808219,0.2555,PNG,RGBA,FALSE,none,,real
E:\Project\Fake News Detection\images\real\4990.jpg,337204,700,365,1.917808219,0.2555,PNG,RGBA,FALSE,none,,real
E:\Project\Fake News Detection\images\real\4994.jpg,380981,700,365,1.917808219,0.2555,PNG,RGBA,FALSE,none,,real
E:\Project\Fake News Detection\images\real\5.jpg,59878,800,420,1.904761905,0.336,JPEG,RGB,FALSE,none,,real
E:\Project\Fake News Detection\images\real\5003.jpg,364706,700,365,1.917808219,0.2555,PNG,RGBA,FALSE,none,,real
E:\Project\Fake News Detection\images\real\5009.jpg,301828,700,365,1.917808219,0.2555,PNG,RGBA,FALSE,none,,real
E:\Project\Fake News Detection\images\real\5017.jpg,289199,700,365,1.917808219,0.2555,PNG,RGBA,FALSE,none,,real
E:\Project\Fake News Detection\images\real\502.jpg,63228,800,420,1.904761905,0.336,JPEG,RGB,TRUE,none,,real
E:\Project\Fake News Detection\images\real\5034.jpg,383731,700,365,1.917808219,0.2555,PNG,RGBA,FALSE,none,,real
E:\Project\Fake News Detection\images\real\5054.jpg,400975,700,365,1.917808219,0.2555,PNG,RGBA,FALSE,none,,real
E:\Project\Fake News Detection\images\real\5055.jpg,430807,700,365,1.917808219,0.2555,PNG,RGBA,FALSE,none,,real
E:\Project\Fake News Detection\images\real\5057.jpg,298776,700,365,1.917808219,0.2555,PNG,RGBA,FALSE,none,,real
E:\Project\Fake News Detection\images\real\5081.jpg,500099,700,365,1.917808219,0.2555,PNG,RGBA,FALSE,none,,real
E:\Project\Fake News Detection\images\real\5084.jpg,458120,700,365,1.917808219,0.2555,PNG,RGBA,FALSE,none,,real
E:\Project\Fake News Detection\images\real\5088.jpg,341442,700,365,1.917808219,0.2555,PNG,RGBA,FALSE,none,,real
E:\Project\Fake News Detection\images\real\5105.jpg,414617,700,365,1.917808219,0.2555,PNG,RGBA,FALSE,none,,real
E:\Project\Fake News Detection\images\real\5109.jpg,27374,600,600,1,0.36,JPEG,RGB,FALSE,none,,real
E:\Project\Fake News Detection\images\real\5112.jpg,370905,700,365,1.917808219,0.2555,PNG,RGBA,FALSE,none,,real
E:\Project\Fake News Detection\images\real\512.jpeg,115816,800,420,1.904761905,0.336,JPEG,RGB,FALSE,none,,real
E:\Project\Fake News Detection\images\real\514.jpg,42757,800,420,1.904761905,0.336,JPEG,RGB,TRUE,Adobe Photoshop CS6 (Windows),,real
E:\Project\Fake News Detection\images\real\5148.jpg,429911,700,365,1.917808219,0.2555,PNG,RGBA,FALSE,none,,real
E:\Project\Fake News Detection\images\real\5157.jpg,269613,700,365,1.917808219,0.2555,PNG,RGBA,FALSE,none,,real
E:\Project\Fake News Detection\images\real\516.jpg,56664,800,420,1.904761905,0.336,JPEG,RGB,TRUE,Adobe Photoshop CS6 (Windows),,real
E:\Project\Fake News Detection\images\real\5162.jpg,250966,700,365,1.917808219,0.2555,PNG,RGBA,FALSE,none,,real
E:\Project\Fake News Detection\images\real\5166.jpg,418593,700,365,1.917808219,0.2555,PNG,RGBA,FALSE,none,,real
E:\Project\Fake News Detection\images\real\5180.jpg,588506,700,365,1.917808219,0.2555,PNG,RGBA,FALSE,none,,real
E:\Project\Fake News Detection\images\real\5184.jpg,450105,700,365,1.917808219,0.2555,PNG,RGBA,FALSE,none,,real
E:\Project\Fake News Detection\images\real\519.jpg,66180,800,420,1.904761905,0.336,JPEG,RGB,TRUE,Adobe Photoshop CS3 Windows,,real
E:\Project\Fake News Detection\images\real\5212.jpg,473923,700,365,1.917808219,0.2555,PNG,RGBA,FALSE,none,,real
E:\Project\Fake News Detection\images\real\5219.jpg,339734,700,365,1.917808219,0.2555,PNG,RGBA,FALSE,none,,real
E:\Project\Fake News Detection\images\real\5227.jpg,533680,700,365,1.917808219,0.2555,PNG,RGBA,FALSE,none,,real
E:\Project\Fake News Detection\images\real\5228.jpg,539732,700,365,1.917808219,0.2555,PNG,RGBA,FALSE,none,,real
E:\Project\Fake News Detection\images\real\5231.jpg,346614,700,365,1.917808219,0.2555,PNG,RGBA,FALSE,none,,real
E:\Project\Fake News Detection\images\real\5233.jpg,431724,700,365,1.917808219,0.2555,PNG,RGBA,FALSE,none,,real
E:\Project\Fake News Detection\images\real\5241.jpg,538048,700,365,1.917808219,0.2555,PNG,RGBA,FALSE,none,,real
E:\Project\Fake News Detection\images\real\5258.jpg,302897,700,365,1.917808219,0.2555,PNG,RGBA,FALSE,none,,real
E:\Project\Fake News Detection\images\real\5260.jpg,262797,700,365,1.917808219,0.2555,PNG,RGBA,FALSE,none,,real
E:\Project\Fake News Detection\images\real\5268.jpg,413586,700,365,1.917808219,0.2555,PNG,RGBA,FALSE,none,,real
E:\Project\Fake News Detection\images\real\5292.png,843018,976,546,1.787545788,0.532896,PNG,RGBA,FALSE,none,,real
E:\Project\Fake News Detection\images\real\5297.png,294146,732,412,1.776699029,0.301584,PNG,RGBA,FALSE,none,,real
E:\Project\Fake News Detection\images\real\5298.png,666251,735,418,1.758373206,0.30723,PNG,RGBA,FALSE,none,,real
E:\Project\Fake News Detection\images\real\5300.png,1111504,883,583,1.51457976,0.514789,PNG,RGBA,FALSE,none,,real
E:\Project\Fake News Detection\images\real\5302.png,1234796,980,732,1.338797814,0.71736,PNG,RGBA,FALSE,none,,real
E:\Project\Fake News Detection\images\real\5305.png,1149035,1046,722,1.448753463,0.755212,PNG,RGBA,FALSE,none,,real
E:\Project\Fake News Detection\images\real\5308.png,608245,814,840,0.969047619,0.68376,PNG,RGBA,FALSE,none,,real
E:\Project\Fake News Detection\images\real\5311.png,721674,766,399,1.919799499,0.305634,PNG,RGBA,FALSE,none,,real
E:\Project\Fake News Detection\images\real\5314.png,787605,771,483,1.596273292,0.372393,PNG,RGBA,FALSE,none,,real
E:\Project\Fake News Detection\images\real\5331.png,444931,736,507,1.451676529,0.373152,PNG,RGBA,FALSE,none,,real
E:\Project\Fake News Detection\images\real\5344.png,1180127,1235,688,1.79505814,0.84968,PNG,RGBA,FALSE,none,,real
E:\Project\Fake News Detection\images\real\5347.png,1667260,1239,690,1.795652174,0.85491,PNG,RGBA,FALSE,none,,real
E:\Project\Fake News Detection\images\real\5348.png,917926,1056,587,1.798977853,0.619872,PNG,RGBA,FALSE,none,,real
E:\Project\Fake News Detection\images\real\5369.png,537739,770,481,1.600831601,0.37037,PNG,RGBA,FALSE,none,,real
E:\Project\Fake News Detection\images\real\5370.png,666679,743,518,1.434362934,0.384874,PNG,RGBA,FALSE,none,,real
E:\Project\Fake News Detection\images\real\5374.png,319767,771,480,1.60625,0.37008,PNG,RGBA,FALSE,none,,real
E:\Project\Fake News Detection\images\real\5379.png,430259,766,482,1.589211618,0.369212,PNG,RGBA,FALSE,none,,real
E:\Project\Fake News Detection\images\real\5380.png,407901,766,475,1.612631579,0.36385,PNG,RGBA,FALSE,none,,real
E:\Project\Fake News Detection\images\real\5386.png,895299,768,488,1.573770492,0.374784,PNG,RGBA,FALSE,none,,real
E:\Project\Fake News Detection\images\real\5387.png,758633,773,480,1.610416667,0.37104,PNG,RGBA,FALSE,none,,real
E:\Project\Fake News Detection\images\real\539.jpg,143404,800,420,1.904761905,0.336,JPEG,RGB,TRUE,none,,real
E:\Project\Fake News Detection\images\real\5393.png,517004,769,487,1.579055441,0.374503,PNG,RGBA,FALSE,none,,real
E:\Project\Fake News Detection\images\real\5394.png,667741,739,507,1.457593688,0.374673,PNG,RGBA,FALSE,none,,real
E:\Project\Fake News Detection\images\real\5400.png,672159,773,486,1.590534979,0.375678,PNG,RGBA,FALSE,none,,real
E:\Project\Fake News Detection\images\real\5405.png,809631,767,478,1.60460251,0.366626,PNG,RGBA,FALSE,none,,real
E:\Project\Fake News Detection\images\real\5407.png,627041,771,482,1.599585062,0.371622,PNG,RGBA,FALSE,none,,real
E:\Project\Fake News Detection\images\real\541.jpg,79704,800,446,1.793721973,0.3568,JPEG,RGB,TRUE,none,,real
E:\Project\Fake News Detection\images\real\5432.png,418639,735,506,1.45256917,0.37191,PNG,RGBA,FALSE,none,,real
E:\Project\Fake News Detection\images\real\5433.png,540896,736,508,1.448818898,0.373888,PNG,RGBA,FALSE,none,,real
E:\Project\Fake News Detection\images\real\5440.png,712967,772,488,1.581967213,0.376736,PNG,RGBA,FALSE,none,,real
E:\Project\Fake News Detection\images\real\5446.png,738412,770,483,1.594202899,0.37191,PNG,RGBA,FALSE,none,,real
E:\Project\Fake News Detection\images\real\5464.png,231675,768,486,1.580246914,0.373248,PNG,RGBA,FALSE,none,,real
E:\Project\Fake News Detection\images\real\547.jpg,147111,800,420,1.904761905,0.336,JPEG,RGB,TRUE,none,,real
E:\Project\Fake News Detection\images\real\5473.png,454774,774,489,1.582822086,0.378486,PNG,RGBA,FALSE,none,,real
E:\Project\Fake News Detection\images\real\5477.png,618038,752,423,1.777777778,0.318096,PNG,RGBA,FALSE,none,,real
E:\Project\Fake News Detection\images\real\5483.png,802143,773,485,1.593814433,0.374905,PNG,RGBA,FALSE,none,,real
E:\Project\Fake News Detection\images\real\5484.png,712948,771,485,1.589690722,0.373935,PNG,RGBA,FALSE,none,,real
E:\Project\Fake News Detection\images\real\5489.png,525778,769,487,1.579055441,0.374503,PNG,RGBA,FALSE,none,,real
E:\Project\Fake News Detection\images\real\5497.png,590740,744,514,1.447470817,0.382416,PNG,RGBA,FALSE,none,,real
E:\Project\Fake News Detection\images\real\5506.png,586760,769,478,1.608786611,0.367582,PNG,RGBA,FALSE,none,,real
E:\Project\Fake News Detection\images\real\5512.png,741819,768,481,1.596673597,0.369408,PNG,RGBA,FALSE,none,,real
E:\Project\Fake News Detection\images\real\5515.png,538788,771,478,1.612970711,0.368538,PNG,RGBA,FALSE,none,,real
E:\Project\Fake News Detection\images\real\5518.png,373363,772,483,1.598343685,0.372876,PNG,RGBA,FALSE,none,,real
E:\Project\Fake News Detection\images\real\5523.png,776412,774,488,1.586065574,0.377712,PNG,RGBA,FALSE,none,,real
E:\Project\Fake News Detection\images\real\5524.png,546212,772,478,1.615062762,0.369016,PNG,RGBA,FALSE,none,,real
E:\Project\Fake News Detection\images\real\5536.png,1052783,772,477,1.618448637,0.368244,PNG,RGBA,FALSE,none,,real
E:\Project\Fake News Detection\images\real\5542.png,396512,739,511,1.446183953,0.377629,PNG,RGBA,FALSE,none,,real
E:\Project\Fake News Detection\images\real\5583.png,486651,773,488,1.584016393,0.377224,PNG,RGBA,FALSE,none,,real
E:\Project\Fake News Detection\images\real\5587.png,511996,774,481,1.609147609,0.372294,PNG,RGBA,FALSE,none,,real
E:\Project\Fake News Detection\images\real\5609.png,497458,767,484,1.584710744,0.371228,PNG,RGBA,FALSE,none,,real
E:\Project\Fake News Detection\images\real\5612.png,522707,776,485,1.6,0.37636,PNG,RGBA,FALSE,none,,real
E:\Project\Fake News Detection\images\real\5614.png,128333,737,514,1.43385214,0.378818,PNG,RGBA,FALSE,none,,real
E:\Project\Fake News Detection\images\real\5617.png,325240,777,486,1.598765432,0.377622,PNG,RGBA,FALSE,none,,real
E:\Project\Fake News Detection\images\real\5619.png,341072,741,507,1.461538462,0.375687,PNG,RGBA,FALSE,none,,real
E:\Project\Fake News Detection\images\real\5625.png,679728,773,487,1.587268994,0.376451,PNG,RGBA,FALSE,none,,real
E:\Project\Fake News Detection\images\real\5626.png,700816,775,483,1.604554865,0.374325,PNG,RGBA,FALSE,none,,real
E:\Project\Fake News Detection\images\real\5638.png,594167,742,512,1.44921875,0.379904,PNG,RGBA,FALSE,none,,real
E:\Project\Fake News Detection\images\real\5644.png,774953,774,485,1.595876289,0.37539,PNG,RGBA,FALSE,none,,real
E:\Project\Fake News Detection\images\real\565.jpg,79902,800,420,1.904761905,0.336,JPEG,RGB,FALSE,none,,real
E:\Project\Fake News Detection\images\real\5660.png,608296,747,512,1.458984375,0.382464,PNG,RGBA,FALSE,none,,real
E:\Project\Fake News Detection\images\real\5666.png,564902,773,486,1.590534979,0.375678,PNG,RGBA,FALSE,none,,real
E:\Project\Fake News Detection\images\real\5680.png,579144,773,487,1.587268994,0.376451,PNG,RGBA,FALSE,none,,real
E:\Project\Fake News Detection\images\real\5683.png,795439,773,481,1.607068607,0.371813,PNG,RGBA,FALSE,none,,real
E:\Project\Fake News Detection\images\real\5684.png,695182,774,492,1.573170732,0.380808,PNG,RGBA,FALSE,none,,real
E:\Project\Fake News Detection\images\real\5688.png,360272,771,485,1.589690722,0.373935,PNG,RGBA,FALSE,none,,real
E:\Project\Fake News Detection\images\real\5699.png,776505,773,486,1.590534979,0.375678,PNG,RGBA,FALSE,none,,real
E:\Project\Fake News Detection\images\real\5704.png,603776,774,487,1.589322382,0.376938,PNG,RGBA,FALSE,none,,real
E:\Project\Fake News Detection\images\real\5708.png,700368,776,485,1.6,0.37636,PNG,RGBA,FALSE,none,,real
E:\Project\Fake News Detection\images\real\5716.png,418555,773,485,1.593814433,0.374905,PNG,RGBA,FALSE,none,,real
E:\Project\Fake News Detection\images\real\5726.png,664253,742,511,1.452054795,0.379162,PNG,RGBA,FALSE,none,,real
E:\Project\Fake News Detection\images\real\5729.png,701408,747,513,1.456140351,0.383211,PNG,RGBA,FALSE,none,,real
E:\Project\Fake News Detection\images\real\5731.png,451426,774,482,1.605809129,0.373068,PNG,RGBA,FALSE,none,,real
E:\Project\Fake News Detection\images\real\5738.png,582036,773,485,1.593814433,0.374905,PNG,RGBA,FALSE,none,,real
E:\Project\Fake News Detection\images\real\5754.png,489020,742,515,1.440776699,0.38213,PNG,RGBA,FALSE,none,,real
E:\Project\Fake News Detection\images\real\5758.png,583858,773,485,1.593814433,0.374905,PNG,RGBA,FALSE,none,,real
E:\Project\Fake News Detection\images\real\5764.png,634001,747,513,1.456140351,0.383211,PNG,RGBA,FALSE,none,,real
E:\Project\Fake News Detection\images\real\5774.png,490383,744,513,1.450292398,0.381672,PNG,RGBA,FALSE,none,,real
E:\Project\Fake News Detection\images\real\5777.png,413715,777,485,1.602061856,0.376845,PNG,RGBA,FALSE,none,,real
E:\Project\Fake News Detection\images\real\5794.png,546678,771,487,1.583162218,0.375477,PNG,RGBA,FALSE,none,,real
E:\Project\Fake News Detection\images\real\5795.png,620332,773,488,1.584016393,0.377224,PNG,RGBA,FALSE,none,,real
E:\Project\Fake News Detection\images\real\5798.png,435476,773,489,1.580777096,0.377997,PNG,RGBA,FALSE,none,,real
E:\Project\Fake News Detection\images\real\5800.png,469073,774,488,1.586065574,0.377712,PNG,RGBA,FALSE,none,,real
E:\Project\Fake News Detection\images\real\5804.png,538986,745,516,1.44379845,0.38442,PNG,RGBA,FALSE,none,,real
E:\Project\Fake News Detection\images\real\5806.png,330123,770,485,1.587628866,0.37345,PNG,RGBA,FALSE,none,,real
E:\Project\Fake News Detection\images\real\5811.png,674124,773,486,1.590534979,0.375678,PNG,RGBA,FALSE,none,,real
E:\Project\Fake News Detection\images\real\5815.png,875962,770,485,1.587628866,0.37345,PNG,RGBA,FALSE,none,,real
E:\Project\Fake News Detection\images\real\5818.png,901638,1011,501,2.017964072,0.506511,PNG,RGBA,FALSE,none,,real
E:\Project\Fake News Detection\images\real\5823.png,575728,774,488,1.586065574,0.377712,PNG,RGBA,FALSE,none,,real
E:\Project\Fake News Detection\images\real\5824.png,422230,772,487,1.585215606,0.375964,PNG,RGBA,FALSE,none,,real
E:\Project\Fake News Detection\images\real\5825.png,789314,773,486,1.590534979,0.375678,PNG,RGBA,FALSE,none,,real
E:\Project\Fake News Detection\images\real\5841.png,935036,960,716,1.340782123,0.68736,PNG,RGBA,FALSE,none,,real
E:\Project\Fake News Detection\images\real\5844.png,711924,926,518,1.787644788,0.479668,PNG,RGBA,FALSE,none,,real
E:\Project\Fake News Detection\images\real\5848.png,837803,1089,612,1.779411765,0.666468,PNG,RGBA,FALSE,none,,real
E:\Project\Fake News Detection\images\real\5849.png,766190,919,515,1.784466019,0.473285,PNG,RGBA,FALSE,none,,real
E:\Project\Fake News Detection\images\real\5860.png,833707,1031,580,1.777586207,0.59798,PNG,RGBA,FALSE,none,,real
E:\Project\Fake News Detection\images\real\5864.png,774569,858,483,1.776397516,0.414414,PNG,RGBA,FALSE,none,,real
E:\Project\Fake News Detection\images\real\5867.png,674622,942,530,1.777358491,0.49926,PNG,RGBA,FALSE,none,,real
E:\Project\Fake News Detection\images\real\5868.png,686816,1062,597,1.778894472,0.634014,PNG,RGBA,FALSE,none,,real
E:\Project\Fake News Detection\images\real\5872.png,752062,746,515,1.448543689,0.38419,PNG,RGBA,FALSE,none,,real
E:\Project\Fake News Detection\images\real\5874.png,483284,745,510,1.460784314,0.37995,PNG,RGBA,FALSE,none,,real
E:\Project\Fake News Detection\images\real\5880.png,443012,772,490,1.575510204,0.37828,PNG,RGBA,FALSE,none,,real
E:\Project\Fake News Detection\images\real\5884.png,778878,771,489,1.576687117,0.377019,PNG,RGBA,FALSE,none,,real
E:\Project\Fake News Detection\images\real\5891.png,719708,741,510,1.452941176,0.37791,PNG,RGBA,FALSE,none,,real
E:\Project\Fake News Detection\images\real\5894.png,709440,742,513,1.446393762,0.380646,PNG,RGBA,FALSE,none,,real
E:\Project\Fake News Detection\images\real\5900.png,637041,743,513,1.44834308,0.381159,PNG,RGBA,FALSE,none,,real
E:\Project\Fake News Detection\images\real\5905.png,265738,414,509,0.813359528,0.210726,PNG,RGBA,FALSE,none,,real
E:\Project\Fake News Detection\images\real\5909.png,550064,741,513,1.444444444,0.380133,PNG,RGBA,FALSE,none,,real
E:\Project\Fake News Detection\images\real\5911.png,695319,776,488,1.590163934,0.378688,PNG,RGBA,FALSE,none,,real
E:\Project\Fake News Detection\images\real\5913.png,643806,740,511,1.4481409,0.37814,PNG,RGBA,FALSE,none,,real
E:\Project\Fake News Detection\images\real\5916.png,706114,776,487,1.593429158,0.377912,PNG,RGBA,FALSE,none,,real
E:\Project\Fake News Detection\images\real\5920.png,457228,774,490,1.579591837,0.37926,PNG,RGBA,FALSE,none,,real
E:\Project\Fake News Detection\images\real\5928.png,708416,747,515,1.450485437,0.384705,PNG,RGBA,FALSE,none,,real
E:\Project\Fake News Detection\images\real\5929.png,546795,775,485,1.597938144,0.375875,PNG,RGBA,FALSE,none,,real
E:\Project\Fake News Detection\images\real\5932.png,443225,742,514,1.443579767,0.381388,PNG,RGBA,FALSE,none,,real
E:\Project\Fake News Detection\images\real\5939.png,634736,743,515,1.442718447,0.382645,PNG,RGBA,FALSE,none,,real
E:\Project\Fake News Detection\images\real\5941.png,506332,771,487,1.583162218,0.375477,PNG,RGBA,FALSE,none,,real
E:\Project\Fake News Detection\images\real\5946.png,560030,776,487,1.593429158,0.377912,PNG,RGBA,FALSE,none,,real
E:\Project\Fake News Detection\images\real\5948.png,309450,777,487,1.595482546,0.378399,PNG,RGBA,FALSE,none,,real
E:\Project\Fake News Detection\images\real\5976.png,511201,744,513,1.450292398,0.381672,PNG,RGBA,FALSE,none,,real
E:\Project\Fake News Detection\images\real\598.jpg,49087,800,420,1.904761905,0.336,JPEG,RGB,TRUE,Adobe Photoshop 24.7 (Windows),,real
E:\Project\Fake News Detection\images\real\5986.png,486963,744,516,1.441860465,0.383904,PNG,RGBA,FALSE,none,,real
E:\Project\Fake News Detection\images\real\60.jpg,76207,800,420,1.904761905,0.336,JPEG,RGB,TRUE,none,,real
E:\Project\Fake News Detection\images\real\6000.png,685126,740,516,1.434108527,0.38184,PNG,RGBA,FALSE,none,,real
E:\Project\Fake News Detection\images\real\6001.png,468239,750,515,1.45631068,0.38625,PNG,RGBA,FALSE,none,,real
E:\Project\Fake News Detection\images\real\6002.png,472219,745,512,1.455078125,0.38144,PNG,RGBA,FALSE,none,,real
E:\Project\Fake News Detection\images\real\601.jpg,58530,800,420,1.904761905,0.336,JPEG,RGB,TRUE,Adobe Photoshop 24.7 (Windows),,real
E:\Project\Fake News Detection\images\real\6021.png,467719,743,515,1.442718447,0.382645,PNG,RGBA,FALSE,none,,real
E:\Project\Fake News Detection\images\real\6029.png,791286,774,489,1.582822086,0.378486,PNG,RGBA,FALSE,none,,real
E:\Project\Fake News Detection\images\real\6031.png,835467,774,486,1.592592593,0.376164,PNG,RGBA,FALSE,none,,real
E:\Project\Fake News Detection\images\real\6036.png,555562,743,512,1.451171875,0.380416,PNG,RGBA,FALSE,none,,real
E:\Project\Fake News Detection\images\real\6046.png,673469,772,759,1.0171278,0.585948,PNG,RGBA,FALSE,none,,real
E:\Project\Fake News Detection\images\real\6048.png,869886,771,514,1.5,0.396294,PNG,RGBA,FALSE,none,,real
E:\Project\Fake News Detection\images\real\6052.png,491222,744,515,1.444660194,0.38316,PNG,RGBA,FALSE,none,,real
E:\Project\Fake News Detection\images\real\6061.png,722819,775,488,1.588114754,0.3782,PNG,RGBA,FALSE,none,,real
E:\Project\Fake News Detection\images\real\6069.png,646194,773,817,0.946144431,0.631541,PNG,RGBA,FALSE,none,,real
E:\Project\Fake News Detection\images\real\6085.png,329174,745,514,1.449416342,0.38293,PNG,RGBA,FALSE,none,,real
E:\Project\Fake News Detection\images\real\6088.png,552324,746,514,1.451361868,0.383444,PNG,RGBA,FALSE,none,,real
E:\Project\Fake News Detection\images\real\6097.png,301368,774,486,1.592592593,0.376164,PNG,RGBA,FALSE,none,,real
E:\Project\Fake News Detection\images\real\6102.png,114238,744,513,1.450292398,0.381672,PNG,RGBA,FALSE,none,,real
E:\Project\Fake News Detection\images\real\6106.png,961003,696,696,1,0.484416,PNG,RGBA,FALSE,none,,real
E:\Project\Fake News Detection\images\real\6110.png,633270,743,510,1.456862745,0.37893,PNG,RGBA,FALSE,none,,real
E:\Project\Fake News Detection\images\real\612.jpg,169986,800,420,1.904761905,0.336,JPEG,RGB,TRUE,none,,real
E:\Project\Fake News Detection\images\real\6121.png,593235,777,486,1.598765432,0.377622,PNG,RGBA,FALSE,none,,real
E:\Project\Fake News Detection\images\real\6136.png,623980,776,490,1.583673469,0.38024,PNG,RGBA,FALSE,none,,real
E:\Project\Fake News Detection\images\real\6145.png,841457,775,485,1.597938144,0.375875,PNG,RGBA,FALSE,none,,real
E:\Project\Fake News Detection\images\real\6146.png,782888,773,490,1.57755102,0.37877,PNG,RGBA,FALSE,none,,real
E:\Project\Fake News Detection\images\real\6147.png,781261,776,485,1.6,0.37636,PNG,RGBA,FALSE,none,,real
E:\Project\Fake News Detection\images\real\6157.png,478708,744,514,1.447470817,0.382416,PNG,RGBA,FALSE,none,,real
E:\Project\Fake News Detection\images\real\6162.jpg,16233,850,480,1.770833333,0.408,JPEG,RGB,TRUE,BeFunky Photo Editor,,real
E:\Project\Fake News Detection\images\real\6163.jpg,66778,850,480,1.770833333,0.408,JPEG,RGB,FALSE,none,,real
E:\Project\Fake News Detection\images\real\6174.jpg,97892,850,480,1.770833333,0.408,JPEG,RGB,FALSE,none,,real
E:\Project\Fake News Detection\images\real\6176.jpg,64559,850,480,1.770833333,0.408,JPEG,RGB,FALSE,none,,real
E:\Project\Fake News Detection\images\real\6177.jpg,38298,850,480,1.770833333,0.408,JPEG,RGB,TRUE,BeFunky Photo Editor,,real
E:\Project\Fake News Detection\images\real\6187.jpg,172348,850,480,1.770833333,0.408,JPEG,RGB,FALSE,none,,real
E:\Project\Fake News Detection\images\real\6189.jpg,72875,850,480,1.770833333,0.408,JPEG,RGB,TRUE,BeFunky Photo Editor,,real
E:\Project\Fake News Detection\images\real\619.jpg,76091,800,420,1.904761905,0.336,JPEG,RGB,TRUE,none,,real
E:\Project\Fake News Detection\images\real\6231.jpg,127474,850,480,1.770833333,0.408,JPEG,RGB,FALSE,none,,real
E:\Project\Fake News Detection\images\real\6242.jpg,78989,850,480,1.770833333,0.408,JPEG,RGB,FALSE,none,,real
E:\Project\Fake News Detection\images\real\6248.jpg,63587,850,480,1.770833333,0.408,JPEG,RGB,FALSE,none,,real
E:\Project\Fake News Detection\images\real\6263.jpg,42271,850,480,1.770833333,0.408,JPEG,RGB,TRUE,none,,real
E:\Project\Fake News Detection\images\real\6266.jpg,165897,850,480,1.770833333,0.408,JPEG,RGB,FALSE,none,,real
E:\Project\Fake News Detection\images\real\6275.jpg,127672,850,480,1.770833333,0.408,JPEG,RGB,FALSE,none,,real
E:\Project\Fake News Detection\images\real\6292.jpg,186516,850,480,1.770833333,0.408,JPEG,RGB,FALSE,none,,real
E:\Project\Fake News Detection\images\real\6296.jpg,119682,850,480,1.770833333,0.408,JPEG,RGB,FALSE,none,,real
E:\Project\Fake News Detection\images\real\6308.jpg,49204,850,480,1.770833333,0.408,JPEG,RGB,TRUE,Photopea Editor (www.photopea.com),,real
E:\Project\Fake News Detection\images\real\6313.jpg,240879,850,480,1.770833333,0.408,JPEG,RGB,FALSE,none,,real
E:\Project\Fake News Detection\images\real\6322.jpg,181224,850,480,1.770833333,0.408,JPEG,RGB,FALSE,none,,real
E:\Project\Fake News Detection\images\real\6325.jpg,282868,850,480,1.770833333,0.408,JPEG,RGB,FALSE,none,,real
E:\Project\Fake News Detection\images\real\6331.jpg,34517,850,480,1.770833333,0.408,JPEG,RGB,FALSE,none,,real
E:\Project\Fake News Detection\images\real\6333.jpg,74363,850,480,1.770833333,0.408,JPEG,RGB,FALSE,none,,real
E:\Project\Fake News Detection\images\real\6346.jpg,126895,850,480,1.770833333,0.408,JPEG,RGB,FALSE,none,,real
E:\Project\Fake News Detection\images\real\6348.jpg,48974,850,480,1.770833333,0.408,JPEG,RGB,FALSE,none,,real
E:\Project\Fake News Detection\images\real\635.jpg,78017,800,420,1.904761905,0.336,JPEG,RGB,TRUE,Adobe Photoshop 21.0 (Windows),,real
E:\Project\Fake News Detection\images\real\6358.jpg,154252,850,480,1.770833333,0.408,JPEG,RGB,FALSE,none,,real
E:\Project\Fake News Detection\images\real\6366.jpg,88232,850,480,1.770833333,0.408,JPEG,RGB,FALSE,none,,real
E:\Project\Fake News Detection\images\real\6368.jpg,16610,850,480,1.770833333,0.408,JPEG,RGB,FALSE,none,,real
E:\Project\Fake News Detection\images\real\6369.jpg,90733,850,480,1.770833333,0.408,JPEG,RGB,FALSE,none,,real
E:\Project\Fake News Detection\images\real\6377.jpg,47830,850,480,1.770833333,0.408,JPEG,RGB,FALSE,none,,real
E:\Project\Fake News Detection\images\real\6381.jpg,100904,840,450,1.866666667,0.378,JPEG,RGB,FALSE,none,,real
E:\Project\Fake News Detection\images\real\6386.jpg,128106,850,480,1.770833333,0.408,JPEG,RGB,FALSE,none,,real
E:\Project\Fake News Detection\images\real\6390.jpg,31687,850,480,1.770833333,0.408,JPEG,RGB,FALSE,none,,real
E:\Project\Fake News Detection\images\real\6391.jpg,30949,850,480,1.770833333,0.408,JPEG,RGB,FALSE,none,,real
E:\Project\Fake News Detection\images\real\6392.jpg,32005,850,480,1.770833333,0.408,JPEG,RGB,FALSE,none,,real
E:\Project\Fake News Detection\images\real\640.jpg,138535,800,420,1.904761905,0.336,JPEG,RGB,TRUE,none,,real
E:\Project\Fake News Detection\images\real\6402.jpg,76648,850,480,1.770833333,0.408,JPEG,RGB,FALSE,none,,real
E:\Project\Fake News Detection\images\real\6411.jpg,53046,850,480,1.770833333,0.408,JPEG,RGB,TRUE,none,,real
E:\Project\Fake News Detection\images\real\6413.jpg,96534,850,480,1.770833333,0.408,JPEG,RGB,TRUE,none,,real
E:\Project\Fake News Detection\images\real\6417.jpg,56311,850,480,1.770833333,0.408,JPEG,RGB,TRUE,none,,real
E:\Project\Fake News Detection\images\real\6419.jpg,86927,850,480,1.770833333,0.408,JPEG,RGB,TRUE,none,,real
E:\Project\Fake News Detection\images\real\6429.jpg,39417,850,480,1.770833333,0.408,JPEG,RGB,FALSE,none,,real
E:\Project\Fake News Detection\images\real\6441.jpg,72697,850,480,1.770833333,0.408,JPEG,RGB,FALSE,none,,real
E:\Project\Fake News Detection\images\real\6451.jpg,64119,850,480,1.770833333,0.408,JPEG,RGB,TRUE,none,,real
E:\Project\Fake News Detection\images\real\6452.jpg,28103,850,480,1.770833333,0.408,JPEG,RGB,FALSE,none,,real
E:\Project\Fake News Detection\images\real\6475.jpg,90750,850,480,1.770833333,0.408,JPEG,RGB,FALSE,none,,real
E:\Project\Fake News Detection\images\real\6504.jpg,95436,850,480,1.770833333,0.408,JPEG,RGB,FALSE,none,,real
E:\Project\Fake News Detection\images\real\6530.jpg,62678,850,480,1.770833333,0.408,JPEG,RGB,FALSE,none,,real
E:\Project\Fake News Detection\images\real\6545.jpg,85313,850,480,1.770833333,0.408,JPEG,RGB,FALSE,none,,real
E:\Project\Fake News Detection\images\real\6551.jpg,43537,850,480,1.770833333,0.408,JPEG,RGB,FALSE,none,,real
E:\Project\Fake News Detection\images\real\6555.jpg,76772,850,480,1.770833333,0.408,JPEG,RGB,FALSE,none,,real
E:\Project\Fake News Detection\images\real\6556.jpg,87126,840,450,1.866666667,0.378,JPEG,RGB,FALSE,none,,real
E:\Project\Fake News Detection\images\real\6582.jpg,51978,850,480,1.770833333,0.408,JPEG,RGB,TRUE,none,,real
E:\Project\Fake News Detection\images\real\6583.jpg,30258,840,450,1.866666667,0.378,JPEG,RGB,FALSE,none,,real
E:\Project\Fake News Detection\images\real\6592.jpg,51265,850,480,1.770833333,0.408,JPEG,RGB,TRUE,BeFunky Photo Editor,,real
E:\Project\Fake News Detection\images\real\6599.jpg,76175,850,480,1.770833333,0.408,JPEG,RGB,FALSE,none,,real
E:\Project\Fake News Detection\images\real\6616.jpg,43402,850,480,1.770833333,0.408,JPEG,RGB,FALSE,none,,real
E:\Project\Fake News Detection\images\real\6622.jpg,58751,850,480,1.770833333,0.408,JPEG,RGB,FALSE,none,,real
E:\Project\Fake News Detection\images\real\6633.jpg,21139,850,480,1.770833333,0.408,JPEG,RGB,FALSE,none,,real
E:\Project\Fake News Detection\images\real\6640.jpg,51265,850,480,1.770833333,0.408,JPEG,RGB,TRUE,BeFunky Photo Editor,,real
E:\Project\Fake News Detection\images\real\6644.jpg,120797,850,480,1.770833333,0.408,JPEG,RGB,FALSE,none,,real
E:\Project\Fake News Detection\images\real\6645.jpg,166332,850,480,1.770833333,0.408,JPEG,RGB,FALSE,none,,real
E:\Project\Fake News Detection\images\real\6650.jpg,78393,850,480,1.770833333,0.408,JPEG,RGB,FALSE,none,,real
E:\Project\Fake News Detection\images\real\6653.jpg,91863,850,480,1.770833333,0.408,JPEG,RGB,FALSE,none,,real
E:\Project\Fake News Detection\images\real\666.jpg,55343,800,420,1.904761905,0.336,JPEG,RGB,TRUE,Adobe Photoshop 24.7 (Windows),,real
E:\Project\Fake News Detection\images\real\6660.jpg,53950,850,480,1.770833333,0.408,JPEG,RGB,FALSE,none,,real
E:\Project\Fake News Detection\images\real\6661.jpg,74737,850,480,1.770833333,0.408,JPEG,RGB,FALSE,none,,real
E:\Project\Fake News Detection\images\real\6665.jpg,38301,850,480,1.770833333,0.408,JPEG,RGB,TRUE,none,,real
E:\Project\Fake News Detection\images\real\6673.jpeg,151487,1280,628,2.038216561,0.80384,JPEG,RGB,FALSE,none,,real
E:\Project\Fake News Detection\images\real\6675.jpg,34570,850,480,1.770833333,0.408,JPEG,RGB,TRUE,none,,real
E:\Project\Fake News Detection\images\real\6679.jpg,311897,850,480,1.770833333,0.408,JPEG,RGB,FALSE,none,,real
E:\Project\Fake News Detection\images\real\6681.jpg,162679,850,480,1.770833333,0.408,JPEG,RGB,FALSE,none,,real
E:\Project\Fake News Detection\images\real\6685.jpg,120979,850,480,1.770833333,0.408,JPEG,RGB,FALSE,none,,real
E:\Project\Fake News Detection\images\real\6693.jpg,18382,850,480,1.770833333,0.408,JPEG,RGB,FALSE,none,,real
E:\Project\Fake News Detection\images\real\6697.jpg,28215,850,480,1.770833333,0.408,JPEG,RGB,FALSE,none,,real
E:\Project\Fake News Detection\images\real\6705.jpg,63727,850,480,1.770833333,0.408,JPEG,RGB,FALSE,none,,real
E:\Project\Fake News Detection\images\real\6706.jpg,83053,850,480,1.770833333,0.408,JPEG,RGB,FALSE,none,,real
E:\Project\Fake News Detection\images\real\671.jpg,41555,800,420,1.904761905,0.336,JPEG,RGB,TRUE,Adobe Photoshop 24.7 (Windows),,real
E:\Project\Fake News Detection\images\real\6718.jpg,149780,850,480,1.770833333,0.408,JPEG,RGB,FALSE,none,,real
E:\Project\Fake News Detection\images\real\6719.jpg,142787,850,480,1.770833333,0.408,JPEG,RGB,FALSE,none,,real
E:\Project\Fake News Detection\images\real\6727.jpg,112767,850,480,1.770833333,0.408,JPEG,RGB,FALSE,none,,real
E:\Project\Fake News Detection\images\real\6738.jpg,78776,850,480,1.770833333,0.408,JPEG,RGB,TRUE,none,,real
E:\Project\Fake News Detection\images\real\6739.jpg,76505,850,480,1.770833333,0.408,JPEG,RGB,TRUE,none,,real
E:\Project\Fake News Detection\images\real\6752.jpg,65856,850,480,1.770833333,0.408,JPEG,RGB,TRUE,none,,real
E:\Project\Fake News Detection\images\real\6755.jpg,263376,850,480,1.770833333,0.408,JPEG,RGB,FALSE,none,,real
E:\Project\Fake News Detection\images\real\6759.jpg,45415,850,480,1.770833333,0.408,JPEG,RGB,TRUE,none,,real
E:\Project\Fake News Detection\images\real\676.jpg,40969,800,420,1.904761905,0.336,JPEG,RGB,TRUE,Adobe Photoshop 24.7 (Windows),,real
E:\Project\Fake News Detection\images\real\6767.jpg,38275,850,480,1.770833333,0.408,JPEG,RGB,FALSE,none,,real
E:\Project\Fake News Detection\images\real\6768.jpg,66708,840,450,1.866666667,0.378,JPEG,RGB,FALSE,none,,real
E:\Project\Fake News Detection\images\real\6776.jpg,22182,850,480,1.770833333,0.408,JPEG,RGB,FALSE,none,,real
E:\Project\Fake News Detection\images\real\6778.jpg,74862,850,480,1.770833333,0.408,JPEG,RGB,TRUE,none,,real
E:\Project\Fake News Detection\images\real\6783.jpg,100545,850,480,1.770833333,0.408,JPEG,RGB,FALSE,none,,real
E:\Project\Fake News Detection\images\real\6785.jpg,221577,850,480,1.770833333,0.408,JPEG,RGB,FALSE,none,,real
E:\Project\Fake News Detection\images\real\6786.jpg,128602,850,480,1.770833333,0.408,JPEG,RGB,FALSE,none,,real
E:\Project\Fake News Detection\images\real\679.jpg,52715,800,420,1.904761905,0.336,JPEG,RGB,TRUE,Adobe Photoshop 24.7 (Windows),,real
E:\Project\Fake News Detection\images\real\6795.jpg,73679,850,480,1.770833333,0.408,JPEG,RGB,FALSE,none,,real
E:\Project\Fake News Detection\images\real\6797.jpg,89214,850,480,1.770833333,0.408,JPEG,RGB,FALSE,none,,real
E:\Project\Fake News Detection\images\real\6798.jpg,64361,850,480,1.770833333,0.408,JPEG,RGB,FALSE,none,,real
E:\Project\Fake News Detection\images\real\681.jpg,41809,800,420,1.904761905,0.336,JPEG,RGB,TRUE,Adobe Photoshop 24.7 (Windows),,real
E:\Project\Fake News Detection\images\real\6812.jpg,64049,850,480,1.770833333,0.408,JPEG,RGB,FALSE,none,,real
E:\Project\Fake News Detection\images\real\6813.jpg,50038,850,480,1.770833333,0.408,JPEG,RGB,TRUE,Photopea Editor (www.photopea.com),,real
E:\Project\Fake News Detection\images\real\6817.jpg,47284,850,480,1.770833333,0.408,JPEG,RGB,FALSE,none,,real
E:\Project\Fake News Detection\images\real\6822.jpg,112738,850,480,1.770833333,0.408,JPEG,RGB,TRUE,Photopea Editor (www.photopea.com),,real
E:\Project\Fake News Detection\images\real\6825.jpg,109950,840,450,1.866666667,0.378,JPEG,RGB,FALSE,none,,real
E:\Project\Fake News Detection\images\real\6828.jpg,36968,850,480,1.770833333,0.408,JPEG,RGB,TRUE,none,,real
E:\Project\Fake News Detection\images\real\6839.jpg,135128,850,480,1.770833333,0.408,JPEG,RGB,FALSE,none,,real
E:\Project\Fake News Detection\images\real\6840.jpg,32680,850,480,1.770833333,0.408,JPEG,RGB,FALSE,none,,real
E:\Project\Fake News Detection\images\real\6847.jpg,245177,850,480,1.770833333,0.408,JPEG,RGB,FALSE,none,,real
E:\Project\Fake News Detection\images\real\6851.jpg,93278,850,480,1.770833333,0.408,JPEG,RGB,FALSE,none,,real
E:\Project\Fake News Detection\images\real\6856.jpg,69487,850,480,1.770833333,0.408,JPEG,RGB,FALSE,none,,real
E:\Project\Fake News Detection\images\real\6862.jpg,79311,850,480,1.770833333,0.408,JPEG,RGB,TRUE,none,,real
E:\Project\Fake News Detection\images\real\6872.jpg,77646,850,480,1.770833333,0.408,JPEG,RGB,FALSE,none,,real
E:\Project\Fake News Detection\images\real\6879.jpg,88360,850,480,1.770833333,0.408,JPEG,RGB,FALSE,none,,real
E:\Project\Fake News Detection\images\real\6884.jpg,33156,850,480,1.770833333,0.408,JPEG,RGB,FALSE,none,,real
E:\Project\Fake News Detection\images\real\6890.jpg,82611,850,480,1.770833333,0.408,JPEG,RGB,FALSE,none,,real
E:\Project\Fake News Detection\images\real\6893.jpg,71726,850,480,1.770833333,0.408,JPEG,RGB,FALSE,none,,real
E:\Project\Fake News Detection\images\real\69.jpg,61349,800,420,1.904761905,0.336,JPEG,RGB,TRUE,none,,real
E:\Project\Fake News Detection\images\real\6900.jpg,48013,850,480,1.770833333,0.408,JPEG,RGB,FALSE,none,,real
E:\Project\Fake News Detection\images\real\6901.jpg,57939,850,480,1.770833333,0.408,JPEG,RGB,FALSE,none,,real
E:\Project\Fake News Detection\images\real\6903.jpg,36544,850,480,1.770833333,0.408,JPEG,RGB,FALSE,none,,real
E:\Project\Fake News Detection\images\real\6907.jpg,86399,850,480,1.770833333,0.408,JPEG,RGB,FALSE,none,,real
E:\Project\Fake News Detection\images\real\6909.jpg,89529,850,480,1.770833333,0.408,JPEG,RGB,FALSE,none,,real
E:\Project\Fake News Detection\images\real\6912.jpg,86700,850,480,1.770833333,0.408,JPEG,RGB,FALSE,none,,real
E:\Project\Fake News Detection\images\real\6920.jpg,42021,850,480,1.770833333,0.408,JPEG,RGB,FALSE,none,,real
E:\Project\Fake News Detection\images\real\6924.jpg,49082,850,480,1.770833333,0.408,JPEG,RGB,FALSE,none,,real
E:\Project\Fake News Detection\images\real\6933.jpg,226064,850,480,1.770833333,0.408,JPEG,RGB,FALSE,none,,real
E:\Project\Fake News Detection\images\real\6934.jpg,61460,850,480,1.770833333,0.408,JPEG,RGB,FALSE,none,,real
E:\Project\Fake News Detection\images\real\6937.jpg,52256,850,480,1.770833333,0.408,JPEG,RGB,FALSE,none,,real
E:\Project\Fake News Detection\images\real\6938.jpg,146527,850,480,1.770833333,0.408,JPEG,RGB,FALSE,none,,real
E:\Project\Fake News Detection\images\real\6939.jpg,133720,850,480,1.770833333,0.408,JPEG,RGB,FALSE,none,,real
E:\Project\Fake News Detection\images\real\6951.jpg,65767,850,480,1.770833333,0.408,JPEG,RGB,FALSE,none,,real
E:\Project\Fake News Detection\images\real\6971.jpg,91697,850,480,1.770833333,0.408,JPEG,RGB,TRUE,Photopea Editor (www.photopea.com),,real
E:\Project\Fake News Detection\images\real\698.jpg,82723,800,420,1.904761905,0.336,JPEG,RGB,FALSE,none,,real
E:\Project\Fake News Detection\images\real\6982.jpg,109683,850,480,1.770833333,0.408,JPEG,RGB,TRUE,none,,real
E:\Project\Fake News Detection\images\real\6985.jpg,84534,850,480,1.770833333,0.408,JPEG,RGB,FALSE,none,,real
E:\Project\Fake News Detection\images\real\7004.jpg,91613,850,480,1.770833333,0.408,JPEG,RGB,TRUE,none,,real
E:\Project\Fake News Detection\images\real\7009.jpg,109606,850,480,1.770833333,0.408,JPEG,RGB,TRUE,Photopea Editor (www.photopea.com),,real
E:\Project\Fake News Detection\images\real\701.jpg,64950,800,420,1.904761905,0.336,JPEG,RGB,FALSE,none,,real
E:\Project\Fake News Detection\images\real\7010.jpg,28004,850,480,1.770833333,0.408,JPEG,RGB,FALSE,none,,real
E:\Project\Fake News Detection\images\real\7012.jpg,33596,850,480,1.770833333,0.408,JPEG,RGB,FALSE,none,,real
E:\Project\Fake News Detection\images\real\7015.jpg,64189,840,450,1.866666667,0.378,JPEG,RGB,FALSE,none,,real
E:\Project\Fake News Detection\images\real\7034.jpg,55941,850,480,1.770833333,0.408,JPEG,RGB,TRUE,none,,real
E:\Project\Fake News Detection\images\real\7039.jpg,23827,850,480,1.770833333,0.408,JPEG,RGB,FALSE,none,,real
E:\Project\Fake News Detection\images\real\717.jpg,141576,800,420,1.904761905,0.336,JPEG,RGB,FALSE,none,,real
E:\Project\Fake News Detection\images\real\727.jpg,51868,800,420,1.904761905,0.336,JPEG,RGB,TRUE,Adobe Photoshop 24.7 (Windows),,real
E:\Project\Fake News Detection\images\real\732.jpg,45891,800,420,1.904761905,0.336,JPEG,RGB,TRUE,Adobe Photoshop 24.7 (Windows),,real
E:\Project\Fake News Detection\images\real\742.jpg,93825,800,420,1.904761905,0.336,JPEG,RGB,TRUE,Adobe Photoshop 24.7 (Windows),,real
E:\Project\Fake News Detection\images\real\747.jpeg,98825,800,453,1.766004415,0.3624,JPEG,RGB,TRUE,none,,real
E:\Project\Fake News Detection\images\real\751.jpg,129226,560,420,1.333333333,0.2352,JPEG,RGB,TRUE,none,,real
E:\Project\Fake News Detection\images\real\752.jpg,158419,800,420,1.904761905,0.336,JPEG,RGB,TRUE,none,,real
E:\Project\Fake News Detection\images\real\756.jpg,92121,800,420,1.904761905,0.336,JPEG,RGB,TRUE,none,,real
E:\Project\Fake News Detection\images\real\761.jpg,94241,800,420,1.904761905,0.336,JPEG,RGB,TRUE,none,,real
E:\Project\Fake News Detection\images\real\766.jpg,77517,800,420,1.904761905,0.336,JPEG,RGB,TRUE,Adobe Photoshop 24.7 (Windows),,real
E:\Project\Fake News Detection\images\real\771.jpg,138378,800,420,1.904761905,0.336,JPEG,RGB,TRUE,none,,real
E:\Project\Fake News Detection\images\real\772.jpg,117798,800,420,1.904761905,0.336,JPEG,RGB,TRUE,none,,real
E:\Project\Fake News Detection\images\real\773.jpg,93719,800,420,1.904761905,0.336,JPEG,RGB,TRUE,none,,real
E:\Project\Fake News Detection\images\real\783.jpg,60540,800,420,1.904761905,0.336,JPEG,RGB,TRUE,Adobe Photoshop 24.7 (Windows),,real
E:\Project\Fake News Detection\images\real\786.jpg,141801,800,420,1.904761905,0.336,JPEG,RGB,TRUE,none,,real
E:\Project\Fake News Detection\images\real\793.jpg,49494,800,420,1.904761905,0.336,JPEG,RGB,FALSE,none,,real
E:\Project\Fake News Detection\images\real\794.jpeg,95304,800,420,1.904761905,0.336,JPEG,RGB,FALSE,none,,real
E:\Project\Fake News Detection\images\real\795.jpg,151203,834,420,1.985714286,0.35028,JPEG,RGB,TRUE,none,,real
E:\Project\Fake News Detection\images\real\797.jpg,141854,800,420,1.904761905,0.336,JPEG,RGB,TRUE,none,,real
E:\Project\Fake News Detection\images\real\798.jpg,160988,800,443,1.805869074,0.3544,JPEG,RGB,TRUE,none,,real
E:\Project\Fake News Detection\images\real\807.jpeg,241367,800,420,1.904761905,0.336,JPEG,RGB,FALSE,none,,real
E:\Project\Fake News Detection\images\real\810.jpg,85556,800,420,1.904761905,0.336,JPEG,RGB,FALSE,none,,real
E:\Project\Fake News Detection\images\real\826.jpeg,125484,800,420,1.904761905,0.336,JPEG,RGB,FALSE,none,,real
E:\Project\Fake News Detection\images\real\833.jpeg,158026,800,420,1.904761905,0.336,JPEG,RGB,FALSE,none,,real
E:\Project\Fake News Detection\images\real\840.jpg,163844,800,420,1.904761905,0.336,JPEG,RGB,TRUE,none,,real
E:\Project\Fake News Detection\images\real\841.jpg,121486,800,420,1.904761905,0.336,JPEG,RGB,TRUE,Adobe Photoshop 24.2 (Windows),,real
E:\Project\Fake News Detection\images\real\846.jpg,111977,800,420,1.904761905,0.336,JPEG,RGB,TRUE,none,,real
E:\Project\Fake News Detection\images\real\85.jpg,179762,800,420,1.904761905,0.336,JPEG,RGB,FALSE,none,,real
E:\Project\Fake News Detection\images\real\853.jpg,93922,800,420,1.904761905,0.336,JPEG,RGB,TRUE,none,,real
E:\Project\Fake News Detection\images\real\855.jpg,83837,800,420,1.904761905,0.336,JPEG,RGB,TRUE,none,,real
E:\Project\Fake News Detection\images\real\857.jpg,214724,800,420,1.904761905,0.336,JPEG,RGB,TRUE,PhotoScape,,real
E:\Project\Fake News Detection\images\real\871.jpg,66405,800,420,1.904761905,0.336,JPEG,RGB,TRUE,Adobe Photoshop CS6 (Windows),,real
E:\Project\Fake News Detection\images\real\872.jpg,53858,800,420,1.904761905,0.336,JPEG,RGB,TRUE,Adobe Photoshop 24.7 (Windows),,real
E:\Project\Fake News Detection\images\real\874.jpg,70265,800,420,1.904761905,0.336,JPEG,RGB,TRUE,Adobe Photoshop 24.7 (Windows),,real
E:\Project\Fake News Detection\images\real\877.jpg,86336,800,420,1.904761905,0.336,JPEG,RGB,TRUE,Adobe Photoshop 24.7 (Windows),,real
E:\Project\Fake News Detection\images\real\879.jpg,28776,800,420,1.904761905,0.336,JPEG,RGB,TRUE,Adobe Photoshop 24.7 (Windows),,real
E:\Project\Fake News Detection\images\real\9.jpg,69117,800,420,1.904761905,0.336,JPEG,RGB,TRUE,Adobe ImageReady,,real
E:\Project\Fake News Detection\images\real\913.jpg,181317,995,560,1.776785714,0.5572,JPEG,RGB,FALSE,none,,real
E:\Project\Fake News Detection\images\real\922.jpg,64992,995,560,1.776785714,0.5572,JPEG,RGB,FALSE,none,,real
E:\Project\Fake News Detection\images\real\931.jpg,131305,995,560,1.776785714,0.5572,JPEG,RGB,FALSE,none,,real
E:\Project\Fake News Detection\images\real\934.jpg,35296,995,560,1.776785714,0.5572,JPEG,RGB,FALSE,none,,real
E:\Project\Fake News Detection\images\real\935.jpg,172599,995,560,1.776785714,0.5572,JPEG,RGB,FALSE,none,,real
E:\Project\Fake News Detection\images\real\938.jpg,130893,995,560,1.776785714,0.5572,JPEG,RGB,FALSE,none,,real
E:\Project\Fake News Detection\images\real\947.jpg,61330,995,560,1.776785714,0.5572,JPEG,RGB,FALSE,none,,real
E:\Project\Fake News Detection\images\real\95.jpg,76678,800,420,1.904761905,0.336,JPEG,RGB,FALSE,none,,real
E:\Project\Fake News Detection\images\real\958.jpg,51403,995,560,1.776785714,0.5572,JPEG,RGB,FALSE,none,,real
E:\Project\Fake News Detection\images\real\961.jpg,72382,995,560,1.776785714,0.5572,JPEG,RGB,FALSE,none,,real
E:\Project\Fake News Detection\images\real\969.jpg,44732,995,560,1.776785714,0.5572,JPEG,RGB,FALSE,none,,real
E:\Project\Fake News Detection\images\real\97.jpg,204177,800,420,1.904761905,0.336,JPEG,RGB,FALSE,none,,real
E:\Project\Fake News Detection\images\real\970.jpg,108166,995,560,1.776785714,0.5572,JPEG,RGB,FALSE,none,,real
E:\Project\Fake News Detection\images\real\987.jpg,61258,995,560,1.776785714,0.5572,JPEG,RGB,FALSE,none,,real
E:\Project\Fake News Detection\images\real\99.jpg,118971,800,420,1.904761905,0.336,JPEG,RGB,TRUE,none,,real
E:\Project\Fake News Detection\images\fake\100.jpg,450697,1408,768,1.833333333,1.081344,JPEG,RGB,FALSE,none,,fake
E:\Project\Fake News Detection\images\fake\1005.jpg,370547,1408,768,1.833333333,1.081344,JPEG,RGB,FALSE,none,,fake
E:\Project\Fake News Detection\images\fake\1006.jpg,487092,1408,768,1.833333333,1.081344,JPEG,RGB,FALSE,none,,fake
E:\Project\Fake News Detection\images\fake\1008.jpg,631155,1408,768,1.833333333,1.081344,JPEG,RGB,FALSE,none,,fake
E:\Project\Fake News Detection\images\fake\1035.jpg,501699,1408,768,1.833333333,1.081344,JPEG,RGB,FALSE,none,,fake
E:\Project\Fake News Detection\images\fake\1036.jpg,390540,1408,768,1.833333333,1.081344,JPEG,RGB,FALSE,none,,fake
E:\Project\Fake News Detection\images\fake\1037.jpg,533098,1408,768,1.833333333,1.081344,JPEG,RGB,FALSE,none,,fake
E:\Project\Fake News Detection\images\fake\1038.jpg,371728,1408,768,1.833333333,1.081344,JPEG,RGB,FALSE,none,,fake
E:\Project\Fake News Detection\images\fake\104.jpg,504368,1408,768,1.833333333,1.081344,JPEG,RGB,FALSE,none,,fake
E:\Project\Fake News Detection\images\fake\1041.jpg,485814,1408,768,1.833333333,1.081344,JPEG,RGB,FALSE,none,,fake
E:\Project\Fake News Detection\images\fake\1045.jpg,375968,1408,768,1.833333333,1.081344,JPEG,RGB,FALSE,none,,fake
E:\Project\Fake News Detection\images\fake\106.jpg,388614,1408,768,1.833333333,1.081344,JPEG,RGB,FALSE,none,,fake
E:\Project\Fake News Detection\images\fake\1065.jpg,420195,1408,768,1.833333333,1.081344,JPEG,RGB,FALSE,none,,fake
E:\Project\Fake News Detection\images\fake\1070.jpg,455560,1408,768,1.833333333,1.081344,JPEG,RGB,FALSE,none,,fake
E:\Project\Fake News Detection\images\fake\1071.jpg,481406,1408,768,1.833333333,1.081344,JPEG,RGB,FALSE,none,,fake
E:\Project\Fake News Detection\images\fake\1077.jpg,522596,1408,768,1.833333333,1.081344,JPEG,RGB,FALSE,none,,fake
E:\Project\Fake News Detection\images\fake\1083.jpg,546151,1408,768,1.833333333,1.081344,JPEG,RGB,FALSE,none,,fake
E:\Project\Fake News Detection\images\fake\109.jpg,465300,1408,768,1.833333333,1.081344,JPEG,RGB,FALSE,none,,fake
E:\Project\Fake News Detection\images\fake\1096.jpg,630766,1408,768,1.833333333,1.081344,JPEG,RGB,FALSE,none,,fake
E:\Project\Fake News Detection\images\fake\11.jpg,441550,1408,768,1.833333333,1.081344,JPEG,RGB,FALSE,none,,fake
E:\Project\Fake News Detection\images\fake\110.jpg,502159,1408,768,1.833333333,1.081344,JPEG,RGB,FALSE,none,,fake
E:\Project\Fake News Detection\images\fake\1105.jpg,409128,1408,768,1.833333333,1.081344,JPEG,RGB,FALSE,none,,fake
E:\Project\Fake News Detection\images\fake\1106.jpg,447561,1408,768,1.833333333,1.081344,JPEG,RGB,FALSE,none,,fake
E:\Project\Fake News Detection\images\fake\1115.jpg,466675,1408,768,1.833333333,1.081344,JPEG,RGB,FALSE,none,,fake
E:\Project\Fake News Detection\images\fake\1118.jpg,456639,1408,768,1.833333333,1.081344,JPEG,RGB,FALSE,none,,fake
E:\Project\Fake News Detection\images\fake\1140.jpg,386369,1408,768,1.833333333,1.081344,JPEG,RGB,FALSE,none,,fake
E:\Project\Fake News Detection\images\fake\1143.jpg,407712,1408,768,1.833333333,1.081344,JPEG,RGB,FALSE,none,,fake
E:\Project\Fake News Detection\images\fake\1144.jpg,517051,1408,768,1.833333333,1.081344,JPEG,RGB,FALSE,none,,fake
E:\Project\Fake News Detection\images\fake\1155.jpg,285590,1408,768,1.833333333,1.081344,JPEG,RGB,FALSE,none,,fake
E:\Project\Fake News Detection\images\fake\1156.jpg,427940,1408,768,1.833333333,1.081344,JPEG,RGB,FALSE,none,,fake
E:\Project\Fake News Detection\images\fake\1158.jpg,405477,1408,768,1.833333333,1.081344,JPEG,RGB,FALSE,none,,fake
E:\Project\Fake News Detection\images\fake\1185.jpg,422263,1408,768,1.833333333,1.081344,JPEG,RGB,FALSE,none,,fake
E:\Project\Fake News Detection\images\fake\1193.jpg,490554,1408,768,1.833333333,1.081344,JPEG,RGB,FALSE,none,,fake
E:\Project\Fake News Detection\images\fake\1200.jpg,487486,1408,768,1.833333333,1.081344,JPEG,RGB,FALSE,none,,fake
E:\Project\Fake News Detection\images\fake\1207.jpg,396584,1408,768,1.833333333,1.081344,JPEG,RGB,FALSE,none,,fake
E:\Project\Fake News Detection\images\fake\1210.jpg,538655,1408,768,1.833333333,1.081344,JPEG,RGB,FALSE,none,,fake
E:\Project\Fake News Detection\images\fake\1211.jpg,665198,1408,768,1.833333333,1.081344,JPEG,RGB,FALSE,none,,fake
E:\Project\Fake News Detection\images\fake\1212.jpg,561518,1408,768,1.833333333,1.081344,JPEG,RGB,FALSE,none,,fake
E:\Project\Fake News Detection\images\fake\122.jpg,374768,1408,768,1.833333333,1.081344,JPEG,RGB,FALSE,none,,fake
E:\Project\Fake News Detection\images\fake\1223.jpg,456498,1408,768,1.833333333,1.081344,JPEG,RGB,FALSE,none,,fake
E:\Project\Fake News Detection\images\fake\123.jpg,311532,1408,768,1.833333333,1.081344,JPEG,RGB,FALSE,none,,fake
E:\Project\Fake News Detection\images\fake\1244.jpg,695522,1408,768,1.833333333,1.081344,JPEG,RGB,FALSE,none,,fake
E:\Project\Fake News Detection\images\fake\1248.jpg,435995,1408,768,1.833333333,1.081344,JPEG,RGB,FALSE,none,,fake
E:\Project\Fake News Detection\images\fake\1252.jpg,465399,1408,768,1.833333333,1.081344,JPEG,RGB,FALSE,none,,fake
E:\Project\Fake News Detection\images\fake\1254.jpg,560354,1408,768,1.833333333,1.081344,JPEG,RGB,FALSE,none,,fake
E:\Project\Fake News Detection\images\fake\1261.jpg,405255,1408,768,1.833333333,1.081344,JPEG,RGB,FALSE,none,,fake
E:\Project\Fake News Detection\images\fake\1269.jpg,412865,1408,768,1.833333333,1.081344,JPEG,RGB,FALSE,none,,fake
E:\Project\Fake News Detection\images\fake\127.jpg,580703,1408,768,1.833333333,1.081344,JPEG,RGB,FALSE,none,,fake
E:\Project\Fake News Detection\images\fake\1275.jpg,406936,1408,768,1.833333333,1.081344,JPEG,RGB,FALSE,none,,fake
E:\Project\Fake News Detection\images\fake\1276.jpg,535543,1408,768,1.833333333,1.081344,JPEG,RGB,FALSE,none,,fake
E:\Project\Fake News Detection\images\fake\1289.jpg,523486,1408,768,1.833333333,1.081344,JPEG,RGB,FALSE,none,,fake
E:\Project\Fake News Detection\images\fake\1300.jpg,636613,1408,768,1.833333333,1.081344,JPEG,RGB,FALSE,none,,fake
E:\Project\Fake News Detection\images\fake\1309.jpg,353932,1408,768,1.833333333,1.081344,JPEG,RGB,FALSE,none,,fake
E:\Project\Fake News Detection\images\fake\1312.jpg,738560,1408,768,1.833333333,1.081344,JPEG,RGB,FALSE,none,,fake
E:\Project\Fake News Detection\images\fake\132.jpg,437563,1408,768,1.833333333,1.081344,JPEG,RGB,FALSE,none,,fake
E:\Project\Fake News Detection\images\fake\1323.jpg,329054,1408,768,1.833333333,1.081344,JPEG,RGB,FALSE,none,,fake
E:\Project\Fake News Detection\images\fake\1324.jpg,486784,1408,768,1.833333333,1.081344,JPEG,RGB,FALSE,none,,fake
E:\Project\Fake News Detection\images\fake\1328.jpg,457871,1408,768,1.833333333,1.081344,JPEG,RGB,FALSE,none,,fake
E:\Project\Fake News Detection\images\fake\133.jpg,401145,1408,768,1.833333333,1.081344,JPEG,RGB,FALSE,none,,fake
E:\Project\Fake News Detection\images\fake\1342.jpg,468378,1408,768,1.833333333,1.081344,JPEG,RGB,FALSE,none,,fake
E:\Project\Fake News Detection\images\fake\1346.jpg,427380,1408,768,1.833333333,1.081344,JPEG,RGB,FALSE,none,,fake
E:\Project\Fake News Detection\images\fake\1351.jpg,451893,1408,768,1.833333333,1.081344,JPEG,RGB,FALSE,none,,fake
E:\Project\Fake News Detection\images\fake\137.jpg,421629,1408,768,1.833333333,1.081344,JPEG,RGB,FALSE,none,,fake
E:\Project\Fake News Detection\images\fake\1371.jpg,526685,1408,768,1.833333333,1.081344,JPEG,RGB,FALSE,none,,fake
E:\Project\Fake News Detection\images\fake\1372.jpg,424123,1408,768,1.833333333,1.081344,JPEG,RGB,FALSE,none,,fake
E:\Project\Fake News Detection\images\fake\1373.jpg,359431,1408,768,1.833333333,1.081344,JPEG,RGB,FALSE,none,,fake
E:\Project\Fake News Detection\images\fake\1376.jpg,469877,1408,768,1.833333333,1.081344,JPEG,RGB,FALSE,none,,fake
E:\Project\Fake News Detection\images\fake\1378.jpg,505924,1408,768,1.833333333,1.081344,JPEG,RGB,FALSE,none,,fake
E:\Project\Fake News Detection\images\fake\1379.jpg,447061,1408,768,1.833333333,1.081344,JPEG,RGB,FALSE,none,,fake
E:\Project\Fake News Detection\images\fake\1388.jpg,523433,1408,768,1.833333333,1.081344,JPEG,RGB,FALSE,none,,fake
E:\Project\Fake News Detection\images\fake\1389.jpg,580451,1408,768,1.833333333,1.081344,JPEG,RGB,FALSE,none,,fake
E:\Project\Fake News Detection\images\fake\139.jpg,382194,1408,768,1.833333333,1.081344,JPEG,RGB,FALSE,none,,fake
E:\Project\Fake News Detection\images\fake\1396.jpg,622182,1408,768,1.833333333,1.081344,JPEG,RGB,FALSE,none,,fake
E:\Project\Fake News Detection\images\fake\1406.jpg,445911,1408,768,1.833333333,1.081344,JPEG,RGB,FALSE,none,,fake
E:\Project\Fake News Detection\images\fake\1414.jpg,401860,1408,768,1.833333333,1.081344,JPEG,RGB,FALSE,none,,fake
E:\Project\Fake News Detection\images\fake\1416.jpg,380092,1408,768,1.833333333,1.081344,JPEG,RGB,FALSE,none,,fake
E:\Project\Fake News Detection\images\fake\1433.jpg,487374,1408,768,1.833333333,1.081344,JPEG,RGB,FALSE,none,,fake
E:\Project\Fake News Detection\images\fake\1436.jpg,512440,1408,768,1.833333333,1.081344,JPEG,RGB,FALSE,none,,fake
E:\Project\Fake News Detection\images\fake\1438.jpg,423485,1408,768,1.833333333,1.081344,JPEG,RGB,FALSE,none,,fake
E:\Project\Fake News Detection\images\fake\1466.jpg,370619,1408,768,1.833333333,1.081344,JPEG,RGB,FALSE,none,,fake
E:\Project\Fake News Detection\images\fake\1470.jpg,525525,1408,768,1.833333333,1.081344,JPEG,RGB,FALSE,none,,fake
E:\Project\Fake News Detection\images\fake\1476.jpg,484001,1408,768,1.833333333,1.081344,JPEG,RGB,FALSE,none,,fake
E:\Project\Fake News Detection\images\fake\148.jpg,413088,1408,768,1.833333333,1.081344,JPEG,RGB,FALSE,none,,fake
E:\Project\Fake News Detection\images\fake\15.jpg,405615,1408,768,1.833333333,1.081344,JPEG,RGB,FALSE,none,,fake
E:\Project\Fake News Detection\images\fake\1501.jpg,399337,1408,768,1.833333333,1.081344,JPEG,RGB,FALSE,none,,fake
E:\Project\Fake News Detection\images\fake\1506.jpg,360902,1408,768,1.833333333,1.081344,JPEG,RGB,FALSE,none,,fake
E:\Project\Fake News Detection\images\fake\1507.jpg,418199,1408,768,1.833333333,1.081344,JPEG,RGB,FALSE,none,,fake
E:\Project\Fake News Detection\images\fake\1508.jpg,402062,1408,768,1.833333333,1.081344,JPEG,RGB,FALSE,none,,fake
E:\Project\Fake News Detection\images\fake\1510.jpg,415785,1408,768,1.833333333,1.081344,JPEG,RGB,FALSE,none,,fake
E:\Project\Fake News Detection\images\fake\1517.jpg,447295,1408,768,1.833333333,1.081344,JPEG,RGB,FALSE,none,,fake
E:\Project\Fake News Detection\images\fake\1518.jpg,296247,1408,768,1.833333333,1.081344,JPEG,RGB,FALSE,none,,fake
E:\Project\Fake News Detection\images\fake\153.jpg,521081,1408,768,1.833333333,1.081344,JPEG,RGB,FALSE,none,,fake
E:\Project\Fake News Detection\images\fake\1531.jpg,413725,1408,768,1.833333333,1.081344,JPEG,RGB,FALSE,none,,fake
E:\Project\Fake News Detection\images\fake\1533.jpg,660968,1408,768,1.833333333,1.081344,JPEG,RGB,FALSE,none,,fake
E:\Project\Fake News Detection\images\fake\1541.jpg,474057,1408,768,1.833333333,1.081344,JPEG,RGB,FALSE,none,,fake
E:\Project\Fake News Detection\images\fake\155.jpg,466688,1408,768,1.833333333,1.081344,JPEG,RGB,FALSE,none,,fake
E:\Project\Fake News Detection\images\fake\1550.jpg,500590,1408,768,1.833333333,1.081344,JPEG,RGB,FALSE,none,,fake
E:\Project\Fake News Detection\images\fake\1555.jpg,424313,1408,768,1.833333333,1.081344,JPEG,RGB,FALSE,none,,fake
E:\Project\Fake News Detection\images\fake\156.jpg,685204,1408,768,1.833333333,1.081344,JPEG,RGB,FALSE,none,,fake
E:\Project\Fake News Detection\images\fake\1583.jpg,392206,1408,768,1.833333333,1.081344,JPEG,RGB,FALSE,none,,fake
E:\Project\Fake News Detection\images\fake\1584.jpg,499787,1408,768,1.833333333,1.081344,JPEG,RGB,FALSE,none,,fake
E:\Project\Fake News Detection\images\fake\159.jpg,534221,1408,768,1.833333333,1.081344,JPEG,RGB,FALSE,none,,fake
E:\Project\Fake News Detection\images\fake\1593.jpg,347349,1408,768,1.833333333,1.081344,JPEG,RGB,FALSE,none,,fake
E:\Project\Fake News Detection\images\fake\1614.jpg,363956,1408,768,1.833333333,1.081344,JPEG,RGB,FALSE,none,,fake
E:\Project\Fake News Detection\images\fake\1616.jpg,685666,1408,768,1.833333333,1.081344,JPEG,RGB,FALSE,none,,fake
E:\Project\Fake News Detection\images\fake\1617.jpg,427117,1408,768,1.833333333,1.081344,JPEG,RGB,FALSE,none,,fake
E:\Project\Fake News Detection\images\fake\162.jpg,616483,1408,768,1.833333333,1.081344,JPEG,RGB,FALSE,none,,fake
E:\Project\Fake News Detection\images\fake\1621.jpg,379691,1408,768,1.833333333,1.081344,JPEG,RGB,FALSE,none,,fake
E:\Project\Fake News Detection\images\fake\1625.jpg,348120,1408,768,1.833333333,1.081344,JPEG,RGB,FALSE,none,,fake
E:\Project\Fake News Detection\images\fake\1635.jpg,440851,1408,768,1.833333333,1.081344,JPEG,RGB,FALSE,none,,fake
E:\Project\Fake News Detection\images\fake\1637.jpg,587868,1408,768,1.833333333,1.081344,JPEG,RGB,FALSE,none,,fake
E:\Project\Fake News Detection\images\fake\1644.jpg,385085,1408,768,1.833333333,1.081344,JPEG,RGB,FALSE,none,,fake
E:\Project\Fake News Detection\images\fake\1650.jpg,500948,1408,768,1.833333333,1.081344,JPEG,RGB,FALSE,none,,fake
E:\Project\Fake News Detection\images\fake\1656.jpg,344278,1408,768,1.833333333,1.081344,JPEG,RGB,FALSE,none,,fake
E:\Project\Fake News Detection\images\fake\1657.jpg,350152,1408,768,1.833333333,1.081344,JPEG,RGB,FALSE,none,,fake
E:\Project\Fake News Detection\images\fake\166.jpg,417600,1408,768,1.833333333,1.081344,JPEG,RGB,FALSE,none,,fake
E:\Project\Fake News Detection\images\fake\1661.jpg,459804,1408,768,1.833333333,1.081344,JPEG,RGB,FALSE,none,,fake
E:\Project\Fake News Detection\images\fake\1668.jpg,412094,1408,768,1.833333333,1.081344,JPEG,RGB,FALSE,none,,fake
E:\Project\Fake News Detection\images\fake\1670.jpg,565443,1408,768,1.833333333,1.081344,JPEG,RGB,FALSE,none,,fake
E:\Project\Fake News Detection\images\fake\1673.jpg,506315,1408,768,1.833333333,1.081344,JPEG,RGB,FALSE,none,,fake
E:\Project\Fake News Detection\images\fake\1674.jpg,621706,1408,768,1.833333333,1.081344,JPEG,RGB,FALSE,none,,fake
E:\Project\Fake News Detection\images\fake\1686.jpg,357800,1408,768,1.833333333,1.081344,JPEG,RGB,FALSE,none,,fake
E:\Project\Fake News Detection\images\fake\1689.jpg,515020,1408,768,1.833333333,1.081344,JPEG,RGB,FALSE,none,,fake
E:\Project\Fake News Detection\images\fake\1690.jpg,472274,1408,768,1.833333333,1.081344,JPEG,RGB,FALSE,none,,fake
E:\Project\Fake News Detection\images\fake\17.jpg,664047,1408,768,1.833333333,1.081344,JPEG,RGB,FALSE,none,,fake
E:\Project\Fake News Detection\images\fake\1708.jpg,431010,1408,768,1.833333333,1.081344,JPEG,RGB,FALSE,none,,fake
E:\Project\Fake News Detection\images\fake\1716.jpg,497742,1408,768,1.833333333,1.081344,JPEG,RGB,FALSE,none,,fake
E:\Project\Fake News Detection\images\fake\172.jpg,295497,1408,768,1.833333333,1.081344,JPEG,RGB,FALSE,none,,fake
E:\Project\Fake News Detection\images\fake\1729.jpg,411402,1408,768,1.833333333,1.081344,JPEG,RGB,FALSE,none,,fake
E:\Project\Fake News Detection\images\fake\1730.jpg,461376,1408,768,1.833333333,1.081344,JPEG,RGB,FALSE,none,,fake
E:\Project\Fake News Detection\images\fake\1733.jpg,462366,1408,768,1.833333333,1.081344,JPEG,RGB,FALSE,none,,fake
E:\Project\Fake News Detection\images\fake\1735.jpg,456369,1408,768,1.833333333,1.081344,JPEG,RGB,FALSE,none,,fake
E:\Project\Fake News Detection\images\fake\1739.jpg,355888,1408,768,1.833333333,1.081344,JPEG,RGB,FALSE,none,,fake
E:\Project\Fake News Detection\images\fake\174.jpg,477855,1408,768,1.833333333,1.081344,JPEG,RGB,FALSE,none,,fake
E:\Project\Fake News Detection\images\fake\1744.jpg,631807,1408,768,1.833333333,1.081344,JPEG,RGB,FALSE,none,,fake
E:\Project\Fake News Detection\images\fake\1746.jpg,494614,1408,768,1.833333333,1.081344,JPEG,RGB,FALSE,none,,fake
E:\Project\Fake News Detection\images\fake\1753.jpg,376634,1408,768,1.833333333,1.081344,JPEG,RGB,FALSE,none,,fake
E:\Project\Fake News Detection\images\fake\1758.jpg,561010,1408,768,1.833333333,1.081344,JPEG,RGB,FALSE,none,,fake
E:\Project\Fake News Detection\images\fake\1762.jpg,391976,1408,768,1.833333333,1.081344,JPEG,RGB,FALSE,none,,fake
E:\Project\Fake News Detection\images\fake\1769.jpg,555207,1408,768,1.833333333,1.081344,JPEG,RGB,FALSE,none,,fake
E:\Project\Fake News Detection\images\fake\1779.jpg,329027,1408,768,1.833333333,1.081344,JPEG,RGB,FALSE,none,,fake
E:\Project\Fake News Detection\images\fake\1780.jpg,560677,1408,768,1.833333333,1.081344,JPEG,RGB,FALSE,none,,fake
E:\Project\Fake News Detection\images\fake\1782.jpg,411696,1408,768,1.833333333,1.081344,JPEG,RGB,FALSE,none,,fake
E:\Project\Fake News Detection\images\fake\1785.jpg,388687,1408,768,1.833333333,1.081344,JPEG,RGB,FALSE,none,,fake
E:\Project\Fake News Detection\images\fake\1789.jpg,383148,1408,768,1.833333333,1.081344,JPEG,RGB,FALSE,none,,fake
E:\Project\Fake News Detection\images\fake\179.jpg,358992,1408,768,1.833333333,1.081344,JPEG,RGB,FALSE,none,,fake
E:\Project\Fake News Detection\images\fake\1801.jpg,425189,1408,768,1.833333333,1.081344,JPEG,RGB,FALSE,none,,fake
E:\Project\Fake News Detection\images\fake\1803.jpg,360077,1408,768,1.833333333,1.081344,JPEG,RGB,FALSE,none,,fake
E:\Project\Fake News Detection\images\fake\1820.jpg,412862,1408,768,1.833333333,1.081344,JPEG,RGB,FALSE,none,,fake
E:\Project\Fake News Detection\images\fake\183.jpg,539018,1408,768,1.833333333,1.081344,JPEG,RGB,FALSE,none,,fake
E:\Project\Fake News Detection\images\fake\1837.jpg,384344,1408,768,1.833333333,1.081344,JPEG,RGB,FALSE,none,,fake
E:\Project\Fake News Detection\images\fake\1839.jpg,394077,1408,768,1.833333333,1.081344,JPEG,RGB,FALSE,none,,fake
E:\Project\Fake News Detection\images\fake\1842.jpg,477522,1408,768,1.833333333,1.081344,JPEG,RGB,FALSE,none,,fake
E:\Project\Fake News Detection\images\fake\1845.jpg,458352,1408,768,1.833333333,1.081344,JPEG,RGB,FALSE,none,,fake
E:\Project\Fake News Detection\images\fake\1849.jpg,512777,1408,768,1.833333333,1.081344,JPEG,RGB,FALSE,none,,fake
E:\Project\Fake News Detection\images\fake\186.jpg,304154,1408,768,1.833333333,1.081344,JPEG,RGB,FALSE,none,,fake
E:\Project\Fake News Detection\images\fake\1865.jpg,468959,1408,768,1.833333333,1.081344,JPEG,RGB,FALSE,none,,fake
E:\Project\Fake News Detection\images\fake\1867.jpg,652234,1408,768,1.833333333,1.081344,JPEG,RGB,FALSE,none,,fake
E:\Project\Fake News Detection\images\fake\1873.jpg,402232,1408,768,1.833333333,1.081344,JPEG,RGB,FALSE,none,,fake
E:\Project\Fake News Detection\images\fake\1876.jpg,470752,1408,768,1.833333333,1.081344,JPEG,RGB,FALSE,none,,fake
E:\Project\Fake News Detection\images\fake\1878.jpg,395606,1408,768,1.833333333,1.081344,JPEG,RGB,FALSE,none,,fake
E:\Project\Fake News Detection\images\fake\1901.jpg,554746,1408,768,1.833333333,1.081344,JPEG,RGB,FALSE,none,,fake
E:\Project\Fake News Detection\images\fake\1903.jpg,314358,1408,768,1.833333333,1.081344,JPEG,RGB,FALSE,none,,fake
E:\Project\Fake News Detection\images\fake\1908.jpg,454852,1408,768,1.833333333,1.081344,JPEG,RGB,FALSE,none,,fake
E:\Project\Fake News Detection\images\fake\1914.jpg,438250,1408,768,1.833333333,1.081344,JPEG,RGB,FALSE,none,,fake
E:\Project\Fake News Detection\images\fake\1918.jpg,468154,1408,768,1.833333333,1.081344,JPEG,RGB,FALSE,none,,fake
E:\Project\Fake News Detection\images\fake\1928.jpg,723370,1408,768,1.833333333,1.081344,JPEG,RGB,FALSE,none,,fake
E:\Project\Fake News Detection\images\fake\193.jpg,417584,1408,768,1.833333333,1.081344,JPEG,RGB,FALSE,none,,fake
E:\Project\Fake News Detection\images\fake\1938.jpg,372610,1408,768,1.833333333,1.081344,JPEG,RGB,FALSE,none,,fake
E:\Project\Fake News Detection\images\fake\194.jpg,402582,1408,768,1.833333333,1.081344,JPEG,RGB,FALSE,none,,fake
E:\Project\Fake News Detection\images\fake\1944.jpg,454881,1408,768,1.833333333,1.081344,JPEG,RGB,FALSE,none,,fake
E:\Project\Fake News Detection\images\fake\1949.jpg,412165,1408,768,1.833333333,1.081344,JPEG,RGB,FALSE,none,,fake
E:\Project\Fake News Detection\images\fake\1950.jpg,595940,1408,768,1.833333333,1.081344,JPEG,RGB,FALSE,none,,fake
E:\Project\Fake News Detection\images\fake\1960.jpg,402822,1408,768,1.833333333,1.081344,JPEG,RGB,FALSE,none,,fake
E:\Project\Fake News Detection\images\fake\1972.jpg,488656,1408,768,1.833333333,1.081344,JPEG,RGB,FALSE,none,,fake
E:\Project\Fake News Detection\images\fake\1981.jpg,465053,1408,768,1.833333333,1.081344,JPEG,RGB,FALSE,none,,fake
E:\Project\Fake News Detection\images\fake\1982.jpg,386182,1408,768,1.833333333,1.081344,JPEG,RGB,FALSE,none,,fake
E:\Project\Fake News Detection\images\fake\1985.jpg,570750,1408,768,1.833333333,1.081344,JPEG,RGB,FALSE,none,,fake
E:\Project\Fake News Detection\images\fake\1994.jpg,645330,1408,768,1.833333333,1.081344,JPEG,RGB,FALSE,none,,fake
E:\Project\Fake News Detection\images\fake\1996.jpg,673348,1408,768,1.833333333,1.081344,JPEG,RGB,FALSE,none,,fake
E:\Project\Fake News Detection\images\fake\1997.jpg,436795,1408,768,1.833333333,1.081344,JPEG,RGB,FALSE,none,,fake
E:\Project\Fake News Detection\images\fake\2.jpg,480049,1408,768,1.833333333,1.081344,JPEG,RGB,FALSE,none,,fake
E:\Project\Fake News Detection\images\fake\2003.jpg,457738,1408,768,1.833333333,1.081344,JPEG,RGB,FALSE,none,,fake
E:\Project\Fake News Detection\images\fake\2006.jpg,503805,1408,768,1.833333333,1.081344,JPEG,RGB,FALSE,none,,fake
E:\Project\Fake News Detection\images\fake\201.jpg,517929,1408,768,1.833333333,1.081344,JPEG,RGB,FALSE,none,,fake
E:\Project\Fake News Detection\images\fake\2010.jpg,405268,1408,768,1.833333333,1.081344,JPEG,RGB,FALSE,none,,fake
E:\Project\Fake News Detection\images\fake\2019.jpg,398197,1408,768,1.833333333,1.081344,JPEG,RGB,FALSE,none,,fake
E:\Project\Fake News Detection\images\fake\202.jpg,497735,1408,768,1.833333333,1.081344,JPEG,RGB,FALSE,none,,fake
E:\Project\Fake News Detection\images\fake\2021.jpg,414302,1408,768,1.833333333,1.081344,JPEG,RGB,FALSE,none,,fake
E:\Project\Fake News Detection\images\fake\2041.jpg,400953,1408,768,1.833333333,1.081344,JPEG,RGB,FALSE,none,,fake
E:\Project\Fake News Detection\images\fake\2044.jpg,472529,1408,768,1.833333333,1.081344,JPEG,RGB,FALSE,none,,fake
E:\Project\Fake News Detection\images\fake\2051.jpg,354794,1408,768,1.833333333,1.081344,JPEG,RGB,FALSE,none,,fake
E:\Project\Fake News Detection\images\fake\2056.jpg,510802,1408,768,1.833333333,1.081344,JPEG,RGB,FALSE,none,,fake
E:\Project\Fake News Detection\images\fake\2068.jpg,378151,1408,768,1.833333333,1.081344,JPEG,RGB,FALSE,none,,fake
E:\Project\Fake News Detection\images\fake\2069.jpg,459072,1408,768,1.833333333,1.081344,JPEG,RGB,FALSE,none,,fake
E:\Project\Fake News Detection\images\fake\207.jpg,531321,1408,768,1.833333333,1.081344,JPEG,RGB,FALSE,none,,fake
E:\Project\Fake News Detection\images\fake\2070.jpg,453848,1408,768,1.833333333,1.081344,JPEG,RGB,FALSE,none,,fake
E:\Project\Fake News Detection\images\fake\2076.jpg,577360,1408,768,1.833333333,1.081344,JPEG,RGB,FALSE,none,,fake
E:\Project\Fake News Detection\images\fake\2078.jpg,468541,1408,768,1.833333333,1.081344,JPEG,RGB,FALSE,none,,fake
E:\Project\Fake News Detection\images\fake\2084.jpg,690971,1408,768,1.833333333,1.081344,JPEG,RGB,FALSE,none,,fake
E:\Project\Fake News Detection\images\fake\209.jpg,432459,1408,768,1.833333333,1.081344,JPEG,RGB,FALSE,none,,fake
E:\Project\Fake News Detection\images\fake\2090.jpg,508054,1408,768,1.833333333,1.081344,JPEG,RGB,FALSE,none,,fake
E:\Project\Fake News Detection\images\fake\2094.jpg,483332,1408,768,1.833333333,1.081344,JPEG,RGB,FALSE,none,,fake
E:\Project\Fake News Detection\images\fake\2103.jpg,521297,1408,768,1.833333333,1.081344,JPEG,RGB,FALSE,none,,fake
E:\Project\Fake News Detection\images\fake\2115.jpg,493518,1408,768,1.833333333,1.081344,JPEG,RGB,FALSE,none,,fake
E:\Project\Fake News Detection\images\fake\2118.jpg,367827,1408,768,1.833333333,1.081344,JPEG,RGB,FALSE,none,,fake
E:\Project\Fake News Detection\images\fake\213.jpg,467699,1408,768,1.833333333,1.081344,JPEG,RGB,FALSE,none,,fake
E:\Project\Fake News Detection\images\fake\2152.jpg,392074,1408,768,1.833333333,1.081344,JPEG,RGB,FALSE,none,,fake
E:\Project\Fake News Detection\images\fake\2155.jpg,533489,1408,768,1.833333333,1.081344,JPEG,RGB,FALSE,none,,fake
E:\Project\Fake News Detection\images\fake\216.jpg,556965,1408,768,1.833333333,1.081344,JPEG,RGB,FALSE,none,,fake
E:\Project\Fake News Detection\images\fake\2179.jpg,370260,1408,768,1.833333333,1.081344,JPEG,RGB,FALSE,none,,fake
E:\Project\Fake News Detection\images\fake\2193.jpg,538272,1408,768,1.833333333,1.081344,JPEG,RGB,FALSE,none,,fake
E:\Project\Fake News Detection\images\fake\221.jpg,375557,1408,768,1.833333333,1.081344,JPEG,RGB,FALSE,none,,fake
E:\Project\Fake News Detection\images\fake\2218.jpg,410551,1408,768,1.833333333,1.081344,JPEG,RGB,FALSE,none,,fake
E:\Project\Fake News Detection\images\fake\2223.jpg,416540,1408,768,1.833333333,1.081344,JPEG,RGB,FALSE,none,,fake
E:\Project\Fake News Detection\images\fake\224.jpg,570939,1408,768,1.833333333,1.081344,JPEG,RGB,FALSE,none,,fake
E:\Project\Fake News Detection\images\fake\2248.jpg,422423,1408,768,1.833333333,1.081344,JPEG,RGB,FALSE,none,,fake
E:\Project\Fake News Detection\images\fake\2251.jpg,403915,1408,768,1.833333333,1.081344,JPEG,RGB,FALSE,none,,fake
E:\Project\Fake News Detection\images\fake\2254.jpg,640873,1408,768,1.833333333,1.081344,JPEG,RGB,FALSE,none,,fake
E:\Project\Fake News Detection\images\fake\2256.jpg,484660,1408,768,1.833333333,1.081344,JPEG,RGB,FALSE,none,,fake
E:\Project\Fake News Detection\images\fake\2263.jpg,431743,1408,768,1.833333333,1.081344,JPEG,RGB,FALSE,none,,fake
E:\Project\Fake News Detection\images\fake\2267.jpg,406994,1408,768,1.833333333,1.081344,JPEG,RGB,FALSE,none,,fake
E:\Project\Fake News Detection\images\fake\2279.jpg,405226,1408,768,1.833333333,1.081344,JPEG,RGB,FALSE,none,,fake
E:\Project\Fake News Detection\images\fake\2286.jpg,677316,1408,768,1.833333333,1.081344,JPEG,RGB,FALSE,none,,fake
E:\Project\Fake News Detection\images\fake\2287.jpg,484058,1408,768,1.833333333,1.081344,JPEG,RGB,FALSE,none,,fake
E:\Project\Fake News Detection\images\fake\2289.jpg,417783,1408,768,1.833333333,1.081344,JPEG,RGB,FALSE,none,,fake
E:\Project\Fake News Detection\images\fake\2293.jpg,355347,1408,768,1.833333333,1.081344,JPEG,RGB,FALSE,none,,fake
E:\Project\Fake News Detection\images\fake\2299.jpg,627519,1408,768,1.833333333,1.081344,JPEG,RGB,FALSE,none,,fake
E:\Project\Fake News Detection\images\fake\2300.jpg,365528,1408,768,1.833333333,1.081344,JPEG,RGB,FALSE,none,,fake
E:\Project\Fake News Detection\images\fake\2304.jpg,352848,1408,768,1.833333333,1.081344,JPEG,RGB,FALSE,none,,fake
E:\Project\Fake News Detection\images\fake\2314.jpg,356762,1408,768,1.833333333,1.081344,JPEG,RGB,FALSE,none,,fake
E:\Project\Fake News Detection\images\fake\2317.jpg,345434,1408,768,1.833333333,1.081344,JPEG,RGB,FALSE,none,,fake
E:\Project\Fake News Detection\images\fake\2348.jpg,401569,1408,768,1.833333333,1.081344,JPEG,RGB,FALSE,none,,fake
E:\Project\Fake News Detection\images\fake\2349.jpg,330609,1408,768,1.833333333,1.081344,JPEG,RGB,FALSE,none,,fake
E:\Project\Fake News Detection\images\fake\2353.jpg,319041,1408,768,1.833333333,1.081344,JPEG,RGB,FALSE,none,,fake
E:\Project\Fake News Detection\images\fake\2355.jpg,542693,1408,768,1.833333333,1.081344,JPEG,RGB,FALSE,none,,fake
E:\Project\Fake News Detection\images\fake\2362.jpg,475051,1408,768,1.833333333,1.081344,JPEG,RGB,FALSE,none,,fake
E:\Project\Fake News Detection\images\fake\239.jpg,443008,1408,768,1.833333333,1.081344,JPEG,RGB,FALSE,none,,fake
E:\Project\Fake News Detection\images\fake\2394.jpg,422077,1408,768,1.833333333,1.081344,JPEG,RGB,FALSE,none,,fake
E:\Project\Fake News Detection\images\fake\24.jpg,532839,1408,768,1.833333333,1.081344,JPEG,RGB,FALSE,none,,fake
E:\Project\Fake News Detection\images\fake\2406.jpg,533495,1408,768,1.833333333,1.081344,JPEG,RGB,FALSE,none,,fake
E:\Project\Fake News Detection\images\fake\2420.jpg,496423,1408,768,1.833333333,1.081344,JPEG,RGB,FALSE,none,,fake
E:\Project\Fake News Detection\images\fake\244.jpg,511558,1408,768,1.833333333,1.081344,JPEG,RGB,FALSE,none,,fake
E:\Project\Fake News Detection\images\fake\2445.jpg,412755,1408,768,1.833333333,1.081344,JPEG,RGB,FALSE,none,,fake
E:\Project\Fake News Detection\images\fake\2446.jpg,575731,1408,768,1.833333333,1.081344,JPEG,RGB,FALSE,none,,fake
E:\Project\Fake News Detection\images\fake\2450.jpg,410405,1408,768,1.833333333,1.081344,JPEG,RGB,FALSE,none,,fake
E:\Project\Fake News Detection\images\fake\2458.jpg,382397,1408,768,1.833333333,1.081344,JPEG,RGB,FALSE,none,,fake
E:\Project\Fake News Detection\images\fake\246.jpg,557090,1408,768,1.833333333,1.081344,JPEG,RGB,FALSE,none,,fake
E:\Project\Fake News Detection\images\fake\2461.jpg,387319,1408,768,1.833333333,1.081344,JPEG,RGB,FALSE,none,,fake
E:\Project\Fake News Detection\images\fake\2467.jpg,638417,1408,768,1.833333333,1.081344,JPEG,RGB,FALSE,none,,fake
E:\Project\Fake News Detection\images\fake\2474.jpg,470208,1408,768,1.833333333,1.081344,JPEG,RGB,FALSE,none,,fake
E:\Project\Fake News Detection\images\fake\2481.jpg,388908,1408,768,1.833333333,1.081344,JPEG,RGB,FALSE,none,,fake
E:\Project\Fake News Detection\images\fake\2485.jpg,641073,1408,768,1.833333333,1.081344,JPEG,RGB,FALSE,none,,fake
E:\Project\Fake News Detection\images\fake\25.jpg,323129,1408,768,1.833333333,1.081344,JPEG,RGB,FALSE,none,,fake
E:\Project\Fake News Detection\images\fake\2505.jpg,530397,1408,768,1.833333333,1.081344,JPEG,RGB,FALSE,none,,fake
E:\Project\Fake News Detection\images\fake\2507.jpg,351485,1408,768,1.833333333,1.081344,JPEG,RGB,FALSE,none,,fake
E:\Project\Fake News Detection\images\fake\2514.jpg,391049,1408,768,1.833333333,1.081344,JPEG,RGB,FALSE,none,,fake
E:\Project\Fake News Detection\images\fake\2516.jpg,650673,1408,768,1.833333333,1.081344,JPEG,RGB,FALSE,none,,fake
E:\Project\Fake News Detection\images\fake\2519.jpg,349569,1408,768,1.833333333,1.081344,JPEG,RGB,FALSE,none,,fake
E:\Project\Fake News Detection\images\fake\252.jpg,507576,1408,768,1.833333333,1.081344,JPEG,RGB,FALSE,none,,fake
E:\Project\Fake News Detection\images\fake\2521.jpg,607686,1408,768,1.833333333,1.081344,JPEG,RGB,FALSE,none,,fake
E:\Project\Fake News Detection\images\fake\2523.jpg,365792,1408,768,1.833333333,1.081344,JPEG,RGB,FALSE,none,,fake
E:\Project\Fake News Detection\images\fake\2527.jpg,523981,1408,768,1.833333333,1.081344,JPEG,RGB,FALSE,none,,fake
E:\Project\Fake News Detection\images\fake\2552.jpg,446647,1408,768,1.833333333,1.081344,JPEG,RGB,FALSE,none,,fake
E:\Project\Fake News Detection\images\fake\256.jpg,439361,1408,768,1.833333333,1.081344,JPEG,RGB,FALSE,none,,fake
E:\Project\Fake News Detection\images\fake\257.jpg,504934,1408,768,1.833333333,1.081344,JPEG,RGB,FALSE,none,,fake
E:\Project\Fake News Detection\images\fake\2588.jpg,701191,1408,768,1.833333333,1.081344,JPEG,RGB,FALSE,none,,fake
E:\Project\Fake News Detection\images\fake\2590.jpg,458932,1408,768,1.833333333,1.081344,JPEG,RGB,FALSE,none,,fake
E:\Project\Fake News Detection\images\fake\260.jpg,405626,1408,768,1.833333333,1.081344,JPEG,RGB,FALSE,none,,fake
E:\Project\Fake News Detection\images\fake\261.jpg,358503,1408,768,1.833333333,1.081344,JPEG,RGB,FALSE,none,,fake
E:\Project\Fake News Detection\images\fake\2621.jpg,462206,1408,768,1.833333333,1.081344,JPEG,RGB,FALSE,none,,fake
E:\Project\Fake News Detection\images\fake\2623.jpg,509582,1408,768,1.833333333,1.081344,JPEG,RGB,FALSE,none,,fake
E:\Project\Fake News Detection\images\fake\263.jpg,410938,1408,768,1.833333333,1.081344,JPEG,RGB,FALSE,none,,fake
E:\Project\Fake News Detection\images\fake\265.jpg,588464,1408,768,1.833333333,1.081344,JPEG,RGB,FALSE,none,,fake
E:\Project\Fake News Detection\images\fake\2650.jpg,294063,1408,768,1.833333333,1.081344,JPEG,RGB,FALSE,none,,fake
E:\Project\Fake News Detection\images\fake\2656.jpg,576883,1408,768,1.833333333,1.081344,JPEG,RGB,FALSE,none,,fake
E:\Project\Fake News Detection\images\fake\2662.jpg,360402,1408,768,1.833333333,1.081344,JPEG,RGB,FALSE,none,,fake
E:\Project\Fake News Detection\images\fake\2669.jpg,406068,1408,768,1.833333333,1.081344,JPEG,RGB,FALSE,none,,fake
E:\Project\Fake News Detection\images\fake\2674.jpg,431211,1408,768,1.833333333,1.081344,JPEG,RGB,FALSE,none,,fake
E:\Project\Fake News Detection\images\fake\2679.jpg,369964,1408,768,1.833333333,1.081344,JPEG,RGB,FALSE,none,,fake
E:\Project\Fake News Detection\images\fake\2682.jpg,497954,1408,768,1.833333333,1.081344,JPEG,RGB,FALSE,none,,fake
E:\Project\Fake News Detection\images\fake\2685.jpg,431049,1408,768,1.833333333,1.081344,JPEG,RGB,FALSE,none,,fake
E:\Project\Fake News Detection\images\fake\2686.jpg,441119,1408,768,1.833333333,1.081344,JPEG,RGB,FALSE,none,,fake
E:\Project\Fake News Detection\images\fake\2707.jpg,458916,1408,768,1.833333333,1.081344,JPEG,RGB,FALSE,none,,fake
E:\Project\Fake News Detection\images\fake\271.jpg,514028,1408,768,1.833333333,1.081344,JPEG,RGB,FALSE,none,,fake
E:\Project\Fake News Detection\images\fake\2713.jpg,518128,1408,768,1.833333333,1.081344,JPEG,RGB,FALSE,none,,fake
E:\Project\Fake News Detection\images\fake\2719.jpg,326353,1408,768,1.833333333,1.081344,JPEG,RGB,FALSE,none,,fake
E:\Project\Fake News Detection\images\fake\2729.jpg,348502,1408,768,1.833333333,1.081344,JPEG,RGB,FALSE,none,,fake
E:\Project\Fake News Detection\images\fake\2737.jpg,598544,1408,768,1.833333333,1.081344,JPEG,RGB,FALSE,none,,fake
E:\Project\Fake News Detection\images\fake\2749.jpg,418439,1408,768,1.833333333,1.081344,JPEG,RGB,FALSE,none,,fake
E:\Project\Fake News Detection\images\fake\275.jpg,502163,1408,768,1.833333333,1.081344,JPEG,RGB,FALSE,none,,fake
E:\Project\Fake News Detection\images\fake\2750.jpg,433248,1408,768,1.833333333,1.081344,JPEG,RGB,FALSE,none,,fake
E:\Project\Fake News Detection\images\fake\2760.jpg,405041,1408,768,1.833333333,1.081344,JPEG,RGB,FALSE,none,,fake
E:\Project\Fake News Detection\images\fake\2764.jpg,346991,1408,768,1.833333333,1.081344,JPEG,RGB,FALSE,none,,fake
E:\Project\Fake News Detection\images\fake\2767.jpg,435575,1408,768,1.833333333,1.081344,JPEG,RGB,FALSE,none,,fake
E:\Project\Fake News Detection\images\fake\2774.jpg,610690,1408,768,1.833333333,1.081344,JPEG,RGB,FALSE,none,,fake
E:\Project\Fake News Detection\images\fake\2780.jpg,619972,1408,768,1.833333333,1.081344,JPEG,RGB,FALSE,none,,fake
E:\Project\Fake News Detection\images\fake\2786.jpg,450400,1408,768,1.833333333,1.081344,JPEG,RGB,FALSE,none,,fake
E:\Project\Fake News Detection\images\fake\2787.jpg,416112,1408,768,1.833333333,1.081344,JPEG,RGB,FALSE,none,,fake
E:\Project\Fake News Detection\images\fake\279.jpg,463441,1408,768,1.833333333,1.081344,JPEG,RGB,FALSE,none,,fake
E:\Project\Fake News Detection\images\fake\2797.jpg,534764,1408,768,1.833333333,1.081344,JPEG,RGB,FALSE,none,,fake
E:\Project\Fake News Detection\images\fake\2803.jpg,719832,1408,768,1.833333333,1.081344,JPEG,RGB,FALSE,none,,fake
E:\Project\Fake News Detection\images\fake\2807.jpg,426160,1408,768,1.833333333,1.081344,JPEG,RGB,FALSE,none,,fake
E:\Project\Fake News Detection\images\fake\2814.jpg,398473,1408,768,1.833333333,1.081344,JPEG,RGB,FALSE,none,,fake
E:\Project\Fake News Detection\images\fake\2817.jpg,531955,1408,768,1.833333333,1.081344,JPEG,RGB,FALSE,none,,fake
E:\Project\Fake News Detection\images\fake\2818.jpg,344951,1408,768,1.833333333,1.081344,JPEG,RGB,FALSE,none,,fake
E:\Project\Fake News Detection\images\fake\2826.jpg,406509,1408,768,1.833333333,1.081344,JPEG,RGB,FALSE,none,,fake
E:\Project\Fake News Detection\images\fake\2834.jpg,359185,1408,768,1.833333333,1.081344,JPEG,RGB,FALSE,none,,fake
E:\Project\Fake News Detection\images\fake\2837.jpg,539178,1408,768,1.833333333,1.081344,JPEG,RGB,FALSE,none,,fake
E:\Project\Fake News Detection\images\fake\2844.jpg,344686,1408,768,1.833333333,1.081344,JPEG,RGB,FALSE,none,,fake
E:\Project\Fake News Detection\images\fake\2850.jpg,427689,1408,768,1.833333333,1.081344,JPEG,RGB,FALSE,none,,fake
E:\Project\Fake News Detection\images\fake\2852.jpg,353068,1408,768,1.833333333,1.081344,JPEG,RGB,FALSE,none,,fake
E:\Project\Fake News Detection\images\fake\286.jpg,413273,1408,768,1.833333333,1.081344,JPEG,RGB,FALSE,none,,fake
E:\Project\Fake News Detection\images\fake\2863.jpg,376919,1408,768,1.833333333,1.081344,JPEG,RGB,FALSE,none,,fake
E:\Project\Fake News Detection\images\fake\287.jpg,645530,1408,768,1.833333333,1.081344,JPEG,RGB,FALSE,none,,fake
E:\Project\Fake News Detection\images\fake\2870.jpg,374232,1408,768,1.833333333,1.081344,JPEG,RGB,FALSE,none,,fake
E:\Project\Fake News Detection\images\fake\2872.jpg,432187,1408,768,1.833333333,1.081344,JPEG,RGB,FALSE,none,,fake
E:\Project\Fake News Detection\images\fake\2882.jpg,402789,1408,768,1.833333333,1.081344,JPEG,RGB,FALSE,none,,fake
E:\Project\Fake News Detection\images\fake\2884.jpg,555005,1408,768,1.833333333,1.081344,JPEG,RGB,FALSE,none,,fake
E:\Project\Fake News Detection\images\fake\2894.jpg,596319,1408,768,1.833333333,1.081344,JPEG,RGB,FALSE,none,,fake
E:\Project\Fake News Detection\images\fake\2896.jpg,749216,1408,768,1.833333333,1.081344,JPEG,RGB,FALSE,none,,fake
E:\Project\Fake News Detection\images\fake\2900.jpg,390619,1408,768,1.833333333,1.081344,JPEG,RGB,FALSE,none,,fake
E:\Project\Fake News Detection\images\fake\2904.jpg,436242,1408,768,1.833333333,1.081344,JPEG,RGB,FALSE,none,,fake
E:\Project\Fake News Detection\images\fake\2907.jpg,503757,1408,768,1.833333333,1.081344,JPEG,RGB,FALSE,none,,fake
E:\Project\Fake News Detection\images\fake\2915.jpg,339683,1408,768,1.833333333,1.081344,JPEG,RGB,FALSE,none,,fake
E:\Project\Fake News Detection\images\fake\2927.jpg,502599,1408,768,1.833333333,1.081344,JPEG,RGB,FALSE,none,,fake
E:\Project\Fake News Detection\images\fake\2933.jpg,478412,1408,768,1.833333333,1.081344,JPEG,RGB,FALSE,none,,fake
E:\Project\Fake News Detection\images\fake\2937.jpg,286328,1408,768,1.833333333,1.081344,JPEG,RGB,FALSE,none,,fake
E:\Project\Fake News Detection\images\fake\2940.jpg,372378,1408,768,1.833333333,1.081344,JPEG,RGB,FALSE,none,,fake
E:\Project\Fake News Detection\images\fake\2941.jpg,436786,1408,768,1.833333333,1.081344,JPEG,RGB,FALSE,none,,fake
E:\Project\Fake News Detection\images\fake\2944.jpg,386423,1408,768,1.833333333,1.081344,JPEG,RGB,FALSE,none,,fake
E:\Project\Fake News Detection\images\fake\295.jpg,653949,1408,768,1.833333333,1.081344,JPEG,RGB,FALSE,none,,fake
E:\Project\Fake News Detection\images\fake\2950.jpg,478420,1408,768,1.833333333,1.081344,JPEG,RGB,FALSE,none,,fake
E:\Project\Fake News Detection\images\fake\2953.jpg,303655,1408,768,1.833333333,1.081344,JPEG,RGB,FALSE,none,,fake
E:\Project\Fake News Detection\images\fake\2958.jpg,557483,1408,768,1.833333333,1.081344,JPEG,RGB,FALSE,none,,fake
E:\Project\Fake News Detection\images\fake\2959.jpg,459213,1408,768,1.833333333,1.081344,JPEG,RGB,FALSE,none,,fake
E:\Project\Fake News Detection\images\fake\296.jpg,485996,1408,768,1.833333333,1.081344,JPEG,RGB,FALSE,none,,fake
E:\Project\Fake News Detection\images\fake\2966.jpg,461085,1408,768,1.833333333,1.081344,JPEG,RGB,FALSE,none,,fake
E:\Project\Fake News Detection\images\fake\297.jpg,373959,1408,768,1.833333333,1.081344,JPEG,RGB,FALSE,none,,fake
E:\Project\Fake News Detection\images\fake\2974.jpg,432578,1408,768,1.833333333,1.081344,JPEG,RGB,FALSE,none,,fake
E:\Project\Fake News Detection\images\fake\2975.jpg,283702,1408,768,1.833333333,1.081344,JPEG,RGB,FALSE,none,,fake
E:\Project\Fake News Detection\images\fake\2976.jpg,333898,1408,768,1.833333333,1.081344,JPEG,RGB,FALSE,none,,fake
E:\Project\Fake News Detection\images\fake\298.jpg,668808,1408,768,1.833333333,1.081344,JPEG,RGB,FALSE,none,,fake
E:\Project\Fake News Detection\images\fake\2981.jpg,466922,1408,768,1.833333333,1.081344,JPEG,RGB,FALSE,none,,fake
E:\Project\Fake News Detection\images\fake\2989.jpg,416533,1408,768,1.833333333,1.081344,JPEG,RGB,FALSE,none,,fake
E:\Project\Fake News Detection\images\fake\2996.jpg,491086,1408,768,1.833333333,1.081344,JPEG,RGB,FALSE,none,,fake
E:\Project\Fake News Detection\images\fake\2998.jpg,367428,1408,768,1.833333333,1.081344,JPEG,RGB,FALSE,none,,fake
E:\Project\Fake News Detection\images\fake\2999.jpg,397244,1408,768,1.833333333,1.081344,JPEG,RGB,FALSE,none,,fake
E:\Project\Fake News Detection\images\fake\300.jpg,377503,1408,768,1.833333333,1.081344,JPEG,RGB,FALSE,none,,fake
E:\Project\Fake News Detection\images\fake\3001.jpg,544654,1408,768,1.833333333,1.081344,JPEG,RGB,FALSE,none,,fake
E:\Project\Fake News Detection\images\fake\3005.jpg,477907,1408,768,1.833333333,1.081344,JPEG,RGB,FALSE,none,,fake
E:\Project\Fake News Detection\images\fake\3008.jpg,413739,1408,768,1.833333333,1.081344,JPEG,RGB,FALSE,none,,fake
E:\Project\Fake News Detection\images\fake\3016.jpg,462612,1408,768,1.833333333,1.081344,JPEG,RGB,FALSE,none,,fake
E:\Project\Fake News Detection\images\fake\3023.jpg,300708,1408,768,1.833333333,1.081344,JPEG,RGB,FALSE,none,,fake
E:\Project\Fake News Detection\images\fake\3026.jpg,363696,1408,768,1.833333333,1.081344,JPEG,RGB,FALSE,none,,fake
E:\Project\Fake News Detection\images\fake\3032.jpg,407554,1408,768,1.833333333,1.081344,JPEG,RGB,FALSE,none,,fake
E:\Project\Fake News Detection\images\fake\3034.jpg,332185,1408,768,1.833333333,1.081344,JPEG,RGB,FALSE,none,,fake
E:\Project\Fake News Detection\images\fake\3040.jpg,500437,1408,768,1.833333333,1.081344,JPEG,RGB,FALSE,none,,fake
E:\Project\Fake News Detection\images\fake\3041.jpg,598674,1408,768,1.833333333,1.081344,JPEG,RGB,FALSE,none,,fake
E:\Project\Fake News Detection\images\fake\3042.jpg,402448,1408,768,1.833333333,1.081344,JPEG,RGB,FALSE,none,,fake
E:\Project\Fake News Detection\images\fake\3043.jpg,481644,1408,768,1.833333333,1.081344,JPEG,RGB,FALSE,none,,fake
E:\Project\Fake News Detection\images\fake\3044.jpg,723169,1408,768,1.833333333,1.081344,JPEG,RGB,FALSE,none,,fake
E:\Project\Fake News Detection\images\fake\3047.jpg,430051,1408,768,1.833333333,1.081344,JPEG,RGB,FALSE,none,,fake
E:\Project\Fake News Detection\images\fake\3049.jpg,422852,1408,768,1.833333333,1.081344,JPEG,RGB,FALSE,none,,fake
E:\Project\Fake News Detection\images\fake\305.jpg,351276,1408,768,1.833333333,1.081344,JPEG,RGB,FALSE,none,,fake
E:\Project\Fake News Detection\images\fake\3050.jpg,379513,1408,768,1.833333333,1.081344,JPEG,RGB,FALSE,none,,fake
E:\Project\Fake News Detection\images\fake\3051.jpg,514616,1408,768,1.833333333,1.081344,JPEG,RGB,FALSE,none,,fake
E:\Project\Fake News Detection\images\fake\3056.jpg,340502,1408,768,1.833333333,1.081344,JPEG,RGB,FALSE,none,,fake
E:\Project\Fake News Detection\images\fake\3068.jpg,422337,1408,768,1.833333333,1.081344,JPEG,RGB,FALSE,none,,fake
E:\Project\Fake News Detection\images\fake\3072.jpg,561968,1408,768,1.833333333,1.081344,JPEG,RGB,FALSE,none,,fake
E:\Project\Fake News Detection\images\fake\3076.jpg,462445,1408,768,1.833333333,1.081344,JPEG,RGB,FALSE,none,,fake
E:\Project\Fake News Detection\images\fake\3081.jpg,518240,1408,768,1.833333333,1.081344,JPEG,RGB,FALSE,none,,fake
E:\Project\Fake News Detection\images\fake\3092.jpg,387630,1408,768,1.833333333,1.081344,JPEG,RGB,FALSE,none,,fake
E:\Project\Fake News Detection\images\fake\31.jpg,435106,1408,768,1.833333333,1.081344,JPEG,RGB,FALSE,none,,fake
E:\Project\Fake News Detection\images\fake\3102.jpg,403123,1408,768,1.833333333,1.081344,JPEG,RGB,FALSE,none,,fake
E:\Project\Fake News Detection\images\fake\3123.jpg,531143,1408,768,1.833333333,1.081344,JPEG,RGB,FALSE,none,,fake
E:\Project\Fake News Detection\images\fake\3127.jpg,544149,1408,768,1.833333333,1.081344,JPEG,RGB,FALSE,none,,fake
E:\Project\Fake News Detection\images\fake\3129.jpg,398317,1408,768,1.833333333,1.081344,JPEG,RGB,FALSE,none,,fake
E:\Project\Fake News Detection\images\fake\3132.jpg,405820,1408,768,1.833333333,1.081344,JPEG,RGB,FALSE,none,,fake
E:\Project\Fake News Detection\images\fake\3134.jpg,625636,1408,768,1.833333333,1.081344,JPEG,RGB,FALSE,none,,fake
E:\Project\Fake News Detection\images\fake\3139.jpg,513857,1408,768,1.833333333,1.081344,JPEG,RGB,FALSE,none,,fake
E:\Project\Fake News Detection\images\fake\314.jpg,364699,1408,768,1.833333333,1.081344,JPEG,RGB,FALSE,none,,fake
E:\Project\Fake News Detection\images\fake\3140.jpg,556465,1408,768,1.833333333,1.081344,JPEG,RGB,FALSE,none,,fake
E:\Project\Fake News Detection\images\fake\3146.jpg,635319,1408,768,1.833333333,1.081344,JPEG,RGB,FALSE,none,,fake
E:\Project\Fake News Detection\images\fake\3167.jpg,320503,1408,768,1.833333333,1.081344,JPEG,RGB,FALSE,none,,fake
E:\Project\Fake News Detection\images\fake\3168.jpg,461112,1408,768,1.833333333,1.081344,JPEG,RGB,FALSE,none,,fake
E:\Project\Fake News Detection\images\fake\317.jpg,378426,1408,768,1.833333333,1.081344,JPEG,RGB,FALSE,none,,fake
E:\Project\Fake News Detection\images\fake\3176.jpg,627764,1408,768,1.833333333,1.081344,JPEG,RGB,FALSE,none,,fake
E:\Project\Fake News Detection\images\fake\3181.jpg,321912,1408,768,1.833333333,1.081344,JPEG,RGB,FALSE,none,,fake
E:\Project\Fake News Detection\images\fake\3192.jpg,478068,1408,768,1.833333333,1.081344,JPEG,RGB,FALSE,none,,fake
E:\Project\Fake News Detection\images\fake\3193.jpg,445015,1408,768,1.833333333,1.081344,JPEG,RGB,FALSE,none,,fake
E:\Project\Fake News Detection\images\fake\320.jpg,377099,1408,768,1.833333333,1.081344,JPEG,RGB,FALSE,none,,fake
E:\Project\Fake News Detection\images\fake\3204.jpg,555689,1408,768,1.833333333,1.081344,JPEG,RGB,FALSE,none,,fake
E:\Project\Fake News Detection\images\fake\3208.jpg,393491,1408,768,1.833333333,1.081344,JPEG,RGB,FALSE,none,,fake
E:\Project\Fake News Detection\images\fake\3214.jpg,554076,1408,768,1.833333333,1.081344,JPEG,RGB,FALSE,none,,fake
E:\Project\Fake News Detection\images\fake\3223.jpg,521651,1408,768,1.833333333,1.081344,JPEG,RGB,FALSE,none,,fake
E:\Project\Fake News Detection\images\fake\3227.jpg,402970,1408,768,1.833333333,1.081344,JPEG,RGB,FALSE,none,,fake
E:\Project\Fake News Detection\images\fake\3238.jpg,444235,1408,768,1.833333333,1.081344,JPEG,RGB,FALSE,none,,fake
E:\Project\Fake News Detection\images\fake\3239.jpg,486274,1408,768,1.833333333,1.081344,JPEG,RGB,FALSE,none,,fake
E:\Project\Fake News Detection\images\fake\324.jpg,492111,1408,768,1.833333333,1.081344,JPEG,RGB,FALSE,none,,fake
E:\Project\Fake News Detection\images\fake\3242.jpg,389570,1408,768,1.833333333,1.081344,JPEG,RGB,FALSE,none,,fake
E:\Project\Fake News Detection\images\fake\3243.jpg,399954,1408,768,1.833333333,1.081344,JPEG,RGB,FALSE,none,,fake
E:\Project\Fake News Detection\images\fake\3245.jpg,420670,1408,768,1.833333333,1.081344,JPEG,RGB,FALSE,none,,fake
E:\Project\Fake News Detection\images\fake\3246.jpg,402110,1408,768,1.833333333,1.081344,JPEG,RGB,FALSE,none,,fake
E:\Project\Fake News Detection\images\fake\3255.jpg,348652,1408,768,1.833333333,1.081344,JPEG,RGB,FALSE,none,,fake
E:\Project\Fake News Detection\images\fake\3261.jpg,447211,1408,768,1.833333333,1.081344,JPEG,RGB,FALSE,none,,fake
E:\Project\Fake News Detection\images\fake\3269.jpg,610098,1408,768,1.833333333,1.081344,JPEG,RGB,FALSE,none,,fake
E:\Project\Fake News Detection\images\fake\3275.jpg,511080,1408,768,1.833333333,1.081344,JPEG,RGB,FALSE,none,,fake
E:\Project\Fake News Detection\images\fake\3277.jpg,437536,1408,768,1.833333333,1.081344,JPEG,RGB,FALSE,none,,fake
E:\Project\Fake News Detection\images\fake\3278.jpg,410158,1408,768,1.833333333,1.081344,JPEG,RGB,FALSE,none,,fake
E:\Project\Fake News Detection\images\fake\3281.jpg,562857,1408,768,1.833333333,1.081344,JPEG,RGB,FALSE,none,,fake
E:\Project\Fake News Detection\images\fake\3288.jpg,421487,1408,768,1.833333333,1.081344,JPEG,RGB,FALSE,none,,fake
E:\Project\Fake News Detection\images\fake\3289.jpg,486608,1408,768,1.833333333,1.081344,JPEG,RGB,FALSE,none,,fake
E:\Project\Fake News Detection\images\fake\3294.jpg,392059,1408,768,1.833333333,1.081344,JPEG,RGB,FALSE,none,,fake
E:\Project\Fake News Detection\images\fake\3295.jpg,493071,1408,768,1.833333333,1.081344,JPEG,RGB,FALSE,none,,fake
E:\Project\Fake News Detection\images\fake\3299.jpg,531028,1408,768,1.833333333,1.081344,JPEG,RGB,FALSE,none,,fake
E:\Project\Fake News Detection\images\fake\3301.jpg,389799,1408,768,1.833333333,1.081344,JPEG,RGB,FALSE,none,,fake
E:\Project\Fake News Detection\images\fake\3303.jpg,330481,1408,768,1.833333333,1.081344,JPEG,RGB,FALSE,none,,fake
E:\Project\Fake News Detection\images\fake\3305.jpg,467584,1408,768,1.833333333,1.081344,JPEG,RGB,FALSE,none,,fake
E:\Project\Fake News Detection\images\fake\3315.jpg,575137,1408,768,1.833333333,1.081344,JPEG,RGB,FALSE,none,,fake
E:\Project\Fake News Detection\images\fake\3320.jpg,426768,1408,768,1.833333333,1.081344,JPEG,RGB,FALSE,none,,fake
E:\Project\Fake News Detection\images\fake\3321.jpg,378249,1408,768,1.833333333,1.081344,JPEG,RGB,FALSE,none,,fake
E:\Project\Fake News Detection\images\fake\3332.jpg,441541,1408,768,1.833333333,1.081344,JPEG,RGB,FALSE,none,,fake
E:\Project\Fake News Detection\images\fake\3335.jpg,461423,1408,768,1.833333333,1.081344,JPEG,RGB,FALSE,none,,fake
E:\Project\Fake News Detection\images\fake\3346.jpg,371027,1408,768,1.833333333,1.081344,JPEG,RGB,FALSE,none,,fake
E:\Project\Fake News Detection\images\fake\3350.jpg,681025,1408,768,1.833333333,1.081344,JPEG,RGB,FALSE,none,,fake
E:\Project\Fake News Detection\images\fake\3360.jpg,416548,1408,768,1.833333333,1.081344,JPEG,RGB,FALSE,none,,fake
E:\Project\Fake News Detection\images\fake\3368.jpg,571534,1408,768,1.833333333,1.081344,JPEG,RGB,FALSE,none,,fake
E:\Project\Fake News Detection\images\fake\3369.jpg,377225,1408,768,1.833333333,1.081344,JPEG,RGB,FALSE,none,,fake
E:\Project\Fake News Detection\images\fake\3382.jpg,383640,1408,768,1.833333333,1.081344,JPEG,RGB,FALSE,none,,fake
E:\Project\Fake News Detection\images\fake\3383.jpg,450467,1408,768,1.833333333,1.081344,JPEG,RGB,FALSE,none,,fake
E:\Project\Fake News Detection\images\fake\3386.jpg,442366,1408,768,1.833333333,1.081344,JPEG,RGB,FALSE,none,,fake
E:\Project\Fake News Detection\images\fake\3390.jpg,672457,1408,768,1.833333333,1.081344,JPEG,RGB,FALSE,none,,fake
E:\Project\Fake News Detection\images\fake\3395.jpg,519900,1408,768,1.833333333,1.081344,JPEG,RGB,FALSE,none,,fake
E:\Project\Fake News Detection\images\fake\3396.jpg,622706,1408,768,1.833333333,1.081344,JPEG,RGB,FALSE,none,,fake
E:\Project\Fake News Detection\images\fake\3399.jpg,370654,1408,768,1.833333333,1.081344,JPEG,RGB,FALSE,none,,fake
E:\Project\Fake News Detection\images\fake\3401.jpg,413453,1408,768,1.833333333,1.081344,JPEG,RGB,FALSE,none,,fake
E:\Project\Fake News Detection\images\fake\3403.jpg,437546,1408,768,1.833333333,1.081344,JPEG,RGB,FALSE,none,,fake
E:\Project\Fake News Detection\images\fake\3415.jpg,423261,1408,768,1.833333333,1.081344,JPEG,RGB,FALSE,none,,fake
E:\Project\Fake News Detection\images\fake\3416.jpg,481572,1408,768,1.833333333,1.081344,JPEG,RGB,FALSE,none,,fake
E:\Project\Fake News Detection\images\fake\342.jpg,435577,1408,768,1.833333333,1.081344,JPEG,RGB,FALSE,none,,fake
E:\Project\Fake News Detection\images\fake\3420.jpg,375478,1408,768,1.833333333,1.081344,JPEG,RGB,FALSE,none,,fake
E:\Project\Fake News Detection\images\fake\3428.jpg,443584,1408,768,1.833333333,1.081344,JPEG,RGB,FALSE,none,,fake
E:\Project\Fake News Detection\images\fake\3429.jpg,573424,1408,768,1.833333333,1.081344,JPEG,RGB,FALSE,none,,fake
E:\Project\Fake News Detection\images\fake\343.jpg,448171,1408,768,1.833333333,1.081344,JPEG,RGB,FALSE,none,,fake
E:\Project\Fake News Detection\images\fake\3430.jpg,544976,1408,768,1.833333333,1.081344,JPEG,RGB,FALSE,none,,fake
E:\Project\Fake News Detection\images\fake\3436.jpg,378793,1408,768,1.833333333,1.081344,JPEG,RGB,FALSE,none,,fake
E:\Project\Fake News Detection\images\fake\3439.jpg,406597,1408,768,1.833333333,1.081344,JPEG,RGB,FALSE,none,,fake
E:\Project\Fake News Detection\images\fake\3443.jpg,625895,1408,768,1.833333333,1.081344,JPEG,RGB,FALSE,none,,fake
E:\Project\Fake News Detection\images\fake\3444.jpg,433971,1408,768,1.833333333,1.081344,JPEG,RGB,FALSE,none,,fake
E:\Project\Fake News Detection\images\fake\3446.jpg,394441,1408,768,1.833333333,1.081344,JPEG,RGB,FALSE,none,,fake
E:\Project\Fake News Detection\images\fake\3449.jpg,414994,1408,768,1.833333333,1.081344,JPEG,RGB,FALSE,none,,fake
E:\Project\Fake News Detection\images\fake\3476.jpg,488231,1408,768,1.833333333,1.081344,JPEG,RGB,FALSE,none,,fake
E:\Project\Fake News Detection\images\fake\348.jpg,405288,1408,768,1.833333333,1.081344,JPEG,RGB,FALSE,none,,fake
E:\Project\Fake News Detection\images\fake\3482.jpg,421997,1408,768,1.833333333,1.081344,JPEG,RGB,FALSE,none,,fake
E:\Project\Fake News Detection\images\fake\3492.jpg,421415,1408,768,1.833333333,1.081344,JPEG,RGB,FALSE,none,,fake
E:\Project\Fake News Detection\images\fake\350.jpg,406955,1408,768,1.833333333,1.081344,JPEG,RGB,FALSE,none,,fake
E:\Project\Fake News Detection\images\fake\351.jpg,556136,1408,768,1.833333333,1.081344,JPEG,RGB,FALSE,none,,fake
E:\Project\Fake News Detection\images\fake\352.jpg,493846,1408,768,1.833333333,1.081344,JPEG,RGB,FALSE,none,,fake
E:\Project\Fake News Detection\images\fake\3521.jpg,446673,1408,768,1.833333333,1.081344,JPEG,RGB,FALSE,none,,fake
E:\Project\Fake News Detection\images\fake\3535.jpg,627634,1408,768,1.833333333,1.081344,JPEG,RGB,FALSE,none,,fake
E:\Project\Fake News Detection\images\fake\3536.jpg,435347,1408,768,1.833333333,1.081344,JPEG,RGB,FALSE,none,,fake
E:\Project\Fake News Detection\images\fake\3539.jpg,323553,1408,768,1.833333333,1.081344,JPEG,RGB,FALSE,none,,fake
E:\Project\Fake News Detection\images\fake\3556.jpg,391960,1408,768,1.833333333,1.081344,JPEG,RGB,FALSE,none,,fake
E:\Project\Fake News Detection\images\fake\3558.jpg,443111,1408,768,1.833333333,1.081344,JPEG,RGB,FALSE,none,,fake
E:\Project\Fake News Detection\images\fake\356.jpg,375102,1408,768,1.833333333,1.081344,JPEG,RGB,FALSE,none,,fake
E:\Project\Fake News Detection\images\fake\3562.jpg,353317,1408,768,1.833333333,1.081344,JPEG,RGB,FALSE,none,,fake
E:\Project\Fake News Detection\images\fake\3568.jpg,382650,1408,768,1.833333333,1.081344,JPEG,RGB,FALSE,none,,fake
E:\Project\Fake News Detection\images\fake\3570.jpg,458357,1408,768,1.833333333,1.081344,JPEG,RGB,FALSE,none,,fake
E:\Project\Fake News Detection\images\fake\359.jpg,421202,1408,768,1.833333333,1.081344,JPEG,RGB,FALSE,none,,fake
E:\Project\Fake News Detection\images\fake\36.jpg,595131,1408,768,1.833333333,1.081344,JPEG,RGB,FALSE,none,,fake
E:\Project\Fake News Detection\images\fake\3601.jpg,490629,1408,768,1.833333333,1.081344,JPEG,RGB,FALSE,none,,fake
E:\Project\Fake News Detection\images\fake\3615.jpg,387096,1408,768,1.833333333,1.081344,JPEG,RGB,FALSE,none,,fake
E:\Project\Fake News Detection\images\fake\3616.jpg,515825,1408,768,1.833333333,1.081344,JPEG,RGB,FALSE,none,,fake
E:\Project\Fake News Detection\images\fake\3619.jpg,419913,1408,768,1.833333333,1.081344,JPEG,RGB,FALSE,none,,fake
E:\Project\Fake News Detection\images\fake\362.jpg,426993,1408,768,1.833333333,1.081344,JPEG,RGB,FALSE,none,,fake
E:\Project\Fake News Detection\images\fake\3636.jpg,459959,1408,768,1.833333333,1.081344,JPEG,RGB,FALSE,none,,fake
E:\Project\Fake News Detection\images\fake\3638.jpg,432707,1408,768,1.833333333,1.081344,JPEG,RGB,FALSE,none,,fake
E:\Project\Fake News Detection\images\fake\3642.jpg,507253,1408,768,1.833333333,1.081344,JPEG,RGB,FALSE,none,,fake
E:\Project\Fake News Detection\images\fake\3648.jpg,477672,1408,768,1.833333333,1.081344,JPEG,RGB,FALSE,none,,fake
E:\Project\Fake News Detection\images\fake\3650.jpg,360922,1408,768,1.833333333,1.081344,JPEG,RGB,FALSE,none,,fake
E:\Project\Fake News Detection\images\fake\366.jpg,568050,1408,768,1.833333333,1.081344,JPEG,RGB,FALSE,none,,fake
E:\Project\Fake News Detection\images\fake\3681.jpg,369884,1408,768,1.833333333,1.081344,JPEG,RGB,FALSE,none,,fake
E:\Project\Fake News Detection\images\fake\3695.jpg,452785,1408,768,1.833333333,1.081344,JPEG,RGB,FALSE,none,,fake
E:\Project\Fake News Detection\images\fake\3696.jpg,570519,1408,768,1.833333333,1.081344,JPEG,RGB,FALSE,none,,fake
E:\Project\Fake News Detection\images\fake\3699.jpg,368718,1408,768,1.833333333,1.081344,JPEG,RGB,FALSE,none,,fake
E:\Project\Fake News Detection\images\fake\3716.jpg,366648,1408,768,1.833333333,1.081344,JPEG,RGB,FALSE,none,,fake
E:\Project\Fake News Detection\images\fake\3718.jpg,409269,1408,768,1.833333333,1.081344,JPEG,RGB,FALSE,none,,fake
E:\Project\Fake News Detection\images\fake\3722.jpg,382979,1408,768,1.833333333,1.081344,JPEG,RGB,FALSE,none,,fake
E:\Project\Fake News Detection\images\fake\3728.jpg,352308,1408,768,1.833333333,1.081344,JPEG,RGB,FALSE,none,,fake
E:\Project\Fake News Detection\images\fake\3730.jpg,360940,1408,768,1.833333333,1.081344,JPEG,RGB,FALSE,none,,fake
E:\Project\Fake News Detection\images\fake\375.jpg,461665,1408,768,1.833333333,1.081344,JPEG,RGB,FALSE,none,,fake
E:\Project\Fake News Detection\images\fake\376.jpg,444506,1408,768,1.833333333,1.081344,JPEG,RGB,FALSE,none,,fake
E:\Project\Fake News Detection\images\fake\3761.jpg,313828,1408,768,1.833333333,1.081344,JPEG,RGB,FALSE,none,,fake
E:\Project\Fake News Detection\images\fake\3775.jpg,446767,1408,768,1.833333333,1.081344,JPEG,RGB,FALSE,none,,fake
E:\Project\Fake News Detection\images\fake\3776.jpg,405471,1408,768,1.833333333,1.081344,JPEG,RGB,FALSE,none,,fake
E:\Project\Fake News Detection\images\fake\3779.jpg,410318,1408,768,1.833333333,1.081344,JPEG,RGB,FALSE,none,,fake
E:\Project\Fake News Detection\images\fake\3796.jpg,412412,1408,768,1.833333333,1.081344,JPEG,RGB,FALSE,none,,fake
E:\Project\Fake News Detection\images\fake\3798.jpg,394038,1408,768,1.833333333,1.081344,JPEG,RGB,FALSE,none,,fake
E:\Project\Fake News Detection\images\fake\3802.jpg,588566,1408,768,1.833333333,1.081344,JPEG,RGB,FALSE,none,,fake
E:\Project\Fake News Detection\images\fake\3808.jpg,385629,1408,768,1.833333333,1.081344,JPEG,RGB,FALSE,none,,fake
E:\Project\Fake News Detection\images\fake\3810.jpg,386580,1408,768,1.833333333,1.081344,JPEG,RGB,FALSE,none,,fake
E:\Project\Fake News Detection\images\fake\382.jpg,343331,1408,768,1.833333333,1.081344,JPEG,RGB,FALSE,none,,fake
E:\Project\Fake News Detection\images\fake\3841.jpg,435705,1408,768,1.833333333,1.081344,JPEG,RGB,FALSE,none,,fake
E:\Project\Fake News Detection\images\fake\385.jpg,597187,1408,768,1.833333333,1.081344,JPEG,RGB,FALSE,none,,fake
E:\Project\Fake News Detection\images\fake\3855.jpg,494171,1408,768,1.833333333,1.081344,JPEG,RGB,FALSE,none,,fake
E:\Project\Fake News Detection\images\fake\3856.jpg,398211,1408,768,1.833333333,1.081344,JPEG,RGB,FALSE,none,,fake
E:\Project\Fake News Detection\images\fake\3859.jpg,430287,1408,768,1.833333333,1.081344,JPEG,RGB,FALSE,none,,fake
E:\Project\Fake News Detection\images\fake\387.jpg,406888,1408,768,1.833333333,1.081344,JPEG,RGB,FALSE,none,,fake
E:\Project\Fake News Detection\images\fake\3876.jpg,435047,1408,768,1.833333333,1.081344,JPEG,RGB,FALSE,none,,fake
E:\Project\Fake News Detection\images\fake\3878.jpg,388328,1408,768,1.833333333,1.081344,JPEG,RGB,FALSE,none,,fake
E:\Project\Fake News Detection\images\fake\3882.jpg,408963,1408,768,1.833333333,1.081344,JPEG,RGB,FALSE,none,,fake
E:\Project\Fake News Detection\images\fake\3888.jpg,484233,1408,768,1.833333333,1.081344,JPEG,RGB,FALSE,none,,fake
E:\Project\Fake News Detection\images\fake\3890.jpg,401264,1408,768,1.833333333,1.081344,JPEG,RGB,FALSE,none,,fake
E:\Project\Fake News Detection\images\fake\39.jpg,371216,1408,768,1.833333333,1.081344,JPEG,RGB,FALSE,none,,fake
E:\Project\Fake News Detection\images\fake\392.jpg,435351,1408,768,1.833333333,1.081344,JPEG,RGB,FALSE,none,,fake
E:\Project\Fake News Detection\images\fake\3921.jpg,364370,1408,768,1.833333333,1.081344,JPEG,RGB,FALSE,none,,fake
E:\Project\Fake News Detection\images\fake\3935.jpg,678690,1408,768,1.833333333,1.081344,JPEG,RGB,FALSE,none,,fake
E:\Project\Fake News Detection\images\fake\3936.jpg,381876,1408,768,1.833333333,1.081344,JPEG,RGB,FALSE,none,,fake
E:\Project\Fake News Detection\images\fake\3939.jpg,355992,1408,768,1.833333333,1.081344,JPEG,RGB,FALSE,none,,fake
E:\Project\Fake News Detection\images\fake\3956.jpg,474746,1408,768,1.833333333,1.081344,JPEG,RGB,FALSE,none,,fake
E:\Project\Fake News Detection\images\fake\3958.jpg,526717,1408,768,1.833333333,1.081344,JPEG,RGB,FALSE,none,,fake
E:\Project\Fake News Detection\images\fake\3962.jpg,555828,1408,768,1.833333333,1.081344,JPEG,RGB,FALSE,none,,fake
E:\Project\Fake News Detection\images\fake\3968.jpg,491764,1408,768,1.833333333,1.081344,JPEG,RGB,FALSE,none,,fake
E:\Project\Fake News Detection\images\fake\3970.jpg,456373,1408,768,1.833333333,1.081344,JPEG,RGB,FALSE,none,,fake
E:\Project\Fake News Detection\images\fake\4.jpg,335154,1408,768,1.833333333,1.081344,JPEG,RGB,FALSE,none,,fake
E:\Project\Fake News Detection\images\fake\4001.jpg,386182,1408,768,1.833333333,1.081344,JPEG,RGB,FALSE,none,,fake
E:\Project\Fake News Detection\images\fake\4015.jpg,469989,1408,768,1.833333333,1.081344,JPEG,RGB,FALSE,none,,fake
E:\Project\Fake News Detection\images\fake\4016.jpg,502459,1408,768,1.833333333,1.081344,JPEG,RGB,FALSE,none,,fake
E:\Project\Fake News Detection\images\fake\4019.jpg,424912,1408,768,1.833333333,1.081344,JPEG,RGB,FALSE,none,,fake
E:\Project\Fake News Detection\images\fake\4036.jpg,376029,1408,768,1.833333333,1.081344,JPEG,RGB,FALSE,none,,fake
E:\Project\Fake News Detection\images\fake\4038.jpg,367034,1408,768,1.833333333,1.081344,JPEG,RGB,FALSE,none,,fake
E:\Project\Fake News Detection\images\fake\404.jpg,476421,1408,768,1.833333333,1.081344,JPEG,RGB,FALSE,none,,fake
E:\Project\Fake News Detection\images\fake\4042.jpg,367323,1408,768,1.833333333,1.081344,JPEG,RGB,FALSE,none,,fake
E:\Project\Fake News Detection\images\fake\4048.jpg,514531,1408,768,1.833333333,1.081344,JPEG,RGB,FALSE,none,,fake
E:\Project\Fake News Detection\images\fake\4050.jpg,363777,1408,768,1.833333333,1.081344,JPEG,RGB,FALSE,none,,fake
E:\Project\Fake News Detection\images\fake\4081.jpg,333749,1408,768,1.833333333,1.081344,JPEG,RGB,FALSE,none,,fake
E:\Project\Fake News Detection\images\fake\4095.jpg,413385,1408,768,1.833333333,1.081344,JPEG,RGB,FALSE,none,,fake
E:\Project\Fake News Detection\images\fake\4096.jpg,317550,1408,768,1.833333333,1.081344,JPEG,RGB,FALSE,none,,fake
E:\Project\Fake News Detection\images\fake\4099.jpg,467433,1408,768,1.833333333,1.081344,JPEG,RGB,FALSE,none,,fake
E:\Project\Fake News Detection\images\fake\41.jpg,368518,1408,768,1.833333333,1.081344,JPEG,RGB,FALSE,none,,fake
E:\Project\Fake News Detection\images\fake\410.jpg,415392,1408,768,1.833333333,1.081344,JPEG,RGB,FALSE,none,,fake
E:\Project\Fake News Detection\images\fake\4116.jpg,633254,1408,768,1.833333333,1.081344,JPEG,RGB,FALSE,none,,fake
E:\Project\Fake News Detection\images\fake\4118.jpg,420483,1408,768,1.833333333,1.081344,JPEG,RGB,FALSE,none,,fake
E:\Project\Fake News Detection\images\fake\412.jpg,375834,1408,768,1.833333333,1.081344,JPEG,RGB,FALSE,none,,fake
E:\Project\Fake News Detection\images\fake\4122.jpg,406899,1408,768,1.833333333,1.081344,JPEG,RGB,FALSE,none,,fake
E:\Project\Fake News Detection\images\fake\4128.jpg,610281,1408,768,1.833333333,1.081344,JPEG,RGB,FALSE,none,,fake
E:\Project\Fake News Detection\images\fake\4130.jpg,638280,1408,768,1.833333333,1.081344,JPEG,RGB,FALSE,none,,fake
E:\Project\Fake News Detection\images\fake\4161.jpg,545613,1408,768,1.833333333,1.081344,JPEG,RGB,FALSE,none,,fake
E:\Project\Fake News Detection\images\fake\4175.jpg,380475,1408,768,1.833333333,1.081344,JPEG,RGB,FALSE,none,,fake
E:\Project\Fake News Detection\images\fake\4176.jpg,654774,1408,768,1.833333333,1.081344,JPEG,RGB,FALSE,none,,fake
E:\Project\Fake News Detection\images\fake\4179.jpg,594129,1408,768,1.833333333,1.081344,JPEG,RGB,FALSE,none,,fake
E:\Project\Fake News Detection\images\fake\419.jpg,491416,1408,768,1.833333333,1.081344,JPEG,RGB,FALSE,none,,fake
E:\Project\Fake News Detection\images\fake\4196.jpg,332687,1408,768,1.833333333,1.081344,JPEG,RGB,FALSE,none,,fake
E:\Project\Fake News Detection\images\fake\4198.jpg,787792,1408,768,1.833333333,1.081344,JPEG,RGB,FALSE,none,,fake
E:\Project\Fake News Detection\images\fake\4202.jpg,485141,1408,768,1.833333333,1.081344,JPEG,RGB,FALSE,none,,fake
E:\Project\Fake News Detection\images\fake\4208.jpg,463029,1408,768,1.833333333,1.081344,JPEG,RGB,FALSE,none,,fake
E:\Project\Fake News Detection\images\fake\4210.jpg,569725,1408,768,1.833333333,1.081344,JPEG,RGB,FALSE,none,,fake
E:\Project\Fake News Detection\images\fake\422.jpg,474506,1408,768,1.833333333,1.081344,JPEG,RGB,FALSE,none,,fake
E:\Project\Fake News Detection\images\fake\4241.jpg,465317,1408,768,1.833333333,1.081344,JPEG,RGB,FALSE,none,,fake
E:\Project\Fake News Detection\images\fake\4255.jpg,502158,1408,768,1.833333333,1.081344,JPEG,RGB,FALSE,none,,fake
E:\Project\Fake News Detection\images\fake\4256.jpg,315937,1408,768,1.833333333,1.081344,JPEG,RGB,FALSE,none,,fake
E:\Project\Fake News Detection\images\fake\4259.jpg,510621,1408,768,1.833333333,1.081344,JPEG,RGB,FALSE,none,,fake
E:\Project\Fake News Detection\images\fake\4276.jpg,509409,1408,768,1.833333333,1.081344,JPEG,RGB,FALSE,none,,fake
E:\Project\Fake News Detection\images\fake\4278.jpg,460823,1408,768,1.833333333,1.081344,JPEG,RGB,FALSE,none,,fake
E:\Project\Fake News Detection\images\fake\428.jpg,408806,1408,768,1.833333333,1.081344,JPEG,RGB,FALSE,none,,fake
E:\Project\Fake News Detection\images\fake\4282.jpg,444562,1408,768,1.833333333,1.081344,JPEG,RGB,FALSE,none,,fake
E:\Project\Fake News Detection\images\fake\4288.jpg,416587,1408,768,1.833333333,1.081344,JPEG,RGB,FALSE,none,,fake
E:\Project\Fake News Detection\images\fake\429.jpg,355572,1408,768,1.833333333,1.081344,JPEG,RGB,FALSE,none,,fake
E:\Project\Fake News Detection\images\fake\4290.jpg,584305,1408,768,1.833333333,1.081344,JPEG,RGB,FALSE,none,,fake
E:\Project\Fake News Detection\images\fake\430.jpg,370524,1408,768,1.833333333,1.081344,JPEG,RGB,FALSE,none,,fake
E:\Project\Fake News Detection\images\fake\4321.jpg,536571,1408,768,1.833333333,1.081344,JPEG,RGB,FALSE,none,,fake
E:\Project\Fake News Detection\images\fake\4335.jpg,797050,1408,768,1.833333333,1.081344,JPEG,RGB,FALSE,none,,fake
E:\Project\Fake News Detection\images\fake\4336.jpg,580225,1408,768,1.833333333,1.081344,JPEG,RGB,FALSE,none,,fake
E:\Project\Fake News Detection\images\fake\4339.jpg,491172,1408,768,1.833333333,1.081344,JPEG,RGB,FALSE,none,,fake
E:\Project\Fake News Detection\images\fake\435.jpg,405109,1408,768,1.833333333,1.081344,JPEG,RGB,FALSE,none,,fake
E:\Project\Fake News Detection\images\fake\4356.jpg,523541,1408,768,1.833333333,1.081344,JPEG,RGB,FALSE,none,,fake
E:\Project\Fake News Detection\images\fake\4358.jpg,450191,1408,768,1.833333333,1.081344,JPEG,RGB,FALSE,none,,fake
E:\Project\Fake News Detection\images\fake\4362.jpg,455768,1408,768,1.833333333,1.081344,JPEG,RGB,FALSE,none,,fake
E:\Project\Fake News Detection\images\fake\4368.jpg,410555,1408,768,1.833333333,1.081344,JPEG,RGB,FALSE,none,,fake
E:\Project\Fake News Detection\images\fake\4370.jpg,488939,1408,768,1.833333333,1.081344,JPEG,RGB,FALSE,none,,fake
E:\Project\Fake News Detection\images\fake\4402.jpg,432848,1408,768,1.833333333,1.081344,JPEG,RGB,FALSE,none,,fake
E:\Project\Fake News Detection\images\fake\4419.jpg,473263,1408,768,1.833333333,1.081344,JPEG,RGB,FALSE,none,,fake
E:\Project\Fake News Detection\images\fake\442.jpg,458270,1408,768,1.833333333,1.081344,JPEG,RGB,FALSE,none,,fake
E:\Project\Fake News Detection\images\fake\443.jpg,410578,1408,768,1.833333333,1.081344,JPEG,RGB,FALSE,none,,fake
E:\Project\Fake News Detection\images\fake\446.jpg,454875,1408,768,1.833333333,1.081344,JPEG,RGB,FALSE,none,,fake
E:\Project\Fake News Detection\images\fake\4484.jpg,375987,1408,768,1.833333333,1.081344,JPEG,RGB,FALSE,none,,fake
E:\Project\Fake News Detection\images\fake\4487.jpg,404532,1408,768,1.833333333,1.081344,JPEG,RGB,FALSE,none,,fake
E:\Project\Fake News Detection\images\fake\4494.jpg,433292,1408,768,1.833333333,1.081344,JPEG,RGB,FALSE,none,,fake
E:\Project\Fake News Detection\images\fake\4496.jpg,418545,1408,768,1.833333333,1.081344,JPEG,RGB,FALSE,none,,fake
E:\Project\Fake News Detection\images\fake\4502.jpg,329057,1408,768,1.833333333,1.081344,JPEG,RGB,FALSE,none,,fake
E:\Project\Fake News Detection\images\fake\4508.jpg,432559,1408,768,1.833333333,1.081344,JPEG,RGB,FALSE,none,,fake
E:\Project\Fake News Detection\images\fake\4510.jpg,324357,1408,768,1.833333333,1.081344,JPEG,RGB,FALSE,none,,fake
E:\Project\Fake News Detection\images\fake\4520.jpg,504040,1408,768,1.833333333,1.081344,JPEG,RGB,FALSE,none,,fake
E:\Project\Fake News Detection\images\fake\4521.jpg,508416,1408,768,1.833333333,1.081344,JPEG,RGB,FALSE,none,,fake
E:\Project\Fake News Detection\images\fake\4527.jpg,467796,1408,768,1.833333333,1.081344,JPEG,RGB,FALSE,none,,fake
E:\Project\Fake News Detection\images\fake\4529.jpg,331083,1408,768,1.833333333,1.081344,JPEG,RGB,FALSE,none,,fake
E:\Project\Fake News Detection\images\fake\453.jpg,543341,1408,768,1.833333333,1.081344,JPEG,RGB,FALSE,none,,fake
E:\Project\Fake News Detection\images\fake\4534.jpg,324101,1408,768,1.833333333,1.081344,JPEG,RGB,FALSE,none,,fake
E:\Project\Fake News Detection\images\fake\4535.jpg,417962,1408,768,1.833333333,1.081344,JPEG,RGB,FALSE,none,,fake
E:\Project\Fake News Detection\images\fake\4545.jpg,307547,1408,768,1.833333333,1.081344,JPEG,RGB,FALSE,none,,fake
E:\Project\Fake News Detection\images\fake\455.jpg,435031,1408,768,1.833333333,1.081344,JPEG,RGB,FALSE,none,,fake
E:\Project\Fake News Detection\images\fake\4552.jpg,436922,1408,768,1.833333333,1.081344,JPEG,RGB,FALSE,none,,fake
E:\Project\Fake News Detection\images\fake\456.jpg,430136,1408,768,1.833333333,1.081344,JPEG,RGB,FALSE,none,,fake
E:\Project\Fake News Detection\images\fake\4570.jpg,477790,1408,768,1.833333333,1.081344,JPEG,RGB,FALSE,none,,fake
E:\Project\Fake News Detection\images\fake\4594.jpg,389318,1408,768,1.833333333,1.081344,JPEG,RGB,FALSE,none,,fake
E:\Project\Fake News Detection\images\fake\4647.jpg,393159,1408,768,1.833333333,1.081344,JPEG,RGB,FALSE,none,,fake
E:\Project\Fake News Detection\images\fake\4648.jpg,381275,1408,768,1.833333333,1.081344,JPEG,RGB,FALSE,none,,fake
E:\Project\Fake News Detection\images\fake\4702.jpg,373577,1408,768,1.833333333,1.081344,JPEG,RGB,FALSE,none,,fake
E:\Project\Fake News Detection\images\fake\4729.jpg,440448,1408,768,1.833333333,1.081344,JPEG,RGB,FALSE,none,,fake
E:\Project\Fake News Detection\images\fake\473.jpg,576204,1408,768,1.833333333,1.081344,JPEG,RGB,FALSE,none,,fake
E:\Project\Fake News Detection\images\fake\4733.jpg,454699,1408,768,1.833333333,1.081344,JPEG,RGB,FALSE,none,,fake
E:\Project\Fake News Detection\images\fake\4742.jpg,602431,1408,768,1.833333333,1.081344,JPEG,RGB,FALSE,none,,fake
E:\Project\Fake News Detection\images\fake\4750.jpg,427220,1408,768,1.833333333,1.081344,JPEG,RGB,FALSE,none,,fake
E:\Project\Fake News Detection\images\fake\4768.jpg,489280,1408,768,1.833333333,1.081344,JPEG,RGB,FALSE,none,,fake
E:\Project\Fake News Detection\images\fake\4783.jpg,447338,1408,768,1.833333333,1.081344,JPEG,RGB,FALSE,none,,fake
E:\Project\Fake News Detection\images\fake\4787.jpg,476900,1408,768,1.833333333,1.081344,JPEG,RGB,FALSE,none,,fake
E:\Project\Fake News Detection\images\fake\479.jpg,622689,1408,768,1.833333333,1.081344,JPEG,RGB,FALSE,none,,fake
E:\Project\Fake News Detection\images\fake\4807.jpg,498528,1408,768,1.833333333,1.081344,JPEG,RGB,FALSE,none,,fake
E:\Project\Fake News Detection\images\fake\4817.jpg,406230,1408,768,1.833333333,1.081344,JPEG,RGB,FALSE,none,,fake
E:\Project\Fake News Detection\images\fake\482.jpg,417218,1408,768,1.833333333,1.081344,JPEG,RGB,FALSE,none,,fake
E:\Project\Fake News Detection\images\fake\4826.jpg,435869,1408,768,1.833333333,1.081344,JPEG,RGB,FALSE,none,,fake
E:\Project\Fake News Detection\images\fake\4836.jpg,528702,1408,768,1.833333333,1.081344,JPEG,RGB,FALSE,none,,fake
E:\Project\Fake News Detection\images\fake\4845.jpg,427177,1408,768,1.833333333,1.081344,JPEG,RGB,FALSE,none,,fake
E:\Project\Fake News Detection\images\fake\4848.jpg,414870,1408,768,1.833333333,1.081344,JPEG,RGB,FALSE,none,,fake
E:\Project\Fake News Detection\images\fake\4856.jpg,452224,1408,768,1.833333333,1.081344,JPEG,RGB,FALSE,none,,fake
E:\Project\Fake News Detection\images\fake\4858.jpg,570848,1408,768,1.833333333,1.081344,JPEG,RGB,FALSE,none,,fake
E:\Project\Fake News Detection\images\fake\4868.jpg,376534,1408,768,1.833333333,1.081344,JPEG,RGB,FALSE,none,,fake
E:\Project\Fake News Detection\images\fake\4873.jpg,457830,1408,768,1.833333333,1.081344,JPEG,RGB,FALSE,none,,fake
E:\Project\Fake News Detection\images\fake\4881.jpg,485464,1408,768,1.833333333,1.081344,JPEG,RGB,FALSE,none,,fake
E:\Project\Fake News Detection\images\fake\4891.jpg,391292,1408,768,1.833333333,1.081344,JPEG,RGB,FALSE,none,,fake
E:\Project\Fake News Detection\images\fake\4897.jpg,379246,1408,768,1.833333333,1.081344,JPEG,RGB,FALSE,none,,fake
E:\Project\Fake News Detection\images\fake\4899.jpg,399745,1408,768,1.833333333,1.081344,JPEG,RGB,FALSE,none,,fake
E:\Project\Fake News Detection\images\fake\49.jpg,370141,1408,768,1.833333333,1.081344,JPEG,RGB,FALSE,none,,fake
E:\Project\Fake News Detection\images\fake\4906.jpg,413880,1408,768,1.833333333,1.081344,JPEG,RGB,FALSE,none,,fake
E:\Project\Fake News Detection\images\fake\4910.jpg,543952,1408,768,1.833333333,1.081344,JPEG,RGB,FALSE,none,,fake
E:\Project\Fake News Detection\images\fake\4912.jpg,414016,1408,768,1.833333333,1.081344,JPEG,RGB,FALSE,none,,fake
E:\Project\Fake News Detection\images\fake\4924.jpg,611467,1408,768,1.833333333,1.081344,JPEG,RGB,FALSE,none,,fake
E:\Project\Fake News Detection\images\fake\4928.jpg,422110,1408,768,1.833333333,1.081344,JPEG,RGB,FALSE,none,,fake
E:\Project\Fake News Detection\images\fake\4931.jpg,525815,1408,768,1.833333333,1.081344,JPEG,RGB,FALSE,none,,fake
E:\Project\Fake News Detection\images\fake\4932.jpg,491374,1408,768,1.833333333,1.081344,JPEG,RGB,FALSE,none,,fake
E:\Project\Fake News Detection\images\fake\4939.jpg,508601,1408,768,1.833333333,1.081344,JPEG,RGB,FALSE,none,,fake
E:\Project\Fake News Detection\images\fake\4942.jpg,490859,1408,768,1.833333333,1.081344,JPEG,RGB,FALSE,none,,fake
E:\Project\Fake News Detection\images\fake\495.jpg,438589,1408,768,1.833333333,1.081344,JPEG,RGB,FALSE,none,,fake
E:\Project\Fake News Detection\images\fake\4950.jpg,451895,1408,768,1.833333333,1.081344,JPEG,RGB,FALSE,none,,fake
E:\Project\Fake News Detection\images\fake\4973.jpg,452669,1408,768,1.833333333,1.081344,JPEG,RGB,FALSE,none,,fake
E:\Project\Fake News Detection\images\fake\498.jpg,437573,1408,768,1.833333333,1.081344,JPEG,RGB,FALSE,none,,fake
E:\Project\Fake News Detection\images\fake\4980.jpg,531287,1408,768,1.833333333,1.081344,JPEG,RGB,FALSE,none,,fake
E:\Project\Fake News Detection\images\fake\4987.jpg,368536,1408,768,1.833333333,1.081344,JPEG,RGB,FALSE,none,,fake
E:\Project\Fake News Detection\images\fake\4989.jpg,370939,1408,768,1.833333333,1.081344,JPEG,RGB,FALSE,none,,fake
E:\Project\Fake News Detection\images\fake\499.jpg,433888,1408,768,1.833333333,1.081344,JPEG,RGB,FALSE,none,,fake
E:\Project\Fake News Detection\images\fake\50.jpg,343013,1408,768,1.833333333,1.081344,JPEG,RGB,FALSE,none,,fake
E:\Project\Fake News Detection\images\fake\5012.jpg,352060,1408,768,1.833333333,1.081344,JPEG,RGB,FALSE,none,,fake
E:\Project\Fake News Detection\images\fake\5023.jpg,360588,1408,768,1.833333333,1.081344,JPEG,RGB,FALSE,none,,fake
E:\Project\Fake News Detection\images\fake\5026.jpg,553616,1408,768,1.833333333,1.081344,JPEG,RGB,FALSE,none,,fake
E:\Project\Fake News Detection\images\fake\5028.jpg,392980,1408,768,1.833333333,1.081344,JPEG,RGB,FALSE,none,,fake
E:\Project\Fake News Detection\images\fake\503.jpg,383075,1408,768,1.833333333,1.081344,JPEG,RGB,FALSE,none,,fake
E:\Project\Fake News Detection\images\fake\5035.jpg,407755,1408,768,1.833333333,1.081344,JPEG,RGB,FALSE,none,,fake
E:\Project\Fake News Detection\images\fake\5040.jpg,437504,1408,768,1.833333333,1.081344,JPEG,RGB,FALSE,none,,fake
E:\Project\Fake News Detection\images\fake\505.jpg,436767,1408,768,1.833333333,1.081344,JPEG,RGB,FALSE,none,,fake
E:\Project\Fake News Detection\images\fake\5056.jpg,475097,1408,768,1.833333333,1.081344,JPEG,RGB,FALSE,none,,fake
E:\Project\Fake News Detection\images\fake\5061.jpg,515821,1408,768,1.833333333,1.081344,JPEG,RGB,FALSE,none,,fake
E:\Project\Fake News Detection\images\fake\5068.jpg,479750,1408,768,1.833333333,1.081344,JPEG,RGB,FALSE,none,,fake
E:\Project\Fake News Detection\images\fake\507.jpg,474361,1408,768,1.833333333,1.081344,JPEG,RGB,FALSE,none,,fake
E:\Project\Fake News Detection\images\fake\5070.jpg,479773,1408,768,1.833333333,1.081344,JPEG,RGB,FALSE,none,,fake
E:\Project\Fake News Detection\images\fake\5078.jpg,467303,1408,768,1.833333333,1.081344,JPEG,RGB,FALSE,none,,fake
E:\Project\Fake News Detection\images\fake\5089.jpg,435300,1408,768,1.833333333,1.081344,JPEG,RGB,FALSE,none,,fake
E:\Project\Fake News Detection\images\fake\5095.jpg,555413,1408,768,1.833333333,1.081344,JPEG,RGB,FALSE,none,,fake
E:\Project\Fake News Detection\images\fake\5098.jpg,324982,1408,768,1.833333333,1.081344,JPEG,RGB,FALSE,none,,fake
E:\Project\Fake News Detection\images\fake\5113.jpg,477535,1408,768,1.833333333,1.081344,JPEG,RGB,FALSE,none,,fake
E:\Project\Fake News Detection\images\fake\5114.jpg,560839,1408,768,1.833333333,1.081344,JPEG,RGB,FALSE,none,,fake
E:\Project\Fake News Detection\images\fake\5133.jpg,360766,1408,768,1.833333333,1.081344,JPEG,RGB,FALSE,none,,fake
E:\Project\Fake News Detection\images\fake\5140.jpg,442712,1408,768,1.833333333,1.081344,JPEG,RGB,FALSE,none,,fake
E:\Project\Fake News Detection\images\fake\5141.jpg,657099,1408,768,1.833333333,1.081344,JPEG,RGB,FALSE,none,,fake
E:\Project\Fake News Detection\images\fake\5147.jpg,363453,1408,768,1.833333333,1.081344,JPEG,RGB,FALSE,none,,fake
E:\Project\Fake News Detection\images\fake\5161.jpg,538917,1408,768,1.833333333,1.081344,JPEG,RGB,FALSE,none,,fake
E:\Project\Fake News Detection\images\fake\5193.jpg,570591,1408,768,1.833333333,1.081344,JPEG,RGB,FALSE,none,,fake
E:\Project\Fake News Detection\images\fake\5196.jpg,329927,1408,768,1.833333333,1.081344,JPEG,RGB,FALSE,none,,fake
E:\Project\Fake News Detection\images\fake\5200.jpg,578200,1408,768,1.833333333,1.081344,JPEG,RGB,FALSE,none,,fake
E:\Project\Fake News Detection\images\fake\5206.jpg,545726,1408,768,1.833333333,1.081344,JPEG,RGB,FALSE,none,,fake
E:\Project\Fake News Detection\images\fake\521.jpg,492346,1408,768,1.833333333,1.081344,JPEG,RGB,FALSE,none,,fake
E:\Project\Fake News Detection\images\fake\5210.jpg,447287,1408,768,1.833333333,1.081344,JPEG,RGB,FALSE,none,,fake
E:\Project\Fake News Detection\images\fake\5223.jpg,538580,1408,768,1.833333333,1.081344,JPEG,RGB,FALSE,none,,fake
E:\Project\Fake News Detection\images\fake\5232.jpg,424649,1408,768,1.833333333,1.081344,JPEG,RGB,FALSE,none,,fake
E:\Project\Fake News Detection\images\fake\5239.jpg,514870,1408,768,1.833333333,1.081344,JPEG,RGB,FALSE,none,,fake
E:\Project\Fake News Detection\images\fake\5246.jpg,416847,1408,768,1.833333333,1.081344,JPEG,RGB,FALSE,none,,fake
E:\Project\Fake News Detection\images\fake\5250.jpg,567008,1408,768,1.833333333,1.081344,JPEG,RGB,FALSE,none,,fake
E:\Project\Fake News Detection\images\fake\527.jpg,385534,1408,768,1.833333333,1.081344,JPEG,RGB,FALSE,none,,fake
E:\Project\Fake News Detection\images\fake\529.jpg,488430,1408,768,1.833333333,1.081344,JPEG,RGB,FALSE,none,,fake
E:\Project\Fake News Detection\images\fake\531.jpg,567886,1408,768,1.833333333,1.081344,JPEG,RGB,FALSE,none,,fake
E:\Project\Fake News Detection\images\fake\5344.jpg,447151,1408,768,1.833333333,1.081344,JPEG,RGB,FALSE,none,,fake
E:\Project\Fake News Detection\images\fake\5351.jpg,427666,1408,768,1.833333333,1.081344,JPEG,RGB,FALSE,none,,fake
E:\Project\Fake News Detection\images\fake\5355.jpg,457080,1408,768,1.833333333,1.081344,JPEG,RGB,FALSE,none,,fake
E:\Project\Fake News Detection\images\fake\5375.jpg,496250,1408,768,1.833333333,1.081344,JPEG,RGB,FALSE,none,,fake
E:\Project\Fake News Detection\images\fake\5414.jpg,452817,1408,768,1.833333333,1.081344,JPEG,RGB,FALSE,none,,fake
E:\Project\Fake News Detection\images\fake\5415.jpg,353025,1408,768,1.833333333,1.081344,JPEG,RGB,FALSE,none,,fake
E:\Project\Fake News Detection\images\fake\5436.jpg,381792,1408,768,1.833333333,1.081344,JPEG,RGB,FALSE,none,,fake
E:\Project\Fake News Detection\images\fake\5438.jpg,314292,1408,768,1.833333333,1.081344,JPEG,RGB,FALSE,none,,fake
E:\Project\Fake News Detection\images\fake\5439.jpg,542805,1408,768,1.833333333,1.081344,JPEG,RGB,FALSE,none,,fake
E:\Project\Fake News Detection\images\fake\5448.jpg,653607,1408,768,1.833333333,1.081344,JPEG,RGB,FALSE,none,,fake
E:\Project\Fake News Detection\images\fake\5462.jpg,442137,1408,768,1.833333333,1.081344,JPEG,RGB,FALSE,none,,fake
E:\Project\Fake News Detection\images\fake\5471.jpg,500606,1408,768,1.833333333,1.081344,JPEG,RGB,FALSE,none,,fake
E:\Project\Fake News Detection\images\fake\5482.jpg,323875,1408,768,1.833333333,1.081344,JPEG,RGB,FALSE,none,,fake
E:\Project\Fake News Detection\images\fake\5492.jpg,670533,1408,768,1.833333333,1.081344,JPEG,RGB,FALSE,none,,fake
E:\Project\Fake News Detection\images\fake\552.jpg,515932,1408,768,1.833333333,1.081344,JPEG,RGB,FALSE,none,,fake
E:\Project\Fake News Detection\images\fake\5525.jpg,522360,1408,768,1.833333333,1.081344,JPEG,RGB,FALSE,none,,fake
E:\Project\Fake News Detection\images\fake\5527.jpg,562561,1408,768,1.833333333,1.081344,JPEG,RGB,FALSE,none,,fake
E:\Project\Fake News Detection\images\fake\553.jpg,416535,1408,768,1.833333333,1.081344,JPEG,RGB,FALSE,none,,fake
E:\Project\Fake News Detection\images\fake\5531.jpg,578875,1408,768,1.833333333,1.081344,JPEG,RGB,FALSE,none,,fake
E:\Project\Fake News Detection\images\fake\5533.jpg,483978,1408,768,1.833333333,1.081344,JPEG,RGB,FALSE,none,,fake
E:\Project\Fake News Detection\images\fake\5548.jpg,372734,1408,768,1.833333333,1.081344,JPEG,RGB,FALSE,none,,fake
E:\Project\Fake News Detection\images\fake\5553.jpg,313161,1408,768,1.833333333,1.081344,JPEG,RGB,FALSE,none,,fake
E:\Project\Fake News Detection\images\fake\5555.jpg,402681,1408,768,1.833333333,1.081344,JPEG,RGB,FALSE,none,,fake
E:\Project\Fake News Detection\images\fake\5568.jpg,434847,1408,768,1.833333333,1.081344,JPEG,RGB,FALSE,none,,fake
E:\Project\Fake News Detection\images\fake\5576.jpg,607421,1408,768,1.833333333,1.081344,JPEG,RGB,FALSE,none,,fake
E:\Project\Fake News Detection\images\fake\558.jpg,467563,1408,768,1.833333333,1.081344,JPEG,RGB,FALSE,none,,fake
E:\Project\Fake News Detection\images\fake\5595.jpg,562317,1408,768,1.833333333,1.081344,JPEG,RGB,FALSE,none,,fake
E:\Project\Fake News Detection\images\fake\5602.jpg,497604,1408,768,1.833333333,1.081344,JPEG,RGB,FALSE,none,,fake
E:\Project\Fake News Detection\images\fake\5606.jpg,485922,1408,768,1.833333333,1.081344,JPEG,RGB,FALSE,none,,fake
E:\Project\Fake News Detection\images\fake\561.jpg,333316,1408,768,1.833333333,1.081344,JPEG,RGB,FALSE,none,,fake
E:\Project\Fake News Detection\images\fake\5622.jpg,580910,1408,768,1.833333333,1.081344,JPEG,RGB,FALSE,none,,fake
E:\Project\Fake News Detection\images\fake\5623.jpg,444989,1408,768,1.833333333,1.081344,JPEG,RGB,FALSE,none,,fake
E:\Project\Fake News Detection\images\fake\5632.jpg,563227,1408,768,1.833333333,1.081344,JPEG,RGB,FALSE,none,,fake
E:\Project\Fake News Detection\images\fake\564.jpg,462505,1408,768,1.833333333,1.081344,JPEG,RGB,FALSE,none,,fake
E:\Project\Fake News Detection\images\fake\5640.jpg,717563,1408,768,1.833333333,1.081344,JPEG,RGB,FALSE,none,,fake
E:\Project\Fake News Detection\images\fake\5652.jpg,362716,1408,768,1.833333333,1.081344,JPEG,RGB,FALSE,none,,fake
E:\Project\Fake News Detection\images\fake\5658.jpg,466485,1408,768,1.833333333,1.081344,JPEG,RGB,FALSE,none,,fake
E:\Project\Fake News Detection\images\fake\5659.jpg,603189,1408,768,1.833333333,1.081344,JPEG,RGB,FALSE,none,,fake
E:\Project\Fake News Detection\images\fake\5664.jpg,480647,1408,768,1.833333333,1.081344,JPEG,RGB,FALSE,none,,fake
E:\Project\Fake News Detection\images\fake\5667.jpg,404835,1408,768,1.833333333,1.081344,JPEG,RGB,FALSE,none,,fake
E:\Project\Fake News Detection\images\fake\567.jpg,401638,1408,768,1.833333333,1.081344,JPEG,RGB,FALSE,none,,fake
E:\Project\Fake News Detection\images\fake\5677.jpg,546867,1408,768,1.833333333,1.081344,JPEG,RGB,FALSE,none,,fake
E:\Project\Fake News Detection\images\fake\5682.jpg,692703,1408,768,1.833333333,1.081344,JPEG,RGB,FALSE,none,,fake
E:\Project\Fake News Detection\images\fake\5685.jpg,411180,1408,768,1.833333333,1.081344,JPEG,RGB,FALSE,none,,fake
E:\Project\Fake News Detection\images\fake\569.jpg,494170,1408,768,1.833333333,1.081344,JPEG,RGB,FALSE,none,,fake
E:\Project\Fake News Detection\images\fake\5700.jpg,470532,1408,768,1.833333333,1.081344,JPEG,RGB,FALSE,none,,fake
E:\Project\Fake News Detection\images\fake\5714.jpg,490378,1408,768,1.833333333,1.081344,JPEG,RGB,FALSE,none,,fake
E:\Project\Fake News Detection\images\fake\5721.jpg,515964,1408,768,1.833333333,1.081344,JPEG,RGB,FALSE,none,,fake
E:\Project\Fake News Detection\images\fake\5733.jpg,466182,1408,768,1.833333333,1.081344,JPEG,RGB,FALSE,none,,fake
E:\Project\Fake News Detection\images\fake\5741.jpg,369605,1408,768,1.833333333,1.081344,JPEG,RGB,FALSE,none,,fake
E:\Project\Fake News Detection\images\fake\5743.jpg,432034,1408,768,1.833333333,1.081344,JPEG,RGB,FALSE,none,,fake
E:\Project\Fake News Detection\images\fake\5745.jpg,439233,1408,768,1.833333333,1.081344,JPEG,RGB,FALSE,none,,fake
E:\Project\Fake News Detection\images\fake\5759.jpg,546982,1408,768,1.833333333,1.081344,JPEG,RGB,FALSE,none,,fake
E:\Project\Fake News Detection\images\fake\576.jpg,371513,1408,768,1.833333333,1.081344,JPEG,RGB,FALSE,none,,fake
E:\Project\Fake News Detection\images\fake\5771.jpg,370522,1408,768,1.833333333,1.081344,JPEG,RGB,FALSE,none,,fake
E:\Project\Fake News Detection\images\fake\5775.jpg,516364,1408,768,1.833333333,1.081344,JPEG,RGB,FALSE,none,,fake
E:\Project\Fake News Detection\images\fake\5781.jpg,400657,1408,768,1.833333333,1.081344,JPEG,RGB,FALSE,none,,fake
E:\Project\Fake News Detection\images\fake\5789.jpg,399901,1408,768,1.833333333,1.081344,JPEG,RGB,FALSE,none,,fake
E:\Project\Fake News Detection\images\fake\579.jpg,450128,1408,768,1.833333333,1.081344,JPEG,RGB,FALSE,none,,fake
E:\Project\Fake News Detection\images\fake\5791.jpg,418697,1408,768,1.833333333,1.081344,JPEG,RGB,FALSE,none,,fake
E:\Project\Fake News Detection\images\fake\5792.jpg,370215,1408,768,1.833333333,1.081344,JPEG,RGB,FALSE,none,,fake
E:\Project\Fake News Detection\images\fake\5794.jpg,438684,1408,768,1.833333333,1.081344,JPEG,RGB,FALSE,none,,fake
E:\Project\Fake News Detection\images\fake\5808.jpg,408555,1408,768,1.833333333,1.081344,JPEG,RGB,FALSE,none,,fake
E:\Project\Fake News Detection\images\fake\581.jpg,349662,1408,768,1.833333333,1.081344,JPEG,RGB,FALSE,none,,fake
E:\Project\Fake News Detection\images\fake\5826.jpg,436617,1408,768,1.833333333,1.081344,JPEG,RGB,FALSE,none,,fake
E:\Project\Fake News Detection\images\fake\5834.jpg,431403,1408,768,1.833333333,1.081344,JPEG,RGB,FALSE,none,,fake
E:\Project\Fake News Detection\images\fake\5836.jpg,453999,1408,768,1.833333333,1.081344,JPEG,RGB,FALSE,none,,fake
E:\Project\Fake News Detection\images\fake\5838.jpg,639831,1408,768,1.833333333,1.081344,JPEG,RGB,FALSE,none,,fake
E:\Project\Fake News Detection\images\fake\5853.jpg,401397,1408,768,1.833333333,1.081344,JPEG,RGB,FALSE,none,,fake
E:\Project\Fake News Detection\images\fake\5865.jpg,394441,1408,768,1.833333333,1.081344,JPEG,RGB,FALSE,none,,fake
E:\Project\Fake News Detection\images\fake\5869.jpg,380488,1408,768,1.833333333,1.081344,JPEG,RGB,FALSE,none,,fake
E:\Project\Fake News Detection\images\fake\5883.jpg,329160,1408,768,1.833333333,1.081344,JPEG,RGB,FALSE,none,,fake
E:\Project\Fake News Detection\images\fake\5895.jpg,372908,1408,768,1.833333333,1.081344,JPEG,RGB,FALSE,none,,fake
E:\Project\Fake News Detection\images\fake\5899.jpg,457127,1408,768,1.833333333,1.081344,JPEG,RGB,FALSE,none,,fake
E:\Project\Fake News Detection\images\fake\5903.jpg,594133,1408,768,1.833333333,1.081344,JPEG,RGB,FALSE,none,,fake
E:\Project\Fake News Detection\images\fake\5907.jpg,455920,1408,768,1.833333333,1.081344,JPEG,RGB,FALSE,none,,fake
E:\Project\Fake News Detection\images\fake\591.jpg,356018,1408,768,1.833333333,1.081344,JPEG,RGB,FALSE,none,,fake
E:\Project\Fake News Detection\images\fake\5919.jpg,515268,1408,768,1.833333333,1.081344,JPEG,RGB,FALSE,none,,fake
E:\Project\Fake News Detection\images\fake\5923.jpg,408526,1408,768,1.833333333,1.081344,JPEG,RGB,FALSE,none,,fake
E:\Project\Fake News Detection\images\fake\5927.jpg,395707,1408,768,1.833333333,1.081344,JPEG,RGB,FALSE,none,,fake
E:\Project\Fake News Detection\images\fake\5931.jpg,517760,1408,768,1.833333333,1.081344,JPEG,RGB,FALSE,none,,fake
E:\Project\Fake News Detection\images\fake\5938.jpg,396357,1408,768,1.833333333,1.081344,JPEG,RGB,FALSE,none,,fake
E:\Project\Fake News Detection\images\fake\5942.jpg,719261,1408,768,1.833333333,1.081344,JPEG,RGB,FALSE,none,,fake
E:\Project\Fake News Detection\images\fake\5955.jpg,477997,1408,768,1.833333333,1.081344,JPEG,RGB,FALSE,none,,fake
E:\Project\Fake News Detection\images\fake\5962.jpg,357346,1408,768,1.833333333,1.081344,JPEG,RGB,FALSE,none,,fake
E:\Project\Fake News Detection\images\fake\5974.jpg,492928,1408,768,1.833333333,1.081344,JPEG,RGB,FALSE,none,,fake
E:\Project\Fake News Detection\images\fake\5982.jpg,568633,1408,768,1.833333333,1.081344,JPEG,RGB,FALSE,none,,fake
E:\Project\Fake News Detection\images\fake\5984.jpg,461867,1408,768,1.833333333,1.081344,JPEG,RGB,FALSE,none,,fake
E:\Project\Fake News Detection\images\fake\5986.jpg,458313,1408,768,1.833333333,1.081344,JPEG,RGB,FALSE,none,,fake
E:\Project\Fake News Detection\images\fake\6000.jpg,444629,1408,768,1.833333333,1.081344,JPEG,RGB,FALSE,none,,fake
E:\Project\Fake News Detection\images\fake\6012.jpg,466222,1408,768,1.833333333,1.081344,JPEG,RGB,FALSE,none,,fake
E:\Project\Fake News Detection\images\fake\6016.jpg,373215,1408,768,1.833333333,1.081344,JPEG,RGB,FALSE,none,,fake
E:\Project\Fake News Detection\images\fake\6035.jpg,335166,1408,768,1.833333333,1.081344,JPEG,RGB,FALSE,none,,fake
E:\Project\Fake News Detection\images\fake\6042.jpg,508863,1408,768,1.833333333,1.081344,JPEG,RGB,FALSE,none,,fake
E:\Project\Fake News Detection\images\fake\6054.jpg,336311,1408,768,1.833333333,1.081344,JPEG,RGB,FALSE,none,,fake
E:\Project\Fake News Detection\images\fake\6062.jpg,418335,1408,768,1.833333333,1.081344,JPEG,RGB,FALSE,none,,fake
E:\Project\Fake News Detection\images\fake\6064.jpg,589342,1408,768,1.833333333,1.081344,JPEG,RGB,FALSE,none,,fake
E:\Project\Fake News Detection\images\fake\6066.jpg,319621,1408,768,1.833333333,1.081344,JPEG,RGB,FALSE,none,,fake
E:\Project\Fake News Detection\images\fake\6080.jpg,433267,1408,768,1.833333333,1.081344,JPEG,RGB,FALSE,none,,fake
E:\Project\Fake News Detection\images\fake\6092.jpg,406539,1408,768,1.833333333,1.081344,JPEG,RGB,FALSE,none,,fake
E:\Project\Fake News Detection\images\fake\6096.jpg,444314,1408,768,1.833333333,1.081344,JPEG,RGB,FALSE,none,,fake
E:\Project\Fake News Detection\images\fake\6104.jpg,327923,1408,768,1.833333333,1.081344,JPEG,RGB,FALSE,none,,fake
E:\Project\Fake News Detection\images\fake\6116.jpg,679823,1408,768,1.833333333,1.081344,JPEG,RGB,FALSE,none,,fake
E:\Project\Fake News Detection\images\fake\6124.jpg,595820,1408,768,1.833333333,1.081344,JPEG,RGB,FALSE,none,,fake
E:\Project\Fake News Detection\images\fake\6126.jpg,443361,1408,768,1.833333333,1.081344,JPEG,RGB,FALSE,none,,fake
E:\Project\Fake News Detection\images\fake\6128.jpg,642573,1408,768,1.833333333,1.081344,JPEG,RGB,FALSE,none,,fake
E:\Project\Fake News Detection\images\fake\6142.jpg,545912,1408,768,1.833333333,1.081344,JPEG,RGB,FALSE,none,,fake
E:\Project\Fake News Detection\images\fake\6154.jpg,398325,1408,768,1.833333333,1.081344,JPEG,RGB,FALSE,none,,fake
E:\Project\Fake News Detection\images\fake\6158.jpg,374610,1408,768,1.833333333,1.081344,JPEG,RGB,FALSE,none,,fake
E:\Project\Fake News Detection\images\fake\6162.jpg,473014,1408,768,1.833333333,1.081344,JPEG,RGB,FALSE,none,,fake
E:\Project\Fake News Detection\images\fake\6164.jpg,442723,1408,768,1.833333333,1.081344,JPEG,RGB,FALSE,none,,fake
E:\Project\Fake News Detection\images\fake\6165.jpg,364800,1408,768,1.833333333,1.081344,JPEG,RGB,FALSE,none,,fake
E:\Project\Fake News Detection\images\fake\6173.jpg,388414,1408,768,1.833333333,1.081344,JPEG,RGB,FALSE,none,,fake
E:\Project\Fake News Detection\images\fake\6202.jpg,305784,1408,768,1.833333333,1.081344,JPEG,RGB,FALSE,none,,fake
E:\Project\Fake News Detection\images\fake\6204.jpg,374247,1408,768,1.833333333,1.081344,JPEG,RGB,FALSE,none,,fake
E:\Project\Fake News Detection\images\fake\6206.jpg,281121,1408,768,1.833333333,1.081344,JPEG,RGB,FALSE,none,,fake
E:\Project\Fake News Detection\images\fake\6217.jpg,390497,1408,768,1.833333333,1.081344,JPEG,RGB,FALSE,none,,fake
E:\Project\Fake News Detection\images\fake\622.jpg,511343,1408,768,1.833333333,1.081344,JPEG,RGB,FALSE,none,,fake
E:\Project\Fake News Detection\images\fake\6224.jpg,579709,1408,768,1.833333333,1.081344,JPEG,RGB,FALSE,none,,fake
E:\Project\Fake News Detection\images\fake\6225.jpg,399039,1408,768,1.833333333,1.081344,JPEG,RGB,FALSE,none,,fake
E:\Project\Fake News Detection\images\fake\6229.jpg,455205,1408,768,1.833333333,1.081344,JPEG,RGB,FALSE,none,,fake
E:\Project\Fake News Detection\images\fake\6230.jpg,459504,1408,768,1.833333333,1.081344,JPEG,RGB,FALSE,none,,fake
E:\Project\Fake News Detection\images\fake\6234.jpg,612226,1408,768,1.833333333,1.081344,JPEG,RGB,FALSE,none,,fake
E:\Project\Fake News Detection\images\fake\624.jpg,307406,1408,768,1.833333333,1.081344,JPEG,RGB,FALSE,none,,fake
E:\Project\Fake News Detection\images\fake\6240.jpg,498818,1408,768,1.833333333,1.081344,JPEG,RGB,FALSE,none,,fake
E:\Project\Fake News Detection\images\fake\6243.jpg,421559,1408,768,1.833333333,1.081344,JPEG,RGB,FALSE,none,,fake
E:\Project\Fake News Detection\images\fake\6246.jpg,418179,1408,768,1.833333333,1.081344,JPEG,RGB,FALSE,none,,fake
E:\Project\Fake News Detection\images\fake\6250.jpg,406003,1408,768,1.833333333,1.081344,JPEG,RGB,FALSE,none,,fake
E:\Project\Fake News Detection\images\fake\6270.jpg,488582,1408,768,1.833333333,1.081344,JPEG,RGB,FALSE,none,,fake
E:\Project\Fake News Detection\images\fake\6271.jpg,365790,1408,768,1.833333333,1.081344,JPEG,RGB,FALSE,none,,fake
E:\Project\Fake News Detection\images\fake\628.jpg,445306,1408,768,1.833333333,1.081344,JPEG,RGB,FALSE,none,,fake
E:\Project\Fake News Detection\images\fake\6287.jpg,554955,1408,768,1.833333333,1.081344,JPEG,RGB,FALSE,none,,fake
E:\Project\Fake News Detection\images\fake\6289.jpg,387121,1408,768,1.833333333,1.081344,JPEG,RGB,FALSE,none,,fake
E:\Project\Fake News Detection\images\fake\6300.jpg,378851,1408,768,1.833333333,1.081344,JPEG,RGB,FALSE,none,,fake
E:\Project\Fake News Detection\images\fake\6305.jpg,482243,1408,768,1.833333333,1.081344,JPEG,RGB,FALSE,none,,fake
E:\Project\Fake News Detection\images\fake\6318.jpg,375242,1408,768,1.833333333,1.081344,JPEG,RGB,FALSE,none,,fake
E:\Project\Fake News Detection\images\fake\6323.jpg,460433,1408,768,1.833333333,1.081344,JPEG,RGB,FALSE,none,,fake
E:\Project\Fake News Detection\images\fake\6325.jpg,394010,1408,768,1.833333333,1.081344,JPEG,RGB,FALSE,none,,fake
E:\Project\Fake News Detection\images\fake\6326.jpg,403753,1408,768,1.833333333,1.081344,JPEG,RGB,FALSE,none,,fake
E:\Project\Fake News Detection\images\fake\6332.jpg,329080,1408,768,1.833333333,1.081344,JPEG,RGB,FALSE,none,,fake
E:\Project\Fake News Detection\images\fake\6334.jpg,447942,1408,768,1.833333333,1.081344,JPEG,RGB,FALSE,none,,fake
E:\Project\Fake News Detection\images\fake\6337.jpg,420369,1408,768,1.833333333,1.081344,JPEG,RGB,FALSE,none,,fake
E:\Project\Fake News Detection\images\fake\637.jpg,446826,1408,768,1.833333333,1.081344,JPEG,RGB,FALSE,none,,fake
E:\Project\Fake News Detection\images\fake\6370.jpg,547265,1408,768,1.833333333,1.081344,JPEG,RGB,FALSE,none,,fake
E:\Project\Fake News Detection\images\fake\6397.jpg,558398,1408,768,1.833333333,1.081344,JPEG,RGB,FALSE,none,,fake
E:\Project\Fake News Detection\images\fake\640.jpg,344848,1408,768,1.833333333,1.081344,JPEG,RGB,FALSE,none,,fake
E:\Project\Fake News Detection\images\fake\6408.jpg,407478,1408,768,1.833333333,1.081344,JPEG,RGB,FALSE,none,,fake
E:\Project\Fake News Detection\images\fake\6440.jpg,518083,1408,768,1.833333333,1.081344,JPEG,RGB,FALSE,none,,fake
E:\Project\Fake News Detection\images\fake\6442.jpg,375014,1408,768,1.833333333,1.081344,JPEG,RGB,FALSE,none,,fake
E:\Project\Fake News Detection\images\fake\645.jpg,340192,1408,768,1.833333333,1.081344,JPEG,RGB,FALSE,none,,fake
E:\Project\Fake News Detection\images\fake\6461.jpg,343020,1408,768,1.833333333,1.081344,JPEG,RGB,FALSE,none,,fake
E:\Project\Fake News Detection\images\fake\6465.jpg,466965,1408,768,1.833333333,1.081344,JPEG,RGB,FALSE,none,,fake
E:\Project\Fake News Detection\images\fake\6469.jpg,403360,1408,768,1.833333333,1.081344,JPEG,RGB,FALSE,none,,fake
E:\Project\Fake News Detection\images\fake\6471.jpg,439794,1408,768,1.833333333,1.081344,JPEG,RGB,FALSE,none,,fake
E:\Project\Fake News Detection\images\fake\6479.jpg,352699,1408,768,1.833333333,1.081344,JPEG,RGB,FALSE,none,,fake
E:\Project\Fake News Detection\images\fake\6480.jpg,525249,1408,768,1.833333333,1.081344,JPEG,RGB,FALSE,none,,fake
E:\Project\Fake News Detection\images\fake\6489.jpg,447086,1408,768,1.833333333,1.081344,JPEG,RGB,FALSE,none,,fake
E:\Project\Fake News Detection\images\fake\649.jpg,405421,1408,768,1.833333333,1.081344,JPEG,RGB,FALSE,none,,fake
E:\Project\Fake News Detection\images\fake\6493.jpg,366478,1408,768,1.833333333,1.081344,JPEG,RGB,FALSE,none,,fake
E:\Project\Fake News Detection\images\fake\6496.jpg,382978,1408,768,1.833333333,1.081344,JPEG,RGB,FALSE,none,,fake
E:\Project\Fake News Detection\images\fake\6497.jpg,603933,1408,768,1.833333333,1.081344,JPEG,RGB,FALSE,none,,fake
E:\Project\Fake News Detection\images\fake\6510.jpg,394569,1408,768,1.833333333,1.081344,JPEG,RGB,FALSE,none,,fake
E:\Project\Fake News Detection\images\fake\6514.jpg,491098,1408,768,1.833333333,1.081344,JPEG,RGB,FALSE,none,,fake
E:\Project\Fake News Detection\images\fake\6516.jpg,507521,1408,768,1.833333333,1.081344,JPEG,RGB,FALSE,none,,fake
E:\Project\Fake News Detection\images\fake\6517.jpg,455375,1408,768,1.833333333,1.081344,JPEG,RGB,FALSE,none,,fake
E:\Project\Fake News Detection\images\fake\6524.jpg,582240,1408,768,1.833333333,1.081344,JPEG,RGB,FALSE,none,,fake
E:\Project\Fake News Detection\images\fake\6525.jpg,455869,1408,768,1.833333333,1.081344,JPEG,RGB,FALSE,none,,fake
E:\Project\Fake News Detection\images\fake\6527.jpg,426952,1408,768,1.833333333,1.081344,JPEG,RGB,FALSE,none,,fake
E:\Project\Fake News Detection\images\fake\6548.jpg,420909,1408,768,1.833333333,1.081344,JPEG,RGB,FALSE,none,,fake
E:\Project\Fake News Detection\images\fake\6575.jpg,436058,1408,768,1.833333333,1.081344,JPEG,RGB,FALSE,none,,fake
E:\Project\Fake News Detection\images\fake\6586.jpg,344507,1408,768,1.833333333,1.081344,JPEG,RGB,FALSE,none,,fake
E:\Project\Fake News Detection\images\fake\6600.jpg,417073,1408,768,1.833333333,1.081344,JPEG,RGB,FALSE,none,,fake
E:\Project\Fake News Detection\images\fake\6613.jpg,662068,1408,768,1.833333333,1.081344,JPEG,RGB,FALSE,none,,fake
E:\Project\Fake News Detection\images\fake\6624.jpg,443449,1408,768,1.833333333,1.081344,JPEG,RGB,FALSE,none,,fake
E:\Project\Fake News Detection\images\fake\6629.jpg,407557,1408,768,1.833333333,1.081344,JPEG,RGB,FALSE,none,,fake
E:\Project\Fake News Detection\images\fake\663.jpg,411132,1408,768,1.833333333,1.081344,JPEG,RGB,FALSE,none,,fake
E:\Project\Fake News Detection\images\fake\6639.jpg,425569,1408,768,1.833333333,1.081344,JPEG,RGB,FALSE,none,,fake
E:\Project\Fake News Detection\images\fake\6640.jpg,767569,1408,768,1.833333333,1.081344,JPEG,RGB,FALSE,none,,fake
E:\Project\Fake News Detection\images\fake\6647.jpg,406569,1408,768,1.833333333,1.081344,JPEG,RGB,FALSE,none,,fake
E:\Project\Fake News Detection\images\fake\6648.jpg,376807,1408,768,1.833333333,1.081344,JPEG,RGB,FALSE,none,,fake
E:\Project\Fake News Detection\images\fake\6649.jpg,366068,1408,768,1.833333333,1.081344,JPEG,RGB,FALSE,none,,fake
E:\Project\Fake News Detection\images\fake\665.jpg,389700,1408,768,1.833333333,1.081344,JPEG,RGB,FALSE,none,,fake
E:\Project\Fake News Detection\images\fake\6651.jpg,391134,1408,768,1.833333333,1.081344,JPEG,RGB,FALSE,none,,fake
E:\Project\Fake News Detection\images\fake\6658.jpg,498806,1408,768,1.833333333,1.081344,JPEG,RGB,FALSE,none,,fake
E:\Project\Fake News Detection\images\fake\6659.jpg,435436,1408,768,1.833333333,1.081344,JPEG,RGB,FALSE,none,,fake
E:\Project\Fake News Detection\images\fake\6663.jpg,474669,1408,768,1.833333333,1.081344,JPEG,RGB,FALSE,none,,fake
E:\Project\Fake News Detection\images\fake\6665.jpg,499782,1408,768,1.833333333,1.081344,JPEG,RGB,FALSE,none,,fake
E:\Project\Fake News Detection\images\fake\6668.jpg,597417,1408,768,1.833333333,1.081344,JPEG,RGB,FALSE,none,,fake
E:\Project\Fake News Detection\images\fake\6669.jpg,367052,1408,768,1.833333333,1.081344,JPEG,RGB,FALSE,none,,fake
E:\Project\Fake News Detection\images\fake\6671.jpg,402889,1408,768,1.833333333,1.081344,JPEG,RGB,FALSE,none,,fake
E:\Project\Fake News Detection\images\fake\6677.jpg,510323,1408,768,1.833333333,1.081344,JPEG,RGB,FALSE,none,,fake
E:\Project\Fake News Detection\images\fake\6678.jpg,419664,1408,768,1.833333333,1.081344,JPEG,RGB,FALSE,none,,fake
E:\Project\Fake News Detection\images\fake\6692.jpg,379465,1408,768,1.833333333,1.081344,JPEG,RGB,FALSE,none,,fake
E:\Project\Fake News Detection\images\fake\6696.jpg,583067,1408,768,1.833333333,1.081344,JPEG,RGB,FALSE,none,,fake
E:\Project\Fake News Detection\images\fake\6707.jpg,449663,1408,768,1.833333333,1.081344,JPEG,RGB,FALSE,none,,fake
E:\Project\Fake News Detection\images\fake\6714.jpg,476959,1408,768,1.833333333,1.081344,JPEG,RGB,FALSE,none,,fake
E:\Project\Fake News Detection\images\fake\6716.jpg,518232,1408,768,1.833333333,1.081344,JPEG,RGB,FALSE,none,,fake
E:\Project\Fake News Detection\images\fake\6728.jpg,428320,1408,768,1.833333333,1.081344,JPEG,RGB,FALSE,none,,fake
E:\Project\Fake News Detection\images\fake\6735.jpg,403463,1408,768,1.833333333,1.081344,JPEG,RGB,FALSE,none,,fake
E:\Project\Fake News Detection\images\fake\6740.jpg,336162,1408,768,1.833333333,1.081344,JPEG,RGB,FALSE,none,,fake
E:\Project\Fake News Detection\images\fake\6741.jpg,366599,1408,768,1.833333333,1.081344,JPEG,RGB,FALSE,none,,fake
E:\Project\Fake News Detection\images\fake\6745.jpg,389433,1408,768,1.833333333,1.081344,JPEG,RGB,FALSE,none,,fake
E:\Project\Fake News Detection\images\fake\6761.jpg,462502,1408,768,1.833333333,1.081344,JPEG,RGB,FALSE,none,,fake
E:\Project\Fake News Detection\images\fake\6765.jpg,346218,1408,768,1.833333333,1.081344,JPEG,RGB,FALSE,none,,fake
E:\Project\Fake News Detection\images\fake\6771.jpg,405822,1408,768,1.833333333,1.081344,JPEG,RGB,FALSE,none,,fake
E:\Project\Fake News Detection\images\fake\6773.jpg,394496,1408,768,1.833333333,1.081344,JPEG,RGB,FALSE,none,,fake
E:\Project\Fake News Detection\images\fake\6777.jpg,355672,1408,768,1.833333333,1.081344,JPEG,RGB,FALSE,none,,fake
E:\Project\Fake News Detection\images\fake\6786.jpg,460155,1408,768,1.833333333,1.081344,JPEG,RGB,FALSE,none,,fake
E:\Project\Fake News Detection\images\fake\6791.jpg,394269,1408,768,1.833333333,1.081344,JPEG,RGB,FALSE,none,,fake
E:\Project\Fake News Detection\images\fake\6796.jpg,432392,1408,768,1.833333333,1.081344,JPEG,RGB,FALSE,none,,fake
E:\Project\Fake News Detection\images\fake\6815.jpg,436189,1408,768,1.833333333,1.081344,JPEG,RGB,FALSE,none,,fake
E:\Project\Fake News Detection\images\fake\6816.jpg,502993,1408,768,1.833333333,1.081344,JPEG,RGB,FALSE,none,,fake
E:\Project\Fake News Detection\images\fake\6826.jpg,451679,1408,768,1.833333333,1.081344,JPEG,RGB,FALSE,none,,fake
E:\Project\Fake News Detection\images\fake\6830.jpg,533895,1408,768,1.833333333,1.081344,JPEG,RGB,FALSE,none,,fake
E:\Project\Fake News Detection\images\fake\6832.jpg,494506,1408,768,1.833333333,1.081344,JPEG,RGB,FALSE,none,,fake
E:\Project\Fake News Detection\images\fake\6833.jpg,602019,1408,768,1.833333333,1.081344,JPEG,RGB,FALSE,none,,fake
E:\Project\Fake News Detection\images\fake\6849.jpg,621189,1408,768,1.833333333,1.081344,JPEG,RGB,FALSE,none,,fake
E:\Project\Fake News Detection\images\fake\6864.jpg,687667,1408,768,1.833333333,1.081344,JPEG,RGB,FALSE,none,,fake
E:\Project\Fake News Detection\images\fake\6867.jpg,581562,1408,768,1.833333333,1.081344,JPEG,RGB,FALSE,none,,fake
E:\Project\Fake News Detection\images\fake\688.jpg,405844,1408,768,1.833333333,1.081344,JPEG,RGB,FALSE,none,,fake
E:\Project\Fake News Detection\images\fake\6892.jpg,474310,1408,768,1.833333333,1.081344,JPEG,RGB,FALSE,none,,fake
E:\Project\Fake News Detection\images\fake\6894.jpg,436228,1408,768,1.833333333,1.081344,JPEG,RGB,FALSE,none,,fake
E:\Project\Fake News Detection\images\fake\6895.jpg,399482,1408,768,1.833333333,1.081344,JPEG,RGB,FALSE,none,,fake
E:\Project\Fake News Detection\images\fake\6899.jpg,423732,1408,768,1.833333333,1.081344,JPEG,RGB,FALSE,none,,fake
E:\Project\Fake News Detection\images\fake\6905.jpg,521580,1408,768,1.833333333,1.081344,JPEG,RGB,FALSE,none,,fake
E:\Project\Fake News Detection\images\fake\6911.jpg,540887,1408,768,1.833333333,1.081344,JPEG,RGB,FALSE,none,,fake
E:\Project\Fake News Detection\images\fake\6916.jpg,468180,1408,768,1.833333333,1.081344,JPEG,RGB,FALSE,none,,fake
E:\Project\Fake News Detection\images\fake\692.jpg,582984,1408,768,1.833333333,1.081344,JPEG,RGB,FALSE,none,,fake
E:\Project\Fake News Detection\images\fake\6923.jpg,459115,1408,768,1.833333333,1.081344,JPEG,RGB,FALSE,none,,fake
E:\Project\Fake News Detection\images\fake\6926.jpg,412325,1408,768,1.833333333,1.081344,JPEG,RGB,FALSE,none,,fake
E:\Project\Fake News Detection\images\fake\6929.jpg,476514,1408,768,1.833333333,1.081344,JPEG,RGB,FALSE,none,,fake
E:\Project\Fake News Detection\images\fake\693.jpg,420838,1408,768,1.833333333,1.081344,JPEG,RGB,FALSE,none,,fake
E:\Project\Fake News Detection\images\fake\6949.jpg,534464,1408,768,1.833333333,1.081344,JPEG,RGB,FALSE,none,,fake
E:\Project\Fake News Detection\images\fake\6952.jpg,481496,1408,768,1.833333333,1.081344,JPEG,RGB,FALSE,none,,fake
E:\Project\Fake News Detection\images\fake\6953.jpg,413156,1408,768,1.833333333,1.081344,JPEG,RGB,FALSE,none,,fake
E:\Project\Fake News Detection\images\fake\6954.jpg,577812,1408,768,1.833333333,1.081344,JPEG,RGB,FALSE,none,,fake
E:\Project\Fake News Detection\images\fake\6964.jpg,331765,1408,768,1.833333333,1.081344,JPEG,RGB,FALSE,none,,fake
E:\Project\Fake News Detection\images\fake\6966.jpg,667488,1408,768,1.833333333,1.081344,JPEG,RGB,FALSE,none,,fake
E:\Project\Fake News Detection\images\fake\697.jpg,352229,1408,768,1.833333333,1.081344,JPEG,RGB,FALSE,none,,fake
E:\Project\Fake News Detection\images\fake\6987.jpg,572065,1408,768,1.833333333,1.081344,JPEG,RGB,FALSE,none,,fake
E:\Project\Fake News Detection\images\fake\699.jpg,601193,1408,768,1.833333333,1.081344,JPEG,RGB,FALSE,none,,fake
E:\Project\Fake News Detection\images\fake\6998.jpg,407612,1408,768,1.833333333,1.081344,JPEG,RGB,FALSE,none,,fake
E:\Project\Fake News Detection\images\fake\70.jpg,390581,1408,768,1.833333333,1.081344,JPEG,RGB,FALSE,none,,fake
E:\Project\Fake News Detection\images\fake\700.jpg,532422,1408,768,1.833333333,1.081344,JPEG,RGB,FALSE,none,,fake
E:\Project\Fake News Detection\images\fake\7000.jpg,561284,1408,768,1.833333333,1.081344,JPEG,RGB,FALSE,none,,fake
E:\Project\Fake News Detection\images\fake\7005.jpg,648383,1408,768,1.833333333,1.081344,JPEG,RGB,FALSE,none,,fake
E:\Project\Fake News Detection\images\fake\7008.jpg,509099,1408,768,1.833333333,1.081344,JPEG,RGB,FALSE,none,,fake
E:\Project\Fake News Detection\images\fake\7011.jpg,303825,1408,768,1.833333333,1.081344,JPEG,RGB,FALSE,none,,fake
E:\Project\Fake News Detection\images\fake\7015.jpg,533330,1408,768,1.833333333,1.081344,JPEG,RGB,FALSE,none,,fake
E:\Project\Fake News Detection\images\fake\7020.jpg,417755,1408,768,1.833333333,1.081344,JPEG,RGB,FALSE,none,,fake
E:\Project\Fake News Detection\images\fake\705.jpg,364298,1408,768,1.833333333,1.081344,JPEG,RGB,FALSE,none,,fake
E:\Project\Fake News Detection\images\fake\715.jpg,520563,1408,768,1.833333333,1.081344,JPEG,RGB,FALSE,none,,fake
E:\Project\Fake News Detection\images\fake\720.jpg,567396,1408,768,1.833333333,1.081344,JPEG,RGB,FALSE,none,,fake
E:\Project\Fake News Detection\images\fake\726.jpg,485727,1408,768,1.833333333,1.081344,JPEG,RGB,FALSE,none,,fake
E:\Project\Fake News Detection\images\fake\731.jpg,342319,1408,768,1.833333333,1.081344,JPEG,RGB,FALSE,none,,fake
E:\Project\Fake News Detection\images\fake\736.jpg,485432,1408,768,1.833333333,1.081344,JPEG,RGB,FALSE,none,,fake
E:\Project\Fake News Detection\images\fake\741.jpg,443427,1408,768,1.833333333,1.081344,JPEG,RGB,FALSE,none,,fake
E:\Project\Fake News Detection\images\fake\748.jpg,360806,1408,768,1.833333333,1.081344,JPEG,RGB,FALSE,none,,fake
E:\Project\Fake News Detection\images\fake\75.jpg,638224,1408,768,1.833333333,1.081344,JPEG,RGB,FALSE,none,,fake
E:\Project\Fake News Detection\images\fake\753.jpg,459561,1408,768,1.833333333,1.081344,JPEG,RGB,FALSE,none,,fake
E:\Project\Fake News Detection\images\fake\755.jpg,490422,1408,768,1.833333333,1.081344,JPEG,RGB,FALSE,none,,fake
E:\Project\Fake News Detection\images\fake\758.jpg,457137,1408,768,1.833333333,1.081344,JPEG,RGB,FALSE,none,,fake
E:\Project\Fake News Detection\images\fake\769.jpg,578637,1408,768,1.833333333,1.081344,JPEG,RGB,FALSE,none,,fake
E:\Project\Fake News Detection\images\fake\77.jpg,332130,1408,768,1.833333333,1.081344,JPEG,RGB,FALSE,none,,fake
E:\Project\Fake News Detection\images\fake\770.jpg,580321,1408,768,1.833333333,1.081344,JPEG,RGB,FALSE,none,,fake
E:\Project\Fake News Detection\images\fake\771.jpg,333268,1408,768,1.833333333,1.081344,JPEG,RGB,FALSE,none,,fake
E:\Project\Fake News Detection\images\fake\777.jpg,520384,1408,768,1.833333333,1.081344,JPEG,RGB,FALSE,none,,fake
E:\Project\Fake News Detection\images\fake\785.jpg,550603,1408,768,1.833333333,1.081344,JPEG,RGB,FALSE,none,,fake
E:\Project\Fake News Detection\images\fake\788.jpg,578691,1408,768,1.833333333,1.081344,JPEG,RGB,FALSE,none,,fake
E:\Project\Fake News Detection\images\fake\790.jpg,532010,1408,768,1.833333333,1.081344,JPEG,RGB,FALSE,none,,fake
E:\Project\Fake News Detection\images\fake\796.jpg,359397,1408,768,1.833333333,1.081344,JPEG,RGB,FALSE,none,,fake
E:\Project\Fake News Detection\images\fake\8.jpg,340477,1408,768,1.833333333,1.081344,JPEG,RGB,FALSE,none,,fake
E:\Project\Fake News Detection\images\fake\803.jpg,601258,1408,768,1.833333333,1.081344,JPEG,RGB,FALSE,none,,fake
E:\Project\Fake News Detection\images\fake\805.jpg,436396,1408,768,1.833333333,1.081344,JPEG,RGB,FALSE,none,,fake
E:\Project\Fake News Detection\images\fake\81.jpg,318426,1408,768,1.833333333,1.081344,JPEG,RGB,FALSE,none,,fake
E:\Project\Fake News Detection\images\fake\812.jpg,460219,1408,768,1.833333333,1.081344,JPEG,RGB,FALSE,none,,fake
E:\Project\Fake News Detection\images\fake\819.jpg,442121,1408,768,1.833333333,1.081344,JPEG,RGB,FALSE,none,,fake
E:\Project\Fake News Detection\images\fake\82.jpg,411040,1408,768,1.833333333,1.081344,JPEG,RGB,FALSE,none,,fake
E:\Project\Fake News Detection\images\fake\835.jpg,405088,1408,768,1.833333333,1.081344,JPEG,RGB,FALSE,none,,fake
E:\Project\Fake News Detection\images\fake\837.jpg,377119,1408,768,1.833333333,1.081344,JPEG,RGB,FALSE,none,,fake
E:\Project\Fake News Detection\images\fake\844.jpg,363099,1408,768,1.833333333,1.081344,JPEG,RGB,FALSE,none,,fake
E:\Project\Fake News Detection\images\fake\847.jpg,469562,1408,768,1.833333333,1.081344,JPEG,RGB,FALSE,none,,fake
E:\Project\Fake News Detection\images\fake\852.jpg,409012,1408,768,1.833333333,1.081344,JPEG,RGB,FALSE,none,,fake
E:\Project\Fake News Detection\images\fake\856.jpg,456440,1408,768,1.833333333,1.081344,JPEG,RGB,FALSE,none,,fake
E:\Project\Fake News Detection\images\fake\859.jpg,426452,1408,768,1.833333333,1.081344,JPEG,RGB,FALSE,none,,fake
E:\Project\Fake News Detection\images\fake\864.jpg,644776,1408,768,1.833333333,1.081344,JPEG,RGB,FALSE,none,,fake
E:\Project\Fake News Detection\images\fake\865.jpg,638607,1408,768,1.833333333,1.081344,JPEG,RGB,FALSE,none,,fake
E:\Project\Fake News Detection\images\fake\87.jpg,639650,1408,768,1.833333333,1.081344,JPEG,RGB,FALSE,none,,fake
E:\Project\Fake News Detection\images\fake\870.jpg,409456,1408,768,1.833333333,1.081344,JPEG,RGB,FALSE,none,,fake
E:\Project\Fake News Detection\images\fake\875.jpg,488548,1408,768,1.833333333,1.081344,JPEG,RGB,FALSE,none,,fake
E:\Project\Fake News Detection\images\fake\88.jpg,633963,1408,768,1.833333333,1.081344,JPEG,RGB,FALSE,none,,fake
E:\Project\Fake News Detection\images\fake\882.jpg,404114,1408,768,1.833333333,1.081344,JPEG,RGB,FALSE,none,,fake
E:\Project\Fake News Detection\images\fake\885.jpg,346130,1408,768,1.833333333,1.081344,JPEG,RGB,FALSE,none,,fake
E:\Project\Fake News Detection\images\fake\895.jpg,515548,1408,768,1.833333333,1.081344,JPEG,RGB,FALSE,none,,fake
E:\Project\Fake News Detection\images\fake\90.jpg,557784,1408,768,1.833333333,1.081344,JPEG,RGB,FALSE,none,,fake
E:\Project\Fake News Detection\images\fake\907.jpg,429249,1408,768,1.833333333,1.081344,JPEG,RGB,FALSE,none,,fake
E:\Project\Fake News Detection\images\fake\908.jpg,779289,1408,768,1.833333333,1.081344,JPEG,RGB,FALSE,none,,fake
E:\Project\Fake News Detection\images\fake\921.jpg,655680,1408,768,1.833333333,1.081344,JPEG,RGB,FALSE,none,,fake
E:\Project\Fake News Detection\images\fake\925.jpg,593867,1408,768,1.833333333,1.081344,JPEG,RGB,FALSE,none,,fake
E:\Project\Fake News Detection\images\fake\928.jpg,614373,1408,768,1.833333333,1.081344,JPEG,RGB,FALSE,none,,fake
E:\Project\Fake News Detection\images\fake\931.jpg,363270,1408,768,1.833333333,1.081344,JPEG,RGB,FALSE,none,,fake
E:\Project\Fake News Detection\images\fake\933.jpg,309778,1408,768,1.833333333,1.081344,JPEG,RGB,FALSE,none,,fake
E:\Project\Fake News Detection\images\fake\954.jpg,432142,1408,768,1.833333333,1.081344,JPEG,RGB,FALSE,none,,fake
E:\Project\Fake News Detection\images\fake\957.jpg,584033,1408,768,1.833333333,1.081344,JPEG,RGB,FALSE,none,,fake
E:\Project\Fake News Detection\images\fake\96.jpg,393120,1408,768,1.833333333,1.081344,JPEG,RGB,FALSE,none,,fake
E:\Project\Fake News Detection\images\fake\975.jpg,425011,1408,768,1.833333333,1.081344,JPEG,RGB,FALSE,none,,fake
E:\Project\Fake News Detection\images\fake\977.jpg,482393,1408,768,1.833333333,1.081344,JPEG,RGB,FALSE,none,,fake
E:\Project\Fake News Detection\images\fake\984.jpg,353137,1408,768,1.833333333,1.081344,JPEG,RGB,FALSE,none,,fake
E:\Project\Fake News Detection\images\fake\985.jpg,382788,1408,768,1.833333333,1.081344,JPEG,RGB,FALSE,none,,fake
E:\Project\Fake News Detection\images\fake\990.jpg,427685,1408,768,1.833333333,1.081344,JPEG,RGB,FALSE,none,,fake
