image_path,label,ocr_text,caption,ocr_length,caption_length,similarity_score,error
E:\Project\Fake News Detection\images\real\1004.jpeg,real,,a pool with a patio and a house in the background,0,49,,
E:\Project\Fake News Detection\images\real\1005.jpg,real,,a cup of tea with cinnamon sticks and a bowl of cinnamon,0,56,,
E:\Project\Fake News Detection\images\real\1011.jpg,real,,a living room with red couches and a red rug,0,44,,
E:\Project\Fake News Detection\images\real\1018.jpg,real,,a woman sitting at a table with her head in her hands,0,53,,
E:\Project\Fake News Detection\images\real\1021.jpg,real,,a cell tower with several antennas on top,0,41,,
E:\Project\Fake News Detection\images\real\1023.jpg,real,IHE,three men in white shirts posing for the camera,3,47,0.092839636,
E:\Project\Fake News Detection\images\real\1028.jpg,real,,two girls using their cell phones,0,33,,
E:\Project\Fake News Detection\images\real\1048.png,real,,a bowl of white rice with a small sp of parise,0,46,,
E:\Project\Fake News Detection\images\real\1051.png,real,,a man with a towel on his head,0,30,,
E:\Project\Fake News Detection\images\real\1059.png,real,,a man drinking water from a bottle in the sun,0,45,,
E:\Project\Fake News Detection\images\real\1060.png,real,OpenAl deepseel<,a laptop with the open logo on it,16,33,0.194721848,
E:\Project\Fake News Detection\images\real\1061.png,real,,a woman in a red sari sari sari sari sari sari sari sari sari sari sari sar,0,75,,
E:\Project\Fake News Detection\images\real\1086.jpg,real,,a woman in a purple dress posing for a picture,0,46,,
E:\Project\Fake News Detection\images\real\1091.jpg,real,,a group of men standing in front of a whiteboard,0,48,,
E:\Project\Fake News Detection\images\real\1099.jpg,real,জণ্য ৩ ঢূ,a classroom with a logo of the school,9,37,0.070526376,
E:\Project\Fake News Detection\images\real\1119.jpg,real,,"a woman wades through a flooded street in dhaka, bangladesh, on sunday",0,70,,
E:\Project\Fake News Detection\images\real\1126.jpg,real,,a man in a suit sitting on a boat,0,33,,
E:\Project\Fake News Detection\images\real\1128.jpg,real,,whatsawhate whatsawhate whatsawhate whatsawhate whatsawhate whatsawhate whatsawhate whatsawhate,0,95,,
E:\Project\Fake News Detection\images\real\1129.jpg,real,,ran kun and ran kun are all smiles for the camera,0,49,,
E:\Project\Fake News Detection\images\real\1132.jpg,real,,a man eating a hamburger,0,24,,
E:\Project\Fake News Detection\images\real\1133.jpg,real,ঢাকা,the logo of bangladesh ' s national bank,4,40,0.185711861,
E:\Project\Fake News Detection\images\real\1135.jpg,real,,a man in a turbal singing into a microphone,0,43,,
E:\Project\Fake News Detection\images\real\1136.jpg,real,,a group of people sitting on a couch,0,36,,
E:\Project\Fake News Detection\images\real\115.jpg,real,কর্মরত প্রিন্ট ও ইলেকট নুূরুল করিম ভঁইয়া কার্যালয় গাজীপূর গাজীপরে,the panel discussion on the upcoming project,66,44,0.227106139,
E:\Project\Fake News Detection\images\real\1157.jpg,real,"GO g 999, 999,",gold bars and coins,14,19,0.168415755,
E:\Project\Fake News Detection\images\real\1183.jpg,real,,a large ship in the ocean,0,25,,
E:\Project\Fake News Detection\images\real\1193.jpg,real,,the press conference for the upcoming election,0,46,,
E:\Project\Fake News Detection\images\real\1194.jpg,real,,a man wearing sunglasses sitting at a table,0,43,,
E:\Project\Fake News Detection\images\real\1199.jpg,real,,a man in a white suit and a white hat is speaking into a microphone,0,67,,
E:\Project\Fake News Detection\images\real\1201.jpg,real,,a man standing in front of a window,0,35,,
E:\Project\Fake News Detection\images\real\1203.jpg,real,মিচিত বিমকোভ,a group of people holding a banner in the street,12,48,0.035804786,
E:\Project\Fake News Detection\images\real\1204.jpg,real,,a woman in a red shirt and glasses,0,34,,
E:\Project\Fake News Detection\images\real\1209.jpg,real,VI EORLE,"the prime of pakistan, sheikh sheikh sheikh sheikh sheikh sheikh sheikh sheikh sheikh sheikh sheikh sheikh sheikh sheikh sheikh sheikh",8,134,-0.069333024,
E:\Project\Fake News Detection\images\real\1214.jpg,real,,"the prime of pakistan, sheikh sheikh sheikh sheikh sheikh sheikh sheikh sheikh sheikh sheikh sheikh sheikh sheikh sheikh sheikh sheikh",0,134,,
E:\Project\Fake News Detection\images\real\1221.jpg,real,আরব ৫ূ ; UNIVERSIT ARABIC,the logo of the islamic university,25,34,0.505284548,
E:\Project\Fake News Detection\images\real\1227.jpg,real,,a man in a suit and tie speaking into microphones,0,49,,
E:\Project\Fake News Detection\images\real\1237.jpg,real,: 8 8,the minister and his wife speak to media on the occasion,5,56,0.023819841,
E:\Project\Fake News Detection\images\real\1239.jpg,real,_ ?,a pile of money,3,15,0.119875655,
E:\Project\Fake News Detection\images\real\1259.jpg,real,,a man in black shirt speaking into microphones,0,46,,
E:\Project\Fake News Detection\images\real\1264.jpg,real,,anuran reddy reddy reddy reddy reddy reddy reddy reddy reddy reddy reddy reddy reddy reddy reddy reddy reddy reddy,0,114,,
E:\Project\Fake News Detection\images\real\1285.jpg,real,,gold prices rise in india,0,25,,
E:\Project\Fake News Detection\images\real\129.jpg,real,,a man standing in front of a large pile of oil bottles,0,54,,
E:\Project\Fake News Detection\images\real\1293.jpg,real,,the monument in the park,0,24,,
E:\Project\Fake News Detection\images\real\13.jpg,real,,a man in a suit sitting at a desk,0,33,,
E:\Project\Fake News Detection\images\real\1301.jpg,real,,the imam of the imam mosque is surrounded by his followers,0,58,,
E:\Project\Fake News Detection\images\real\1311.jpg,real,২০,the germany team poses for a group photo,2,40,0.096125454,
E:\Project\Fake News Detection\images\real\1312.jpg,real,,a woman with long hair and a black dress,0,40,,
E:\Project\Fake News Detection\images\real\1321.jpg,real,,a person is putting a gold necklace on a mann,0,45,,
E:\Project\Fake News Detection\images\real\1327.jpg,real,ন পাঠ্যপুস্ত ;ুঁ ঢাকা বাংলা^ে,the logo of the bangladesh food bank,29,36,0.272735059,
E:\Project\Fake News Detection\images\real\134.jpg,real,,a woman in a red and gold outfit,0,32,,
E:\Project\Fake News Detection\images\real\1343.jpg,real,,a classroom in the school where students are studying,0,53,,
E:\Project\Fake News Detection\images\real\1347.jpg,real,,gold jewellery in india,0,23,,
E:\Project\Fake News Detection\images\real\1349.jpg,real,,a man in a blue shirt standing in front of a crowd,0,50,,
E:\Project\Fake News Detection\images\real\1350.jpg,real,,people are gathered outside a house in the city of ahmedabad,0,60,,
E:\Project\Fake News Detection\images\real\1352.jpg,real,,a man sitting at a desk in an office,0,36,,
E:\Project\Fake News Detection\images\real\1372.jpg,real,"১ দিনবপী পড়ো তোমর প্রভুর নামে, যিনি তোমাকে (জলা কর্মপরিষদ সদস্য বাংলাদেশ সৃষ্টি করেছেন শিক্ু ফরিদপুর অঞ্চল নিষাব",a man in white clothes speaking into microphones,113,48,-0.01335365,
E:\Project\Fake News Detection\images\real\1375.jpg,real,যেট্রো পলিটন শান্তি বলিয়ান,the logo of the myanmar army,26,28,0.180187896,
E:\Project\Fake News Detection\images\real\1381.jpg,real,,gold prices in india,0,20,,
E:\Project\Fake News Detection\images\real\1387.jpg,real,বাইকারদের ক? কারদের ন্যায্য নীতিমালা য্য নীতিমালা নিশ্চিত বাইক থামলে মানুষ শুধু থামে থেমে যায় গতি কাজের কমে যায় কর্মঘণ্টা কথাশুনুন;,people holding signs in protest,133,31,0.040855676,
E:\Project\Fake News Detection\images\real\139.jpg,real,৬,a woman with a rash on her back,1,31,0.055951916,
E:\Project\Fake News Detection\images\real\1402.jpg,real,,a building with a fire in the middle of it,0,42,,
E:\Project\Fake News Detection\images\real\1404.jpg,real,১০১,a man holding a green flag in his hands,3,39,0.003867779,
E:\Project\Fake News Detection\images\real\1408.jpg,real,,a large ship is in the water near a rocky shore,0,47,,
E:\Project\Fake News Detection\images\real\1415.jpg,real,,a flag flying in the wind in front of a tall building,0,53,,
E:\Project\Fake News Detection\images\real\1434.jpg,real,,two men sitting at a table with microphones,0,43,,
E:\Project\Fake News Detection\images\real\1437.jpg,real,জাতীয় অর্থনৈতিক পরিষদ (এনইসি) সভা,the meeting room is full of people and a large screen,34,53,0.062122568,
E:\Project\Fake News Detection\images\real\1445.jpg,real,,chinese president xi xi waves to the crowd as he arrives at the opening ceremony for the 70th anniversary of the,0,112,,
E:\Project\Fake News Detection\images\real\1448.jpg,real,,a man in a suit and tie is walking,0,34,,
E:\Project\Fake News Detection\images\real\1456.jpg,real,,a sign that says happy new year,0,31,,
E:\Project\Fake News Detection\images\real\1459.jpg,real,,bjp candidate raj singh addresses to supporters in lucknow,0,58,,
E:\Project\Fake News Detection\images\real\1471.jpg,real,৪৯ জাতীয় ২০২৬,a young girl in a blue shirt points at the camera,14,49,0.066693865,
E:\Project\Fake News Detection\images\real\1472.jpg,real,,a close up of the head coach of the seattle seahawks,0,52,,
E:\Project\Fake News Detection\images\real\1475.jpg,real,,a man in uniform is standing on the deck of a boat,0,50,,
E:\Project\Fake News Detection\images\real\1478.jpg,real,,a group of people standing next to a red suitcase,0,49,,
E:\Project\Fake News Detection\images\real\148.jpeg,real,"জ্বালানি সাশ্রয়ী যোঢরথান ব্যবহার , বৈদেশিক মুদ্রা সাশ্রয় ও রাজস্ব আহরণ বৃদ্ধির লক্ষ্যে ২০২৬-২০২৭ অর্ধবছরের জাতীয় বাজেটে যৌক্তিক শুল্ক-কর নির্ধারণ যথাযথ আমদানি নীতিমালার দাবিতে সংবাদ সম্মেলন [ংলাদেশ সাসিয়েশন (বারভিডা)",the meeting was held in the village of bhaki,217,44,0.046510473,
E:\Project\Fake News Detection\images\real\1485.jpg,real,,a group of people standing around a man holding a mega mega mega mega mega mega mega mega mega mega mega,0,104,,
E:\Project\Fake News Detection\images\real\1488.jpg,real,,the logo of the bangladesh bank,0,31,,
E:\Project\Fake News Detection\images\real\149.jpg,real,সাধারণ সভা ও পুনর্মিলনী-২০২৬ (ঙ সারস Suulid Audiu,the dignitariess of the national assembly committee at the inauguration ceremony,49,80,0.10840565,
E:\Project\Fake News Detection\images\real\1493.jpg,real,,a man stands in front of a burning car,0,38,,
E:\Project\Fake News Detection\images\real\1495.jpg,real,,two children sitting on the ground in front of a building,0,57,,
E:\Project\Fake News Detection\images\real\1498.jpg,real,,a group of people holding up a sign,0,35,,
E:\Project\Fake News Detection\images\real\1514.jpg,real,11 9 19,wales ' s jamie hensford celebrates his goal against ireland,7,60,0.103939921,
E:\Project\Fake News Detection\images\real\1516.jpg,real,আটোমেটেডভূমি বাবস্বাপলা: তনতামূলক সভা ইমলাম হার; উপঙে,a man signing a document at a table,53,35,0.068456851,
E:\Project\Fake News Detection\images\real\1521.jpg,real,রেলওয়ে জেলা পরিত্যাও,a man standing next to a pile of bread,20,38,0.041177869,
E:\Project\Fake News Detection\images\real\1536.jpg,real,,two men in pink shirts and blue shirts,0,38,,
E:\Project\Fake News Detection\images\real\1556.jpg,real,,the city of beirut at night,0,27,,
E:\Project\Fake News Detection\images\real\1566.jpg,real,"""Brutan India Bangladesh epal",bjp leader ram ram ram ram ram ram ram ram ram ram ram ram ram ram ram ram ram ram ram,29,86,0.381970167,
E:\Project\Fake News Detection\images\real\1569.jpg,real,জরুরা বিভাপগ mergency,a group of men standing in front of a building,21,46,-0.009467155,
E:\Project\Fake News Detection\images\real\1578.jpg,real,,the ipl trophy is displayed on the field,0,40,,
E:\Project\Fake News Detection\images\real\1585.jpg,real,,a young boy stands in front of a house,0,38,,
E:\Project\Fake News Detection\images\real\1586.jpg,real,,a man with a beard and a white shirt,0,36,,
E:\Project\Fake News Detection\images\real\160.jpg,real,6` অধিদপ্তর স্র,a child with acis on her back,15,29,0.017170813,
E:\Project\Fake News Detection\images\real\1604.jpg,real,,"the minister of the state of telangana, mr narayan narayannath",0,62,,
E:\Project\Fake News Detection\images\real\1608.jpg,real,,people are walking down the street in a crowded area,0,52,,
E:\Project\Fake News Detection\images\real\1620.jpg,real,রঠি রবি h-Bangla রবি রবি রঙি Next PAK,the pakistan cricket team with their trophy,37,43,0.235600725,
E:\Project\Fake News Detection\images\real\1622.jpg,real,,two men shaking hands in front of flags,0,39,,
E:\Project\Fake News Detection\images\real\1628.jpg,real,,a man and woman standing on a balcony,0,37,,
E:\Project\Fake News Detection\images\real\1632.jpg,real,,a man in a white shirt and black vest sitting on a bed,0,54,,
E:\Project\Fake News Detection\images\real\1634.jpg,real,,a man in a blue shirt and hat,0,29,,
E:\Project\Fake News Detection\images\real\1640.jpg,real,অধিদপ্তর চ স্র V,a baby in a hospital with the logo of the bangladesh health organization,16,72,0.190798551,
E:\Project\Fake News Detection\images\real\1642.jpg,real,[@) ববি,bangladesh cricket team captain ravian singh addresses to media after the match,7,79,0.253430367,
E:\Project\Fake News Detection\images\real\1666.jpg,real,RANA 45 PEPS রবি $1,pakistan ' s players celebrate after the dismissal,19,50,0.034355201,
E:\Project\Fake News Detection\images\real\167.jpg,real,,oil prices fall as us oil prices fall,0,37,,
E:\Project\Fake News Detection\images\real\1678.jpg,real,নয় জনাব রেঙওয়ানুর,a man standing at a podium with a microphone,17,44,0.088598363,
E:\Project\Fake News Detection\images\real\1679.jpg,real,,video of the meeting of the imam sheikh sheikh sheikh sheikh sheikh sheikh sheikh sheikh sheikh sheikh sheikh sheikh sheikh sheikh,0,130,,
E:\Project\Fake News Detection\images\real\168.jpeg,real,,a woman sitting at a desk with her head in her hands,0,52,,
E:\Project\Fake News Detection\images\real\1688.jpg,real,,police officers check the drugs seized by the police,0,52,,
E:\Project\Fake News Detection\images\real\169.jpg,real,,a woman in a green dress and a man in a black jacket,0,52,,
E:\Project\Fake News Detection\images\real\1693.jpg,real,0{,a group of people standing around a table,2,41,0.03578594,
E:\Project\Fake News Detection\images\real\1697.jpg,real,,people are standing outside of a building at night,0,50,,
E:\Project\Fake News Detection\images\real\1701.jpg,real,সড়ক দুর্ঘটনা,a yellow triangle sign with a black and red triangle on it,12,58,0.206800357,
E:\Project\Fake News Detection\images\real\1706.jpg,real,,a man sitting in a chair with a laptop,0,38,,
E:\Project\Fake News Detection\images\real\1715.jpg,real,,a gaven on a wooden table with a book and a gaven on the table,0,62,,
E:\Project\Fake News Detection\images\real\1727.jpg,real,,a woman in a white dress standing in front of a refrigerator,0,60,,
E:\Project\Fake News Detection\images\real\173.jpg,real,,a fire is seen in the middle of a street,0,40,,
E:\Project\Fake News Detection\images\real\1731.jpg,real,,a woman wearing a gold necklace and earrings,0,44,,
E:\Project\Fake News Detection\images\real\1745.jpg,real,,a white building with a flag on top,0,35,,
E:\Project\Fake News Detection\images\real\1749.jpg,real,স্থপবন্দর থামুন,a man riding a bike past a building,15,35,0.018880084,
E:\Project\Fake News Detection\images\real\1767.jpg,real,,a woman with her face covered in smoke,0,38,,
E:\Project\Fake News Detection\images\real\1787.jpg,real,,a family eating together,0,24,,
E:\Project\Fake News Detection\images\real\180.jpg,real,সংবাদ তারিখ: ০৬ ব্লোত্র: বুধবার বাংলাদেশ জাতীয় সশোর জেলা শাখা ম্মেল,a man speaking at a press conference,68,36,0.080052443,
E:\Project\Fake News Detection\images\real\1800.jpg,real,SHAJCO] PRESRTES Sঝle POND' naturale Deals worth falling for: 03| UP 7/3% NCURECI,a white pedestal with a pink background and a pink background with a white pedestal with a pink background and a,81,112,0.091707394,
E:\Project\Fake News Detection\images\real\1806.jpg,real,,a col of different desserts and desserts,0,40,,
E:\Project\Fake News Detection\images\real\1807.jpg,real,,a plate of fried meatballs with a side of salad,0,47,,
E:\Project\Fake News Detection\images\real\1810.jpg,real,,"the new range includes a range of new models, including the range range range range range range range range range range range range range range range range range range range range range range range range range range range range",0,227,,
E:\Project\Fake News Detection\images\real\1817.jpg,real,,the iphone 11 is a smartphone that can be used for a variety of applications,0,76,,
E:\Project\Fake News Detection\images\real\1818.jpg,real,Memorohdulmof Understanding (MoU) Between Trodomarks (Pbr) BGMCR University of Foshion & Technology torthe Estoblishmentora Technologyond innovation support Centre (risc),two men sitting at a table with a laptop,170,40,0.09102454,
E:\Project\Fake News Detection\images\real\1824.jpg,real,,a group of people standing in front of a whiteboard,0,51,,
E:\Project\Fake News Detection\images\real\1825.jpg,real,50M $ Nigjlh৫ Camnere,the new smartphone is being displayed at the launch,21,51,0.062209025,
E:\Project\Fake News Detection\images\real\1829.jpg,real,3৬!>,a group of people standing in front of a building,4,49,0.051901568,
E:\Project\Fake News Detection\images\real\1841.jpg,real,GIGABYTE AMAILABLE NUW AMDE,the asus gaming pc with the logo on it,27,38,0.354968011,
E:\Project\Fake News Detection\images\real\1848.jpg,real,UCURITIUN EERENONY,the ribbon cutting ceremony,18,27,0.10064099,
E:\Project\Fake News Detection\images\real\1850.jpg,real,00 00 00100 00 0০,a tree with the words love lite on it,17,37,-0.002189025,
E:\Project\Fake News Detection\images\real\1853.jpg,real,,the chinese dance team performing a routine,0,43,,
E:\Project\Fake News Detection\images\real\1857.jpg,real,realme Raphinha realme Brand Ambassador,a man with a mohawk and a blue jacket,39,37,0.089547917,
E:\Project\Fake News Detection\images\real\1859.jpg,real,Launching the all new Samsung chest Freezer Solnnsung Chesrisenger Somsung Lounching hestrteczer Power Freeze,a group of people standing around a large sign,109,46,-0.069942757,
E:\Project\Fake News Detection\images\real\1861.jpg,real,,the dignitariess of the national security service association and the national security service association at the inauguration ceremony,0,136,,
E:\Project\Fake News Detection\images\real\1872.jpg,real,,the parliament chamber in new delhi,0,35,,
E:\Project\Fake News Detection\images\real\1907.jpg,real,,a woman is sleeping on her desk with her laptop,0,47,,
E:\Project\Fake News Detection\images\real\1925.jpg,real,Dhaka Chamberor commerce &lndustry(occi),a group of people sitting at a table,40,36,0.033733569,
E:\Project\Fake News Detection\images\real\1930.jpg,real,,people walking on a dusty street in delhi,0,41,,
E:\Project\Fake News Detection\images\real\1933.jpg,real,,a person holding a cell phone with a bunch of social icons,0,58,,
E:\Project\Fake News Detection\images\real\1959.jpg,real,ধংলাদেশ,the logo of the bangladesh bank,7,31,0.235335827,
E:\Project\Fake News Detection\images\real\1965.jpg,real,,a woman wearing a scarf and a scorpion,0,38,,
E:\Project\Fake News Detection\images\real\1979.jpg,real,,a man with dread dread dread dread dread dread dread dread dread dread dread dread dread dread dread dread dread dread,0,118,,
E:\Project\Fake News Detection\images\real\1986.jpg,real,শপলা সদহত] ঝমনান গড়,a man standing at a podium with balloons on the wall,20,52,0.071471818,
E:\Project\Fake News Detection\images\real\1988.jpg,real,শপথে চু মেট্রো পলিটন শান্তি বলিয়ান,the bangladesh air force logo,34,29,0.223233134,
E:\Project\Fake News Detection\images\real\1989.jpg,real,,a woman is shown with a bowl of chia seeds,0,42,,
E:\Project\Fake News Detection\images\real\1990.jpg,real,,a group of men sitting around a table,0,37,,
E:\Project\Fake News Detection\images\real\2001.jpg,real,,the logo for the company,0,24,,
E:\Project\Fake News Detection\images\real\2014.jpg,real,GIGABYTE reddot winner 2026,gig gig gig gig gig gig gig gig gig gig gig gig gig gig gig gig gig gig gig gig gig,27,83,0.450770885,
E:\Project\Fake News Detection\images\real\2023.jpg,real,"প্রত্যাগত বাংলাদেশী কল্যাণ সমিত ১০১০৪ স্থান ৪ জহর হোসেন চৌধুরী হল (২য় তলা) জাতীয় প্রেস ক্লাব, ঢাকা-১০০০ ইরাক-কুয়েত",the meeting held in the city of lucknow,117,39,0.293000013,
E:\Project\Fake News Detection\images\real\2025.jpg,real,Show,a man with glasses and a mustache,4,33,0.065023102,
E:\Project\Fake News Detection\images\real\203.jpg,real,World Health,a sign that says world health organization,12,42,0.671031475,
E:\Project\Fake News Detection\images\real\2031.jpg,real,,"anura and her husband, who is also a father",0,43,,
E:\Project\Fake News Detection\images\real\2034.jpg,real,,a man standing at a podium with a crowd behind him,0,50,,
E:\Project\Fake News Detection\images\real\2043.jpg,real,,a couple sitting on a couch in a courtyard,0,42,,
E:\Project\Fake News Detection\images\real\2047.jpg,real,,a group of men standing on a sidewalk,0,37,,
E:\Project\Fake News Detection\images\real\2053.jpg,real,,a man in a white shirt and tie,0,30,,
E:\Project\Fake News Detection\images\real\206.jpg,real,,guru nana,0,9,,
E:\Project\Fake News Detection\images\real\2067.jpg,real,তাদেরকে সংসঠের অধানে সংঘবদ ক্রা আমি অবশ্যই্ ভয় বিপদ এতং আয় কমমিয়ে দিয়ে তাদেরকে সুখবর দৎ সরা নাকায়া: ১৫৫],a man standing next to a sign that says ' india ',105,49,0.113603845,
E:\Project\Fake News Detection\images\real\2098.jpg,real,প্রতিবাদে ছ,the pakistan - pakistan peace rally in islamabad,11,48,0.144677505,
E:\Project\Fake News Detection\images\real\210.jpeg,real,Re- thinkiing Unmet Healthcare Needs and Dynamics of out-of-Pocket (OOP) Expenditurerin Bangladesh Protessor Ur Rnshed Al Mahmud Titumui Speaker,the meeting room of the punjab board of trusteess,144,49,0.132306904,
E:\Project\Fake News Detection\images\real\2106.jpeg,real,,a woman in a red dress standing against a wall,0,46,,
E:\Project\Fake News Detection\images\real\2110.jpg,real,,a group of people are gathered around a red carpet,0,50,,
E:\Project\Fake News Detection\images\real\2118.jpg,real,,a man in a suit and tie with a poppy on his lap,0,47,,
E:\Project\Fake News Detection\images\real\2140.jpg,real,মাও বলাহ মিয়াজী; ডাং ক্ল্যধিক ইরান | সলাঘ রাজশহী,prime person person addresses during a rally in new delhi on sunday pti photo,48,77,0.103276819,
E:\Project\Fake News Detection\images\real\2147.jpg,real,SAINA SANA SAFINAZ,a group of people standing in front of a store,18,46,0.03911268,
E:\Project\Fake News Detection\images\real\2149.jpg,real,,a woman in a dress standing in front of a tree,0,46,,
E:\Project\Fake News Detection\images\real\215.jpg,real,,a group of people sitting in chairs in a room,0,45,,
E:\Project\Fake News Detection\images\real\2161.jpg,real,শশেকানদের ওপরে হামল প্রতিব ২স,a man speaking at a press conference,29,36,0.062851712,
E:\Project\Fake News Detection\images\real\2163.jpg,real,,a woman in a black and white photo,0,34,,
E:\Project\Fake News Detection\images\real\2166.jpg,real,,the cast of the show celebrates with coning coning coning coning coning coning coning coning coning coning con,0,110,,
E:\Project\Fake News Detection\images\real\2175.jpg,real,,a man with a beard and sunglasses,0,33,,
E:\Project\Fake News Detection\images\real\2178.jpg,real,,the logo for the rock band,0,26,,
E:\Project\Fake News Detection\images\real\218.jpg,real,আলোচনা সভা ও দোয়া অনুষ্ঠান,a group of people sitting at a table,27,36,0.104123242,
E:\Project\Fake News Detection\images\real\219.jpeg,real,Roundliblebiscueson,a group of people sitting at a table,19,36,0.061798617,
E:\Project\Fake News Detection\images\real\2190.jpg,real,,the man is being carried on the bus by his friends,0,50,,
E:\Project\Fake News Detection\images\real\2197.jpg,real,,video no more than thandul thandul thandul thandul thandul thandul thandul thandul thandul thandul thandul thandul,0,114,,
E:\Project\Fake News Detection\images\real\2200.jpg,real,,the new era drive at the auto show,0,34,,
E:\Project\Fake News Detection\images\real\2202.jpg,real,৬A ৬A ৬A ৬A ১১১২৩৪,a lot of cars,18,13,0.073589444,
E:\Project\Fake News Detection\images\real\2212.jpg,real,KNOWLEDGEGORRIDOR BDUCATIONEXPO,a group of people sitting around a table,31,40,-0.046465401,
E:\Project\Fake News Detection\images\real\2215.jpg,real,2লকিলঁ 72 4 এর এরদোগান এগিয়ে যক্তির ইসজায সুবিধা দন লমান ১৩০,bang bang bang bang bang bang bang bang bang bang bang bang bang bang bang bang bang bang bang bang bang,60,104,0.145621449,
E:\Project\Fake News Detection\images\real\2231.jpg,real,,a man in a wheelchair being assisted by a group of people,0,57,,
E:\Project\Fake News Detection\images\real\2240.jpg,real,,a man is being arrested by police officers,0,42,,
E:\Project\Fake News Detection\images\real\2256.jpg,real,RESPECI,crazno celebrates his goal against spain,7,40,0.239117712,
E:\Project\Fake News Detection\images\real\2261.jpg,real,,the logo of the bangladesh government,0,37,,
E:\Project\Fake News Detection\images\real\2269.jpg,real,,two women hugging each other women,0,34,,
E:\Project\Fake News Detection\images\real\2278.jpg,real,YB JPISWAL RAHUL 04,"india vs england 2nd test, day 3, day 3",19,39,0.370753407,
E:\Project\Fake News Detection\images\real\2283.jpg,real,JUIY ACRE,a man sitting at a desk with a computer,9,39,0.014196143,
E:\Project\Fake News Detection\images\real\229.jpg,real,ঘটকসেবা লক্ষ্মীপুর সবসমযয় স্বপত্রপাত্রী,a man is riding a cart with a sign on it,39,40,-0.002482917,
E:\Project\Fake News Detection\images\real\2293.jpg,real,902 EHERHES 900,a large white plane,15,19,0.179672942,
E:\Project\Fake News Detection\images\real\2319.jpg,real,দংলাদেশ,"a roll of money with the words, ' money roll '",7,46,0.096035115,
E:\Project\Fake News Detection\images\real\2324.jpg,real,MIEHIRNEWS AGENCY,a woman in a headscar sits at a table,17,37,-0.073698536,
E:\Project\Fake News Detection\images\real\233.jpg,real,,a man in a suit and tie speaking into a microphone,0,50,,
E:\Project\Fake News Detection\images\real\2331.jpg,real,{ N A,a crowd of people watching fireworks,5,36,0.041428789,
E:\Project\Fake News Detection\images\real\2332.jpg,real,,a man with a beard and glasses,0,30,,
E:\Project\Fake News Detection\images\real\2333.jpg,real,0,the logo for the canadian olympic games,1,39,0.140844703,
E:\Project\Fake News Detection\images\real\2344.jpg,real,চরিত বাংলাদেশ বিশ্ববিদ্যালয় কৃষি,the statue of the indian army in front of the indian army headquarters,33,70,0.066027589,
E:\Project\Fake News Detection\images\real\2347.jpg,real,2লকিলঁ 72 4 এর এরদোগান এগিয়ে যক্তির ইসজায সুবিধা দন লমান ১৩০,bang bang bang bang bang bang bang bang bang bang bang bang bang bang bang bang bang bang bang bang bang,60,104,0.145621449,
E:\Project\Fake News Detection\images\real\2350.jpg,real,,a group of men standing around a table,0,38,,
E:\Project\Fake News Detection\images\real\2365.jpg,real,,two men shaking hands in front of flags,0,39,,
E:\Project\Fake News Detection\images\real\2366.jpg,real,টিভিতে আজকের খেলী,a soccer game on a tv screen,17,28,-0.007573905,
E:\Project\Fake News Detection\images\real\2367.jpg,real,2লকিলঁ 72 4 এর এরদোগান এগিয়ে যক্তির ইসজায সুবিধা দন লমান ১৩০,bang bang bang bang bang bang bang bang bang bang bang bang bang bang bang bang bang bang bang bang bang,60,104,0.145621449,
E:\Project\Fake News Detection\images\real\2369.jpg,real,2লকিলঁ 72 4 এর এরদোগান এগিয়ে যক্তির ইসজায সুবিধা দন লমান ১৩০,bang bang bang bang bang bang bang bang bang bang bang bang bang bang bang bang bang bang bang bang bang,60,104,0.145621449,
E:\Project\Fake News Detection\images\real\2374.jpg,real,রধি Dulch Bangia Bank PLAYEROFTHESEIES,a man holding a sign in front of a green field,38,46,0.033266187,
E:\Project\Fake News Detection\images\real\238.jpg,real,বিশ্ববিদ্যালয় ঢাকা,a man in a suit and tie standing next to a logo,19,47,-0.043674223,
E:\Project\Fake News Detection\images\real\2393.jpg,real,,kim jong kim jong and kim jong kim jong at the red carpet,0,57,,
E:\Project\Fake News Detection\images\real\240.jpeg,real,,a group of people sitting around a table,0,40,,
E:\Project\Fake News Detection\images\real\2402.jpg,real,,a crowd of women holding signs and flags,0,40,,
E:\Project\Fake News Detection\images\real\2408.jpg,real,HQ 33 INF DIV,"army chief, general, general, general, general, general, general, general, general, general, general, general, general, general",13,127,0.063082352,
E:\Project\Fake News Detection\images\real\2411.jpg,real,সন্ত্রাসী,a group of people standing outside of a building,9,48,-0.001167534,
E:\Project\Fake News Detection\images\real\2415.jpg,real,Agreement Signing Cerem,the team at the signing ceremony,23,32,0.445122033,
E:\Project\Fake News Detection\images\real\2416.jpg,real,,the supreme court in new delhi,0,30,,
E:\Project\Fake News Detection\images\real\2417.jpg,real,শিক্ষী * সরকার হুঁ,bangladesh bank logo,18,20,0.284707069,
E:\Project\Fake News Detection\images\real\2426.jpg,real,,a group of people standing around a table,0,41,,
E:\Project\Fake News Detection\images\real\243.jpeg,real,21 ৮7,a man in a suit and tie is looking at the camera,5,48,0.015241759,
E:\Project\Fake News Detection\images\real\2448.jpg,real,986 335,a group of people standing around a luggage,7,43,0.069825411,
E:\Project\Fake News Detection\images\real\2449.jpg,real,"Workshop on Basics of Assessment & Crisis Management IJatc: 21 2026 Venue: Orchid Mecting Room, Ilealth Sector DAM Organized b ale Drug Treat May",two women sitting at a table with laptops,145,41,-0.052416775,
E:\Project\Fake News Detection\images\real\2463.jpg,real,,a group of people sitting around a table,0,40,,
E:\Project\Fake News Detection\images\real\2464.jpg,real,,a man in a canoe in the jungle,0,30,,
E:\Project\Fake News Detection\images\real\247.jpg,real,,a group of men standing around a table,0,38,,
E:\Project\Fake News Detection\images\real\2476.jpg,real,,a group of men standing around a microphone,0,43,,
E:\Project\Fake News Detection\images\real\2479.jpg,real,,a man in a suit holding a silver trophy,0,39,,
E:\Project\Fake News Detection\images\real\2486.jpg,real,ইনকিলব THEDAILYINOILAB,a person writing on a book with a pen,22,37,0.203244656,
E:\Project\Fake News Detection\images\real\2487.jpg,real,ইনকিলব THEDAILYINOILAB,a person writing on a book with a pen,22,37,0.203244656,
E:\Project\Fake News Detection\images\real\2490.jpg,real,ইনকিলব THEDAILYINOILAB,a person writing on a book with a pen,22,37,0.203244656,
E:\Project\Fake News Detection\images\real\2495.jpg,real,,a painting of a man with glasses and a white hat,0,48,,
E:\Project\Fake News Detection\images\real\2497.jpg,real,,a person ' s feet and toes,0,26,,
E:\Project\Fake News Detection\images\real\2498.jpg,real,সঝ {,a group of men standing next to each other men,4,46,0.024151601,
E:\Project\Fake News Detection\images\real\25.jpg,real,,apple tv and apple tv,0,21,,
E:\Project\Fake News Detection\images\real\2500.jpg,real,Saiciyand IIP Occupational Safety Board of Bangladesh (OSBP' Bangladesh Exxcellence Horklorce San,a group of people sitting at a table,97,36,0.040832594,
E:\Project\Fake News Detection\images\real\2509.jpg,real,কুমিল্লা বিশ্ববিদ্যালয়,the building is white and has a sign on it,23,42,0.060711779,
E:\Project\Fake News Detection\images\real\2526.jpg,real,সমিন] ক্তি ময়মনসিংহ জেগা,person addressing the event,25,27,0.111826889,
E:\Project\Fake News Detection\images\real\253.jpg,real,,a man standing at a podium in front of a crowd,0,46,,
E:\Project\Fake News Detection\images\real\2531.jpg,real,,person and person are the new face of the police,0,48,,
E:\Project\Fake News Detection\images\real\2533.jpg,real,,a small plant with white flowers in the middle of a garden,0,58,,
E:\Project\Fake News Detection\images\real\2538.jpg,real,,a group of people standing around a table,0,41,,
E:\Project\Fake News Detection\images\real\2540.jpg,real,,a group of men sitting in a row,0,31,,
E:\Project\Fake News Detection\images\real\2558.jpg,real,,a woman in a pink scarf and head scarf,0,38,,
E:\Project\Fake News Detection\images\real\2563.jpg,real,,a man in a suit and tie is sitting down,0,39,,
E:\Project\Fake News Detection\images\real\2580.jpg,real,2লকিলঁ 72 4 এর এরদোগান এগিয়ে যক্তির ইসজায সুবিধা দন লমান ১৩০,bang bang bang bang bang bang bang bang bang bang bang bang bang bang bang bang bang bang bang bang bang,60,104,0.145621449,
E:\Project\Fake News Detection\images\real\2581.jpg,real,,a group of people walking down a street,0,39,,
E:\Project\Fake News Detection\images\real\2585.jpg,real,2লকিলঁ 72 4 এর এরদোগান এগিয়ে যক্তির ইসজায সুবিধা দন লমান ১৩০,bang bang bang bang bang bang bang bang bang bang bang bang bang bang bang bang bang bang bang bang bang,60,104,0.145621449,
E:\Project\Fake News Detection\images\real\2587.jpg,real,টিভিতে আজকের খেলী,a soccer game on a tv screen,17,28,-0.007573905,
E:\Project\Fake News Detection\images\real\2588.jpg,real,2লকিলঁ 72 4 এর এরদোগান এগিয়ে যক্তির ইসজায সুবিধা দন লমান ১৩০,bang bang bang bang bang bang bang bang bang bang bang bang bang bang bang bang bang bang bang bang bang,60,104,0.145621449,
E:\Project\Fake News Detection\images\real\26.jpeg,real,,a group of men standing in front of a door,0,42,,
E:\Project\Fake News Detection\images\real\2609.jpg,real,2লকিলঁ 72 4 এর এরদোগান এগিয়ে যক্তির ইসজায সুবিধা দন লমান ১৩০,bang bang bang bang bang bang bang bang bang bang bang bang bang bang bang bang bang bang bang bang bang,60,104,0.145621449,
E:\Project\Fake News Detection\images\real\2611.jpg,real,৬,a woman with a rash on her back,1,31,0.055951916,
E:\Project\Fake News Detection\images\real\2618.jpg,real,,a man sleeping on a bed in front of a building,0,46,,
E:\Project\Fake News Detection\images\real\2619.jpg,real,2লকিলঁ 72 4 এর এরদোগান এগিয়ে যক্তির ইসজায সুবিধা দন লমান ১৩০,bang bang bang bang bang bang bang bang bang bang bang bang bang bang bang bang bang bang bang bang bang,60,104,0.145621449,
E:\Project\Fake News Detection\images\real\2635.jpg,real,,a woman sitting at a desk with a microphone,0,43,,
E:\Project\Fake News Detection\images\real\2639.jpg,real,,a man in military uniform speaking at a podium,0,46,,
E:\Project\Fake News Detection\images\real\264.jpg,real,,a body of water surrounded by trees,0,35,,
E:\Project\Fake News Detection\images\real\2641.jpg,real,([()111010 (|0[001010 ChatePT 0[|101010( !1110101 41101,the logo for the crypt company,55,30,0.076430216,
E:\Project\Fake News Detection\images\real\2648.jpg,real,` 0 9 Social Media 0,a person holding a phone with the app icon on it,20,48,0.100534186,
E:\Project\Fake News Detection\images\real\2653.jpg,real,WhatsApp Calls Status Pandy Chandna,a person holding a phone with the whatsap logo on it,35,52,0.411405474,
E:\Project\Fake News Detection\images\real\2654.jpg,real,Gmail,a person holding a phone with the google logo on it,5,51,0.333505958,
E:\Project\Fake News Detection\images\real\2659.jpg,real,,"the cover of the book, the world of the internet",0,48,,
E:\Project\Fake News Detection\images\real\2676.jpg,real,,google logo with the google logo in the background,0,50,,
E:\Project\Fake News Detection\images\real\2678.jpg,real,,a person dressed as a joker holding up a cell,0,45,,
E:\Project\Fake News Detection\images\real\2681.jpg,real,G Google Translate,google translate translate translate translate translate translate translate translate translate translate translate translate translate translate translate translate translate translate translate translate,18,206,0.668669701,
E:\Project\Fake News Detection\images\real\2694.jpg,real,60 স৫ 50 40 30 129 110 20 100 90 10 80 70,a thermometer with the sun shining behind it,41,44,0.117290258,
E:\Project\Fake News Detection\images\real\2700.jpg,real,এহছানুল হক মিলন এমসি বিশেষ অতিথি পঙক প্রকাশক শাহে আলম এমপি 9 সমিতি ইশরাক হোসেন এমসি সভাসতি মো রেজাউল করিম বাদশা এমসি সভামতি বাংলাদেশ পূস্তক প্রকা মীর,a man standing in front of a screen with a microphone,149,53,0.019430064,
E:\Project\Fake News Detection\images\real\2701.jpg,real,NBON NIDEJAAGO,a woman in a white sari and a woman in a green sari,14,51,0.061138764,
E:\Project\Fake News Detection\images\real\2706.jpg,real,ঢাকার যেসব এলাকায় আজ মার্কেট বন্ধ,a woman carrying shopping bags in a mall,34,40,0.054914616,
E:\Project\Fake News Detection\images\real\2714.jpg,real,Lii [Baik,a large crowd of people walking around a fountain,9,49,0.06064599,
E:\Project\Fake News Detection\images\real\2717.jpg,real,প্রথমিক শিক্ষা অধিদপ্তর,the entrance to the directorate of primary education,23,52,0.27550891,
E:\Project\Fake News Detection\images\real\2726.jpg,real,,a silhouette of a person with a red background,0,46,,
E:\Project\Fake News Detection\images\real\273.jpg,real,,a man with long hair and beard wearing a blue shirt,0,51,,
E:\Project\Fake News Detection\images\real\2738.jpg,real,% Bluet,a finger pressing a button on a computer,7,40,0.087401621,
E:\Project\Fake News Detection\images\real\2742.jpg,real,জাতীয় বিহবিদ্যালয তীয,the entrance to the university of engineering in ahmedabad,22,58,0.195979983,
E:\Project\Fake News Detection\images\real\2754.jpg,real,,police officers in the office,0,29,,
E:\Project\Fake News Detection\images\real\2759.jpg,real,সিডি DHAKA [ g CORPORATION CITY,the logo of bangladesh ' s national bank,31,40,0.49736461,
E:\Project\Fake News Detection\images\real\2760.jpg,real,0,a red and white photo with the words ins ins ins ins ins ins ins ins ins ins ins ins ins,1,88,0.108507946,
E:\Project\Fake News Detection\images\real\2762.jpg,real,UPLOAD SPEED DOWNLOAD SPEED S0[r 10.58 40[0,a man holding a tablet with a speed indicator,43,45,0.270525664,
E:\Project\Fake News Detection\images\real\2763.jpg,real,প্রাথমিক শিক্ষা অধিদপ্তর ম্লানসন্মত জন্য,the logo of the school,40,22,0.091475517,
E:\Project\Fake News Detection\images\real\2776.jpg,real,,"the logo for the band, ' s avatar",0,33,,
E:\Project\Fake News Detection\images\real\2779.jpg,real,ঢাকার যেসব এলাকায় আজ মার্কেট বন্ধ,a woman carrying shopping bags in a mall,34,40,0.054914616,
E:\Project\Fake News Detection\images\real\278.jpg,real,)09,"the voice contestant, who is the voice of the voice?????????????????",3,68,0.206926674,
E:\Project\Fake News Detection\images\real\2792.jpg,real,B2 OTE 4 8633138 P,a person putting money into a box,18,33,0.146954626,
E:\Project\Fake News Detection\images\real\2805.jpg,real,[IIIIIEIIIISSIUII ণ020 Joining handswith Lipid Society of Bangladesh (LsB) Ulmedip for Hypertension-Free Nation: TITLESPONSOR,the poster for the event,125,24,0.007549341,
E:\Project\Fake News Detection\images\real\2808.jpg,real,,a man with a beard and glasses sitting in a chair,0,49,,
E:\Project\Fake News Detection\images\real\2809.jpg,real,প্রাথমিক শিক্ষা অধিদপ্তর মলানসম্মত জন্য,the logo of the school,39,22,0.09246254,
E:\Project\Fake News Detection\images\real\2811.jpg,real,,two men sitting in chairs talking to each other men,0,51,,
E:\Project\Fake News Detection\images\real\2823.jpg,real,,a woman in a pink shirt and green scarf holding a yellow flower,0,63,,
E:\Project\Fake News Detection\images\real\283.jpg,real,Poron9 ৩I৬9,a man holding a bag with an orange logo,11,39,0.090100914,
E:\Project\Fake News Detection\images\real\2831.jpg,real,,a poster for the band,0,21,,
E:\Project\Fake News Detection\images\real\2836.jpg,real,,a woman holding a gold bang with a red background,0,49,,
E:\Project\Fake News Detection\images\real\2841.jpg,real,,a building under a cloudy sky,0,29,,
E:\Project\Fake News Detection\images\real\2852.jpg,real,0,a person holding a phone with the ins logo on it,1,48,0.01274997,
E:\Project\Fake News Detection\images\real\2859.jpg,real,,a woman smiling and wearing a pink shirt,0,40,,
E:\Project\Fake News Detection\images\real\2863.jpg,real,,a man with a shoulder pain,0,26,,
E:\Project\Fake News Detection\images\real\2864.jpg,real,আতথি: সংগঠক জনাd রহমান ২০৫ আমর বপাটি) মজিশুর মঞজ,a man speaking at a meeting in bangladesh,48,41,0.239798993,
E:\Project\Fake News Detection\images\real\2878.jpg,real,,a man with sunglasses and a suit,0,32,,
E:\Project\Fake News Detection\images\real\2881.jpg,real,,a man in a red shirt is speaking into a microphone,0,50,,
E:\Project\Fake News Detection\images\real\2891.jpg,real,REI The Flesh 01 BONOLATA SEN A Film By Masud Hasan Ujjal,"the cover of the book, the book of the dead",57,43,0.288387299,
E:\Project\Fake News Detection\images\real\2895.jpg,real,,gold jewellery in the market,0,28,,
E:\Project\Fake News Detection\images\real\2897.jpg,real,Lii [Baik,a large crowd of people walking around a fountain,9,49,0.06064599,
E:\Project\Fake News Detection\images\real\2898.jpg,real,,the flag of the republic of the republic of the republic of the republic of the republic of the republic of the republic of the republic of the,0,143,,
E:\Project\Fake News Detection\images\real\2909.jpg,real,,a man sitting in front of a tv screen,0,37,,
E:\Project\Fake News Detection\images\real\2913.jpg,real,,a large crowd with a flag and a star,0,36,,
E:\Project\Fake News Detection\images\real\2920.jpg,real,8 সরকার্4 বাংলাচে,the bangladesh flag,17,19,0.270119429,
E:\Project\Fake News Detection\images\real\2922.jpg,real,বাংলাদেশ NCP জামায়াতে ইসলামী Nationbl titizen Party,the national party logo,51,23,0.398743689,
E:\Project\Fake News Detection\images\real\2930.jpg,real,,vijay vijay and his wife are still together,0,43,,
E:\Project\Fake News Detection\images\real\2938.jpg,real,,"two women in black and white outfits, one is wearing a black top",0,64,,
E:\Project\Fake News Detection\images\real\2948.jpg,real,[রাজনৈতিক নেতৃবৃন্দও নাগরিকদের জাতীয় নাগরিক পাটি-এনসিপিতে যোগদান অনষ্ঠ বিভিন্ন,a group of people holding up a banner,78,37,0.044942454,
E:\Project\Fake News Detection\images\real\2962.jpg,real,,a man and woman posing for a photo,0,34,,
E:\Project\Fake News Detection\images\real\2963.jpg,real,,a woman holding a gold bang with a red background,0,49,,
E:\Project\Fake News Detection\images\real\2972.jpg,real,,a woman in a green skirt and black top,0,38,,
E:\Project\Fake News Detection\images\real\298.jpg,real,৫hol,a group of people standing around a table,4,41,0.072640873,
E:\Project\Fake News Detection\images\real\2982.jpg,real,গপংঙ্যার বিচর ঢা < র ১8 '#72| #T2P ববচার,a man walking down a street next to a wall,40,42,0.019052137,
E:\Project\Fake News Detection\images\real\2992.jpg,real,,two men in yellow vests and masks are standing next to each other men,0,69,,
E:\Project\Fake News Detection\images\real\303.jpeg,real,,a group of people posing for a photo in front of a sculpture,0,60,,
E:\Project\Fake News Detection\images\real\3030.jpg,real,জগন্নাথ বিশ্ববিদ্যালয়,the logo for the bangladesh university,22,38,0.244970575,
E:\Project\Fake News Detection\images\real\3035.jpg,real,,a hand holding a jail bars,0,26,,
E:\Project\Fake News Detection\images\real\3039.jpg,real,ব্াংলাদেশ ব্যাংক,the logo of the bangladesh bank,16,31,0.309368014,
E:\Project\Fake News Detection\images\real\3065.jpg,real,,anusha mukherjee in white shirt and gold earrings,0,49,,
E:\Project\Fake News Detection\images\real\3067.jpg,real,IISI ILICI,two men holding up a shirt with the name of barcelona,10,53,0.106376506,
E:\Project\Fake News Detection\images\real\3070.jpg,real,< <,ipl ipl ipl ipl ipl ipl ipl ipl ipl ipl ip,3,42,0.072726354,
E:\Project\Fake News Detection\images\real\3074.jpg,real,,a hand holding a stack of money with the starbucks logo in the background,0,73,,
E:\Project\Fake News Detection\images\real\3097.jpg,real,জরুরী বি EMERGENCY DEPAF স্যার সলিমুল্লাহ্ মেডিকেল কলেজ মি YOU,emergency department in delhi,62,29,0.440502584,
E:\Project\Fake News Detection\images\real\3109.jpg,real,,a large ship in the ocean with a sunset behind it,0,49,,
E:\Project\Fake News Detection\images\real\3111.jpg,real,,the trailer of the movie ' s first trailer is here,0,50,,
E:\Project\Fake News Detection\images\real\3130.jpg,real,,"video person, person, person, person, person, person, person, person, the chief, person, person",0,95,,
E:\Project\Fake News Detection\images\real\3131.jpg,real,,a girl in a red dress with long hair and a blue background,0,58,,
E:\Project\Fake News Detection\images\real\3143.jpg,real,USERNANE,a person holding a credit card while using their phone,8,54,0.203589037,
E:\Project\Fake News Detection\images\real\3148.jpg,real,,a group of soldiers in uniform salute their salute,0,50,,
E:\Project\Fake News Detection\images\real\3164.jpg,real,,a man in a white shirt and jeans leaning on a car,0,49,,
E:\Project\Fake News Detection\images\real\3175.jpg,real,UHAKA WRESTLING AMATEUR,the logo of the bangladesh cricket association,23,46,0.248093963,
E:\Project\Fake News Detection\images\real\318.jpg,real,,a man and woman in traditional attire posing for a photo,0,56,,
E:\Project\Fake News Detection\images\real\3183.jpg,real,,person and person are the two most players in the world,0,55,,
E:\Project\Fake News Detection\images\real\3186.jpg,real,,two flags with the words iran and united,0,40,,
E:\Project\Fake News Detection\images\real\3187.jpg,real,,a col of four men who were shot in the head of a car in the city of hyderabad,0,77,,
E:\Project\Fake News Detection\images\real\3190.jpg,real,,two people walking in the rain with umbrellas,0,45,,
E:\Project\Fake News Detection\images\real\3194.jpg,real,,a man and woman riding on a rick rick rick rick rick rick rick rick rick rick rick rick rick rick rick rick rick rick rick rick rick,0,132,,
E:\Project\Fake News Detection\images\real\3203.jpg,real,,a red background with a black and white image of a dog,0,54,,
E:\Project\Fake News Detection\images\real\3209.jpg,real,,a man in a white shirt is speaking into a microphone,0,52,,
E:\Project\Fake News Detection\images\real\3212.jpg,real,দিরাইথানা,a building with a sign that says ' bharat ',9,43,0.245491192,
E:\Project\Fake News Detection\images\real\3216.jpg,real,,a person is holding a gold necklace,0,35,,
E:\Project\Fake News Detection\images\real\3223.jpg,real,,a motorcycle is parked on the side of a road,0,44,,
E:\Project\Fake News Detection\images\real\3226.jpg,real,জেলা ও দায়রা জজ আদালত বান্দরবান পার্বত্য জেলা,the building where the school is located,45,40,0.071765237,
E:\Project\Fake News Detection\images\real\3233.jpg,real,Spurky ORANGE COLA BURST LEMON BLUE LIML BLIZZ,a group of sodas with the words zei soda,46,40,0.392668605,
E:\Project\Fake News Detection\images\real\3240.jpg,real,গণমাধ্যমকর্মীদের সাপে নবনিযুক্ত ডিএমশি 'মিটদ্য,the press conference for the national police,46,44,0.088801377,
E:\Project\Fake News Detection\images\real\3242.jpg,real,,a person holding their hands in their stomach,0,45,,
E:\Project\Fake News Detection\images\real\3252.jpg,real,,a man in camouflage uniform with a red background,0,49,,
E:\Project\Fake News Detection\images\real\3254.jpg,real,ঐভিয়েশন g,the logo of the ministry of cambodia,9,36,0.218882099,
E:\Project\Fake News Detection\images\real\3260.jpg,real,সরকার্4 ৪ বাংলা,bangladesh bank notes and currency,15,34,0.234359562,
E:\Project\Fake News Detection\images\real\3265.jpg,real,,a cartoon of a man sitting on a bed with a guitar,0,49,,
E:\Project\Fake News Detection\images\real\3271.jpg,real,COCKROACH,the logo of the indian army,9,27,0.171756923,
E:\Project\Fake News Detection\images\real\3272.jpg,real,,a man with a beard and a beard,0,30,,
E:\Project\Fake News Detection\images\real\3279.jpg,real,সরকার্4 অর্থ মন্ত্রণীলয়,the bangladesh flag,23,19,0.17644465,
E:\Project\Fake News Detection\images\real\3283.jpg,real,,a woman in a hospital gown is being examined by a nurse,0,55,,
E:\Project\Fake News Detection\images\real\329.jpg,real,D,a man and woman are seen in this composite image,1,48,0.009535197,
E:\Project\Fake News Detection\images\real\3293.jpg,real,PRKLII (`I||; MIBIS TCL PEPSI,"pakistan vs pakistan, 2nd test, day 3, day 3, 2012",29,50,0.075194433,
E:\Project\Fake News Detection\images\real\3327.jpg,real,ব্যবস্থাপন,video person ' s speech at the event,10,36,0.029710729,
E:\Project\Fake News Detection\images\real\3330.jpg,real,,a group of people sitting around a table,0,40,,
E:\Project\Fake News Detection\images\real\3349.jpg,real,,a woman is seen in this video taken from a video posted by the myanmar government,0,81,,
E:\Project\Fake News Detection\images\real\3352.jpg,real,পে-স্কেল সরকার্4 প্রজাতন্রী বাংলা টু 8,bangladesh bank notes and currency,38,34,0.166903615,
E:\Project\Fake News Detection\images\real\3359.jpg,real,,a group of people standing in a room,0,36,,
E:\Project\Fake News Detection\images\real\3374.jpg,real,,a bull bull bull bull bull bull bull bull bull bull bull bull bull bull bull bull bull bull bull bull,0,101,,
E:\Project\Fake News Detection\images\real\3376.jpg,real,,a man in a blue shirt standing next to a tree,0,45,,
E:\Project\Fake News Detection\images\real\3377.jpg,real,আগৈলঝাড়া,a map with the flag of bangladesh,8,33,0.083621934,
E:\Project\Fake News Detection\images\real\3384.jpg,real,,a crowd of people holding up their hands,0,40,,
E:\Project\Fake News Detection\images\real\3409.jpg,real,,a yellow phone with a black box and a red box,0,45,,
E:\Project\Fake News Detection\images\real\3410.jpg,real,,bjp ' s party in delhi,0,22,,
E:\Project\Fake News Detection\images\real\3413.jpg,real,,"a gate with a sign that says, ' ' '",0,35,,
E:\Project\Fake News Detection\images\real\3414.jpg,real,নংজেহালাইউনিয়ন পরিষদকন্,a lock is seen on the door of a building in dhaka,23,49,0.167050153,
E:\Project\Fake News Detection\images\real\3417.jpg,real,,a blue sky with clouds and the words ' ' ' ',0,44,,
E:\Project\Fake News Detection\images\real\343.jpg,real,,people waving and waving their hands in the air,0,47,,
E:\Project\Fake News Detection\images\real\3445.jpg,real,2,a group of people holding flags and waving,1,42,0.086922199,
E:\Project\Fake News Detection\images\real\345.jpg,real,,a woman in a gold gown with a large gold dress,0,46,,
E:\Project\Fake News Detection\images\real\3450.jpg,real,,a man standing next to a train car,0,34,,
E:\Project\Fake News Detection\images\real\3457.jpg,real,,power lines and power poles with the sun setting in the background,0,66,,
E:\Project\Fake News Detection\images\real\3471.jpg,real,,a man in a suit and glasses speaking into a microphone,0,54,,
E:\Project\Fake News Detection\images\real\3472.jpg,real,,a man and a woman are seen in this image,0,40,,
E:\Project\Fake News Detection\images\real\3477.jpg,real,,a woman in a red dress is holding a bottle of essential oil,0,59,,
E:\Project\Fake News Detection\images\real\3484.jpg,real,MlAMI MMXX : ? ৪,manchester united ' s person in the manchester united team,16,58,0.173512548,
E:\Project\Fake News Detection\images\real\3488.jpg,real,,"a rope tied to a pole with the words, ' no one is illegal '",0,59,,
E:\Project\Fake News Detection\images\real\3494.jpg,real,,two men in suits shaking hands with flags behind them,0,53,,
E:\Project\Fake News Detection\images\real\3504.jpg,real,18 FIFA 2022 Story IRD RO,a large sign with the number twenty and a man in a suit,25,55,0.225846291,
E:\Project\Fake News Detection\images\real\3505.jpg,real,,a group of young girls running in a school,0,42,,
E:\Project\Fake News Detection\images\real\3509.jpg,real,T@,person is all smiles after his team ' s win,2,43,0.051425621,
E:\Project\Fake News Detection\images\real\3513.jpg,real,,a man standing next to a large white cow,0,40,,
E:\Project\Fake News Detection\images\real\3514.jpg,real,দুঃস্থ মহি সতীয় নির্বাদ ঢু মেশিন তরণ বিনামূল্যে,a group of people standing around a table,48,41,0.10829743,
E:\Project\Fake News Detection\images\real\3519.jpg,real,,the bangladesh flag,0,19,,
E:\Project\Fake News Detection\images\real\3520.jpg,real,,a man is being escorted by police officers,0,42,,
E:\Project\Fake News Detection\images\real\353.jpg,real,,two men are shown in this composite image,0,41,,
E:\Project\Fake News Detection\images\real\3542.png,real,?,a man in a white shirt and a woman in a white dress are speaking into microphones,1,81,0.038996682,
E:\Project\Fake News Detection\images\real\3543.png,real,৬,the bjp party is celebrating its victory,1,40,0.194411069,
E:\Project\Fake News Detection\images\real\355.jpg,real,,a hand holding a magni to look at a diagram,0,43,,
E:\Project\Fake News Detection\images\real\3550.png,real,,anup and his wife sit in the audience,0,37,,
E:\Project\Fake News Detection\images\real\3552.png,real,,a group of men in white clothes and tums are gathered around a man in a white turbal,0,84,,
E:\Project\Fake News Detection\images\real\3553.png,real,,mama lakshmi singhkar speaking at the event,0,43,,
E:\Project\Fake News Detection\images\real\3561.png,real,,two women in different outfits,0,30,,
E:\Project\Fake News Detection\images\real\3567.png,real,ছ,a man is surrounded by a crowd of people,1,40,0.039911903,
E:\Project\Fake News Detection\images\real\3582.png,real,~ ২৪ এর মহান শহিদ গণঅভ্যুত্থান' জুলাই,a group of people standing around a sign,37,40,0.079547346,
E:\Project\Fake News Detection\images\real\3584.png,real,,two men sitting in chairs talking to each other men,0,51,,
E:\Project\Fake News Detection\images\real\3589.png,real,,two men sitting in chairs talking to each other men,0,51,,
E:\Project\Fake News Detection\images\real\359.jpg,real,,a man in a green shirt and sunglasses,0,37,,
E:\Project\Fake News Detection\images\real\3602.png,real,,a man in a black jacket and hat stands on the sidelines,0,55,,
E:\Project\Fake News Detection\images\real\3606.png,real,ricinfo,two men in a black jacket and pink shirt sitting on a couch,7,59,0.005253471,
E:\Project\Fake News Detection\images\real\3609.png,real,9 9,bangladesh ' s shara khan in action during the match against bangladesh at the gaddafi stadium in karachi,3,105,0.048354845,
E:\Project\Fake News Detection\images\real\3610.png,real,[ Enirates,ronald rodriguez is the best player in the world,10,48,0.143067986,
E:\Project\Fake News Detection\images\real\3615.png,real,DERASI INDON,hockey india women ' s hockey team,12,34,0.219382882,
E:\Project\Fake News Detection\images\real\3628.png,real,8,paris saint - germain is the new paris saint - germain,1,54,0.015875913,
E:\Project\Fake News Detection\images\real\3634.png,real,478 ;,bangladesh batsmans celebrate after their wicket,5,48,-0.032125562,
E:\Project\Fake News Detection\images\real\3650.png,real,,a man in a red shirt and blue shirt with a red and yellow background,0,68,,
E:\Project\Fake News Detection\images\real\3654.png,real,,a group of men playing a game of cricket,0,40,,
E:\Project\Fake News Detection\images\real\3661.png,real,,a woman in a blue shirt smiles at the camera,0,44,,
E:\Project\Fake News Detection\images\real\3663.png,real,deall স 8,a soccer player is trying to get the ball from another player,9,61,0.035037182,
E:\Project\Fake News Detection\images\real\367.jpg,real,,iran and iran flags,0,19,,
E:\Project\Fake News Detection\images\real\3674.png,real,NEWS24,a man in a white shirt and a woman in a blue scarf talking to reporters,6,71,0.233621582,
E:\Project\Fake News Detection\images\real\3691.png,real,,a man in a black jacket stands in front of a screen with a map of the world,0,75,,
E:\Project\Fake News Detection\images\real\3693.png,real,@ ~,the us and china flags are seen on a computer motherboard,3,57,0.042644948,
E:\Project\Fake News Detection\images\real\370.jpg,real,,the poster for the movie ' s first look,0,39,,
E:\Project\Fake News Detection\images\real\3709.png,real,,a person holding a phone with the facebook app on it,0,52,,
E:\Project\Fake News Detection\images\real\3712.png,real,,a woman looks at her phone as she walks past a metro metro metro metro metro metro metro metro metro metro,0,106,,
E:\Project\Fake News Detection\images\real\3713.png,real,EDOICO 15K,the team at the construction site,10,33,0.135501415,
E:\Project\Fake News Detection\images\real\3719.png,real,,a person holding an iphone in their hand,0,40,,
E:\Project\Fake News Detection\images\real\3721.png,real,,a man in a helmet and white shirt,0,33,,
E:\Project\Fake News Detection\images\real\3723.png,real,0 12 30 71 0 2890 80 120,the new smart watch is available in black,24,41,-0.024150912,
E:\Project\Fake News Detection\images\real\3738.png,real,,a person holding a cell phone with the text 6g,0,46,,
E:\Project\Fake News Detection\images\real\3740.png,real,facebook,people are silhouetted against a backdrop of the facebook logo in this illustration taken from the facebook page,8,112,0.45626682,
E:\Project\Fake News Detection\images\real\3744.png,real,,a person using a cell phone on a table,0,38,,
E:\Project\Fake News Detection\images\real\3748.png,real,:,a woman using a credit machine,1,30,0.017281039,
E:\Project\Fake News Detection\images\real\3758.png,real,,a woman in a blue dress sitting on a chair,0,42,,
E:\Project\Fake News Detection\images\real\3759.png,real,,kanye and kim kim,0,17,,
E:\Project\Fake News Detection\images\real\3771.png,real,,a man is led by a flashlight as he walks with his family in the dark,0,68,,
E:\Project\Fake News Detection\images\real\3778.png,real,,a man is hanging from a rope with a bird,0,40,,
E:\Project\Fake News Detection\images\real\3781.png,real,,smoke rises from the gaza air strike in gaza,0,44,,
E:\Project\Fake News Detection\images\real\3785.png,real,,a rocket is launched by china ' s xi - 2 rocket,0,47,,
E:\Project\Fake News Detection\images\real\3787.png,real,,a logo of the bank of thailand is seen on a building in bangkok,0,63,,
E:\Project\Fake News Detection\images\real\3789.png,real,,a person in a wheelchair being carried by a person in a hospital,0,64,,
E:\Project\Fake News Detection\images\real\3794.png,real,,a woman playing chess in a dark room,0,36,,
E:\Project\Fake News Detection\images\real\38.jpg,real,,the new iphone 11s and iphone 11s,0,33,,
E:\Project\Fake News Detection\images\real\3803.png,real,,"the city of vargarh, india",0,26,,
E:\Project\Fake News Detection\images\real\3804.png,real,alaa nall In auall duaiuld pall,women holding signs in front of a crowd,31,39,0.037194662,
E:\Project\Fake News Detection\images\real\3811.png,real,,a man holding a baby,0,20,,
E:\Project\Fake News Detection\images\real\3813.png,real,,two images of a person ' s hand and a forest,0,44,,
E:\Project\Fake News Detection\images\real\3816.png,real,,a wall full of guns,0,19,,
E:\Project\Fake News Detection\images\real\3827.png,real,,a woman with a white shirt and a red background,0,47,,
E:\Project\Fake News Detection\images\real\3829.png,real,,the great pyramids in egypt,0,27,,
E:\Project\Fake News Detection\images\real\3832.png,real,,a fire is seen in the background of a factory,0,45,,
E:\Project\Fake News Detection\images\real\3842.png,real,,the two men are sitting at a table with microphones,0,51,,
E:\Project\Fake News Detection\images\real\3843.png,real,,gold jewelry in dubai,0,21,,
E:\Project\Fake News Detection\images\real\3844.png,real,স ৮ bkash নগদ ধংলাদেশ ? : ৪ : 8 ছুঁ ? & চু,rbi to pay rss for rss,42,22,0.033698857,
E:\Project\Fake News Detection\images\real\3845.png,real,8,a roll of money is seen in this photo,1,37,0.078090243,
E:\Project\Fake News Detection\images\real\3846.png,real,,gold jewellery in india,0,23,,
E:\Project\Fake News Detection\images\real\3848.png,real,,a woman in a red sari sari sari sari sari sari sari sari sari sari sari sar,0,75,,
E:\Project\Fake News Detection\images\real\3849.png,real,বংলাদেশ,"a roll of money with the words, ' money roll '",7,46,0.121025249,
E:\Project\Fake News Detection\images\real\3850.png,real,,a person pouring water into a metal container,0,45,,
E:\Project\Fake News Detection\images\real\3857.png,real,,a market with lots of vegetables and fruits,0,43,,
E:\Project\Fake News Detection\images\real\3866.png,real,SEMINAR ON 25 MMSCFD Gas Transportation from Bhola _ Organized by Intraco Refueling 11 00 44,two men standing in front of a banner,92,37,-0.034794327,
E:\Project\Fake News Detection\images\real\3867.png,real,,three containers being lifted by cranes,0,39,,
E:\Project\Fake News Detection\images\real\3868.png,real,,a basket of eggs with a picture of a chicken,0,44,,
E:\Project\Fake News Detection\images\real\3871.png,real,,a person holding a bag of chia seeds,0,36,,
E:\Project\Fake News Detection\images\real\3884.png,real,,a man in a blue shirt and glasses,0,33,,
E:\Project\Fake News Detection\images\real\3910.png,real,,the campus campus campus campus campus campus campus campus campus campus campus campus campus campus campus campus campus campus campus campus,0,143,,
E:\Project\Fake News Detection\images\real\3914.png,real,,a man in a store,0,16,,
E:\Project\Fake News Detection\images\real\3919.png,real,,person and person are the two main political figures in the us and china,0,72,,
E:\Project\Fake News Detection\images\real\3922.png,real,,two men sitting in chairs talking to each other men,0,51,,
E:\Project\Fake News Detection\images\real\3924.png,real,,a man in a suit and glasses standing in front of a wall,0,55,,
E:\Project\Fake News Detection\images\real\3930.jpg,real,প্রথম সুদীপ্ত জারনাল ফটোসাংবাদিকের অন্দরমহল আলোর,"a book with the title of the book, ' the book of the day '",48,58,0.113067746,
E:\Project\Fake News Detection\images\real\3931.jpg,real,,a group of men sitting in chairs in a room,0,42,,
E:\Project\Fake News Detection\images\real\3947.jpg,real,,the team of the company,0,23,,
E:\Project\Fake News Detection\images\real\3955.jpg,real,49,a man is being examined by police officers,2,42,0.017616238,
E:\Project\Fake News Detection\images\real\3964.jpg,real,okur,soldiers in a truck on a street,4,31,0.013758041,
E:\Project\Fake News Detection\images\real\3973.jpg,real,,a person ' s hand resting on a table,0,36,,
E:\Project\Fake News Detection\images\real\3981.jpg,real,,fire breaks through a building in the city of beirut,0,52,,
E:\Project\Fake News Detection\images\real\3999.jpg,real,,a man with glasses and a red shirt,0,34,,
E:\Project\Fake News Detection\images\real\4003.jpg,real,,two glasses of green smoothie and a glass of orange smoothie,0,60,,
E:\Project\Fake News Detection\images\real\4014.jpg,real,,a pile of candy and candy bars,0,30,,
E:\Project\Fake News Detection\images\real\402.jpg,real,,two men are looking at the camera,0,33,,
E:\Project\Fake News Detection\images\real\4023.jpg,real,,a woman with a black dress and a black nail polish,0,50,,
E:\Project\Fake News Detection\images\real\4027.jpg,real,97,a baby is being examined by a doctor,2,36,0.054408822,
E:\Project\Fake News Detection\images\real\4030.jpg,real,,dates are a great source for health and health,0,46,,
E:\Project\Fake News Detection\images\real\4031.jpg,real,,dairy products and milk,0,23,,
E:\Project\Fake News Detection\images\real\4033.jpg,real,,a woman sitting on the floor with her hand on her head,0,54,,
E:\Project\Fake News Detection\images\real\4034.jpg,real,,a person sitting on the grass in front of a tree,0,48,,
E:\Project\Fake News Detection\images\real\4039.jpg,real,,a bunch of green hops hanging from a plant,0,42,,
E:\Project\Fake News Detection\images\real\404.jpg,real,B B NEWS বাংলা,a bridge over the water with a boat in the fore,14,47,0.017158661,
E:\Project\Fake News Detection\images\real\4045.jpg,real,,grilleing eggplies with eggplies,0,32,,
E:\Project\Fake News Detection\images\real\4048.jpg,real,,a woman with red blood and her hands holding a blood tube,0,57,,
E:\Project\Fake News Detection\images\real\4051.jpg,real,,a man and woman are walking through a hallway with luggage,0,58,,
E:\Project\Fake News Detection\images\real\4056.jpg,real,,a wooden shoe rack with many pairs of shoes,0,43,,
E:\Project\Fake News Detection\images\real\4063.jpg,real,,a woman sitting on the floor in front of a heater,0,49,,
E:\Project\Fake News Detection\images\real\4067.jpg,real,জরুরি প্রয়োজনে মনে রাখুন একটি নাম্বার nRTIOnRL EITERGEnCY SERUICE 999,a woman in a blue shirt and headphones with the words emergency service 99,70,74,0.120396271,
E:\Project\Fake News Detection\images\real\4073.jpg,real,,a woman looking at her face in the mirror,0,41,,
E:\Project\Fake News Detection\images\real\4078.png,real,,rose essential oil - rose essential oil,0,39,,
E:\Project\Fake News Detection\images\real\4090.jpg,real,,a group of people standing in front of a statue,0,47,,
E:\Project\Fake News Detection\images\real\4106.png,real,,a man in a blue shirt and glasses standing in front of a building,0,65,,
E:\Project\Fake News Detection\images\real\4108.png,real,INTERUNIIERSII INTER UNIVERSITY CONTEST 2018 CHAMPION Dale: 12`12.2018 Fifteen Thousand Tafa Onfy 15000.00 Authorized S gnatur ORGANIZED BY Poy,a group of men standing around a large check,143,44,0.108081356,
E:\Project\Fake News Detection\images\real\411.jpg,real,,the supreme court in new delhi,0,30,,
E:\Project\Fake News Detection\images\real\4134.jpg,real,^^^>^,the logo of the university of science and technology,5,52,0.027751895,
E:\Project\Fake News Detection\images\real\4144.jpg,real,,a group of people standing around a fire,0,40,,
E:\Project\Fake News Detection\images\real\4145.jpg,real,RSIT CONVOC '201,graduates throwing their caps in the air,16,40,0.038892768,
E:\Project\Fake News Detection\images\real\4146.jpg,real,নিষেধ,a man writing on a wall with a marker,5,37,0.105521426,
E:\Project\Fake News Detection\images\real\4154.png,real,,a group of people sitting in front of a building,0,48,,
E:\Project\Fake News Detection\images\real\4160.jpg,real,,a white building with a fountain in front of it,0,47,,
E:\Project\Fake News Detection\images\real\4167.jpg,real,,a cow with horns,0,16,,
E:\Project\Fake News Detection\images\real\4178.jpg,real,,a white fence with a bunch of flowers on it,0,43,,
E:\Project\Fake News Detection\images\real\4180.jpg,real,,a man with a beard and a white shirt is talking to the camera,0,61,,
E:\Project\Fake News Detection\images\real\4184.jpg,real,,a man sitting in front of a painting,0,36,,
E:\Project\Fake News Detection\images\real\4189.jpg,real,,a person typing on a laptop with two dice,0,41,,
E:\Project\Fake News Detection\images\real\42.jpg,real,,google and facebook logos,0,25,,
E:\Project\Fake News Detection\images\real\4201.jpg,real,সানা দশ পুলিশ মেট্রোপলিটন ঢকা,a sign that is hanging on the side of a building,29,48,0.05273173,
E:\Project\Fake News Detection\images\real\4203.jpg,real,Live AQI  global major cty ranking Word most pollutedcty Live Dhaka; Bangladesh Ehaka 2 Kuwait City 3 Delhi 2025 Lcni; India Baghdad 1$4 Chengdu Karacni 148 World dleanest cty Bejing 122 Kabul 115 Live Ccpenhagen Denmark Nnshasa 98 10 Manama 97 2025 Nieuwoudtville South Africa Live ranking,the dashboard screen shows the time and location of the countries,290,65,0.137274951,
E:\Project\Fake News Detection\images\real\4205.jpg,real,কলেজ সাপিত ১৯৯৪৬ Dhaka Medical College Hospital জ্রুরী বিভাগ Emnergency Deartment মেডিকেল হাসপাতাল ঢাকা,the entrance to dha medical college hospital,103,44,0.426551998,
E:\Project\Fake News Detection\images\real\4218.jpg,real,,a bus is burning in the street,0,30,,
E:\Project\Fake News Detection\images\real\4228.jpg,real,,a woman in a blue sari sari sari sari sari sari sari sari sari sari sari sar,0,76,,
E:\Project\Fake News Detection\images\real\424.jpeg,real,RAJ,a crowd of people wearing caps and holding microphones,3,54,0.061762843,
E:\Project\Fake News Detection\images\real\4240.jpg,real,,"the logo for the tv series, ' the devil '",0,41,,
E:\Project\Fake News Detection\images\real\4249.jpg,real,,a woman in a black dress standing next to a lake,0,48,,
E:\Project\Fake News Detection\images\real\4254.jpg,real,,a woman standing in front of a window,0,37,,
E:\Project\Fake News Detection\images\real\4257.jpg,real,,"the president of india and his wife, shria",0,42,,
E:\Project\Fake News Detection\images\real\4259.jpg,real,,a woman in a green sari sari,0,28,,
E:\Project\Fake News Detection\images\real\426.jpg,real,,a large ship in the ocean with a boat in the background,0,55,,
E:\Project\Fake News Detection\images\real\4264.jpg,real,,shah shah and shah shah,0,23,,
E:\Project\Fake News Detection\images\real\4266.jpg,real,,a woman standing on the beach in a blue dress,0,45,,
E:\Project\Fake News Detection\images\real\4274.jpg,real,,a woman with long hair,0,22,,
E:\Project\Fake News Detection\images\real\4281.jpg,real,,salman khan and salman khan are seen in this still - unseen video,0,65,,
E:\Project\Fake News Detection\images\real\4285.jpg,real,,a woman in a black dress standing on a balcony,0,46,,
E:\Project\Fake News Detection\images\real\4286.jpg,real,")ther posts Alamgir 3h রাগ করলা , রাগ করলা বলতে বলতে তাকে ভাইরাল ঠাকে দিয়ে 7ও রুচির দুতি 8.5K 944 213 View more comments সৈয়দ মোশারফ হোসেন এটাই বাংলাদেশ 3h Like Reply 7 Niloy",a man in white shirt and sunglasses sitting on a chair,176,54,0.001976935,
E:\Project\Fake News Detection\images\real\4296.jpg,real,,the cast of the film ' s cannes premieres,0,41,,
E:\Project\Fake News Detection\images\real\4300.jpg,real,,anusha mukherjee in a still - life video,0,40,,
E:\Project\Fake News Detection\images\real\4302.jpg,real,,a man in a black jacket and red shirt holding a microphone,0,58,,
E:\Project\Fake News Detection\images\real\4318.jpg,real,,actor person poses for a profile during the promotion of his upcoming film ' person ' on april 15 2017 in mumbai india,0,118,,
E:\Project\Fake News Detection\images\real\432.jpg,real,,a man in a suit and tie,0,23,,
E:\Project\Fake News Detection\images\real\4324.jpg,real,টদিন 43 ২০২৬,a woman is handing a bag to a man,12,33,0.006966833,
E:\Project\Fake News Detection\images\real\433.jpg,real,,a man in a suit and tie,0,23,,
E:\Project\Fake News Detection\images\real\4333.jpg,real,,a woman is seen in a hospital bed,0,33,,
E:\Project\Fake News Detection\images\real\434.jpg,real,সরকার শিক্ষা মন্ত্রণালয়,bangladesh bank logo,23,20,0.259298086,
E:\Project\Fake News Detection\images\real\4350.jpg,real,,a man sitting on a rock in the water,0,36,,
E:\Project\Fake News Detection\images\real\4357.jpg,real,,a man in a suit and tie speaking into microphones,0,49,,
E:\Project\Fake News Detection\images\real\4359.jpg,real,তবর্ষ মেতম শ্রেতি ফাউন্ডেশন র উপলক্ষে [ঝ,a man holding a plaque with a woman in front of him,40,51,0.125738204,
E:\Project\Fake News Detection\images\real\436.jpeg,real,,two men sitting at a table with drinks,0,38,,
E:\Project\Fake News Detection\images\real\4360.jpg,real,,a person laying on the ground with their hands on their knees,0,61,,
E:\Project\Fake News Detection\images\real\439.jpeg,real,উন্নশন,pm modi meets pm modi in the meeting room,6,41,0.080193773,
E:\Project\Fake News Detection\images\real\4391.jpg,real,,two women who were raped in a car,0,33,,
E:\Project\Fake News Detection\images\real\4392.jpg,real,,"a bunch of carrots, carrots, carrots, carrots, carrots, carrots, carrots, carrots, carrots, carrots, carrots, carrots, carrot",0,125,,
E:\Project\Fake News Detection\images\real\4415.jpg,real,৫ WhatsApD আমাদের ভাষা গণমানুষের মানবকণ্ঠ ম০না ম ম,whatsawhathate whatsawhate whatsawhate whatsawhate whatsahate whatsahat,50,71,0.270712525,
E:\Project\Fake News Detection\images\real\4423.jpg,real,সরকার বাংলাদেশ সরকারি কর্ম কমিশন BANGLADESH PUBLIC SERMICE COMMISSION আমাদের ভাষা গণমানুষের মানবকণ্ঠ ম,bangladesh bank,102,15,0.449353009,
E:\Project\Fake News Detection\images\real\4434.jpg,real,আমাদের ভাষা গণমানুষের মানবকণ্ঠ মা মল,kiya kiya kiya kiya kiya kiya kiya kiya kiya kiya kiya kiya kiya kiya,36,69,0.212411582,
E:\Project\Fake News Detection\images\real\4438.jpg,real,আমাদের ভাষা গণমানুষের মানবকণ্ঠ ; ১ TikTok মা,tik mobile app,44,14,0.351522505,
E:\Project\Fake News Detection\images\real\4444.jpg,real,আমাদের ভাষা গণমানুষের মানবকণ্ঠ মনা মা ম,a man is taking a shower with water,39,35,-0.063739717,
E:\Project\Fake News Detection\images\real\4448.jpg,real,আমাদের ভাষা গণমানুষের মানবকণ্ঠ মল,two green onions on a wooden cutting board,33,42,0.086154476,
E:\Project\Fake News Detection\images\real\4454.jpg,real,আমাদের ভাষা গণমানুষের মানবকণ্ঠ মা মল,hair loss treatment in hindi,36,28,0.241360486,
E:\Project\Fake News Detection\images\real\4455.jpg,real,আমাদের ভাষা গণমানুষের মানবকণ্ঠ মনা ম০না মা ম,cbse class 10 exam result,44,25,0.276213229,
E:\Project\Fake News Detection\images\real\4456.jpg,real,আমাদের ভাষা গণমানুষের মানবকণ্ঠ ম ম,a woman holding a pile of sweaters,34,34,-0.04502476,
E:\Project\Fake News Detection\images\real\4472.jpg,real,Government of the People's Republic of Bangladesh Directorate of Primary Education SSC Boord: BTEB SSc Pass Call Center ( 9 AM-5 PM; SAT- THU) আমাদের ভাষা গণমানুষের মানবকণ্ঠ ম০না ম ম,assam government recruitment recruitment,182,40,0.170966536,
E:\Project\Fake News Detection\images\real\45.jpg,real,WIKIMEDIA,three men in blue shirts and glasses,9,36,0.062321045,
E:\Project\Fake News Detection\images\real\4503.jpg,real,আমাদের ভাষা গণমানুষের মানবকণ্ঠ ম০না ম ম,a bee flying in the air with the words ' ' ' ' ' ' ' ' ' ' ' ' ' ' ' ' ' ' ' ' ' ' ' ' ' ' ' ' ' ' ',39,100,0.178711295,
E:\Project\Fake News Detection\images\real\4509.jpg,real,আমাদের ভাষা গণমানুষের মানবকণ্ঠ মা মল,a man eating a sandwich with the words ' eat ',36,46,0.017381325,
E:\Project\Fake News Detection\images\real\4516.jpg,real,আমাদের ভাষা গণমানুষের মানবকণ্ঠ ম০না ম মল,honey powder in hindi,40,21,0.273107529,
E:\Project\Fake News Detection\images\real\452.jpg,real,"বংলাদেশ ,",a person is paying a credit card from a person ' s hand,9,55,-0.014539871,
E:\Project\Fake News Detection\images\real\4521.jpg,real,আমাদের ভাষা গণমানুষের মানবকণ্ঠ 0 সনা ম০না ম ম,what is the best way to use whatsawhate in hindi?,45,49,0.310641885,
E:\Project\Fake News Detection\images\real\4528.jpg,real,আমাদের ভাষা গণমানুষের মানবকণ্ঠ মনা মা ম,a radio tower with a blue sky in the background,39,47,0.06660305,
E:\Project\Fake News Detection\images\real\4532.jpg,real,আমাদের ভাষা গণমানুষের মানবকণ্ঠ মনা ম ম,a couple taking a selfie self self self self self self self self self self self self self self self self self self self self self self self self self self self self self self self,38,179,0.084239274,
E:\Project\Fake News Detection\images\real\4541.jpg,real,আমাদের ভাষা গণমানুষের মানবকণ্ঠ ম ম,a woman with dread dread dread dread dread dread dread dread dread dread dread dread dread dread dread dread dread dread,34,120,0.110277146,
E:\Project\Fake News Detection\images\real\4556.jpg,real,প্রত্যাশী সাধারণ শিক্ষারথীবৃন্দ আমাদের ভাষা গণমানুষের মানবকণ্ঠ চাকষি মন ম০না ম ম,a video of the meeting held by the bjp party in delhi,80,53,0.340339184,
E:\Project\Fake News Detection\images\real\4557.jpg,real,আমাদের ভাষা গণমানুষের মানবকণ্ঠ মনা ম০না ম ম,a woman filling petrol into her car,43,35,0.10089317,
E:\Project\Fake News Detection\images\real\4559.jpg,real,হিমেল কাপউটার আমাদের ভাষা গণমানুষের 9/ মানবকণ্ঠ ম,a crowd of people are seen in a bus,49,35,0.10022828,
E:\Project\Fake News Detection\images\real\4573.jpg,real,"0 SIREETCHETh International for Street Children 2026 Banglade ttonal Mbsetim Prot &, Nof আমাদের ভাষা গণমানুষের মানবকণ্ঠ Day মন মা ম",the international day for children 2020,131,39,0.488734931,
E:\Project\Fake News Detection\images\real\4577.jpg,real,আমাদের ভাষা গণমানুষের মানবকণ্ঠ মনা ম ম,a group of people cutting a ribbon at a ceremony,38,48,0.134380341,
E:\Project\Fake News Detection\images\real\4582.jpg,real,আমাদের ভাষা গণমানুষের মানবকণ্ঠ মা ম,fire breaks through a building in mumbai,35,40,0.118578359,
E:\Project\Fake News Detection\images\real\4587.jpg,real,আমাদের ভাষা গণমানুষের মানবকণ্ঠ ম০না ম ম,a busy street filled with cars and people,39,41,0.062392414,
E:\Project\Fake News Detection\images\real\4590.jpg,real,আমাদের ভাষা গণমানুষের মানবকণ্ঠ MC $63120 Hc 56312097 মা ম,ru ru ru ru ru ru ru ru ru ru ru ru ru ru ru ru ru ru ru ru ru ru ru ru ru ru ru ru,57,83,0.170206189,
E:\Project\Fake News Detection\images\real\4592.jpg,real,আমাদের ভাষা গণমানুষের মানবকণ্ঠ মা ম,a view of the city of ahmedabad with the words ' delhi ' in hindi,35,65,0.346571207,
E:\Project\Fake News Detection\images\real\4595.jpg,real,আমাদের ভাষা গণমানুষের মানবকণ্ঠ ম মল,a woman standing in front of a market,35,37,-0.004951799,
E:\Project\Fake News Detection\images\real\4598.jpg,real,( 0 আমাদের ভাষা গণমানুষের মানবকণ্ঠ ম০না ম ম,petrol prices in india,43,22,0.195273459,
E:\Project\Fake News Detection\images\real\46.jpg,real,"2021 Redmi 4|1 C11 """,the new smartphones are available in various colors,20,51,0.167474568,
E:\Project\Fake News Detection\images\real\4610.jpg,real,আমাদের ভাষা গণমানুষের মানবকণ্ঠ মা মল,a ship in the ocean with a large tanker,36,39,0.062351916,
E:\Project\Fake News Detection\images\real\4611.jpg,real,বরিশাল_বিশ্ববিদ্যালয় UNIVERSIIYOEBARISAL আমাদের ভাষা গণমানুষের মানবকণ্ঠ ম,the university of bihar,74,23,0.422390401,
E:\Project\Fake News Detection\images\real\464.jpg,real,,a man with a beard and glasses,0,30,,
E:\Project\Fake News Detection\images\real\4642.jpg,real,Eastem University আমাদের ভাষা গণমানুষের মানবকণ্ঠ ম মল,a group of men sitting at a table with a banner in the background,53,65,0.07675837,
E:\Project\Fake News Detection\images\real\4662.jpg,real,আমাদের ভাষা গণমানুষের মানবকণ্ঠ মা ম,a crowd of people in a room with a banner,35,41,0.07091406,
E:\Project\Fake News Detection\images\real\4664.jpg,real,আমাদের ভাষা গণমানুষের মানবকণ্ঠ সন ম ম,a woman sitting at a table with a glass of wine,37,47,0.113191217,
E:\Project\Fake News Detection\images\real\4668.jpg,real,আমাদের ভাষা গণমানুষের মানবকণ্ঠ মা ম,a man in a white shirt and a red and white shirt with the words ' ' ' ' ' ',35,75,0.093470395,
E:\Project\Fake News Detection\images\real\4684.jpg,real,আমাদের ভাষা গণমানুষের মানবকণ্ঠ ম০না মা মল,gold jewellery in india,41,23,0.089147568,
E:\Project\Fake News Detection\images\real\4688.jpg,real,আমাদের ভাষা গণমানুষের মানবকণ্ঠ ম ম,oil extraction machine,34,22,0.104875877,
E:\Project\Fake News Detection\images\real\4691.jpg,real,আমাদের ভাষা গণমানুষের মানবকণ্ঠ ম ম,a man and woman are standing in front of a building,34,51,0.018823778,
E:\Project\Fake News Detection\images\real\4697.jpg,real,আমাদের ভাষা গণমানুষের মানবকণ্ঠ মা মল,a woman in a gold dress is surrounded by people,36,47,-0.054997839,
E:\Project\Fake News Detection\images\real\4709.jpg,real,আমাদের ভাষা গণমানুষের মানবকণ্ঠ মন ম ম,a man is riding a rick cart through a flooded street in dhaka,37,61,0.096786246,
E:\Project\Fake News Detection\images\real\4723.jpg,real,"বাংলাদে পুালশ পূর্ব থানা মেট্রোপ পুলিশ, ঢ় আমাদের ভাষা গণমানুষের মানবকণ্ঠ উত্তরা ঘ১9 ম ম",a man is seen in the middle of a street in mumbai,88,49,0.096273564,
E:\Project\Fake News Detection\images\real\4739.jpg,real,আমাদের ভাষা গণমানুষের মানবকণ্ঠ মা ম,a girl with a guitar and a microphone,35,37,0.028636593,
E:\Project\Fake News Detection\images\real\474.jpg,real,,two men shaking hands in front of a wooden wall,0,47,,
E:\Project\Fake News Detection\images\real\4756.jpg,real,আমাদের ভাষা গণমানুষের মানবকণ্ঠ মনা ম০না ম ম,a woman in a yellow dress sitting on a bench next to a man in a black suit,43,74,0.019763857,
E:\Project\Fake News Detection\images\real\4761.jpg,real,আমাদের ভাষা গণমানুষের মানবকণ্ঠ ম ম,a man is lying in a hospital bed,34,32,-0.050432228,
E:\Project\Fake News Detection\images\real\4773.jpg,real,আমাদের ভাষা গণমানুষের মানবকণ্ঠ ম মল,a video of a man speaking in a speech,35,37,0.089587025,
E:\Project\Fake News Detection\images\real\4776.jpg,real,আমাদের ভাষা গণমানুষের মানবকণ্ঠ ম,a man with a beard and a beard in a green background,32,52,-0.000945153,
E:\Project\Fake News Detection\images\real\478.jpg,real,,president donald trump arrives at the airport in washington on monday,0,69,,
E:\Project\Fake News Detection\images\real\4789.jpg,real,আমাদের ভাষা গণমানুষের মানবকণ্ঠ ঞন ম ম,a large number of shipping containers are stacked up in the port,37,64,0.04037831,
E:\Project\Fake News Detection\images\real\4790.jpg,real,0 U N T RELEASEDURING EID-UL-ADHA 2026 আমাদের ভাষা গণমানুষের মানবকণ্ঠ ১9 মা ম,the song of the upcoming movie ' tash ' is out,77,46,0.131923795,
E:\Project\Fake News Detection\images\real\4791.jpg,real,আমাদের ভাষা গণমানুষের মানবকণ্ঠ ম ম,petrol prices in india,34,22,0.197887674,
E:\Project\Fake News Detection\images\real\480.jpg,real,,a man standing on a stage with a microphone,0,43,,
E:\Project\Fake News Detection\images\real\4800.jpg,real,আমাদের ভাষা গণমানুষের মানবকণ্ঠ ম ম,the bjp party is taking a stand in the village,34,46,0.345647752,
E:\Project\Fake News Detection\images\real\4806.jpg,real,SHAITO 99 রবি আমাদের ভাষা গণমানুষের মানবকণ্ঠ মনা ম০না মা,"bangladesh vs pakistan, 2nd test match, day 3, day 3",56,52,0.199210688,
E:\Project\Fake News Detection\images\real\4820.jpg,real,>রবি আমাদের ভাষা গণমানুষের মানবকণ্ঠ IIUSHFIQUR 15 মনা ম মল,"bangladesh vs bangladesh, 2nd test match, day 3",58,47,0.194459587,
E:\Project\Fake News Detection\images\real\4828.jpg,real,আমাদের ভাষা গণমানুষের 9/ মানবকণ্ঠ ঞন,a woman in a blue and red outfit is holding a pole,36,50,-0.048582189,
E:\Project\Fake News Detection\images\real\4834.jpg,real,99 পরবি আমাদের ভাষা গণমানুষের মানবকণ্ঠ SHANTO মনা ম০না মা মল,"bangladesh vs bangladesh, 3rd test match, day 3",60,47,0.174102455,
E:\Project\Fake News Detection\images\real\4837.jpg,real,আমাদের ভাষা গণমানুষের মানবকণ্ঠ ঞনা ম ম,"bjp party leader, bharat singh singh singh singh singh singh singh singh singh singh singh singh singh singh singh",38,114,0.311578274,
E:\Project\Fake News Detection\images\real\484.jpg,real,,a group of people posing for a photo in front of a building,0,59,,
E:\Project\Fake News Detection\images\real\4844.jpg,real,79 SHORT rovo^ 5 আমাদের ভাষা গণমানুষের মানবকণ্ঠ oI^ মনা ম মল,the pakistan team celebrating after winning the match,60,53,0.117526792,
E:\Project\Fake News Detection\images\real\4847.jpg,real,আমাদের ভাষা গণমানুষের মানবকণ্ঠ ম০না ম,a woman standing in front of a tree with flowers,37,48,0.0999697,
E:\Project\Fake News Detection\images\real\4860.jpg,real,ধ| চুক্তি বাতিলেব দাসিয আমাদের ভাষা গণমানুষের মানবকণ্ঠ বাণিজা ম মল,a protest in mumbai against the citizenship act,66,47,-0.046508159,
E:\Project\Fake News Detection\images\real\4866.jpg,real,আমাদের ভাষা গণমানুষের মানবকণ্ঠ মা ম,a man in a suit and tie with the words ' ' ' ' ' ' ' ' ' ' ' ' ' ' ' ' ' ' ' ' ' ' ' ' ' ' ' ' ' ',35,98,0.088782378,
E:\Project\Fake News Detection\images\real\4876.jpg,real,আমাদের ভাষা গণমানুষের মানবকণ্ঠ ১g মনা মা ম,a woman in a blue dress and a man in a blue shirt,42,49,-0.011174215,
E:\Project\Fake News Detection\images\real\4901.jpg,real,আমাদের ভাষা গণমানুষের মানবকণ্ঠ ৩১গ ম০না ম মল,trump and xi meet in china,44,26,-0.010330787,
E:\Project\Fake News Detection\images\real\4904.jpg,real,আমাদের ভাষা গণমানুষের মানবকণ্ঠ মন মা মল,a girl in a yellow top and blue skirt,39,37,0.062139709,
E:\Project\Fake News Detection\images\real\4905.jpg,real,আমাদের ভাষা গণমানুষের মানবকণ্ঠ ম মল,a woman in a blue dress sitting on a white chair,35,48,0.056636747,
E:\Project\Fake News Detection\images\real\4911.jpg,real,দ বঁধুয়ার গঢ] আমাদের ভাষা গণমানুষের মানবকণ্ঠ ম ম,the bigg show with the contestants,48,34,0.035695624,
E:\Project\Fake News Detection\images\real\4921.jpg,real,আমাদের ভাষা গণমানুষের মানবকণ্ঠ ১ মনা ম,a green building with a tree in front of it,38,43,0.061835855,
E:\Project\Fake News Detection\images\real\4927.jpg,real,আমাদের ভাষা গণমানুষের মানবকণ্ঠ মনা ম মল,a group of people in protective gear standing in a field,39,56,-0.01326903,
E:\Project\Fake News Detection\images\real\4935.jpg,real,আমাদের ভাষা গণমানুষের মানবকণ্ঠ মনা ম ম,a video of the syrian army in the syrian city of aleppo,38,55,0.075048387,
E:\Project\Fake News Detection\images\real\4962.jpg,real,আমাদের ভাষা গণমানুষের মানবকণ্ঠ ম০না ম ম,a man is seen in this image of a fake fake fake fake fake fake fake fake fake fake fake fake,39,92,0.022545112,
E:\Project\Fake News Detection\images\real\497.jpg,real,,a group of people standing in a street,0,38,,
E:\Project\Fake News Detection\images\real\4972.jpg,real,১বি | রবি আমাদের ভাষা গণমানুষের মানবকণ্ঠ রবি ম০না ম ম,bangladesh cricket team celebrating after winning the match,53,59,0.146902636,
E:\Project\Fake News Detection\images\real\4974.jpg,real,আমাদের ভাষা গণমানুষের মানবকণ্ঠ ম,trump ' s speech at the inauguration,32,36,0.068494648,
E:\Project\Fake News Detection\images\real\4979.jpg,real,80 আমাদের ভাষা গণমানুষের মানবকণ্ঠ রবি ; মনা ম মল,"bangladesh vs bangladesh, 3rd test, day 3, day 3",48,48,0.183549464,
E:\Project\Fake News Detection\images\real\4990.jpg,real,সবাদী দল আমাদের ভাষা গণমানুষের মানবকণ্ঠ মনা ম ম,the bjp party has been to be in the polls,47,41,0.383317053,
E:\Project\Fake News Detection\images\real\4994.jpg,real,'|9! @I9!! ICIIII আমাদের ভাষা গণমানুষের মানবকণ্ঠ ঞন ম ম,a man in a suit sitting at a desk with a microphone,55,51,0.01231375,
E:\Project\Fake News Detection\images\real\5.jpg,real,"Global Brand Awards 2025 UAITON DIGITGC| Walton Digi-Tech Industries Ltd Most TrustedIT & Electronics Munufacturer Bangludesh, 2025",the award for best digital media in the world,131,45,0.464040279,
E:\Project\Fake News Detection\images\real\5003.jpg,real,আমাদের ভাষা গণমানুষের মানবকণ্ঠ ১9,power lines and electricity towers in hindi,33,43,0.243651971,
E:\Project\Fake News Detection\images\real\5009.jpg,real,রবি আমাদের ভাষা গণমানুষের মানবকণ্ঠ মনা ম০না ম ম,"bangladesh vs bangladesh, match match, match match, match match, match match, match match, match match",47,102,0.188457876,
E:\Project\Fake News Detection\images\real\5017.jpg,real,আমাদের ভাষা গণমানুষের মানবকণ্ঠ ম মল,a woman is lying in a hospital bed,35,34,-0.033973657,
E:\Project\Fake News Detection\images\real\502.jpg,real,"মাননীয় প্রধানম চযারম্যান, বাং মোঃ হসদ সদস্য ২ সদস্য, আয়োজনে: উপ","bjp candidate in gujarat, says bjp is not a candidate",63,53,0.307983518,
E:\Project\Fake News Detection\images\real\5034.jpg,real,আমাদের ভাষা গণমানুষের মানবকণ্ঠ মা ম,the first look of the upcoming movie is here,35,44,0.079217486,
E:\Project\Fake News Detection\images\real\5054.jpg,real,আমাদের ভাষা গণমানুষের মানবকণ্ঠ ২১9 ম০না মা মল,a woman in a hospital room with a man in the background,45,55,0.029921221,
E:\Project\Fake News Detection\images\real\5055.jpg,real,গণপ্রজাতন্ত্রী বাংলাদেশ সরকার 5 সন ১২৩৪৫৬৭ পাঁচ টাকা সংন১৩৪৫৬৭ আমাদের ভাষা গণমানুষের মানবকণ্ঠ ম মল,the new currency in bangladesh,98,30,0.203979343,
E:\Project\Fake News Detection\images\real\5057.jpg,real,আমাদের ভাষা গণমানুষের মানবকণ্ঠ ৩১গ ম,a man in glasses and a blue shirt sits at a table with a laptop,36,63,0.096639752,
E:\Project\Fake News Detection\images\real\5081.jpg,real,আমাদের ভাষা গণমানুষের মানবকণ্ঠ ম,a woman is seen in a photo of her family in the village of uttar,32,64,0.212494567,
E:\Project\Fake News Detection\images\real\5084.jpg,real,আমাদের ভাষা গণমানুষের মানবকণ্ঠ ম ম,iran fans in the stands at the stadium,34,38,0.015486141,
E:\Project\Fake News Detection\images\real\5088.jpg,real,আমাদের ভাষা গণমানুষের মানবকণ্ঠ 9 1000 মনা ম ম,ru ru ru ru ru ru ru ru ru ru ru ru ru ru ru ru ru ru ru ru ru ru ru ru ru ru ru ru,45,83,0.145842627,
E:\Project\Fake News Detection\images\real\5105.jpg,real,আমাদের ভাষা গণমানুষের মানবকণ্ঠ মনা ম মল,a bus is stopped at a busy street in bangladesh,39,47,0.155169144,
E:\Project\Fake News Detection\images\real\5109.jpg,real,,default default default default default default default default default default default default default default default default default default default default default,0,167,,
E:\Project\Fake News Detection\images\real\5112.jpg,real,ায় হাম উপসর্গ আমাদের ভাষা গণমানুষের মানবকণ্ঠ ম,a woman sitting on a bed next to a child,47,40,0.073791333,
E:\Project\Fake News Detection\images\real\512.jpeg,real,"Vision #y 16, 2026 10:30 AM Telecom Future: NeW ৫overnmment's",a man standing at a podium with a microphone,61,44,0.094128989,
E:\Project\Fake News Detection\images\real\514.jpg,real,,a group of people walking down a street in the rain,0,51,,
E:\Project\Fake News Detection\images\real\5148.jpg,real,আমাদের ভাষা গণমানুষের মানবকণ্ঠ ম০ন ম ম,a train that is on the tracks with people walking around,38,56,0.093165487,
E:\Project\Fake News Detection\images\real\5157.jpg,real,আমাদের ভাষা গণমানুষের মানবকণ্ঠ ম ম,a man in a military uniform salutes his hat,34,43,-0.081631221,
E:\Project\Fake News Detection\images\real\516.jpg,real,,a helicopter is being lowered by a man,0,38,,
E:\Project\Fake News Detection\images\real\5162.jpg,real,আমাদের ভাষা গণমানুষের মানবকণ্ঠ মন মা মল,a jet flying through the sky with a blue sky background,39,55,0.088551305,
E:\Project\Fake News Detection\images\real\5166.jpg,real,আমাদের ভাষা গণমানুষের মানবকণ্ঠ 9|0 ষত্ত্য ম ম,a woman is surrounded by a crowd of students in dhaka,45,53,0.159776583,
E:\Project\Fake News Detection\images\real\5180.jpg,real,আমাদের ভাষা গণমানুষের মানবকণ্ঠ মনা ম০না ম ম,a road with a sign that says ' no to the road ',43,47,0.122962028,
E:\Project\Fake News Detection\images\real\5184.jpg,real,আমাদের ভাষা গণমানুষের মানবকণ্ঠ ম ম,a group of people standing around a pile of sandbags,34,52,0.096231394,
E:\Project\Fake News Detection\images\real\519.jpg,real,,a man is loading a large pile of luggage,0,40,,
E:\Project\Fake News Detection\images\real\5212.jpg,real,আমাদের ভাষা গণমানুষের মানবকণ্ঠ ৩১গ ন ম মল,the bangladesh women ' s cricket team posing for a photo,41,56,0.102663182,
E:\Project\Fake News Detection\images\real\5219.jpg,real,আমাদের ভাষা গণমানুষের মানবকণ্ঠ ম০না ম মল,a man in a white outfit stands in front of a building,40,53,-0.031643365,
E:\Project\Fake News Detection\images\real\5227.jpg,real,আমাদের ভাষা গণমানুষের মানবকণ্ঠ মা,a road with a tree that has fallen down,33,39,0.119204454,
E:\Project\Fake News Detection\images\real\5228.jpg,real,অপটিকস শ মিরপুর্ে রামিসাসহ সারাদেশে নার্নী শিশড ধর্ষণ খুন নির্যাতনে জড়িতদেন মা গণপরিবহনে নাম্নীদের নিরাপত্তা নিশ্চ্চিত কম্প ! আমাদের ভাষা গণমানুষের মানবকণ্ঠ ১g ম ম,a group of people holding a banner in the street,163,48,0.021078199,
E:\Project\Fake News Detection\images\real\5231.jpg,real,আমাদের ভাষা গণমানুষের মানবকণ্ঠ ম০না মা ম,the man who is the best man in the world?,40,41,0.126846448,
E:\Project\Fake News Detection\images\real\5233.jpg,real,আমাদের ভাষা গণমানুষের মানবকণ্ঠ মল,a woman in a pink scarf holds a baby,33,36,0.079056382,
E:\Project\Fake News Detection\images\real\5241.jpg,real,আমাদের ভাষা গণমানুষের মানবকণ্ঠ মনা ম মল,a crowd of people standing in front of a building,39,49,0.038354371,
E:\Project\Fake News Detection\images\real\5258.jpg,real,$ আমাদের ভাষা গণমানুষের মানবকণ্ঠ ংলাদেশ ব্যাংঠ মনা ম০না ম ম,money in bangladesh,59,19,0.24562408,
E:\Project\Fake News Detection\images\real\5260.jpg,real,আমাদের ভাষা গণমানুষের মানবকণ্ঠ সনা ম মল,a man in a white shirt and sunglasses is standing in front of a white wall with a red and blue,39,94,-0.032563411,
E:\Project\Fake News Detection\images\real\5268.jpg,real,আমাদের ভাষা গণমানুষের মানবকণ্ঠ মা ম,a crowd of people walking down a street at night,35,48,0.122947618,
E:\Project\Fake News Detection\images\real\5292.png,real,,a man and woman standing next to each other people,0,50,,
E:\Project\Fake News Detection\images\real\5297.png,real,সড়ক দুর্ঘটনা,a road with a sign that says no to the road,12,43,0.152008861,
E:\Project\Fake News Detection\images\real\5298.png,real,FRECI TLPII,bjp supporters burn a box of petrol during a protest in new delhi on tuesday,11,76,-0.005824141,
E:\Project\Fake News Detection\images\real\5300.png,real,,a street intersection with a crosswalk and a traffic light,0,58,,
E:\Project\Fake News Detection\images\real\5302.png,real,,a woman casts her ballot at a polling station in mumbai,0,55,,
E:\Project\Fake News Detection\images\real\5305.png,real,,a man is seen in a crowded street in mumbai,0,43,,
E:\Project\Fake News Detection\images\real\5308.png,real,"বাম গণতান্ত্রিক জোট, বাংলাদেশ জাসদ, ফ্যাসিবাদ বিরোধী বাম মোর্চা প্রেস বিজ্ঞপ্তি/ ৪ আগস্ট ২০২৪ দলসমূহের সভা অনুষ্ঠিত এখনই পদত্যাগ করে অন্তবর্তী সরকারের কাছে ক্ষমতা হস্তান্তর করুন বাম গণতাম্ত্রিক জোট; ফ্যাসিবাদ বিরোধী বাম মোর্চা ও বাংলাদেশ জাসদ নেতৃবৃন্দের এক সভা আজ ৪ সমন্বয়ক ও বাসদের সাধারণ সম্পাদক কমরেড বজলুর রশীদ ফিরোজের সভাপতিত্বে অনুষ্ঠিত সভায় মুশতাক হোসেন; বিপ্লবী কমিউনিস্ট লীগের সাধারণ সম্পাদক ইকবাল কবির জাহিদ; গণতাম্ত্রিক বিপ্লবী পার্টি সাধারণ সম্পাদক মোশরেফা বাসদ (মার্কসবাদী) সমন্বয়ক মাসুদ রানা, সমাজতাম্ত্রিক পার্টির রুবেল সিকদার; ফ্যাসিবাদী বিরোধী বাম মোর্চার সমন্বয়ক নয়াগণতাম্ত্রিক গণমোরচার সভাপতি জাফর হোসেন, সাম্যবাদী আন্দোলনের বেলাল চৌধুরী, গণমুক্তি ইউনিয়নের আহ্বায়ক নাসির উদ্দিন নাসু, জাতীয় গণতাম্ত্রিক গণমঞ্চের সভাপতি মাসুদ খান, বাসদ (মাহবুব) মহিন উদ্দিন (মার্কসবাদী) নেতা জয়দ্বীপ ভট্টাচার্য / সভার এক প্রস্তাবে আজও সারা দেশে ছাত্র জনতার উপর পুলিশ ছাত্রলীগ-যুবলীগ-আওয়ামী বলা হয়, সরকার পদত্যাগ করতে যতই বিলম্ব করছে প্রাণহানিসহ জানমালের ক্ষয়ক্ষতি ততোই শেখ হাসিনা সরকারকে পদত্যাগ করে অস্তবর্তী সরকারের কাছে ক্ষমতা হস্তাস্তরের জোর দাবি জানানো হয়| বাম মিশু,",the assam text in bengali language,1081,34,0.208761275,
E:\Project\Fake News Detection\images\real\5311.png,real,,people walking on a bridge with a bunch of flowers,0,50,,
E:\Project\Fake News Detection\images\real\5314.png,real,,a group of people in uniforms marching down a street,0,52,,
E:\Project\Fake News Detection\images\real\5331.png,real,সম্নাসরি,a man in a suit and tie speaking at a podium,8,44,0.072845124,
E:\Project\Fake News Detection\images\real\5344.png,real,,a woman in a white outfit stands on a stage with a microphone,0,61,,
E:\Project\Fake News Detection\images\real\5347.png,real,,naji and sonia sonia sonia sonia sonia sonia sonia sonia sonia sonia sonia sonia sonia sonia sonia sonia sonia sonia,0,116,,
E:\Project\Fake News Detection\images\real\5348.png,real,Brexit: isit it? worth,brt is worth?,22,13,0.549535096,
E:\Project\Fake News Detection\images\real\5369.png,real,,a man and woman standing in front of a tree,0,43,,
E:\Project\Fake News Detection\images\real\5370.png,real,দৌড়দুন ফাঁসি চাই ফাসি সুনামগঞ্জ জেলা দোয়া মরামুন,"a protest in the city of lucknow, india",49,39,0.256682843,
E:\Project\Fake News Detection\images\real\5374.png,real,,a boat is on the water near a bridge,0,36,,
E:\Project\Fake News Detection\images\real\5379.png,real,,shah shah ' s first look in the movie,0,37,,
E:\Project\Fake News Detection\images\real\5380.png,real,,a large ship is sailing in the water,0,36,,
E:\Project\Fake News Detection\images\real\5386.png,real,,people are standing on the side of a road,0,41,,
E:\Project\Fake News Detection\images\real\5387.png,real,@ %,a cartoon of two hands reaching over a pile of money,3,52,0.064065881,
E:\Project\Fake News Detection\images\real\539.jpg,real,10! 2 3 |8,a group of people sitting around a table,10,40,0.088199168,
E:\Project\Fake News Detection\images\real\5393.png,real,,a man with red hair and beards,0,30,,
E:\Project\Fake News Detection\images\real\5394.png,real,,a dinosaur in the middle of a forest,0,36,,
E:\Project\Fake News Detection\images\real\5400.png,real,,"the prime of india, shrian singh singh singh singh singh singh singh singh singh singh singh singh singh singh",0,110,,
E:\Project\Fake News Detection\images\real\5405.png,real,,a group of people standing in front of a tent,0,45,,
E:\Project\Fake News Detection\images\real\5407.png,real,,a group of men in military uniforms walking down a runway,0,57,,
E:\Project\Fake News Detection\images\real\541.jpg,real,,a woman in a purple sari,0,24,,
E:\Project\Fake News Detection\images\real\5432.png,real,,a man holding a cricket ball and a bat,0,38,,
E:\Project\Fake News Detection\images\real\5433.png,real,,the old post office in the city of london,0,41,,
E:\Project\Fake News Detection\images\real\5440.png,real,,congress party leader krunal reddy reddy reddy reddy reddy reddy reddy reddy reddy reddy reddy reddy reddy reddy reddy,0,118,,
E:\Project\Fake News Detection\images\real\5446.png,real,,a large ship in the ocean,0,25,,
E:\Project\Fake News Detection\images\real\5464.png,real,,a person holding a handgun in their hand,0,40,,
E:\Project\Fake News Detection\images\real\547.jpg,real,,people are walking down the street with umbrellas,0,49,,
E:\Project\Fake News Detection\images\real\5473.png,real,,two men in suits and ties are standing next to each other men,0,61,,
E:\Project\Fake News Detection\images\real\5477.png,real,,the meeting room of the ministry of the islamic community,0,57,,
E:\Project\Fake News Detection\images\real\5483.png,real,,women in colorful sars stand in a line,0,38,,
E:\Project\Fake News Detection\images\real\5484.png,real,B9060 BRZRR বঙ্গ বাজ্জার Lebara :0 0425,a store with a sign that says bon bar,39,37,0.140672967,
E:\Project\Fake News Detection\images\real\5489.png,real,,trump and hezbollah are pictured in this composite image,0,56,,
E:\Project\Fake News Detection\images\real\5497.png,real,,a person is getting an oxygen in the face,0,41,,
E:\Project\Fake News Detection\images\real\5506.png,real,,a bed is in the middle of a village,0,35,,
E:\Project\Fake News Detection\images\real\5512.png,real,collo,indian cricket team celebrating in the streets,5,46,0.071496747,
E:\Project\Fake News Detection\images\real\5515.png,real,,the group of men in suits and ties holding a green certificate,0,62,,
E:\Project\Fake News Detection\images\real\5518.png,real,,three men are seen in this composite image,0,42,,
E:\Project\Fake News Detection\images\real\5523.png,real,,a group of people working on a construction site,0,48,,
E:\Project\Fake News Detection\images\real\5524.png,real,,"ran kun and his wife, anush khan",0,32,,
E:\Project\Fake News Detection\images\real\5536.png,real,,a construction site in the philippines,0,38,,
E:\Project\Fake News Detection\images\real\5542.png,real,,a man in a suit and tie standing in front of a tree,0,51,,
E:\Project\Fake News Detection\images\real\5583.png,real,,a woman in a pink hina sitting on a couch,0,41,,
E:\Project\Fake News Detection\images\real\5587.png,real,,a group of people sitting around a long table,0,45,,
E:\Project\Fake News Detection\images\real\5609.png,real,unicef ABETTER BAHGUADESH FOREVERLGHILD C MAINII,a woman standing in front of a crowd,48,36,0.129629776,
E:\Project\Fake News Detection\images\real\5612.png,real,,a man with glasses and a beard sings into a microphone,0,54,,
E:\Project\Fake News Detection\images\real\5614.png,real,,the sun logo,0,12,,
E:\Project\Fake News Detection\images\real\5617.png,real,,a man in a suit and tie speaking into a microphone,0,50,,
E:\Project\Fake News Detection\images\real\5619.png,real,,a woman in a blue dress is looking up,0,37,,
E:\Project\Fake News Detection\images\real\5625.png,real,ঢাকা-পম্ীপর,a man is dancing on the street in front of a building,11,53,0.062141601,
E:\Project\Fake News Detection\images\real\5626.png,real,|,a man with a beard and a scarf,1,30,-0.00117477,
E:\Project\Fake News Detection\images\real\5638.png,real,,a man in a police uniform is looking at a cell,0,46,,
E:\Project\Fake News Detection\images\real\5644.png,real,,a group of people riding motorcycles down a street,0,50,,
E:\Project\Fake News Detection\images\real\565.jpg,real,,"two men in suits and ties, one wearing glasses",0,46,,
E:\Project\Fake News Detection\images\real\5660.png,real,,a group of students sitting at desks in a classroom,0,51,,
E:\Project\Fake News Detection\images\real\5666.png,real,,"the team of the film, ' ' '",0,27,,
E:\Project\Fake News Detection\images\real\5680.png,real,ছুঁ srarneus,a man in a white shirt and black pants speaking into microphones,12,64,0.141978353,
E:\Project\Fake News Detection\images\real\5683.png,real,,people stand in front of a destroyed building,0,45,,
E:\Project\Fake News Detection\images\real\5684.png,real,,a group of people holding signs on a street,0,43,,
E:\Project\Fake News Detection\images\real\5688.png,real,ঢাকা কীফ মেট্রোপলিটন স্যাজিস্ট্রেট কোট,a white building with a sign that says ' india ',38,48,0.235756934,
E:\Project\Fake News Detection\images\real\5699.png,real,,a group of people are playing music in a room,0,45,,
E:\Project\Fake News Detection\images\real\5704.png,real,,a group of men in blue uniforms are fighting,0,44,,
E:\Project\Fake News Detection\images\real\5708.png,real,,a fire hydra is seen in the middle of a street in the city of san,0,65,,
E:\Project\Fake News Detection\images\real\5716.png,real,,a man in a suit and tie walking down a street,0,45,,
E:\Project\Fake News Detection\images\real\5726.png,real,CTION SHO,a man sitting on the ground with his feet up and his legs crossed,9,65,0.043558594,
E:\Project\Fake News Detection\images\real\5729.png,real,,a still of ran k khali and anusha khali,0,39,,
E:\Project\Fake News Detection\images\real\5731.png,real,,a man with a long beard and a tuk,0,33,,
E:\Project\Fake News Detection\images\real\5738.png,real,,two people in traditional clothing and hats are smiling,0,55,,
E:\Project\Fake News Detection\images\real\5754.png,real,,anusha mukherjee in green dress,0,31,,
E:\Project\Fake News Detection\images\real\5758.png,real,,two men standing next to each other men,0,39,,
E:\Project\Fake News Detection\images\real\5764.png,real,,a man in a suit and tie standing next to another man in a suit,0,62,,
E:\Project\Fake News Detection\images\real\5774.png,real,,a woman with a yellow dress and a necklace,0,42,,
E:\Project\Fake News Detection\images\real\5777.png,real,"D'ART 27.0& ^582 ,82 )82",a man standing in front of a blue wall,24,38,0.087838829,
E:\Project\Fake News Detection\images\real\5794.png,real,,a group of men sitting around a table,0,37,,
E:\Project\Fake News Detection\images\real\5795.png,real,,a group of people are gathered around a car,0,43,,
E:\Project\Fake News Detection\images\real\5798.png,real,,a man standing at a podium with a microphone,0,44,,
E:\Project\Fake News Detection\images\real\5800.png,real,,a man standing at a podium with microphones,0,43,,
E:\Project\Fake News Detection\images\real\5804.png,real,,a woman in a headscar sits at a table with a microphone,0,55,,
E:\Project\Fake News Detection\images\real\5806.png,real,,a man in a suit and tie sitting at a table,0,42,,
E:\Project\Fake News Detection\images\real\5811.png,real,,people sitting on the grass in front of a building,0,50,,
E:\Project\Fake News Detection\images\real\5815.png,real,Us Istrael WVRED ORDER KHILAFAI,a group of people sitting at a table with microphones,31,53,-0.022773441,
E:\Project\Fake News Detection\images\real\5818.png,real,গদদ @9,bjp rally in delhi,6,18,0.23011525,
E:\Project\Fake News Detection\images\real\5823.png,real,WEJAREDPEN WATERIswIMMIN,two men holding a large flag in front of a sign,24,47,-0.009939738,
E:\Project\Fake News Detection\images\real\5824.png,real,,a man in a white shirt and glasses speaking into a microphone,0,61,,
E:\Project\Fake News Detection\images\real\5825.png,real,,students in the lecture hall,0,28,,
E:\Project\Fake News Detection\images\real\5841.png,real,,a couple kissing in the stands at the olympics,0,46,,
E:\Project\Fake News Detection\images\real\5844.png,real,,a man with a beard and a cap looks off to the side,0,50,,
E:\Project\Fake News Detection\images\real\5848.png,real,|(,"two men in suits and ties, one with a microphone",2,48,-0.036878951,
E:\Project\Fake News Detection\images\real\5849.png,real,TAYLOR 3,england players celebrate after the wicket of england ' s joe anderson,8,70,0.127580985,
E:\Project\Fake News Detection\images\real\5860.png,real,FIRST SECURITY FIRST SECURITY IISLANI BANK LTD. URIT FISIIB,a young boy holding a bat in front of a building,59,48,0.087257944,
E:\Project\Fake News Detection\images\real\5864.png,real,@0 SEPIE 4,a soccer player is laughing and looking up,10,42,0.089320853,
E:\Project\Fake News Detection\images\real\5867.png,real,,manchester united v manchester united - premier league,0,54,,
E:\Project\Fake News Detection\images\real\5868.png,real,10,a soccer player is running towards the camera,2,45,0.004164334,
E:\Project\Fake News Detection\images\real\5872.png,real,,a couple standing in front of a building,0,40,,
E:\Project\Fake News Detection\images\real\5874.png,real,,a man and woman talking to each other people,0,44,,
E:\Project\Fake News Detection\images\real\5880.png,real,,a woman looking through a magnit in an office,0,45,,
E:\Project\Fake News Detection\images\real\5884.png,real,,a group of people standing in front of a building,0,49,,
E:\Project\Fake News Detection\images\real\5891.png,real,,a group of children sitting at desks in a classroom,0,51,,
E:\Project\Fake News Detection\images\real\5894.png,real,15,children in school uniforms,2,27,0.217173666,
E:\Project\Fake News Detection\images\real\5900.png,real,,a classroom with children sitting at desks,0,42,,
E:\Project\Fake News Detection\images\real\5905.png,real,আপায নিণর বাংলাদেশ বৈশাসহ পচচম রোং মিতোরাম গোমাটি বালাদেশ বিবো,map of uttar,62,12,0.204666525,
E:\Project\Fake News Detection\images\real\5909.png,real,,a close up of a computer screen with a red background,0,53,,
E:\Project\Fake News Detection\images\real\5911.png,real,(,the astronauts are standing on a platform,1,41,-0.045770094,
E:\Project\Fake News Detection\images\real\5913.png,real,,two men in a black and white striped suit and a man in a black and white striped shirt,0,86,,
E:\Project\Fake News Detection\images\real\5916.png,real,,the parliament building in mumbai,0,33,,
E:\Project\Fake News Detection\images\real\5920.png,real,,two men in suits and ties standing next to each other men,0,57,,
E:\Project\Fake News Detection\images\real\5928.png,real,ছাত্র-জনতার বিপ্লবের অর্জন জুলাই সনদ' নিয়ে টালবাহানা ও 'গণভোট অধ্যাদেশ বাতিলের অপচেষ্টার প্রতিবাদে গভোট 4১০০৩ মরি ব,"bjp candidate in gujarat, maharashtra",116,37,0.284036487,
E:\Project\Fake News Detection\images\real\5929.png,real,,the prime of pakistan addresses to parliament,0,45,,
E:\Project\Fake News Detection\images\real\5932.png,real,,a man in a white suit and a white hat is standing in front of a microphone,0,74,,
E:\Project\Fake News Detection\images\real\5939.png,real,Unlversity of Diaka Vise Chancel : ;,"the minister of the state of punjab, dr khali, with the minister of the state of punjab",36,87,0.081481367,
E:\Project\Fake News Detection\images\real\5941.png,real,,a woman is sitting on the floor with her hands clasped,0,54,,
E:\Project\Fake News Detection\images\real\5946.png,real,,a long hallway with green lights and a long corridor,0,52,,
E:\Project\Fake News Detection\images\real\5948.png,real,9),a person holding a phone with a green and white logo,2,52,-0.005278851,
E:\Project\Fake News Detection\images\real\5976.png,real,84RCLAYS BARCLAYS,a woman is standing in front of a atm machine,17,45,0.037487522,
E:\Project\Fake News Detection\images\real\598.jpg,real,,two men in sunglasses and one wearing a green shirt,0,51,,
E:\Project\Fake News Detection\images\real\5986.png,real,,a person holding a micro micro micro micro micro micro micro micro micro micro micro micro micro micro micro micro micro,0,120,,
E:\Project\Fake News Detection\images\real\60.jpg,real,Chmso came0,three screens showing the different features of the app,11,55,-0.006930472,
E:\Project\Fake News Detection\images\real\6000.png,real,,a group of dinosaurs in a field canvas print,0,44,,
E:\Project\Fake News Detection\images\real\6001.png,real,,a green phone on top of a keyboard,0,34,,
E:\Project\Fake News Detection\images\real\6002.png,real,ADB Dream71 @,a person using a laptop with a dashboard on the screen,13,54,-0.022118235,
E:\Project\Fake News Detection\images\real\601.jpg,real,,video no more thandul thandul thandul thandul thandul thandul thandul thandul thandul thandul thandul thandul than,0,114,,
E:\Project\Fake News Detection\images\real\6021.png,real,,a pile of rice on a white surface,0,33,,
E:\Project\Fake News Detection\images\real\6029.png,real,,a group of people sitting around a table,0,40,,
E:\Project\Fake News Detection\images\real\6031.png,real,,a plate of food with a bowl of rice and a bowl of chicken curry,0,63,,
E:\Project\Fake News Detection\images\real\6036.png,real,,a bowl of rice with peas and peas,0,33,,
E:\Project\Fake News Detection\images\real\6046.png,real,,a man in a red scrub suit standing in a hospital hallway,0,56,,
E:\Project\Fake News Detection\images\real\6048.png,real,,a man and woman holding a bow and arrow,0,39,,
E:\Project\Fake News Detection\images\real\6052.png,real,,a woman in a pink dress and hina,0,32,,
E:\Project\Fake News Detection\images\real\6061.png,real,(,students in a lab,1,17,0.071594127,
E:\Project\Fake News Detection\images\real\6069.png,real,OpchAl Introducing ChatGPT Mevetrainedamodel called ChatGPT wvhich interacts Inaconversationalway Tne dialogue format makesit eomaltsmistakes challenge incorrect premises rerect nappropriaterequests,introducing the new chrome chrome chrome chrome chrome chrome chrome chrome chrome chrome chrome chrome chrome chrome chrome chrome chrome chrome,198,145,0.160130471,
E:\Project\Fake News Detection\images\real\6085.png,real,,a man drinking from a bottle in the fog,0,39,,
E:\Project\Fake News Detection\images\real\6088.png,real,,three surgeons performing surgery in a hospital,0,47,,
E:\Project\Fake News Detection\images\real\6097.png,real,9 ; 9',a row of test tubes filled with liquid,6,38,0.001933573,
E:\Project\Fake News Detection\images\real\6102.png,real,TM city bank,city bank logo,12,14,0.636593759,
E:\Project\Fake News Detection\images\real\6106.png,real,PAYচOR 8 SIAY Special Offer for Dhaka Travel Mart BOOKING PERIOD: 09-11 April 2026 STAY PERIOD: 09 April to 30 September 2026 sEPEARL HOTLINE # 09638999444,the resort at the beach resort in daya,155,38,0.255039215,
E:\Project\Fake News Detection\images\real\6110.png,real,,a man in a suit and tie sitting down,0,36,,
E:\Project\Fake News Detection\images\real\612.jpg,real,,people standing in a line outside a building,0,44,,
E:\Project\Fake News Detection\images\real\6121.png,real,,a group of people posing for a photo in front of a large ship,0,61,,
E:\Project\Fake News Detection\images\real\6136.png,real,,an old man with glasses and a shirt,0,35,,
E:\Project\Fake News Detection\images\real\6145.png,real,,the building at the entrance to the hotel,0,41,,
E:\Project\Fake News Detection\images\real\6146.png,real,,lotus sculpture in front of the national library of singapore,0,61,,
E:\Project\Fake News Detection\images\real\6147.png,real,,the hotel in hyderabad,0,22,,
E:\Project\Fake News Detection\images\real\6157.png,real,,rcc logo on a blue background,0,29,,
E:\Project\Fake News Detection\images\real\6162.jpg,real,Gror,a logo of the german multinational glox is seen on a smartphone in this illustration photo reuters,4,98,0.061300181,
E:\Project\Fake News Detection\images\real\6163.jpg,real,BTCL,the btl logo with a green globe,4,31,0.468264818,
E:\Project\Fake News Detection\images\real\6174.jpg,real,9,a person ' s finger is shown on an iphone,1,41,0.079819545,
E:\Project\Fake News Detection\images\real\6176.jpg,real,80:00:00,a robot working on a laptop,3,27,0.01262055,
E:\Project\Fake News Detection\images\real\6177.jpg,real,moltbook,a person holding a phone with the logo of netflix,8,49,0.146590754,
E:\Project\Fake News Detection\images\real\6187.jpg,real,,a laptop and a phone with a photo of a couple on the screen,0,59,,
E:\Project\Fake News Detection\images\real\6189.jpg,real,,the hua hua 6x is a new flagship flagship phone,0,47,,
E:\Project\Fake News Detection\images\real\619.jpg,real,,a fighter jet flying over a small plane,0,39,,
E:\Project\Fake News Detection\images\real\6231.jpg,real,,a woman sitting at a desk with a laptop,0,39,,
E:\Project\Fake News Detection\images\real\6242.jpg,real,,a family walking on a pier at sunset,0,36,,
E:\Project\Fake News Detection\images\real\6248.jpg,real,,the bodhila stuir stuir stuir stuir stuir stuir stuir stuir stuir stuir stuir stuir stuir stuir stuir stuir stuir stuir,0,119,,
E:\Project\Fake News Detection\images\real\6263.jpg,real,,a drilling rig being used for drilling oil in the gulf,0,54,,
E:\Project\Fake News Detection\images\real\6266.jpg,real,,a pile of clothes on the street in india,0,40,,
E:\Project\Fake News Detection\images\real\6275.jpg,real,_crosoift,"microsoft ceo, microsoft, stands in front of a wall of plants",9,61,0.037348606,
E:\Project\Fake News Detection\images\real\6292.jpg,real,,a woman holding a child in her arms,0,35,,
E:\Project\Fake News Detection\images\real\6296.jpg,real,Gunsy genius,a crowd of people standing around a large blue and yellow banner,12,64,0.01151517,
E:\Project\Fake News Detection\images\real\6308.jpg,real,ররীন্দ্রনীথ শত্তি ঠাকুর উদয়াপন আা,students perform a traditional dance,33,36,0.088103019,
E:\Project\Fake News Detection\images\real\6313.jpg,real,,gold prices rise in india,0,25,,
E:\Project\Fake News Detection\images\real\6322.jpg,real,,a man standing at a podium with a microphone,0,44,,
E:\Project\Fake News Detection\images\real\6325.jpg,real,গ আগ] বংজদেশ,the panelists at the event,12,26,0.060220558,
E:\Project\Fake News Detection\images\real\6331.jpg,real,,a man in a red shirt and white shirt,0,36,,
E:\Project\Fake News Detection\images\real\6333.jpg,real,নগরিব,the logo for the bangladesh - bangladesh - bangladesh - bangladesh - bangladesh - bangladesh - bangladesh - bangladesh - bangladesh,5,131,0.242587537,
E:\Project\Fake News Detection\images\real\6346.jpg,real,মামা ত্যাকাডের 6১0 ৩0 রক্ত নয় নয় বৃথা না জতীয 993 আর প্রতিবাদ অার যেতে (দব জ্াব : হত্রশ},people holding signs in protest in front of a building,90,54,0.027236667,
E:\Project\Fake News Detection\images\real\6348.jpg,real,,a man in a white shirt and sunglasses,0,37,,
E:\Project\Fake News Detection\images\real\635.jpg,real,,"the prime of india, shrian mukherjee, addressing to media",0,57,,
E:\Project\Fake News Detection\images\real\6358.jpg,real,,a wooden bowl filled with dried rai rai rai rai rai rai rai rai rai rai rai rai rai rai rai,0,91,,
E:\Project\Fake News Detection\images\real\6366.jpg,real,,a bunch of green and yellow mangos,0,34,,
E:\Project\Fake News Detection\images\real\6368.jpg,real,,a man in a suit and tie,0,23,,
E:\Project\Fake News Detection\images\real\6369.jpg,real,,a woman sitting at a table with a laptop,0,40,,
E:\Project\Fake News Detection\images\real\6377.jpg,real,বাংলাদেশ জামায়াতে ইসলামী '১.3|,the logo of the islamic organization,30,36,0.15306738,
E:\Project\Fake News Detection\images\real\6381.jpg,real,,a man sitting at a desk with his head in his hands,0,50,,
E:\Project\Fake News Detection\images\real\6386.jpg,real,আন্তঃবিশ্ববিদ্যালয ব্যাডমিন্টন ও টেনিস প্রতি গতা-২০০ ণীঅন,the winning team with their trophies,57,36,0.011484453,
E:\Project\Fake News Detection\images\real\6390.jpg,real,"ই-ঋণ BANK ঋণ ৮50,000 অনুমোদিত",a hand holding a phone with a bank and a wallet,29,47,0.236756027,
E:\Project\Fake News Detection\images\real\6391.jpg,real,,a man with glasses and a beard standing in front of a painting,0,62,,
E:\Project\Fake News Detection\images\real\6392.jpg,real,,a man sitting on a ledge with a city in the background,0,54,,
E:\Project\Fake News Detection\images\real\640.jpg,real,novibet,a soccer player is walking on the field,7,39,0.038047101,
E:\Project\Fake News Detection\images\real\6402.jpg,real,,a man and woman in traditional clothing smile at each other people,0,66,,
E:\Project\Fake News Detection\images\real\6411.jpg,real,,a man standing in the middle of a street,0,40,,
E:\Project\Fake News Detection\images\real\6413.jpg,real,পর্যাপ্ত চিকিংসার ব্যবছা ব ইউনুস গংদের বিচার থ শিশুদের চাই ঝঁচাও!,people holding posters and holding signs in front of a building,65,63,0.023882117,
E:\Project\Fake News Detection\images\real\6417.jpg,real,বাংলাদেশ জামায়াতে ইসলামী Bangladesh Jarraat e Isami,bangladesh ' s first - ever - ever - ever - ever - ever - ever - ever - ever - ever - ever - ever - ever,51,104,0.340777874,
E:\Project\Fake News Detection\images\real\6419.jpg,real,,two men standing next to each other men,0,39,,
E:\Project\Fake News Detection\images\real\6429.jpg,real,,a woman standing in front of a mural,0,36,,
E:\Project\Fake News Detection\images\real\6441.jpg,real,,a woman in a white dress leaning against a wall,0,47,,
E:\Project\Fake News Detection\images\real\6451.jpg,real,Govt of the People s R Chief Patron PROF DR. MOHAMMAD RAFIQUL ISLAMM Vice Chancellor; IUT AUDITORIUM 13 MAY 2026 BAZAR GAZIPUR  BANGLADESH,a man standing at a podium with flowers,138,39,0.293430656,
E:\Project\Fake News Detection\images\real\6452.jpg,real,,a woman is covering her face with her hands,0,43,,
E:\Project\Fake News Detection\images\real\6475.jpg,real,,a woman in a green dress with gold and black accents,0,52,,
E:\Project\Fake News Detection\images\real\6504.jpg,real,,a person playing a video game on a computer,0,43,,
E:\Project\Fake News Detection\images\real\6530.jpg,real,,anusha mukherjee in a yellow sari,0,33,,
E:\Project\Fake News Detection\images\real\6545.jpg,real,,a man is being carried off the field by a stretcher,0,51,,
E:\Project\Fake News Detection\images\real\6551.jpg,real,,a yellow truck with a broken front and front bumper,0,51,,
E:\Project\Fake News Detection\images\real\6555.jpg,real,,a car that has been damaged by the rain,0,39,,
E:\Project\Fake News Detection\images\real\6556.jpg,real,,the bridge that connects the two rivers of the river,0,52,,
E:\Project\Fake News Detection\images\real\6582.jpg,real,স,"bjp candidate, shrian singh singh singh singh singh singh singh singh singh singh singh singh singh singh singh singh",1,117,0.256994665,
E:\Project\Fake News Detection\images\real\6583.jpg,real,,a man with a long beard and a white hat,0,39,,
E:\Project\Fake News Detection\images\real\6592.jpg,real,আজকের খেলী,a couple watching a soccer match in a living room,10,49,-0.094331376,
E:\Project\Fake News Detection\images\real\6599.jpg,real,0 (FIZIL,pakistan ' s mohammad shah and mohammad shah celebrate after the wicket,8,71,0.078754142,
E:\Project\Fake News Detection\images\real\6616.jpg,real,,a man and woman sitting in a cage,0,33,,
E:\Project\Fake News Detection\images\real\6622.jpg,real,Expedition Nakalu: The Fifth Prontier Supporied by,a group of men sitting at a table,50,33,0.059712879,
E:\Project\Fake News Detection\images\real\6633.jpg,real,,a man with a mustache and mustache mustache,0,43,,
E:\Project\Fake News Detection\images\real\6640.jpg,real,আজকের খেলী,a couple watching a soccer match in a living room,10,49,-0.094331376,
E:\Project\Fake News Detection\images\real\6644.jpg,real,,"lionel, messa and messo celebrate after the match",0,49,,
E:\Project\Fake News Detection\images\real\6645.jpg,real,,pakistan ' s mohammad shah in action during the second test match against pakistan,0,82,,
E:\Project\Fake News Detection\images\real\6650.jpg,real,UF EE গাতীপর [ UNIVEESITY EREINEEHINE,the university of engineering campus in hyderabad,37,49,0.164824158,
E:\Project\Fake News Detection\images\real\6653.jpg,real,10,"a man and woman wearing crowns, one wearing a crown",2,51,0.031069065,
E:\Project\Fake News Detection\images\real\666.jpg,real,,"bjp candidate in gujarat, maharashtra, maharashtra, maharashtra, maharashtra, maharashtra, maharashtra, maharashtra, maharashtra, maharashtra, maharashtra, maharashtra",0,167,,
E:\Project\Fake News Detection\images\real\6660.jpg,real,,a woman in a white sari standing in front of a screen,0,53,,
E:\Project\Fake News Detection\images\real\6661.jpg,real,,anusha mukherjee in yellow dress,0,32,,
E:\Project\Fake News Detection\images\real\6665.jpg,real,,a man in a suit and tie sitting on a chair,0,42,,
E:\Project\Fake News Detection\images\real\6673.jpeg,real,( বিজয়ী বিজয়ী বিজয়ী মেগা িফট বিজযী নযাণমাাৎ,the team of the indian television show ' s ' the big brother ',46,62,0.072500035,
E:\Project\Fake News Detection\images\real\6675.jpg,real,,the logo of the european commission for the european commission,0,63,,
E:\Project\Fake News Detection\images\real\6679.jpg,real,,people stand in line to vote in the polls,0,41,,
E:\Project\Fake News Detection\images\real\6681.jpg,real,,a large ship is in the middle of the ocean,0,42,,
E:\Project\Fake News Detection\images\real\6685.jpg,real,,a large ship floating in the middle of the ocean,0,48,,
E:\Project\Fake News Detection\images\real\6693.jpg,real,,a man in a suit sitting on a couch,0,34,,
E:\Project\Fake News Detection\images\real\6697.jpg,real,,a man in a suit and tie standing at a podium,0,44,,
E:\Project\Fake News Detection\images\real\6705.jpg,real,৫ MAY 202চ 17,the winning team with the trophy,13,32,0.118406184,
E:\Project\Fake News Detection\images\real\6706.jpg,real,,person and person ' s wedding reception,0,39,,
E:\Project\Fake News Detection\images\real\671.jpg,real,,a man in a suit and tie sitting in a chair,0,42,,
E:\Project\Fake News Detection\images\real\6718.jpg,real,,a woman in a headscar holds up flags as she shouts at the crowd,0,63,,
E:\Project\Fake News Detection\images\real\6719.jpg,real,HOHINUL,pakistan players celebrate after the final cricket match between pakistan and india at the gaddafiabadbad stadium in karachi,7,124,0.184967816,
E:\Project\Fake News Detection\images\real\6727.jpg,real,,a man in a wheelchair being assisted by a group of men,0,54,,
E:\Project\Fake News Detection\images\real\6738.jpg,real,,a group of people standing around a table,0,41,,
E:\Project\Fake News Detection\images\real\6739.jpg,real,,"the minister of the state of maharashtra, mr narayan narayannath, speaking to media",0,83,,
E:\Project\Fake News Detection\images\real\6752.jpg,real,৫,"bjp party leader, raj kumar kumar speaking at a press conference in new delhi on monday",1,87,0.0453493,
E:\Project\Fake News Detection\images\real\6755.jpg,real,,a man riding a horse through a forest,0,37,,
E:\Project\Fake News Detection\images\real\6759.jpg,real,,the logo of the bangladesh national bank,0,40,,
E:\Project\Fake News Detection\images\real\676.jpg,real,7:31,a man in a white shirt and glasses speaking into a microphone,4,61,-0.011252698,
E:\Project\Fake News Detection\images\real\6767.jpg,real,,two men standing in a room with a police uniform,0,48,,
E:\Project\Fake News Detection\images\real\6768.jpg,real,,president trump is shown by a helicopter,0,40,,
E:\Project\Fake News Detection\images\real\6776.jpg,real,,a person ' s feet are shown in the middle of a bed,0,50,,
E:\Project\Fake News Detection\images\real\6778.jpg,real,IJFHR INAUGURAL CEREMONY CHAIREU ৪/,a group of people sitting at a table in front of a banner,35,57,0.231847107,
E:\Project\Fake News Detection\images\real\6783.jpg,real,,a man in a suit and tie standing in front of a microphone,0,57,,
E:\Project\Fake News Detection\images\real\6785.jpg,real,,a man holding a microphone,0,26,,
E:\Project\Fake News Detection\images\real\6786.jpg,real,,a girl in a red and white dress,0,31,,
E:\Project\Fake News Detection\images\real\679.jpg,real,সরকার্4 প্রজ টর,"bangladesh ' s finance minister, dr khali",15,41,0.249925837,
E:\Project\Fake News Detection\images\real\6795.jpg,real,,a lightning strikes through the sky over a city,0,47,,
E:\Project\Fake News Detection\images\real\6797.jpg,real,,a man sitting at a desk with flags behind him,0,45,,
E:\Project\Fake News Detection\images\real\6798.jpg,real,,"a man is seen in front of a house in the city of sao, brazil",0,60,,
E:\Project\Fake News Detection\images\real\681.jpg,real,,a woman sitting at a table with a microphone,0,44,,
E:\Project\Fake News Detection\images\real\6812.jpg,real,,a woman in a white shirt and glasses speaking into a microphone,0,63,,
E:\Project\Fake News Detection\images\real\6813.jpg,real,,a man with glasses sitting in a chair,0,37,,
E:\Project\Fake News Detection\images\real\6817.jpg,real,,"congress will not be in the state, says cm",0,42,,
E:\Project\Fake News Detection\images\real\6822.jpg,real,,the students of the school with their certificates,0,50,,
E:\Project\Fake News Detection\images\real\6825.jpg,real,গোলাম মাওলা শাহীন মাহবুবুল হাসান কামরুণ্ামান দুলাল রুছল আমিন আকিল আকরামূুল হাসান শরীষ উদ্দিন ভুয়েল পিংকু,the six men who are the candidates for the election,104,51,0.106598631,
E:\Project\Fake News Detection\images\real\6828.jpg,real,,a man in a white shirt and glasses is pointing his finger at the camera,0,71,,
E:\Project\Fake News Detection\images\real\6839.jpg,real,NEWS,two men shaking hands in front of flags,4,39,0.072054528,
E:\Project\Fake News Detection\images\real\6840.jpg,real,,a room with a bike and a sink,0,29,,
E:\Project\Fake News Detection\images\real\6847.jpg,real,"পানি সরবরাহ বিভাগের অনলাইন সেবা কার্যক্রমের প্রধান অতিথি: এডূভোকেট বিলকিস আক্তার জাহান শিরীন মাননীয় প্রশাসক, বরিশাল সিটি করপোরেশন স্থান: নগর ভবন, বরিশাল তারিখ: ২০ মে ২০২৬, সময়: বেলা ১২ ঘটিকা বরিশাল সিটি কর্পোরেশন, বরিশা",a group of people sitting at a table,220,36,0.068714105,
E:\Project\Fake News Detection\images\real\6851.jpg,real,,two people in the water,0,23,,
E:\Project\Fake News Detection\images\real\6856.jpg,real,0,a group of people standing in front of a construction site,1,58,0.047964394,
E:\Project\Fake News Detection\images\real\6862.jpg,real,MAHABUB,a man in a blue shirt and a white shirt is surrounded by reporters,7,66,0.025184976,
E:\Project\Fake News Detection\images\real\6872.jpg,real,,a man holding a chicken in his hand,0,35,,
E:\Project\Fake News Detection\images\real\6879.jpg,real,,a person holding american flags in front of the capitol,0,55,,
E:\Project\Fake News Detection\images\real\6884.jpg,real,,a group of men standing next to each other men,0,46,,
E:\Project\Fake News Detection\images\real\6890.jpg,real,,a bus is seen in this image taken from the video,0,48,,
E:\Project\Fake News Detection\images\real\6893.jpg,real,0,a boy swimming in the ocean,1,27,-0.032379337,
E:\Project\Fake News Detection\images\real\69.jpg,real,Gmail Google Workspace,google ' s new gma app is a great way to get your gma mail,22,58,0.523251295,
E:\Project\Fake News Detection\images\real\6900.jpg,real,,two men in suits and ties standing next to each other men,0,57,,
E:\Project\Fake News Detection\images\real\6901.jpg,real,"Taiwan Travelogue Shuung-21 | ""Hold on Whats going on here?"" Icouldnit help but voice the thoughi out loud For in that moment seemed to have been transported back into the midst of Shokyokusai Tenkatsu s Magic Troupe ]'d crossed with Tenkatsu's troupe long ago before I d started high school They had been on tour: and on the they arrived in Na my aunt Kikuko and ] hap- pened upon the opening Yang paths day gasaki, parade",a woman and a man sitting next to each other women,423,50,0.021112375,
E:\Project\Fake News Detection\images\real\6903.jpg,real,,netanyese netanyese netanyese netanyese netanyese netanyese netanyese netanyese netanyese netanyese netanyese netanyese netanyese net,0,133,,
E:\Project\Fake News Detection\images\real\6907.jpg,real,,a black and white photo of a dirt road,0,38,,
E:\Project\Fake News Detection\images\real\6909.jpg,real,,a group of children sitting around a table,0,42,,
E:\Project\Fake News Detection\images\real\6912.jpg,real,,people are standing outside of a building with a tree,0,53,,
E:\Project\Fake News Detection\images\real\6920.jpg,real,RNS,person is the only player in the world to score a century,3,57,-0.039690994,
E:\Project\Fake News Detection\images\real\6924.jpg,real,,a fighter jet flying through the air,0,36,,
E:\Project\Fake News Detection\images\real\6933.jpg,real,,the dam at the dam dam dam dam dam dam dam dam dam dam dam dam dam dam dam dam dam,0,82,,
E:\Project\Fake News Detection\images\real\6934.jpg,real,,a man in a suit and tie sitting at a podium,0,43,,
E:\Project\Fake News Detection\images\real\6937.jpg,real,,a fighter jet flying through the air,0,36,,
E:\Project\Fake News Detection\images\real\6938.jpg,real,NEW,a truck with a flag on the back,3,31,0.075141504,
E:\Project\Fake News Detection\images\real\6939.jpg,real,,two mugs of coffee sit on a bamboo mat,0,38,,
E:\Project\Fake News Detection\images\real\6951.jpg,real,,a man riding a motorcycle with a helmet on,0,42,,
E:\Project\Fake News Detection\images\real\6971.jpg,real,যুবদেন ভূমিকা শীর্বক জনাব মোঃ মজিবুর রহমান জনসচেতনতামূলক প্রশিক্ষ্ণ,a group of people sitting around a table,67,40,0.09589994,
E:\Project\Fake News Detection\images\real\698.jpg,real,,a man in a suit and tie sitting at a table,0,42,,
E:\Project\Fake News Detection\images\real\6982.jpg,real,3,"a woman walks past a poster of iranian leader hassan roayi in tehran, iran, on march 26, 2018",1,93,0.016314408,
E:\Project\Fake News Detection\images\real\6985.jpg,real,সংবাদ সাম্মলন,people sitting in front of a building with a poster,13,51,-0.009484407,
E:\Project\Fake News Detection\images\real\7004.jpg,real,,a man is standing next to a cow,0,31,,
E:\Project\Fake News Detection\images\real\7009.jpg,real,বাজাপূর উপজজেলাবাসী কে শুভেচ্ছা 5 প্রচারেঃ রাজাপুরের সর্বস্তরের জনগন লেজ,a poster of the leader of the bjp party in front of a building,72,62,0.241289765,
E:\Project\Fake News Detection\images\real\701.jpg,real,$U,a man in a black shirt and cap is sitting at a microphone,2,57,0.129555672,
E:\Project\Fake News Detection\images\real\7010.jpg,real,চাঁদপুর গলা খানা পুলিশ,a man standing in front of a blue sign,22,38,0.049048901,
E:\Project\Fake News Detection\images\real\7012.jpg,real,,a person holding a rope in their hand,0,37,,
E:\Project\Fake News Detection\images\real\7015.jpg,real,বাকলিয়া থানা,the entrance to the school,12,26,0.143527001,
E:\Project\Fake News Detection\images\real\7034.jpg,real,,two ships are seen in the distance of the ocean,0,47,,
E:\Project\Fake News Detection\images\real\7039.jpg,real,,a man walking down a street with a dog,0,38,,
E:\Project\Fake News Detection\images\real\717.jpg,real,]3 ]9 ]0 ]8 8,portugal team photo,13,19,0.054919261,
E:\Project\Fake News Detection\images\real\727.jpg,real,% 9 ৪ 000 বাং ?,a pile of money with the bangladesh flag on top,15,47,0.303600907,
E:\Project\Fake News Detection\images\real\732.jpg,real,"সিংড়া থানা, নাটোর","a sign that says, ' no one is allowed '",17,39,0.138728857,
E:\Project\Fake News Detection\images\real\742.jpg,real,,a busy intersection in kolkata,0,30,,
E:\Project\Fake News Detection\images\real\747.jpeg,real,,a woman in a red dress standing next to a boat,0,46,,
E:\Project\Fake News Detection\images\real\751.jpg,real,২০২৬ বর্ণাত্য র্যালি,the students of the school hold up a banner for the school,20,58,0.115879029,
E:\Project\Fake News Detection\images\real\752.jpg,real,ফায়ার সার্ভিস ও সিভিল ডিফেন্স সপ্তাহ-২০২৬ এর শুভ উদ্বোধন ও আলোচনা সভা,the panel discussion on the importance of the national day,70,58,0.169513792,
E:\Project\Fake News Detection\images\real\756.jpg,real,Centre for Advanced Research in 01 Social Sciences Past Histories; Contemporary freads Universityor Dhaka: Future Directions University Ohaka,a group of people sitting at a table in front of a screen,141,57,0.077622071,
E:\Project\Fake News Detection\images\real\761.jpg,real,"অংশগহণে: ১৬১২২ ভূমি উপজেলা প্রশাসন বাকেরশণ্ডর উপজেলা অফিস, বাকেরগও",a group of people sitting around a table,66,40,0.063230082,
E:\Project\Fake News Detection\images\real\766.jpg,real,10 MANDATE MANDATE ACTION: FORWARD MINIFESTU WAI IIINUIIE (HIIIENGES,the meeting room of the ministry of india,68,41,0.26428923,
E:\Project\Fake News Detection\images\real\771.jpg,real,,two men in blue shirts and sunglasses,0,37,,
E:\Project\Fake News Detection\images\real\772.jpg,real,,a group of men standing around a table,0,38,,
E:\Project\Fake News Detection\images\real\773.jpg,real,World Vision ধামইরহট,a man is speaking into a microphone in front of a crowd,20,55,0.051634904,
E:\Project\Fake News Detection\images\real\783.jpg,real,,a group of men running down the street,0,38,,
E:\Project\Fake News Detection\images\real\786.jpg,real,,a road with a bridge and a building,0,35,,
E:\Project\Fake News Detection\images\real\793.jpg,real,,a woman wearing a blue scarf,0,28,,
E:\Project\Fake News Detection\images\real\794.jpeg,real,গণপ্রজাতন্ত্রী বাংলাদেশ সরকার Governmenr olthe Feoples Republic of Bangladesn National ID Card গণপ্রজাতন্ত্রী বাংলাদেশ সরকার Govemment of the People's Republic of Bangladesh National ID Card,a woman in a yellow scarf and a yellow scarf is holding a passport,190,66,0.308117509,
E:\Project\Fake News Detection\images\real\795.jpg,real,"BIZLI BIZLi BIZLI BIZL! নিরাপদ রাখবো সম্পদ ও জীবনে"" ""অগ্নিযোদ্ধাদের একটাই পণ, সার্ভিস ও সিভিল ডিফেন্স সপ্তাহ উপলক্ষ্যে শোোভাযাত্রা ২০২৬ ফায়ার",a group of men holding a banner in front of a building,142,54,0.070432678,
E:\Project\Fake News Detection\images\real\797.jpg,real,অভ্যত্তরীণ বোরো ধান 99 সং- ২০১৬ এনামুণ হক জনাব উদ্বোধন রিযা,a group of people standing around bags of rice,59,46,0.110823035,
E:\Project\Fake News Detection\images\real\798.jpg,real,INIIP,a man in a yellow shirt and red hat,5,35,0.033173986,
E:\Project\Fake News Detection\images\real\807.jpeg,real,,a group of people standing in a field,0,37,,
E:\Project\Fake News Detection\images\real\810.jpg,real,,a woman sitting at a table with a microphone,0,44,,
E:\Project\Fake News Detection\images\real\826.jpeg,real,বুটেক্সের দুই গ্র্যাজয়েটকে চছা ও অভিনন্দন ইঞ্জিনিয়ার এহসানুল করিম কায়সার মোজনে: ইঞ্জিনিয়ার মহিউদি আহমেদ (সেলিম) টক্সটাই প্বিদ্যাল চেযরম্যান আইইবি কৃতি,a group of people standing around a table,150,41,0.089115717,
E:\Project\Fake News Detection\images\real\833.jpeg,real,,a group of people sitting around a table,0,40,,
E:\Project\Fake News Detection\images\real\840.jpg,real,রবি রবি,bangladesh cricket team,7,23,0.248380989,
E:\Project\Fake News Detection\images\real\841.jpg,real,@ ;,the indonesian police officers are posing for a photo,3,53,0.026612403,
E:\Project\Fake News Detection\images\real\846.jpg,real,রবি ঢ},a man holding a trophy in his hand,6,34,0.04740018,
E:\Project\Fake News Detection\images\real\85.jpg,real,PayPal,p p p p p p p p p p p p p p p p p p p p p p p p p p p p,6,55,0.101704858,
E:\Project\Fake News Detection\images\real\853.jpg,real,20,arsenal ' s players celebrate after their team ' s goal,2,55,0.044931278,
E:\Project\Fake News Detection\images\real\855.jpg,real,,a man in a suit and tie standing in front of a screen,0,53,,
E:\Project\Fake News Detection\images\real\857.jpg,real,,students in a classroom at a school in mumbai,0,45,,
E:\Project\Fake News Detection\images\real\871.jpg,real,,a man in a white shirt and black pants standing in front of a building,0,70,,
E:\Project\Fake News Detection\images\real\872.jpg,real,8 নবম জাতীয় পে স্কেল সরকার্র4 বাং,bangladesh bank logo,34,20,0.274885029,
E:\Project\Fake News Detection\images\real\874.jpg,real,দি,a girl is seen in a crowd of people,2,35,0.034560025,
E:\Project\Fake News Detection\images\real\877.jpg,real,9 সরকার্4 ৪ ৪ ৪ :,bangladesh bank notes,17,21,0.289866596,
E:\Project\Fake News Detection\images\real\879.jpg,real,পাবনী,a map of india with the word india in red,5,41,0.298474342,
E:\Project\Fake News Detection\images\real\9.jpg,real,SPARI 40 (Segmenfis Ist 5G Smartphone),the new iphone 8 and iphone 8 are coming in the us,38,50,0.136663228,
E:\Project\Fake News Detection\images\real\913.jpg,real,,people are gathered outside a building in the city,0,50,,
E:\Project\Fake News Detection\images\real\922.jpg,real,"UP to 10,000 cashback",the new hua hua hua hua hua hua hua hua hua hua hua hua hua hua hua hua hua hua hua,21,83,0.030751403,
E:\Project\Fake News Detection\images\real\931.jpg,real,,a bunch of green fruit on a tree,0,32,,
E:\Project\Fake News Detection\images\real\934.jpg,real,Voulube,youtube logo youtube youtube youtube youtube youtube youtube youtube youtube youtube youtube youtube youtube youtube youtube youtube youtube youtube youtube youtube youtube youtube youtube youtube youtube youtube,7,212,0.233006358,
E:\Project\Fake News Detection\images\real\935.jpg,real,,a train traveling down the tracks in a city,0,43,,
E:\Project\Fake News Detection\images\real\938.jpg,real,,fresh mint leaves in a small pot,0,32,,
E:\Project\Fake News Detection\images\real\947.jpg,real,,a man in a suit holding a cell phone,0,36,,
E:\Project\Fake News Detection\images\real\95.jpg,real,,a man is being carried by police officers after he was shot by a man in the middle of the road,0,94,,
E:\Project\Fake News Detection\images\real\958.jpg,real,,a man looking through a pair of glasses,0,39,,
E:\Project\Fake News Detection\images\real\961.jpg,real,,an astronaut standing on the moon with a planet in the background,0,65,,
E:\Project\Fake News Detection\images\real\969.jpg,real,,a woman ' s smile with white teeth,0,34,,
E:\Project\Fake News Detection\images\real\97.jpg,real,দৌয়ী মহফিল ২৩ এপ্রিল ২০১৬,a man in a white shirt and glasses speaking into a microphone,26,61,-0.021941861,
E:\Project\Fake News Detection\images\real\970.jpg,real,,how to make orange juice,0,24,,
E:\Project\Fake News Detection\images\real\987.jpg,real,@ 319 (0n9 োlorong আ৬e,three bags with logos on them,22,29,0.075964034,
E:\Project\Fake News Detection\images\real\99.jpg,real,বিদেশা মারনী,people are standing in line outside of a store,12,46,0.018914279,
E:\Project\Fake News Detection\images\fake\100.jpg,fake,HOWE REDETQUE COPORNETIAY ৪,two doctors wearing masks,27,25,0.111920714,
E:\Project\Fake News Detection\images\fake\1005.jpg,fake,,a woman holding a glass of water,0,32,,
E:\Project\Fake News Detection\images\fake\1006.jpg,fake,,a man and woman standing in a street,0,36,,
E:\Project\Fake News Detection\images\fake\1008.jpg,fake,ONEA Compag [RCINAN )| ICHNIRCHEURE TR,a group of people are holding up a flag,38,39,0.028497633,
E:\Project\Fake News Detection\images\fake\1035.jpg,fake,,a woman in a lab holding a plant,0,32,,
E:\Project\Fake News Detection\images\fake\1036.jpg,fake,CHH 04 1-0,a man in a lab coat and goggles,10,31,0.040557459,
E:\Project\Fake News Detection\images\fake\1037.jpg,fake,,a group of people standing on a street,0,38,,
E:\Project\Fake News Detection\images\fake\1038.jpg,fake,,a man in a black jacket and white shirt on stage,0,48,,
E:\Project\Fake News Detection\images\fake\104.jpg,fake,DSCC DSCC DSCC DSCC,a group of people wearing masks standing in front of a building,19,63,0.082941175,
E:\Project\Fake News Detection\images\fake\1041.jpg,fake,,a group of people sitting in a room,0,35,,
E:\Project\Fake News Detection\images\fake\1045.jpg,fake,FILMFESI FILMFESI FILMFEST BREMEN BREMEN FIIMFESTBREMEN BREMEN,a man sitting on a stage with a flag,62,36,0.114031233,
E:\Project\Fake News Detection\images\fake\106.jpg,fake,SIN SIN CHLL T70092,a man wearing a white coat,19,26,-0.001765212,
E:\Project\Fake News Detection\images\fake\1065.jpg,fake,,a woman and a little girl sitting on a couch,0,44,,
E:\Project\Fake News Detection\images\fake\1070.jpg,fake,সেউ কোলশ যের কীপা UNIVERSITY শোমীলসখরাব সুবাকক গ্রালর UNIVER,two people sitting at a table with masks on,60,43,0.024349505,
E:\Project\Fake News Detection\images\fake\1071.jpg,fake,,a man in a suit standing in a market,0,36,,
E:\Project\Fake News Detection\images\fake\1077.jpg,fake,8 8 ) অখনো পচার E ক P $ N R N LL ( 9 W W: X 7 9,a woman sitting at a desk with a boy,47,36,0.100774772,
E:\Project\Fake News Detection\images\fake\1083.jpg,fake,EIW THE II০ pIIIE C EITfIE PULICE [PEACHERS PoLICI,a group of protesters,50,21,0.111945964,
E:\Project\Fake News Detection\images\fake\109.jpg,fake,Governmnent Hospital,three people wearing surgical gear,20,34,0.181571543,
E:\Project\Fake News Detection\images\fake\1096.jpg,fake,চীবলার কীবর খিল চীবলার কীবর খিল আজা ষারল কির আজা রারল পির টারালী ৩ল করা উীবালী ওল করা লিপপরা,a man and woman standing next to a gas station,92,46,0.054847635,
E:\Project\Fake News Detection\images\fake\11.jpg,fake,,a group of people in suits and ties posing for a picture,0,56,,
E:\Project\Fake News Detection\images\fake\110.jpg,fake,,a man and woman standing in a street at night,0,45,,
E:\Project\Fake News Detection\images\fake\1105.jpg,fake,UNIVERSITY,a man and a woman sitting at a table,10,36,0.009684012,
E:\Project\Fake News Detection\images\fake\1106.jpg,fake,,a man with a beard and a black robe,0,35,,
E:\Project\Fake News Detection\images\fake\1115.jpg,fake,,two women standing in front of a building,0,41,,
E:\Project\Fake News Detection\images\fake\1118.jpg,fake,,two men standing in front of a crowd,0,36,,
E:\Project\Fake News Detection\images\fake\1140.jpg,fake,,three people looking at a laptop,0,32,,
E:\Project\Fake News Detection\images\fake\1143.jpg,fake,খেজির আলের যোরে ঘ্রালেন যুজ্যি যুলির [পিখিািন শডিয্য অমালিরি বাুসিরয়ে প্রালে খাসিন,a man standing at a podium with a sign behind him,82,49,0.040834293,
E:\Project\Fake News Detection\images\fake\1144.jpg,fake,কািথ সামরুান তিবিনলোকতর লীন Schularship Scholarshig Scholarship Sctuchip মিহূল 6.000 7000 5000 200000 10.000 7000 6000 10000 [Glusl lorrtio) Prraa M hen 12.000 10000 Mesinestin 15.000 5000 10000 Sbinnguh 12.000 6000 20000 -ure Khaken 12.000 7000 20000 15.000 5000 30000 Mlake 12.000 7000 30000 15.000 7000 30000 14.000 8000 20000 80.000 7000,two men sitting at a table with papers and a pen,341,48,0.103664219,
E:\Project\Fake News Detection\images\fake\1155.jpg,fake,,two men shaking hands with flags in the background,0,50,,
E:\Project\Fake News Detection\images\fake\1156.jpg,fake,,a woman in a sari singing into a microphone,0,43,,
E:\Project\Fake News Detection\images\fake\1158.jpg,fake,পাধি,two people wearing masks,4,24,-0.003531901,
E:\Project\Fake News Detection\images\fake\1185.jpg,fake,,a man and woman sitting at a table with papers,0,46,,
E:\Project\Fake News Detection\images\fake\1193.jpg,fake,National Democratic Alliance স্যালির বইকরা,a man with a white beard,42,24,-0.055179603,
E:\Project\Fake News Detection\images\fake\1200.jpg,fake,**থমাকমসাল**,a man speaking into a microphone in front of a crowd,12,52,0.09966445,
E:\Project\Fake News Detection\images\fake\1207.jpg,fake,,a man and a woman sitting down on a tv set,0,42,,
E:\Project\Fake News Detection\images\fake\1210.jpg,fake,,a man in a suit and tie standing at a podium,0,44,,
E:\Project\Fake News Detection\images\fake\1211.jpg,fake,,a man and woman are smiling and posing for the camera,0,53,,
E:\Project\Fake News Detection\images\fake\1212.jpg,fake,যমাডান এালিয় কালে কায়িনা! এরব,a woman wearing a surgical mask and a woman wearing a surgical mask,29,67,0.016556004,
E:\Project\Fake News Detection\images\fake\122.jpg,fake,,two women in lab coats working on a microscope,0,46,,
E:\Project\Fake News Detection\images\fake\1223.jpg,fake,CITIZEN PARTY NA CITIZEN PARTY,a man standing at a podium,30,26,0.073512748,
E:\Project\Fake News Detection\images\fake\123.jpg,fake,,two men shaking hands in front of a dna structure,0,49,,
E:\Project\Fake News Detection\images\fake\1244.jpg,fake,BANGLADISH BANK আনানড়রায TTITEE CTT-eH আব্যেলোর মিজিম তখলে বুথা প্রানডেবার পবম্যাশিলেলে টতচচী সাচা,a group of cows standing in front of a bank,98,43,0.302085757,
E:\Project\Fake News Detection\images\fake\1248.jpg,fake,yHITECXKMH yHIBEPCMTET,a woman in a blue scarf,22,23,0.053684957,
E:\Project\Fake News Detection\images\fake\1252.jpg,fake,,two men sitting at a table with a flag behind them,0,50,,
E:\Project\Fake News Detection\images\fake\1254.jpg,fake,ভালজেসাষার,a man and woman sitting at a desk,10,33,0.060541611,
E:\Project\Fake News Detection\images\fake\1261.jpg,fake,,a man with a beard and glasses is looking at the camera,0,55,,
E:\Project\Fake News Detection\images\fake\1269.jpg,fake,,a man sitting at a desk with a computer,0,39,,
E:\Project\Fake News Detection\images\fake\127.jpg,fake,প্রলিনা কাহািকসহ 00,two people wearing masks in front of a stock market,19,51,0.027297288,
E:\Project\Fake News Detection\images\fake\1275.jpg,fake,,a woman wearing a surgical mask and a stel,0,42,,
E:\Project\Fake News Detection\images\fake\1276.jpg,fake,URGENI UPUAIIE: BURUER BRISISUEEPENS,a man and woman standing in the jungle with a camera,36,52,0.018380962,
E:\Project\Fake News Detection\images\fake\1289.jpg,fake,চলমদিরেজ এ্রথডিবড় কালেবা BANGLADESH BANIK শেলুর ডদল [সাতিক যরিণ,two men sitting at a table with papers,63,38,0.057330359,
E:\Project\Fake News Detection\images\fake\1300.jpg,fake,সাখরি পারভির লরিলা বাতুক,a group of people sitting on a bench,24,36,0.088576809,
E:\Project\Fake News Detection\images\fake\1309.jpg,fake,,a man and woman sitting at a table,0,34,,
E:\Project\Fake News Detection\images\fake\1312.jpg,fake,FIFA MAGAZINE 15 18 18 1| FIIEA,a group of soccer players standing on a field,31,45,0.285623372,
E:\Project\Fake News Detection\images\fake\132.jpg,fake,শ্রমৌত যলি শ্ররি জৌর অয়ৌর,a group of people sitting at a table,25,36,0.075057693,
E:\Project\Fake News Detection\images\fake\1323.jpg,fake,,a man holding a cell phone,0,26,,
E:\Project\Fake News Detection\images\fake\1324.jpg,fake,NATIONALBOARD E REVENUU NIBR,two men in suits holding a document,28,35,0.094535157,
E:\Project\Fake News Detection\images\fake\1328.jpg,fake,,two people sitting at a table with papers,0,41,,
E:\Project\Fake News Detection\images\fake\133.jpg,fake,2028,a group of people sitting at a table,4,36,0.046794705,
E:\Project\Fake News Detection\images\fake\1342.jpg,fake,PABR,a man and woman looking at a large ship,4,39,0.06168557,
E:\Project\Fake News Detection\images\fake\1346.jpg,fake,,a woman with long hair and a black jacket,0,41,,
E:\Project\Fake News Detection\images\fake\1351.jpg,fake,,two hands shaking each other hands,0,34,,
E:\Project\Fake News Detection\images\fake\137.jpg,fake,POLICE STATION,a man and a woman standing in front of a police sign,14,52,0.284548968,
E:\Project\Fake News Detection\images\fake\1371.jpg,fake,I|$ SIER BUN ATIN' IN,a large group of people,21,23,0.081582427,
E:\Project\Fake News Detection\images\fake\1372.jpg,fake,শার অমিরেলীদির-পভাজাদিীরে আজ্যলোলোরা,a man standing at a podium with a sign,36,38,0.09683913,
E:\Project\Fake News Detection\images\fake\1373.jpg,fake,,a man in a green uniform is speaking into a microphone,0,54,,
E:\Project\Fake News Detection\images\fake\1376.jpg,fake,29 28 25 73 &০,a group of firefighters walking down a street,14,45,-0.004933599,
E:\Project\Fake News Detection\images\fake\1378.jpg,fake,,two men are cooking food in a large bowl,0,40,,
E:\Project\Fake News Detection\images\fake\1379.jpg,fake,6) 0) LOTTTVOY LOTTIVOY 10 @ 26100 EARN ITUETTY NVOY 7701 < T01,two people wearing masks holding a document,63,43,-0.044933222,
E:\Project\Fake News Detection\images\fake\1388.jpg,fake,,a man holding a poster with a picture of a group of people,0,58,,
E:\Project\Fake News Detection\images\fake\1389.jpg,fake,,a man and woman sitting at a table,0,34,,
E:\Project\Fake News Detection\images\fake\139.jpg,fake,"বেসা গলয় শন্নীযার নকে িপো সাবসাতে ঘরতলাবড,",a man in a blue shirt holding a baby,42,36,0.022501571,
E:\Project\Fake News Detection\images\fake\1396.jpg,fake,,a man and woman standing in a market,0,36,,
E:\Project\Fake News Detection\images\fake\1406.jpg,fake,MOHAMMEDAN SPORTING CLUB BOARD MEETING MAY 17TH,a group of men sitting around a table,47,37,0.140202656,
E:\Project\Fake News Detection\images\fake\1414.jpg,fake,,two men in suits and masks hold a document,0,42,,
E:\Project\Fake News Detection\images\fake\1416.jpg,fake,# Htys,two men in green uniforms holding a cricket bat,6,47,-0.021891721,
E:\Project\Fake News Detection\images\fake\1433.jpg,fake,,a group of people sitting in a room,0,35,,
E:\Project\Fake News Detection\images\fake\1436.jpg,fake,বিযীনেডিজ উজর WELCOME TO DUET হিলর আহি খ DUET জীযোগেড় কর | লাশতিপন কিখ ষৌ্যৌ ব এরা বিযোব্য জংস,a group of men standing around a table,94,38,-0.004656598,
E:\Project\Fake News Detection\images\fake\1438.jpg,fake,,two men in front of a flag,0,26,,
E:\Project\Fake News Detection\images\fake\1466.jpg,fake,,two men sitting at a table with a flag in the background,0,56,,
E:\Project\Fake News Detection\images\fake\1470.jpg,fake,"BRAZIL WORLDCUP SQUADANNOUNCEMENT 200M 2012,2023 BRASIL WORLDCUPSOUAAANNOUNCEMENT UNASDENGAO QUYEPPORIN BRAZILREWCRONE FOFRIO",a man in a suit and tie walking in front of a large screen,125,58,0.068637751,
E:\Project\Fake News Detection\images\fake\1476.jpg,fake,,a man standing in a flooded field with a machine,0,48,,
E:\Project\Fake News Detection\images\fake\148.jpg,fake,বাস্সিািরব পয়ণিত প্ররবিভনে,a man standing at a podium with a microphone,26,44,0.098512068,
E:\Project\Fake News Detection\images\fake\15.jpg,fake,59,a man and woman sitting at a table with a laptop,2,48,0.037391081,
E:\Project\Fake News Detection\images\fake\1501.jpg,fake,!444444,a man with a mustache and a blue shirt,7,38,0.039348528,
E:\Project\Fake News Detection\images\fake\1506.jpg,fake,BPASIL ?,a man in a suit speaking into a microphone,8,42,0.064888559,
E:\Project\Fake News Detection\images\fake\1507.jpg,fake,,two men standing next to each other man,0,39,,
E:\Project\Fake News Detection\images\fake\1508.jpg,fake,,a man holding a trophy in front of a stadium,0,44,,
E:\Project\Fake News Detection\images\fake\1510.jpg,fake,,two men in suits are facing each other men,0,42,,
E:\Project\Fake News Detection\images\fake\1517.jpg,fake,PMF.,a man standing on a bridge with another man standing behind him,4,63,-0.008933689,
E:\Project\Fake News Detection\images\fake\1518.jpg,fake,,a man in a suit speaking at a podium,0,36,,
E:\Project\Fake News Detection\images\fake\153.jpg,fake,,a group of children,0,19,,
E:\Project\Fake News Detection\images\fake\1531.jpg,fake,,a man in a suit and a man in a blue shirt,0,41,,
E:\Project\Fake News Detection\images\fake\1533.jpg,fake,কারি প্রাকাজ বাফরয়ে কেবল,a group of people sitting on a table,24,36,0.096652463,
E:\Project\Fake News Detection\images\fake\1541.jpg,fake,,two people sitting at a table with masks on,0,43,,
E:\Project\Fake News Detection\images\fake\155.jpg,fake,,a man and woman holding a certificate,0,37,,
E:\Project\Fake News Detection\images\fake\1550.jpg,fake,DHINAKA DHAKA,a couple of people sitting at a table,13,37,0.116107829,
E:\Project\Fake News Detection\images\fake\1555.jpg,fake,World Health Erganzation,two men in white coats and blue gloves holding a document,24,57,0.003662048,
E:\Project\Fake News Detection\images\fake\156.jpg,fake,TON EASTERN EASTERN HOUSING LIMITED HOUSING LIMITED আবিকাপর বঃ: আবকাপর বঃ: {C প্রানড়া নিব পবীভার খর্বি! প্রারভা নির পবীভার থরি! RD IRD,a group of people standing in front of a building,134,49,0.207646161,
E:\Project\Fake News Detection\images\fake\1583.jpg,fake,Education Budget Debate,a group of people sitting at a table,23,36,0.007192502,
E:\Project\Fake News Detection\images\fake\1584.jpg,fake,,two women sitting at a table with a banner in the background,0,60,,
E:\Project\Fake News Detection\images\fake\159.jpg,fake,,a man and woman holding hands in front of a market,0,50,,
E:\Project\Fake News Detection\images\fake\1593.jpg,fake,,a little girl holding a stuffed animal toy,0,42,,
E:\Project\Fake News Detection\images\fake\1614.jpg,fake,OMeta,two women sitting at a table with laptops,5,41,0.00775392,
E:\Project\Fake News Detection\images\fake\1616.jpg,fake,TEXILC COMPONIES DE SEPFLES ! TEXTIC CAMOIES TEXTIC TEURECOIEPONIIES PANLLABO ? FAIR HIUE FAIIR FAIIR FAIR RBITRIE fE IRIR FAHBI] [ EIIMLTT IARIff FR35 gr IAIE FAIR FAIR FAIF VIRE PIPE FHFE USELIUEE FAIR FAINS XুAICE IFAIR HIR MFAIITT [IE] FRTE FVNIS- EAIEE FABIS IIES YIE SRE EHIIITE ERIFI FAIR 7AIfF 51|{8| FADE AFT UDRIES AuIS FAIR EIHIES RAHTF lust FAIIR WHS HAIIt 191 = VAE FAn9S| PIIUES,a group of people holding signs in the street,392,45,0.149631098,
E:\Project\Fake News Detection\images\fake\1617.jpg,fake,,a group of people standing around a casket,0,42,,
E:\Project\Fake News Detection\images\fake\162.jpg,fake,DISASTER RELIEF,a tent with a sign that reads disaster,15,38,0.452321321,
E:\Project\Fake News Detection\images\fake\1621.jpg,fake,,a man in a suit and tie talking to reporters,0,44,,
E:\Project\Fake News Detection\images\fake\1625.jpg,fake,ডা্াথা পরাঙ্জযিরে DOAKA,a man in a uniform stands at a podium,23,37,0.033103522,
E:\Project\Fake News Detection\images\fake\1635.jpg,fake,,a man in a suit,0,15,,
E:\Project\Fake News Detection\images\fake\1637.jpg,fake,,salman khan and salman khan are seen in this file photo,0,55,,
E:\Project\Fake News Detection\images\fake\1644.jpg,fake,,two men shaking hands in a room with benches,0,44,,
E:\Project\Fake News Detection\images\fake\1650.jpg,fake,"সঘস 5 1000 000 FR55500 কাবার 1000 আলবকা ল""89110",a man with a beard and glasses sitting in front of a table with a bank note,47,75,0.120122895,
E:\Project\Fake News Detection\images\fake\1656.jpg,fake,,three men sitting at a table,0,28,,
E:\Project\Fake News Detection\images\fake\1657.jpg,fake,এতোবাায় সৌরলয,two men sitting at a table with a microphone,14,44,0.0270475,
E:\Project\Fake News Detection\images\fake\166.jpg,fake,LGED LGEL LGED Workshop on Building mat Project by LGE LGED LGED on Workshop,a man and woman standing at podiums in front of a large screen,76,62,0.07499367,
E:\Project\Fake News Detection\images\fake\1661.jpg,fake,Nirea,two men in suits and ties stand in front of a wall street display,5,65,-0.060335938,
E:\Project\Fake News Detection\images\fake\1668.jpg,fake,যতব BANCLAAESI,a man holding a trophy in front of a microphone,14,47,0.00073182,
E:\Project\Fake News Detection\images\fake\1670.jpg,fake,0ELI CORNER,a man eating an ice cream cone on a city street,11,47,0.103574023,
E:\Project\Fake News Detection\images\fake\1673.jpg,fake,,two boys in the water,0,21,,
E:\Project\Fake News Detection\images\fake\1674.jpg,fake,,a group of people standing in a field,0,37,,
E:\Project\Fake News Detection\images\fake\1686.jpg,fake,,a man and two women sitting at a table,0,38,,
E:\Project\Fake News Detection\images\fake\1689.jpg,fake,,two people riding in a rick bug,0,31,,
E:\Project\Fake News Detection\images\fake\1690.jpg,fake,,a man in a hard hat looks at a large industrial plant,0,53,,
E:\Project\Fake News Detection\images\fake\17.jpg,fake,বজির বখামীর ব্যজবািব শার্ভবরসবযীর ব্যজবািব দিড়ব ভিরলরী আপংপর সংং তাখডিয়া দিরড়রভিররলরী আপংশর সংং ত্াযরিরা RRGI IRIE {) ` C110 বালখির পুপ্রখরি কুথিক শ্রামািব পুপ্রথমি কুচথিক স্রামিল,a group of men standing in front of a store,179,43,-0.023878457,
E:\Project\Fake News Detection\images\fake\1708.jpg,fake,,a man in a surgical suit and cap,0,32,,
E:\Project\Fake News Detection\images\fake\1716.jpg,fake,HARISI HARISK ATS HARISK ATS,two people in a warehouse with a tray of candy,28,46,0.139981866,
E:\Project\Fake News Detection\images\fake\172.jpg,fake,,a man in a suit and tie holding a gold bull,0,43,,
E:\Project\Fake News Detection\images\fake\1729.jpg,fake,,a man in a blue shirt and a white hat drinking a cup,0,52,,
E:\Project\Fake News Detection\images\fake\1730.jpg,fake,,a man and woman holding a certificate,0,37,,
E:\Project\Fake News Detection\images\fake\1733.jpg,fake,,a group of people sitting at a table,0,36,,
E:\Project\Fake News Detection\images\fake\1735.jpg,fake,প্রশমি র্যুয় য়াজকমা সামোবী জি্যি য়েটিজমা,two men in uniform,40,18,-0.112582445,
E:\Project\Fake News Detection\images\fake\1739.jpg,fake,,a man in a military uniform standing in front of a line of flags,0,64,,
E:\Project\Fake News Detection\images\fake\174.jpg,fake,POLICE PEEIIOE POLICE ESTIBETIEE EBEPOLS,a group of police officers walking down a street,40,48,0.502028406,
E:\Project\Fake News Detection\images\fake\1744.jpg,fake,,a boat is in the water with bags on it,0,38,,
E:\Project\Fake News Detection\images\fake\1746.jpg,fake,,a group of men sitting in a courtroom,0,37,,
E:\Project\Fake News Detection\images\fake\1753.jpg,fake,,a man in a suit and tie giving a speech,0,39,,
E:\Project\Fake News Detection\images\fake\1758.jpg,fake,,two men standing on a train track,0,33,,
E:\Project\Fake News Detection\images\fake\1762.jpg,fake,আর ইতো তাডিন আকা যীনে জযে পনে,a woman holding a piece of paper with a chart on it,29,51,0.032178417,
E:\Project\Fake News Detection\images\fake\1769.jpg,fake,,a group of people standing in the water,0,39,,
E:\Project\Fake News Detection\images\fake\1779.jpg,fake,(,a man holding a cup,1,19,0.023975354,
E:\Project\Fake News Detection\images\fake\1780.jpg,fake,,a group of people standing around a building with money flying around,0,69,,
E:\Project\Fake News Detection\images\fake\1782.jpg,fake,,a young child is sitting on a hospital bed,0,42,,
E:\Project\Fake News Detection\images\fake\1785.jpg,fake,,a man smoking a cigarette,0,25,,
E:\Project\Fake News Detection\images\fake\1789.jpg,fake,,a man and woman sitting at a table,0,34,,
E:\Project\Fake News Detection\images\fake\179.jpg,fake,,two men shaking hands in front of a tv,0,38,,
E:\Project\Fake News Detection\images\fake\1801.jpg,fake,ওপ্যির ডসীর NEWS,a woman is standing on the street with a cell,16,45,0.058842957,
E:\Project\Fake News Detection\images\fake\1803.jpg,fake,শোলিকে উতি,a person holding a cell phone in front of a crowd,10,49,0.085399218,
E:\Project\Fake News Detection\images\fake\1820.jpg,fake,,two people are holding their phones and looking at them,0,55,,
E:\Project\Fake News Detection\images\fake\183.jpg,fake,,a man in a green jacket standing in front of a space station,0,60,,
E:\Project\Fake News Detection\images\fake\1837.jpg,fake,,a man in a black shirt,0,22,,
E:\Project\Fake News Detection\images\fake\1839.jpg,fake,ঢul,a man holding a stack of newspapers,3,35,0.015428096,
E:\Project\Fake News Detection\images\fake\1842.jpg,fake,,two people sitting on a bench,0,29,,
E:\Project\Fake News Detection\images\fake\1845.jpg,fake,KUWNA IUINA DHAKA MOTOR SHOW DHAKA MOTOR SHOW DHAKA MOTOW FBINAK DHAKAMOTOW 09,two pictures of a car parked in front of a shop,78,47,0.20854716,
E:\Project\Fake News Detection\images\fake\1849.jpg,fake,Sleweeft esewper wesoubror,two men sitting on a motorcycle,26,31,-0.032221805,
E:\Project\Fake News Detection\images\fake\186.jpg,fake,40],a man in a suit and tie standing in a courtroom,3,47,-0.010272933,
E:\Project\Fake News Detection\images\fake\1865.jpg,fake,,a man in a suit and tie sitting at a table,0,42,,
E:\Project\Fake News Detection\images\fake\1867.jpg,fake,,three girls sitting at a desk with their hands up,0,49,,
E:\Project\Fake News Detection\images\fake\1873.jpg,fake,,two men in suits holding a document,0,35,,
E:\Project\Fake News Detection\images\fake\1876.jpg,fake,,three women sitting at a table with papers and a flag,0,53,,
E:\Project\Fake News Detection\images\fake\1878.jpg,fake,বিরাকোের ডাম্বালি দুটিন,a woman holding a plate of rice and a bowl of food,23,50,0.065223426,
E:\Project\Fake News Detection\images\fake\1901.jpg,fake,স্রবামায় অরিনি জগেনর ডলাবীরে খকিচ্ছোখলির ইাখবা সেনা ডিই কোক প্রক্োতি সোলা শথািরল বস্ফ্র বের খানব,workers holding a banner in a factory,96,37,-0.001783216,
E:\Project\Fake News Detection\images\fake\1903.jpg,fake,,a picture of a man in a suit sitting at a desk,0,46,,
E:\Project\Fake News Detection\images\fake\1908.jpg,fake,,a man and woman sitting at a table,0,34,,
E:\Project\Fake News Detection\images\fake\1914.jpg,fake,,two men sitting at a table,0,26,,
E:\Project\Fake News Detection\images\fake\1918.jpg,fake,0,two men wearing masks in front of a japanese flag,1,49,0.064309411,
E:\Project\Fake News Detection\images\fake\1928.jpg,fake,reatk szutrdtq,a row of ricks,14,14,0.110091321,
E:\Project\Fake News Detection\images\fake\193.jpg,fake,,a man in a red cross flag,0,25,,
E:\Project\Fake News Detection\images\fake\1938.jpg,fake,তমায়,a man with a beard and glasses speaking into a microphone,4,57,0.085866287,
E:\Project\Fake News Detection\images\fake\194.jpg,fake,,a woman sitting at a desk with a judge behind her,0,49,,
E:\Project\Fake News Detection\images\fake\1944.jpg,fake,,a person holding a cell phone in front of a display of toy cars,0,63,,
E:\Project\Fake News Detection\images\fake\1949.jpg,fake,,a man wearing a suit and tie sitting in an office,0,49,,
E:\Project\Fake News Detection\images\fake\1950.jpg,fake,প্রেলে যাকে কয়ি অনিলে: থোরেপ লির্ছকউ আরে কুরাত তযিলে অলি! 1{] কট,a group of soccer players celebrating a goal,64,44,0.050352409,
E:\Project\Fake News Detection\images\fake\1960.jpg,fake,তোনিরষথোব,two people sitting at a table with laptops,9,42,0.095823988,
E:\Project\Fake News Detection\images\fake\1972.jpg,fake,,a couple wearing sunglasses and a checkered shirt,0,49,,
E:\Project\Fake News Detection\images\fake\1981.jpg,fake,Thunel  B ০I DBH PLC Finance,a man in a suit pointing at a screen with a chart,28,49,0.012879986,
E:\Project\Fake News Detection\images\fake\1982.jpg,fake,IEPbZJIOJIbMA,two women sitting at a table with microphones,13,45,0.014609531,
E:\Project\Fake News Detection\images\fake\1985.jpg,fake,,a group of people standing in a line,0,36,,
E:\Project\Fake News Detection\images\fake\1994.jpg,fake,যিয়োয়ৌ শ্রযািলা জলজেইে শাড্শে লরিপ্রনাশা NATIONALTPRESS CLUB তরণদাওকনার,a group of people holding signs in front of a building,71,54,0.109904297,
E:\Project\Fake News Detection\images\fake\1996.jpg,fake,গর গর - বাজিনা ডকারা পাক্ত রি হথাল নৌিহল পার অহহ্বার ত্রাতগর ৭]F৬ যার ওয়ী যার হার আলীর তলীর রাজিনী হথীন নীিeল তোজ হাতা,a group of people holding up signs in the air,119,45,0.03494215,
E:\Project\Fake News Detection\images\fake\1997.jpg,fake,৫,two men sitting at a table with a flag in the background,1,56,-0.02336435,
E:\Project\Fake News Detection\images\fake\2.jpg,fake,,a satellite dish dish dish dish dish dish dish dish dish dish dish dish dish dish dish dish dish dish dish dish dish dish dish dish dish dish dish dish dish dish dish dish dish dish dish dish dish dish,0,201,,
E:\Project\Fake News Detection\images\fake\2003.jpg,fake,তজিয় উীকর কলিত,a group of people sitting at a table,14,36,0.035299979,
E:\Project\Fake News Detection\images\fake\2006.jpg,fake,"QUR'AN RECITATION COMPETITION IsLam Kno"" ledge Bowl",a group of people standing in front of a banner,51,47,0.049144082,
E:\Project\Fake News Detection\images\fake\201.jpg,fake,,two men sitting at a table with papers,0,38,,
E:\Project\Fake News Detection\images\fake\2010.jpg,fake,,two men sitting at a table with a flag behind them,0,50,,
E:\Project\Fake News Detection\images\fake\2019.jpg,fake,,two men sitting at a table with a book,0,38,,
E:\Project\Fake News Detection\images\fake\202.jpg,fake,APPREVEHT APPROVEBMR APFOCEIMAHLLA HOHIIPHIEHEHE OHETRPOFHIETO TOHATHHHIrIA HOMEA JIMM OIIUILTAIPHCMOHAP HHIOHTO,two men sitting at a table with microphones,112,43,-0.005371942,
E:\Project\Fake News Detection\images\fake\2021.jpg,fake,,two women in front of a building,0,32,,
E:\Project\Fake News Detection\images\fake\2041.jpg,fake,,a man and woman standing next to each other people,0,50,,
E:\Project\Fake News Detection\images\fake\2044.jpg,fake,UGC এথড,two men sitting at a table with a laptop,7,40,0.016329473,
E:\Project\Fake News Detection\images\fake\2051.jpg,fake,PGAITy,a man in a black shirt and a white and green flag,6,49,0.037099432,
E:\Project\Fake News Detection\images\fake\2056.jpg,fake,মাবুির মরচশর ভেকিশোউ আজি জাইায় পায়িলে ঢ8 সহি অরিরিবা,a man in a blue vest and white shirt is giving a speech,52,55,0.140991479,
E:\Project\Fake News Detection\images\fake\2068.jpg,fake,,a man with a mustache and a suit,0,32,,
E:\Project\Fake News Detection\images\fake\2069.jpg,fake,সাজেরি পবািতয়,two men sitting at a table,13,26,0.014719227,
E:\Project\Fake News Detection\images\fake\207.jpg,fake,,"the prime of india, shrian singh singh singh singh singh singh singh singh singh singh singh singh singh singh",0,110,,
E:\Project\Fake News Detection\images\fake\2070.jpg,fake,ROKEYA BEGUM ROKEYA UNIVERSITY ROKEYA BEGUM ROKEYA UNIVERSITY ROKEYA ROKEYA 3 ত্বু ROKEYA UNIV WANITNO NEWI,a man sitting at a table with a microphone,107,42,-0.022964232,
E:\Project\Fake News Detection\images\fake\2076.jpg,fake,,a group of construction workers standing on a road,0,50,,
E:\Project\Fake News Detection\images\fake\2078.jpg,fake,,a group of men sitting at a table,0,33,,
E:\Project\Fake News Detection\images\fake\2084.jpg,fake,পুবিকীল বাংজেযল বামরলর পকিয়,a group of people holding a banner in a street,27,46,0.075759426,
E:\Project\Fake News Detection\images\fake\209.jpg,fake,,two people wearing masks in a factory,0,37,,
E:\Project\Fake News Detection\images\fake\2090.jpg,fake,Corporation Corporation City city,a crowd of people,33,17,0.14412269,
E:\Project\Fake News Detection\images\fake\2094.jpg,fake,ROKEYS দেপ্সানে,a man in a suit and tie standing in front of a building,15,55,0.001582026,
E:\Project\Fake News Detection\images\fake\2103.jpg,fake,IN [7== G,three people sitting in front of a tv screen,9,44,-0.030002449,
E:\Project\Fake News Detection\images\fake\2115.jpg,fake,আকরে সারিল,two men standing in front of a banner,10,37,-0.01453572,
E:\Project\Fake News Detection\images\fake\2118.jpg,fake,,a man in a suit and tie with a british flag in the background,0,61,,
E:\Project\Fake News Detection\images\fake\213.jpg,fake,fuRf,a man wearing a white coat,4,26,0.143369272,
E:\Project\Fake News Detection\images\fake\2152.jpg,fake,,three women sitting on a bench in front of a monument,0,53,,
E:\Project\Fake News Detection\images\fake\2155.jpg,fake,,a group of men in school uniforms serving food,0,46,,
E:\Project\Fake News Detection\images\fake\216.jpg,fake,50[ IWII| অলিবিম IERINIL IERINIL,a group of people standing in front of a bus,32,44,0.032696821,
E:\Project\Fake News Detection\images\fake\2179.jpg,fake,BERGER PAINTS BANGLADESH,two men in suits are shaking hands in front of a sign,24,53,0.024704454,
E:\Project\Fake News Detection\images\fake\2193.jpg,fake,Rupali Bank PLC আলে টয়লে Rupall BankPLC Rupali Bank PLC 17 সায় টীকান,two men shaking hands in front of a building,68,44,0.022066064,
E:\Project\Fake News Detection\images\fake\221.jpg,fake,Tasnim Zara,a woman in a green sari with a red circle,11,41,0.140449613,
E:\Project\Fake News Detection\images\fake\2218.jpg,fake,GLOBAL GLOBAL FOOTBALL FEDERATION FOOTBALL FEDERATION ! [ ?,a woman holding a card in front of a crowd,59,42,0.142679691,
E:\Project\Fake News Detection\images\fake\2223.jpg,fake,PYSTI' 6 gঁ gঁ g,a man in a green shirt and black pants playing cricket,16,54,0.111941308,
E:\Project\Fake News Detection\images\fake\224.jpg,fake,সলি গ্রেকিয়ো হালী ত্রাডিত লেহি কেরহারায় বাস্সীউ,a woman in a pink sari sari sari sari sari sari sari sari sari sari sari sar,47,76,0.120090634,
E:\Project\Fake News Detection\images\fake\2248.jpg,fake,BFREO HEQNF BFREO HEONF,croatia ' s players hold the croatian flag,23,42,0.131644249,
E:\Project\Fake News Detection\images\fake\2251.jpg,fake,,a man in a white uniform,0,24,,
E:\Project\Fake News Detection\images\fake\2254.jpg,fake,DHKANORTH CITY COFPORCRATION DNCC CITIZEN SERVICE CENTER DNCCINIZEN MHCEL NORTH CITY CORPORATION EELFE DNCC NOHIII CITIZEN SERVICE CENTER DHAKA NORTH CUPYNORTH CITY CORPORATION,two men in orange vests standing in front of a building,176,55,0.053097248,
E:\Project\Fake News Detection\images\fake\2256.jpg,fake,,portugal ' s cres celebrates after scoring a goal against portugal,0,66,,
E:\Project\Fake News Detection\images\fake\2263.jpg,fake,SioiTs NagorikTV EUROPA STAR SPORTS 1 LEAGUE NagorlkTV IPL ORROOr SUSENDED 'INagorikTV )[PL STAB DOOK 200 SiPL SIAR SPDRTSI} গNORITY,two men sitting in chairs,132,25,0.096473172,
E:\Project\Fake News Detection\images\fake\2267.jpg,fake,,a man in a blue jacket sitting at a table,0,41,,
E:\Project\Fake News Detection\images\fake\2279.jpg,fake,,two women are sitting in a room with a television,0,49,,
E:\Project\Fake News Detection\images\fake\2286.jpg,fake,আয়নি কৌকোর শি নে আড় ভারাবম তসরি তাব সাতে পাতের বা সামেলনাভ পাজাজিরল ইয় কুরিজ আদ তানা যারেলবা প্রোতে রল্লা পরাির NEWS NEIS NEWS,a group of men sitting at a table with a microphone,126,51,0.073183879,
E:\Project\Fake News Detection\images\fake\2287.jpg,fake,,a woman in a recording room with a microphone,0,45,,
E:\Project\Fake News Detection\images\fake\2289.jpg,fake,,a man and woman in lab coats,0,28,,
E:\Project\Fake News Detection\images\fake\2293.jpg,fake,,two drones flying over a nuclear power plant,0,44,,
E:\Project\Fake News Detection\images\fake\2299.jpg,fake,,a man in a baseball stadium holding a flag,0,42,,
E:\Project\Fake News Detection\images\fake\2300.jpg,fake,,two women in black robes holding a certificate,0,46,,
E:\Project\Fake News Detection\images\fake\2304.jpg,fake,,a judge in a courtroom with a judge in the background,0,53,,
E:\Project\Fake News Detection\images\fake\2314.jpg,fake,,a woman in a black dress standing in a room,0,43,,
E:\Project\Fake News Detection\images\fake\2317.jpg,fake,,a man in a suit and tie sitting at a table,0,42,,
E:\Project\Fake News Detection\images\fake\2348.jpg,fake,,two men sitting at a table with flags behind them,0,49,,
E:\Project\Fake News Detection\images\fake\2349.jpg,fake,,two men shaking hands in front of flags,0,39,,
E:\Project\Fake News Detection\images\fake\2353.jpg,fake,,two men sitting at a table with a laptop,0,40,,
E:\Project\Fake News Detection\images\fake\2355.jpg,fake,,a chinese flag flying over the moon,0,35,,
E:\Project\Fake News Detection\images\fake\2362.jpg,fake,,a car floating in the water with a planet in the background,0,59,,
E:\Project\Fake News Detection\images\fake\239.jpg,fake,U U LAMR,a man wearing a hoodie and a black mask,8,39,0.153352499,
E:\Project\Fake News Detection\images\fake\2394.jpg,fake,,two men sitting at a table with papers and pen,0,46,,
E:\Project\Fake News Detection\images\fake\24.jpg,fake,OpenAl,a man in a suit looking at a city with a phone,6,46,0.169176102,
E:\Project\Fake News Detection\images\fake\2406.jpg,fake,,a man with a beard and a white beard,0,36,,
E:\Project\Fake News Detection\images\fake\2420.jpg,fake,ডন বালি পঠীন,a man sitting at a table eating food,12,36,0.037922848,
E:\Project\Fake News Detection\images\fake\244.jpg,fake,"SSC Exow Results: 100% Poss Rotc, Record GPA-5 Ackicved",a group of students sitting in a classroom,55,42,0.107703403,
E:\Project\Fake News Detection\images\fake\2445.jpg,fake,বাযিল অডিকে অমীন রাডন রহিট প্রনির্জেত্ তত্তিলড়িন ববর প্রখাবাির গৌভফার অমাব লাত্তবারন,two men sitting at a table with microphones,84,43,0.025215397,
E:\Project\Fake News Detection\images\fake\2446.jpg,fake,NusA,a white cow,4,11,0.120104663,
E:\Project\Fake News Detection\images\fake\2450.jpg,fake,,a man wearing a mask and holding a camera,0,41,,
E:\Project\Fake News Detection\images\fake\2458.jpg,fake,ত্রালীতি যায়োর রতের বককো লেতি কুশটারী কনি পাকি কোলবিকর গেযানা পরয়ায় এলে জোর,a man in a suit and tie speaking into a microphone,76,50,0.008884154,
E:\Project\Fake News Detection\images\fake\246.jpg,fake,CONEICATED [CONFICATEU] [CONFICATEU],a man and woman standing in front of a bank vault,36,49,0.042602777,
E:\Project\Fake News Detection\images\fake\2461.jpg,fake,EBOLAIIITRIJS [11 8,two men holding a trophy in their hands,19,39,0.03741388,
E:\Project\Fake News Detection\images\fake\2467.jpg,fake,90,a man laying on the side of the road,2,36,0.113462314,
E:\Project\Fake News Detection\images\fake\2474.jpg,fake,যাব তালা মধেগীদন যোল প্রধ,two people holding signs and microphones in front of a crowd,25,60,0.075182125,
E:\Project\Fake News Detection\images\fake\2481.jpg,fake,UCES BRSTAURIGISI ANIGNTA,a man wearing a mask and a black jacket,25,39,-0.017203424,
E:\Project\Fake News Detection\images\fake\2485.jpg,fake,,a group of people standing next to a river,0,42,,
E:\Project\Fake News Detection\images\fake\25.jpg,fake,,a man and woman sitting at a table with a laptop,0,48,,
E:\Project\Fake News Detection\images\fake\2505.jpg,fake,,two women in blue robes sitting next to a sheep,0,47,,
E:\Project\Fake News Detection\images\fake\2507.jpg,fake,,a woman with glasses and a necklace in front of a building,0,58,,
E:\Project\Fake News Detection\images\fake\2514.jpg,fake,য় ও আথাস,a man and woman sitting at a table with a cow on the wall behind them,9,69,-0.06876076,
E:\Project\Fake News Detection\images\fake\2516.jpg,fake,সাল্ত পানাখেটেল সাল্ত জ্নাবী পানাখেল ভংসৌরািজ ব সার্দির চেকরোরি বকরলিলিন ভককোরি বকরলিলিন সজনোকার বকালে ঠেন সজনোকার বকালে কমাবিনাবি: ইাতান কলামাউি ইাপ্সন জনাবী,a group of people standing around a table,158,41,0.058550742,
E:\Project\Fake News Detection\images\fake\2519.jpg,fake,দািরতসাির LPG দািরতসাির LPG PETROMAX PETROMAX যজরি যস্সরি সতি,a man in a suit and tie speaking into a microphone,61,50,-0.023169464,
E:\Project\Fake News Detection\images\fake\252.jpg,fake,,a man and woman standing in front of a city,0,43,,
E:\Project\Fake News Detection\images\fake\2521.jpg,fake,প্র্খোর-ইামকাির শযিদেল OSHINN SPINNING MILLS LIMITED,a group of people standing in front of a street sign,52,52,-0.012156051,
E:\Project\Fake News Detection\images\fake\2523.jpg,fake,,two men in suits and ties standing behind a podium,0,50,,
E:\Project\Fake News Detection\images\fake\2527.jpg,fake,VGF যালে অেমিজ্যর মহিত্যুবাদিল অর্যি্গিরেশাট VGF Rice Distribution Irregularties VGF যনিত বাযে গারে করানদিণ দানন] বদত ডামস স্রালান মীন জান নিঢনরব,people holding signs in front of a building,145,43,-0.052862901,
E:\Project\Fake News Detection\images\fake\2552.jpg,fake,,a man with a mustache and glasses sitting at a desk,0,51,,
E:\Project\Fake News Detection\images\fake\256.jpg,fake,,a woman in a floral shirt is on the news,0,40,,
E:\Project\Fake News Detection\images\fake\257.jpg,fake,আজপরিয় প্রোর জলিরে করিপেযেন সাকিটল অবোকে মবোটর পেইপ্কু প্রলভিবল,a woman in a red sari sar sari sari sari sari sari sari sar,63,59,0.142828286,
E:\Project\Fake News Detection\images\fake\2588.jpg,fake,,a bus that is sitting in the middle of a road,0,45,,
E:\Project\Fake News Detection\images\fake\2590.jpg,fake,HATIIIE YOU[ BI[,a group of people standing in front of a building,16,49,-0.015675081,
E:\Project\Fake News Detection\images\fake\260.jpg,fake,ROTMJIIbFICPCKYR APAOM yHIBEPCMIET,three men standing in front of a blue banner,34,44,0.029392872,
E:\Project\Fake News Detection\images\fake\261.jpg,fake,কামলাম নিকলা করবন (থুল),a woman standing at a podium with a flag behind her,23,51,0.124760985,
E:\Project\Fake News Detection\images\fake\2621.jpg,fake,NEBBL PRIZE INOKKISP PRIZE,a man in a suit and tie standing behind a podium,26,48,0.074550778,
E:\Project\Fake News Detection\images\fake\2623.jpg,fake,,a man in a blue jacket and hat standing on a street,0,51,,
E:\Project\Fake News Detection\images\fake\263.jpg,fake,BANGLADESH-PAKISTAN MILITARYALLIANGESUMMIT বডির সি,two men shaking hands in front of a pakistan sign,50,49,0.327042937,
E:\Project\Fake News Detection\images\fake\265.jpg,fake,,two men with a flag and a crescent,0,34,,
E:\Project\Fake News Detection\images\fake\2650.jpg,fake,,a person in blue gloves holding a sy,0,36,,
E:\Project\Fake News Detection\images\fake\2656.jpg,fake,,two astronauts standing on the moon with a flag,0,47,,
E:\Project\Fake News Detection\images\fake\2662.jpg,fake,9:84 WhatsApp Mceieforaign HhstsKlrppie A1T Whatsapointhesp thiie ronds 12 ক714 WotsApleis moss dethep nemen 16 FI/ Whatappk dendr sterore chemation MotsApppinthebliyere,a person holding a cell with a message on it,169,44,0.215947062,
E:\Project\Fake News Detection\images\fake\2669.jpg,fake,,a man in a suit is holding a camera,0,35,,
E:\Project\Fake News Detection\images\fake\2674.jpg,fake,0,a man in a suit and tie,1,23,0.059225604,
E:\Project\Fake News Detection\images\fake\2679.jpg,fake,ChatGPT Al Safety idielnes SHAIGP),a man standing at a podium with a microphone,34,44,0.125223115,
E:\Project\Fake News Detection\images\fake\2682.jpg,fake,{1,a wooden table with a clock and a gave,2,38,0.096094221,
E:\Project\Fake News Detection\images\fake\2685.jpg,fake,38% 95% WhatsApp WhatsApp Whet saup ontevavies Whet saup ontevlevies,two hands holding a phone with a photo of a man in a suit,68,57,0.105913118,
E:\Project\Fake News Detection\images\fake\2686.jpg,fake,,a man and woman sitting at a table,0,34,,
E:\Project\Fake News Detection\images\fake\2707.jpg,fake,,a man and woman standing in front of a building,0,47,,
E:\Project\Fake News Detection\images\fake\271.jpg,fake,সঘে সকার,a man in a suit holding a certificate,8,37,0.041341059,
E:\Project\Fake News Detection\images\fake\2713.jpg,fake,তিহলবিবল-স্রে যানি,a group of people standing in front of a building,18,49,0.072998419,
E:\Project\Fake News Detection\images\fake\2719.jpg,fake,সেুেকশিশির উলেন দিমব SSC Exam Results -2024,a group of people sitting in a classroom,43,40,0.205281615,
E:\Project\Fake News Detection\images\fake\2729.jpg,fake,এলোন বখডের ট্রলিদের JATIYE SAHGEHSAHGSS 8HABAH,a man in a suit and tie giving a speech,46,39,0.083944596,
E:\Project\Fake News Detection\images\fake\2737.jpg,fake,,a group of children standing around a fence,0,43,,
E:\Project\Fake News Detection\images\fake\2749.jpg,fake,DSCC DHAKA SOUTH CITY CORPORATION,a group of men sitting at a table,33,33,0.032421537,
E:\Project\Fake News Detection\images\fake\275.jpg,fake,DESERT RISE REALESIATE AZIZI DEVELOPMENTS AZIZI,two men standing in front of a city,47,35,0.124542646,
E:\Project\Fake News Detection\images\fake\2750.jpg,fake,UNZREL_UNIVERSTY JNIVERSITY 8,a woman wearing a black scarf,29,29,0.11636053,
E:\Project\Fake News Detection\images\fake\2760.jpg,fake,0,a group of people standing in front of a dark background,1,56,0.084213361,
E:\Project\Fake News Detection\images\fake\2764.jpg,fake,,a man riding a motorcycle on a city street,0,42,,
E:\Project\Fake News Detection\images\fake\2767.jpg,fake,,a man laying on the floor in a room,0,35,,
E:\Project\Fake News Detection\images\fake\2774.jpg,fake,{03 46 383 935 ৪ 09 6.$6 198 [98 55 2% 4.6 198 485 28 256 ন 8 3345 236 766 1|406 146 286 1$6 93 PAUIS PADIS 2.06 4]86 220] 1807 39,a group of people standing in front of a large screen,130,53,0.016070958,
E:\Project\Fake News Detection\images\fake\2780.jpg,fake,পযাবল সলিসিলকিয়াবল সলিসিলকিয়াবল রউিকুরল ঊিরুরল বাথ বিব্বাবিয় রডিলে সিবোক বিতাল গবলডিল ৩ সিবোক বিতাল অযিনি বলস সযিনি বলস বাবািডিন বযাাবাডিনে সায যাব বপাভিন্দ বুা বসারান ডিলান বপাভিজ্দ বুঠ বসারান ডিলান কামার ছিতোশ কাজার ছিতোল্,people holding signs and holding signs in front of trees,224,56,0.020064911,
E:\Project\Fake News Detection\images\fake\2786.jpg,fake,EIECTI;,two women in sari sari sari sari sari sari sari sari sari sari sari sari sar,7,76,0.188608795,
E:\Project\Fake News Detection\images\fake\2787.jpg,fake,IJD RICON @ED ৪900 BERSUE PRANLELSTIOM,a man and woman wearing masks holding a box of gold,38,51,-0.086047851,
E:\Project\Fake News Detection\images\fake\279.jpg,fake,,a woman holding a baby on the moon,0,34,,
E:\Project\Fake News Detection\images\fake\2797.jpg,fake,,a man and woman wearing masks in front of a mosque,0,50,,
E:\Project\Fake News Detection\images\fake\2803.jpg,fake,প্রাবডাববির কজে পবলন অকািশ বটবেশনণ,a group of people standing in front of a store,34,46,0.043297946,
E:\Project\Fake News Detection\images\fake\2807.jpg,fake,SSCIHSC ExAM SCHEDULE,a group of people sitting around a conference table,21,51,0.135486841,
E:\Project\Fake News Detection\images\fake\2814.jpg,fake,,a man looking at a laptop screen with a red line,0,48,,
E:\Project\Fake News Detection\images\fake\2817.jpg,fake,PATUAKHALISCIENCEAND TECHNOLOGYUNIVERSITY অরর শমকিয কশান,two men holding a banner with a picture of a man in front of a building,56,71,0.080071732,
E:\Project\Fake News Detection\images\fake\2818.jpg,fake,,a group of people holding up white papers,0,41,,
E:\Project\Fake News Detection\images\fake\2826.jpg,fake,ছ $ ৪ ভুঁ,a man holding a bunch of money in his hands,9,43,0.091425955,
E:\Project\Fake News Detection\images\fake\2834.jpg,fake,BEAICHEKA MOPPA,a man in a suit speaking at a podium,15,36,0.052623641,
E:\Project\Fake News Detection\images\fake\2837.jpg,fake,Friday Opening hourms PIKE PLACE IARKET: 6:00 All 6:00 PII READING TERIIINAL IIARKET WIEST SIDE MARKET 8:00 All 6:00 PII 5:00 PII FERRY PLAZA FARIIERS MARKET: 10:00 All 2:00 1[> Pikee Markes Pikee Markes Markes Pillkee,two women in aprons stand behind a sign that says friday cooking hours,218,70,0.187797591,
E:\Project\Fake News Detection\images\fake\2844.jpg,fake,BANCLADESH BANL,a man in a suit holding a business card,15,39,-0.001260812,
E:\Project\Fake News Detection\images\fake\2850.jpg,fake,,a hand holding a piece of watermel,0,34,,
E:\Project\Fake News Detection\images\fake\2852.jpg,fake,,a woman is looking at a laptop with the ins ins logo on it,0,58,,
E:\Project\Fake News Detection\images\fake\286.jpg,fake,PGSA PGsA PGSA,two women in white hats and yellow scarfs,14,41,0.050376602,
E:\Project\Fake News Detection\images\fake\2863.jpg,fake,,a woman in a lab coat looking at the camera,0,43,,
E:\Project\Fake News Detection\images\fake\287.jpg,fake,,a group of men standing in a room,0,33,,
E:\Project\Fake News Detection\images\fake\2870.jpg,fake,,a man in a blue shirt and glasses speaking into a microphone,0,60,,
E:\Project\Fake News Detection\images\fake\2872.jpg,fake,বদিয় ষকিলা,a man with his head in his hands,10,32,0.080740169,
E:\Project\Fake News Detection\images\fake\2882.jpg,fake,,two police officers wearing masks and gloves,0,44,,
E:\Project\Fake News Detection\images\fake\2884.jpg,fake,,two men standing in a field with a tennis court in the background,0,65,,
E:\Project\Fake News Detection\images\fake\2894.jpg,fake,ত্রাসভ শারায়র যেলা ভাইা আরখালী 9 ;,a woman in a black suit standing in front of a crowd,34,52,0.025357045,
E:\Project\Fake News Detection\images\fake\2896.jpg,fake,WLHE 1৬] লাষজসিািয়ো যের বসল যের বস বাবানা সাকার এলাযনি সাকার এলাঘনি লার যোখীলে OPEN 4||[]| প্রলািবালয যোখীলে OPEN মাণ প্রলািযাে REEIঘH ০]|[ REBEf ডাব] সার,a group of people standing outside of a store,155,45,-0.015876938,
E:\Project\Fake News Detection\images\fake\2900.jpg,fake,,a man holding a gold bar in front of a wall of gold,0,51,,
E:\Project\Fake News Detection\images\fake\2904.jpg,fake,,two scientists in lab,0,21,,
E:\Project\Fake News Detection\images\fake\2907.jpg,fake,EXCHANG EXCHANGE EXCHANGE EXCHIEFOR সসজ্ঞা পত্পা 50/95 CRUD CRUD Ms [SU2 BEINGAR 246] Mis SUS PIGUD ML ISUS ERGANI 208 ML SUS PROD MS BLC LEIIIRণ 230 MIS GUL ERS 79 MH CUB RCLMEA 180 CUG RIALB9U 108 EME URO 154 EL SFIB LOO 20 0AY SEANS 275| EE LOD 02 200 BL [FIE ECAMER]182 IEHY PEC 06|200|,a man and woman in a suit and mask holding a sign,290,49,0.09107209,
E:\Project\Fake News Detection\images\fake\2915.jpg,fake,,a man in a suit and tie sitting in front of a flag,0,50,,
E:\Project\Fake News Detection\images\fake\2927.jpg,fake,,a woman wearing a mask in an airport,0,36,,
E:\Project\Fake News Detection\images\fake\2933.jpg,fake,PRIMEMINISIERISOFFICE,two men standing in front of a building,21,39,0.047238536,
E:\Project\Fake News Detection\images\fake\2937.jpg,fake,,a person holding a cell phone,0,29,,
E:\Project\Fake News Detection\images\fake\2940.jpg,fake,,a man sitting at a table with a laptop,0,38,,
E:\Project\Fake News Detection\images\fake\2941.jpg,fake,,a person holding a wallet with a picture of a family,0,52,,
E:\Project\Fake News Detection\images\fake\2944.jpg,fake,Family Card Distribution Program *** শিট কিপেশর Xxx সোশে আরি আইবো ত্িত সখিতন বিলু,a man standing at a podium with a banner behind him,81,51,0.09447474,
E:\Project\Fake News Detection\images\fake\295.jpg,fake,,a man and woman standing in front of a building,0,47,,
E:\Project\Fake News Detection\images\fake\2950.jpg,fake,বায়াশা সরেড সার ফালারী (হত) যেন্লট যাবাি যে প্রীন / যে শাজালি লাখীরী,a man in a suit,68,15,-0.115830779,
E:\Project\Fake News Detection\images\fake\2953.jpg,fake,UPECOIPMMA,a woman in a white shirt is standing in front of a television,10,61,0.043681566,
E:\Project\Fake News Detection\images\fake\2958.jpg,fake,TOPALA TOHAPHMPOB,a man and woman standing next to a tree,17,39,0.03618506,
E:\Project\Fake News Detection\images\fake\2959.jpg,fake,"Departure Depanture ## Shanghai, China 15 ## 24",a group of people standing in a hallway,47,39,0.075913139,
E:\Project\Fake News Detection\images\fake\296.jpg,fake,UNIVERSITY OF DHAKA আলে বপরীর VERSITY g,a man sitting at a table with several other men behind him,39,58,0.075424507,
E:\Project\Fake News Detection\images\fake\2966.jpg,fake,,a man and woman sitting at a table,0,34,,
E:\Project\Fake News Detection\images\fake\297.jpg,fake,,a man standing at a podium with a flag behind him,0,49,,
E:\Project\Fake News Detection\images\fake\2974.jpg,fake,সোকি পাটোর হলরি কনচয়ন,a man in a blue shirt and glasses is gesturing,21,46,0.008121561,
E:\Project\Fake News Detection\images\fake\2975.jpg,fake,,a man in a suit speaking into a microphone,0,42,,
E:\Project\Fake News Detection\images\fake\2976.jpg,fake,,a man and woman sitting at a table,0,34,,
E:\Project\Fake News Detection\images\fake\298.jpg,fake,7,a man standing in a market with a broken window,1,47,-0.016327718,
E:\Project\Fake News Detection\images\fake\2981.jpg,fake,,a group of people holding a banner with a flag,0,46,,
E:\Project\Fake News Detection\images\fake\2989.jpg,fake,,a woman holding a baby in her arms,0,34,,
E:\Project\Fake News Detection\images\fake\2996.jpg,fake,,a man in a suit standing on the moon,0,36,,
E:\Project\Fake News Detection\images\fake\2998.jpg,fake,,a woman wearing a face mask holding a bowl of salad,0,51,,
E:\Project\Fake News Detection\images\fake\2999.jpg,fake,,two men sitting at a table with a laptop,0,40,,
E:\Project\Fake News Detection\images\fake\300.jpg,fake,,a group of people sitting around a table,0,40,,
E:\Project\Fake News Detection\images\fake\3001.jpg,fake,,a group of men standing around a small red tractor,0,50,,
E:\Project\Fake News Detection\images\fake\3005.jpg,fake,,a woman in a blue dress standing in front of a argentina flag,0,61,,
E:\Project\Fake News Detection\images\fake\3008.jpg,fake,ন রিকথ নদুমাকযা রধর,a man and woman standing next to a cake with candles on it,19,58,0.084444284,
E:\Project\Fake News Detection\images\fake\3016.jpg,fake,,a woman holding a glass of orange juice,0,39,,
E:\Project\Fake News Detection\images\fake\3023.jpg,fake,,a man in a suit and tie speaking at a podium,0,44,,
E:\Project\Fake News Detection\images\fake\3026.jpg,fake,ঔ ঔ,a man in a blue shirt holding a can of coca,3,43,0.031903036,
E:\Project\Fake News Detection\images\fake\3032.jpg,fake,HOPE FOR JUSTICE,a man and woman sitting at a table with a sign that says hope for justice,16,73,0.495072544,
E:\Project\Fake News Detection\images\fake\3034.jpg,fake,,two men shaking hands over a table,0,34,,
E:\Project\Fake News Detection\images\fake\3040.jpg,fake,"PLANNING MINISTRY ANNUAL DEVELOPMENT PROGRAMME (ADP) BUDGET 485,000 EDUCATION $817,8000 $330,000 $35,000 APUNNING & REUGLIY EDUCATION $517,9000 239,000 553,000 $81 940,00 $33 000 3000 EDUCATION 36,8000 4335,000 HEALTH $305,0000 $923, 000 CUT 225,000 $217,009 SEALTH 9000 EAUPI ERS 86,000 AN ]0 BAL Amck 7,0000 0000 Lerice Carr",a group of people sitting around a table,326,40,-0.004706301,
E:\Project\Fake News Detection\images\fake\3041.jpg,fake,,a woman is standing next to a cow,0,33,,
E:\Project\Fake News Detection\images\fake\3042.jpg,fake,৪ 8 8 ০ & % ৪ ৪ ৪ ৪ ৪ ৪ ; 9,a man holding a bunch of money in his hands,27,43,0.04426191,
E:\Project\Fake News Detection\images\fake\3043.jpg,fake,SENNT DSE,two men in suits and masks are working on their phones,9,54,0.053073127,
E:\Project\Fake News Detection\images\fake\3044.jpg,fake,ঘরপাণাত ডশিত যাসাি CHACKSN WIOLESALE 46 {n০,two men sitting on a bench,43,26,-0.038564093,
E:\Project\Fake News Detection\images\fake\3047.jpg,fake,,three men sitting at a table with a map in the background,0,57,,
E:\Project\Fake News Detection\images\fake\3049.jpg,fake,,a group of people sitting at a table with a flag behind them,0,60,,
E:\Project\Fake News Detection\images\fake\305.jpg,fake,,two men are standing behind a podium with a flag in the background,0,66,,
E:\Project\Fake News Detection\images\fake\3050.jpg,fake,,a man and woman sitting in a room,0,33,,
E:\Project\Fake News Detection\images\fake\3051.jpg,fake,,a fire is burning in the sky,0,28,,
E:\Project\Fake News Detection\images\fake\3056.jpg,fake,,two men sitting at a table,0,26,,
E:\Project\Fake News Detection\images\fake\3068.jpg,fake,ত্রাজের ডাির পাইলয়ে,two women in white lab coats sitting at a table,19,47,-0.025669221,
E:\Project\Fake News Detection\images\fake\3072.jpg,fake,XAUIUSD: 2350.75 EDUDS] [EEID UP 39 _ +2.5% GOLD: SPOT GOLD: [EEEE 2336,a man holding a gold bull in front of a trading floor,71,53,0.2910797,
E:\Project\Fake News Detection\images\fake\3076.jpg,fake,g ?,pakistan players in action,3,26,0.067097329,
E:\Project\Fake News Detection\images\fake\3081.jpg,fake,Coke oke BANGLA Coke TUDIO SrUDIO ANGLA BA BANGLA CHAMPIONSHIP TREWAY BANGLA CHAMPIUNSHIP TREWAY,two chefs are preparing food in a kitchen,96,41,0.096586607,
E:\Project\Fake News Detection\images\fake\3092.jpg,fake,,a man in a suit and tie standing at a podium,0,44,,
E:\Project\Fake News Detection\images\fake\31.jpg,fake,,a group of men sitting at a table,0,33,,
E:\Project\Fake News Detection\images\fake\3102.jpg,fake,,a man in a suit sitting at a desk,0,33,,
E:\Project\Fake News Detection\images\fake\3123.jpg,fake,PioneerDj,a man in a white shirt,9,22,0.095608443,
E:\Project\Fake News Detection\images\fake\3127.jpg,fake,,a man with a peace sign and a picture of himself,0,48,,
E:\Project\Fake News Detection\images\fake\3129.jpg,fake,,a man in a black leather jacket is making a gesture,0,51,,
E:\Project\Fake News Detection\images\fake\3132.jpg,fake,,a man and woman sitting at a table,0,34,,
E:\Project\Fake News Detection\images\fake\3134.jpg,fake,,pm modi addressing the nation at the un - summit,0,48,,
E:\Project\Fake News Detection\images\fake\3139.jpg,fake,,a chef preparing food in a kitchen,0,34,,
E:\Project\Fake News Detection\images\fake\314.jpg,fake,< আরে,a woman in a suit speaking into microphones,5,43,0.035896711,
E:\Project\Fake News Detection\images\fake\3140.jpg,fake,"87 3E1336 9300 43095 1]00 1908? 11 F 100 1[ 730 [}8 18995-8009 199 132 . 9004 159.825 ,9804 113.$53 ,$00 113..183, 9300 :",a man with a beard and sunglasses holding a microphone,121,54,-0.044557538,
E:\Project\Fake News Detection\images\fake\3146.jpg,fake,105 103 161 FIFAWIORLD CUP FIFA FIFA | 15 15 19,the soccer field,47,16,0.249668255,
E:\Project\Fake News Detection\images\fake\3167.jpg,fake,,two people shaking hands in front of an american flag,0,53,,
E:\Project\Fake News Detection\images\fake\3168.jpg,fake,,a group of people standing in front of a building,0,49,,
E:\Project\Fake News Detection\images\fake\317.jpg,fake,একালে মারি বথরে সায়া সী অলেয় লাখীলে রেসোওন,a woman wearing a mask and a face mask,42,38,0.054111913,
E:\Project\Fake News Detection\images\fake\3176.jpg,fake,Emirlitos Er g [ 5 IIII3 Em rptes [ 1 7 17,the arsenal team celebrate with the trophy,42,42,-0.011850853,
E:\Project\Fake News Detection\images\fake\3181.jpg,fake,PORTUGAL ANNOUNCEMENT,a man holding a flag in front of a microphone,21,45,0.125841796,
E:\Project\Fake News Detection\images\fake\3192.jpg,fake,DBVI IBIUS JBIIUS IMAAIY IMAAIS 3াতন মনম: সাত: 20 ম 2026 CRICKET MATCH FOOTBALL 10:00 Thun 10:00 Thun 16:00 Phun 16:00 Thun 13:00 Thun 16:00 Thun 12:00 Thun 13:00 Thunn 19;00 Thun 13:00 Thun 10:00 Thun 16:00 Phun 10:00 Thun 10:00 Thun 13:00 Thun 10:00 Thun 20:30 Thun 20:00 Phun 26:00 Thun 19:00 Thuni 10:00 Phun DBYy,three men in green shirts holding a ball,317,40,0.154337585,
E:\Project\Fake News Detection\images\fake\3193.jpg,fake,,a man and two children standing in a street,0,43,,
E:\Project\Fake News Detection\images\fake\320.jpg,fake,40 POLICIS,a group of police officers standing in a room,10,45,0.151192367,
E:\Project\Fake News Detection\images\fake\3204.jpg,fake,,a man holding a piece of paper in front of a space station,0,58,,
E:\Project\Fake News Detection\images\fake\3208.jpg,fake,মিরে জাশী কানৈ ISUUENL,two women sitting at a table with microphones,22,45,-0.013961267,
E:\Project\Fake News Detection\images\fake\3214.jpg,fake,,a group of men in uniform,0,25,,
E:\Project\Fake News Detection\images\fake\3223.jpg,fake,,two people riding motorcycles,0,29,,
E:\Project\Fake News Detection\images\fake\3227.jpg,fake,,a group of men standing on top of a cricket field,0,49,,
E:\Project\Fake News Detection\images\fake\3238.jpg,fake,,a woman holding a bowl of nuts in a laboratory,0,46,,
E:\Project\Fake News Detection\images\fake\3239.jpg,fake,৪ ?,a man standing on a field,3,25,-0.018341411,
E:\Project\Fake News Detection\images\fake\324.jpg,fake,,a group of people sitting in a room,0,35,,
E:\Project\Fake News Detection\images\fake\3242.jpg,fake,,a man and woman sitting at a table,0,34,,
E:\Project\Fake News Detection\images\fake\3243.jpg,fake,6%,two people sitting at a table with flags behind them,3,52,0.040203147,
E:\Project\Fake News Detection\images\fake\3245.jpg,fake,,two people in a lab,0,19,,
E:\Project\Fake News Detection\images\fake\3246.jpg,fake,,a man and woman holding a document in a courtroom,0,49,,
E:\Project\Fake News Detection\images\fake\3255.jpg,fake,0 0 0 0 0 0 5 0 ০ 9 ? 3 n ? ? 0 ?,a man is typing on a laptop with the word capta,33,47,0.047572225,
E:\Project\Fake News Detection\images\fake\3261.jpg,fake,ভাঢব পারল,a group of people sitting at a table,9,36,0.057512756,
E:\Project\Fake News Detection\images\fake\3269.jpg,fake,10030 H+242 023 10080 1099 |+ 2421028 501(,a man standing next to a bunch of cattle,42,40,-0.013923658,
E:\Project\Fake News Detection\images\fake\3275.jpg,fake,সর্বার থম জ্বারিপ্ায সীব মাকয়াল,a woman sitting at a table with a newspaper,31,43,0.127656385,
E:\Project\Fake News Detection\images\fake\3277.jpg,fake,Or TIIE,a man in a suit and tie standing behind a podium,7,48,0.007442344,
E:\Project\Fake News Detection\images\fake\3278.jpg,fake,POLICE,a man in a suit and tie sitting at a table,6,42,0.047296699,
E:\Project\Fake News Detection\images\fake\3281.jpg,fake,,a man and woman standing in front of a crowd,0,44,,
E:\Project\Fake News Detection\images\fake\3288.jpg,fake,UK Home Office,three people sitting at a table with a laptop,14,45,0.123351425,
E:\Project\Fake News Detection\images\fake\3289.jpg,fake,,two astronauts reading papers on the moon,0,41,,
E:\Project\Fake News Detection\images\fake\3294.jpg,fake,Aurighcil r,two men in suits,11,16,0.018217506,
E:\Project\Fake News Detection\images\fake\3295.jpg,fake,"3456 2500 ?37 2490 1500 057 60০ 57 2800 00 2050 577 860 )1 2800 87 2000 2050 8 1000 1800 1800 308 97 3000 6,42 8 2080 500 1210 1200 890 )28 2006 300 (40 Finance Narer Finance Harer",a man in a suit and tie sitting at a table,180,42,0.036670938,
E:\Project\Fake News Detection\images\fake\3299.jpg,fake,,a woman holding a baby,0,22,,
E:\Project\Fake News Detection\images\fake\3301.jpg,fake,,a man and woman sitting at a table with papers,0,46,,
E:\Project\Fake News Detection\images\fake\3303.jpg,fake,,a man in a white shirt and a microphone,0,39,,
E:\Project\Fake News Detection\images\fake\3305.jpg,fake,,a group of people standing in front of a plane,0,46,,
E:\Project\Fake News Detection\images\fake\3315.jpg,fake,,a group of people are gathered around a cow,0,43,,
E:\Project\Fake News Detection\images\fake\3320.jpg,fake,,a group of men standing around a man in a suit,0,46,,
E:\Project\Fake News Detection\images\fake\3321.jpg,fake,,a man with a beard and glasses is praying,0,41,,
E:\Project\Fake News Detection\images\fake\3332.jpg,fake,,two hands holding each other hands,0,34,,
E:\Project\Fake News Detection\images\fake\3335.jpg,fake,,a man in a blue shirt is fixing his tie,0,39,,
E:\Project\Fake News Detection\images\fake\3346.jpg,fake,,a man and woman sitting at a table with a microphone,0,52,,
E:\Project\Fake News Detection\images\fake\3350.jpg,fake,,a man laying on a pillow on a road,0,34,,
E:\Project\Fake News Detection\images\fake\3360.jpg,fake,সমিলয়ৌ জ ইেরবিকাপা MYMENSINGH CITY CORPORATIOAI সমিনয়ৌ জরবিকালাগ সমিলয়ৌ ত্ইরবিকালাম বিে ভির কাঁন বিভের তির কাঁন,two men standing at podiums in front of a crowd,111,47,0.106494844,
E:\Project\Fake News Detection\images\fake\3368.jpg,fake,,a group of men standing on a brick road,0,39,,
E:\Project\Fake News Detection\images\fake\3369.jpg,fake,,a woman holding a baby in a hospital room,0,41,,
E:\Project\Fake News Detection\images\fake\3382.jpg,fake,BIBIe Media Action Media Ac Media Action RNMENT BIBIভ BIBIভ FORUM Media Action LCYI Media Actio cion Actic GOVERNMENT POLICY FORUM tio GOVERNMENT GOVERHN GOVERNMENT POLICY FORUM POLICYFO POLICY FORUM,two people standing behind a podium with signs,199,46,0.04260274,
E:\Project\Fake News Detection\images\fake\3383.jpg,fake,,a group of people wearing masks in a room,0,41,,
E:\Project\Fake News Detection\images\fake\3386.jpg,fake,,two men in suits and ties with a city in the background,0,55,,
E:\Project\Fake News Detection\images\fake\3390.jpg,fake,,a group of men standing in front of a construction site,0,55,,
E:\Project\Fake News Detection\images\fake\3395.jpg,fake,,a house with a full moon in the sky,0,35,,
E:\Project\Fake News Detection\images\fake\3396.jpg,fake,,a group of people standing around a green and yellow tuk tuk,0,60,,
E:\Project\Fake News Detection\images\fake\3399.jpg,fake,,two men standing in a room with a flag,0,38,,
E:\Project\Fake News Detection\images\fake\3401.jpg,fake,_,a woman holding a bowl of food in her hand,1,42,-0.020546425,
E:\Project\Fake News Detection\images\fake\3403.jpg,fake,,a white truck parked in a warehouse,0,35,,
E:\Project\Fake News Detection\images\fake\3415.jpg,fake,IIICIAUESI BANCIIUE,three men holding a trophy on a field,19,37,0.139520794,
E:\Project\Fake News Detection\images\fake\3416.jpg,fake,,a man and woman standing in front of a stage,0,44,,
E:\Project\Fake News Detection\images\fake\342.jpg,fake,,two young girls sitting at desks in a library,0,45,,
E:\Project\Fake News Detection\images\fake\3420.jpg,fake,,a man and woman wearing masks in a warehouse,0,44,,
E:\Project\Fake News Detection\images\fake\3428.jpg,fake,16,two men are playing soccer on a field,2,37,-0.03617081,
E:\Project\Fake News Detection\images\fake\3429.jpg,fake,UNITED 1ষ9 A0x,a group of men in red shirts holding up a soccer ball,14,53,0.229957819,
E:\Project\Fake News Detection\images\fake\343.jpg,fake,LANO,three men sitting at a table with papers,4,40,0.056806628,
E:\Project\Fake News Detection\images\fake\3430.jpg,fake,PAKISTANVICTORY BANGLADESH DEFEATED BIPNA 3 g,two men in green uniforms holding bats in front of a stadium,45,60,0.012529567,
E:\Project\Fake News Detection\images\fake\3436.jpg,fake,,two men shaking hands in front of a map,0,39,,
E:\Project\Fake News Detection\images\fake\3439.jpg,fake,,two women sitting at a table,0,28,,
E:\Project\Fake News Detection\images\fake\3443.jpg,fake,31 323,a train on the tracks,6,21,-0.004900816,
E:\Project\Fake News Detection\images\fake\3444.jpg,fake,,a man and woman sitting at a table,0,34,,
E:\Project\Fake News Detection\images\fake\3446.jpg,fake,NIBTIIE JOINT SPIERT JOINT IAREWS JOINT YANDREWS,a man and woman sitting at a table,48,34,0.128191501,
E:\Project\Fake News Detection\images\fake\3449.jpg,fake,,two men in suits and ties are exchanging a piece of chocolate,0,61,,
E:\Project\Fake News Detection\images\fake\3476.jpg,fake,,a group of men in suits standing in front of a playground,0,57,,
E:\Project\Fake News Detection\images\fake\348.jpg,fake,বাডী বচিরের বাভী পটিবর GLOBAL VANGUARD GLOBAL VANGUARD HONOR 2026 HONOR 2026 নির,two women standing on stage,80,27,0.134234339,
E:\Project\Fake News Detection\images\fake\3482.jpg,fake,,a man and woman in a suit and tie holding a certificate,0,55,,
E:\Project\Fake News Detection\images\fake\3492.jpg,fake,Blubd,a man holding a paper,5,21,0.03020446,
E:\Project\Fake News Detection\images\fake\350.jpg,fake,FESTIVALDECANNES FESTIVALDE CANNES FESTI DECANN FESTIVALDE CANNES FESTIVALDECANNES FEST] FESTIVALDE CANNES FESTIVALDECANNES,a man and woman standing on a red carpet,123,40,-0.038362872,
E:\Project\Fake News Detection\images\fake\351.jpg,fake,,a group of men standing next to each other men,0,46,,
E:\Project\Fake News Detection\images\fake\352.jpg,fake,আয়েকাছিযল শুবুিন_শিডিন আহন কতেরা আযারী কহবের আখাল লায়া:,a group of people sitting at a table,55,36,0.134105504,
E:\Project\Fake News Detection\images\fake\3521.jpg,fake,PRESS CLUB,a man and woman standing in front of a wall with flags,10,54,-0.026479792,
E:\Project\Fake News Detection\images\fake\3535.jpg,fake,"জাজা বাবিট কহালা এার মুাবি-রেমাল যারী ডিলেলী বার তাকৈ কালা লিডোর ভরাের অডিদজোির পাজার পাপ্রা সনি রব পলেথ বসািক; লির,",a man in a white shirt,116,22,-0.015937887,
E:\Project\Fake News Detection\images\fake\3536.jpg,fake,,a woman holding a microphone in front of a crowd,0,48,,
E:\Project\Fake News Detection\images\fake\3539.jpg,fake,UNIVERSI,a man in a suit and tie standing at a podium,8,44,0.093866318,
E:\Project\Fake News Detection\images\fake\3556.jpg,fake,,a woman in a white sari,0,23,,
E:\Project\Fake News Detection\images\fake\3558.jpg,fake,NCP পৌরিকিন,two women sitting at a table,11,28,0.034382999,
E:\Project\Fake News Detection\images\fake\356.jpg,fake,,prime modi modi walks past a gas station in ahmedabad,0,53,,
E:\Project\Fake News Detection\images\fake\3562.jpg,fake,,a woman in a blue scarf,0,23,,
E:\Project\Fake News Detection\images\fake\3568.jpg,fake,,a man in a suit holding a paper,0,31,,
E:\Project\Fake News Detection\images\fake\3570.jpg,fake,প্রারোববালণ বিহসিলডি প্ল DHAK-1 CONSTTRIENCY,a woman sitting at a desk with a paper in front of a building,44,61,0.101103172,
E:\Project\Fake News Detection\images\fake\359.jpg,fake,,a group of people holding up papers with flags,0,46,,
E:\Project\Fake News Detection\images\fake\36.jpg,fake,ceVrws ShienceOrien,two men standing next to a robot,19,32,0.007950872,
E:\Project\Fake News Detection\images\fake\3601.jpg,fake,?,a man and woman standing in front of a stadium,1,46,0.124337986,
E:\Project\Fake News Detection\images\fake\3615.jpg,fake,,two men playing field hockey,0,28,,
E:\Project\Fake News Detection\images\fake\3616.jpg,fake,FEEES PEES PREIEEY { AAIIMDORA NAITMDORA,two men in green shirts standing in front of a stadium,40,54,-0.030660374,
E:\Project\Fake News Detection\images\fake\3619.jpg,fake,REAL SOCIEDAD 3 RERAD,two men sitting at a table in front of a stadium,21,48,0.09215384,
E:\Project\Fake News Detection\images\fake\362.jpg,fake,Benuerlkang benrdrver Bunhong,two men sitting at a table with a flag behind them,29,50,0.077018559,
E:\Project\Fake News Detection\images\fake\3636.jpg,fake,,a group of people posing for a picture,0,38,,
E:\Project\Fake News Detection\images\fake\3638.jpg,fake,,a man in a yellow shirt,0,23,,
E:\Project\Fake News Detection\images\fake\3642.jpg,fake,!69 8 TANLUEHI Wenbn,the players are standing on the field,20,37,-0.058403742,
E:\Project\Fake News Detection\images\fake\3648.jpg,fake,,a man and woman standing in front of a stadium,0,46,,
E:\Project\Fake News Detection\images\fake\3650.jpg,fake,,a man in a blue polo shirt is holding a white object,0,52,,
E:\Project\Fake News Detection\images\fake\366.jpg,fake,,a man and woman sitting at a table in front of a cityscapepeat,0,62,,
E:\Project\Fake News Detection\images\fake\3681.jpg,fake,,a group of people wearing masks sitting in a row,0,48,,
E:\Project\Fake News Detection\images\fake\3695.jpg,fake,,two men sitting in a classroom,0,30,,
E:\Project\Fake News Detection\images\fake\3696.jpg,fake,$ 18 16ঠ CEGRAN MALTH,two men sitting at a table,21,26,0.059118867,
E:\Project\Fake News Detection\images\fake\3699.jpg,fake,Ioulube,a man and woman looking at a laptop,7,35,0.074136853,
E:\Project\Fake News Detection\images\fake\3716.jpg,fake,৫m : NTUN,a man in a suit and tie is surrounded by reporters,9,50,0.00905836,
E:\Project\Fake News Detection\images\fake\3718.jpg,fake,"12Pro 12710 কলি রখবিত পেলিরখব 25090, 5990. ছব 0PU iPhone iPhone",a man looking at his phone in a store,63,37,0.237138823,
E:\Project\Fake News Detection\images\fake\3722.jpg,fake,1 TMARRDEST GOLDENHARVESTROUP GROUP Robi Assaita Limite Robi Assaita Limited Robi Assaita Lir GT GOLDEN HARVEST oi Assait ita GROUP Robi assaaita Limited Pantnerhij Breshiop,two people sitting at a table with flags behind them,173,52,-0.040225383,
E:\Project\Fake News Detection\images\fake\3728.jpg,fake,,a person holding a robot hand in a garden,0,41,,
E:\Project\Fake News Detection\images\fake\3730.jpg,fake,Corters Cteute ceru anolteitearte `33,two hands holding a tablet with a message,37,41,0.01443018,
E:\Project\Fake News Detection\images\fake\375.jpg,fake,যাযুর সুতয়া নিভালে নাড়ুর রথেন নিশাবুনা আমার করেবা লিতো সিম সুতয়া নিভলে Livestcck সুাতী = সাযুব Pricing,three men sitting at a table with a sign in the background,102,58,0.050644331,
E:\Project\Fake News Detection\images\fake\376.jpg,fake,,two nurses in scrubs hold a certificate,0,39,,
E:\Project\Fake News Detection\images\fake\3761.jpg,fake,,a woman in a white sar sar holding a flag,0,41,,
E:\Project\Fake News Detection\images\fake\3775.jpg,fake,,a woman holding a microphone,0,28,,
E:\Project\Fake News Detection\images\fake\3776.jpg,fake,,two men are holding hands and looking at each other,0,51,,
E:\Project\Fake News Detection\images\fake\3779.jpg,fake,BOMPMA IlopnkHii BspHIIIHR,two men sitting at a table,26,26,0.062672727,
E:\Project\Fake News Detection\images\fake\3796.jpg,fake,,two men sitting at a table with plates of food,0,46,,
E:\Project\Fake News Detection\images\fake\3798.jpg,fake,LEY ANIIMEIDO,a man in a suit and tie sitting at a table,13,42,0.009370837,
E:\Project\Fake News Detection\images\fake\3802.jpg,fake,বিনে-বেখাও-সুকেউিসের পাবখাল্য হীখার আহির ক্্যেমিত কলি-ডিকণীরবিগসাকতনের আহদুপা লেরিম্মরক,a group of people holding a banner,87,34,0.075941145,
E:\Project\Fake News Detection\images\fake\3808.jpg,fake,,a man holding a cat in his arms,0,31,,
E:\Project\Fake News Detection\images\fake\3810.jpg,fake,,a woman sitting in a chair in front of a wall,0,45,,
E:\Project\Fake News Detection\images\fake\382.jpg,fake,QS Universitys QS Asia Rankings 2026 BUET 3 BUET 2 10 North South University,two men shaking hands with the words qa rankings,76,48,0.396449775,
E:\Project\Fake News Detection\images\fake\3841.jpg,fake,Chanes The Stimbemm 290530 0.517 920 14.27 201066 MUDSCARDVE 501006,two men wearing masks in a city street,67,38,0.077092469,
E:\Project\Fake News Detection\images\fake\385.jpg,fake,,a building that is in the middle of a city,0,42,,
E:\Project\Fake News Detection\images\fake\3855.jpg,fake,1 11 74}4 TAKA PRI PHOPCSAL HKA 74/4 CIOAICTEPRICE CIGAI 1 SNTKOMATH 14/4 1 TAK4 TAKA MIINIMUM GARETTEPRICE CIGAI PROPOSAL PRC খীর বাশ শযরে TI PRIOPCTOAL TAKA TAK4 07054[ 744 7444 TAKA IIIINIMIUM CIGAE PRICE 14/4 I CIGARETTEF PRICE PRICEI PROPOGIL TAKA CIGARETTE PRICE PRICE,two men standing at podiums with flags behind them,274,50,-0.009425208,
E:\Project\Fake News Detection\images\fake\3856.jpg,fake,,two men in suits and masks hold a document,0,42,,
E:\Project\Fake News Detection\images\fake\3859.jpg,fake,NatfBank,two men in suits are holding cash,8,33,-0.036534563,
E:\Project\Fake News Detection\images\fake\387.jpg,fake,,two men sitting at a table with a flag behind them,0,50,,
E:\Project\Fake News Detection\images\fake\3876.jpg,fake,,two people sitting at a table with a map on the wall behind them,0,64,,
E:\Project\Fake News Detection\images\fake\3878.jpg,fake,saturdayHoliday,a man and woman sitting at a desk,15,33,-0.002673133,
E:\Project\Fake News Detection\images\fake\3882.jpg,fake,Uivemance Anduhlututgjom oftu UV SU. Idaensscom OutlBertung Outl OutiBertiung wwwwaguidecenss ror Urremalce Bertung OutlBertung ing OutiBer Uivemalise,a man in a suit standing at a podium,150,36,0.03918165,
E:\Project\Fake News Detection\images\fake\3888.jpg,fake,BANGLADESH BANK,a group of men sitting at a table,15,33,0.043617055,
E:\Project\Fake News Detection\images\fake\3890.jpg,fake,,a man in a suit holding a cell,0,30,,
E:\Project\Fake News Detection\images\fake\39.jpg,fake,,a man in a suit holding a cell phone,0,36,,
E:\Project\Fake News Detection\images\fake\392.jpg,fake,,a man and woman in a suit and mask holding a document,0,53,,
E:\Project\Fake News Detection\images\fake\3921.jpg,fake,,a man holding a small child in his arms,0,39,,
E:\Project\Fake News Detection\images\fake\3935.jpg,fake,,a group of people walking down a street,0,39,,
E:\Project\Fake News Detection\images\fake\3936.jpg,fake,,a man and woman sitting at a table,0,34,,
E:\Project\Fake News Detection\images\fake\3939.jpg,fake,,a man in a black shirt and sunglasses holding a microphone,0,58,,
E:\Project\Fake News Detection\images\fake\3956.jpg,fake,,two men standing at a podium with a flag in the background,0,58,,
E:\Project\Fake News Detection\images\fake\3958.jpg,fake,B A N G A A D E E $ H PAHIIH BANGLADESH BANGLADESH NATURAL GAS RESERVVES,a man in a suit and tie standing in front of a map,72,50,0.03564886,
E:\Project\Fake News Detection\images\fake\3962.jpg,fake,নীiiirel},a man in a suit and tie standing in front of a crowd of people,9,62,0.080843396,
E:\Project\Fake News Detection\images\fake\3968.jpg,fake,DENOUEEIND PREVENUION DENOUE EANDPREVENTION,a group of doctors sitting in a hospital room,43,45,-0.067222685,
E:\Project\Fake News Detection\images\fake\3970.jpg,fake,,a man in a hospital bed with a mask on,0,38,,
E:\Project\Fake News Detection\images\fake\4.jpg,fake,পবি কারে মাতা পালল,a man and woman holding a cell phone,18,36,0.074934587,
E:\Project\Fake News Detection\images\fake\4001.jpg,fake,,a woman doing yoga on a mat,0,27,,
E:\Project\Fake News Detection\images\fake\4015.jpg,fake,,a woman holding a glass of water,0,32,,
E:\Project\Fake News Detection\images\fake\4016.jpg,fake,,a man holding a pot of flowers,0,30,,
E:\Project\Fake News Detection\images\fake\4019.jpg,fake,,a man and woman sitting on a couch,0,34,,
E:\Project\Fake News Detection\images\fake\4036.jpg,fake,,a cabbage head sitting on a table in a laboratory,0,49,,
E:\Project\Fake News Detection\images\fake\4038.jpg,fake,,a man in a black jacket and hat drinking a cup,0,46,,
E:\Project\Fake News Detection\images\fake\404.jpg,fake,,a man and woman in a suit and mask holding a certificate,0,56,,
E:\Project\Fake News Detection\images\fake\4042.jpg,fake,,a woman is making a smokey face,0,31,,
E:\Project\Fake News Detection\images\fake\4048.jpg,fake,,a man and woman sitting at a table with food,0,44,,
E:\Project\Fake News Detection\images\fake\4050.jpg,fake,,a person sleeping in a bed with a pillow,0,40,,
E:\Project\Fake News Detection\images\fake\4081.jpg,fake,( MSA,a man standing on a sidewalk in front of a building,5,51,0.028502695,
E:\Project\Fake News Detection\images\fake\4095.jpg,fake,[U] UNIVERSL,a group of men sitting around a table,12,37,0.00673401,
E:\Project\Fake News Detection\images\fake\4096.jpg,fake,ওালে যউি কুনের ওপ্যির ত্যজির বজাখতি কিথন,a man standing at a podium with a microphone,40,44,0.054923296,
E:\Project\Fake News Detection\images\fake\4099.jpg,fake,,a large building with a flag on top of it,0,41,,
E:\Project\Fake News Detection\images\fake\41.jpg,fake,( 98,two people shaking hands in front of a world map,4,48,-0.003530841,
E:\Project\Fake News Detection\images\fake\410.jpg,fake,00 00000000 0 0 0 0 0 00000,a couple of people standing in front of an airplane,27,51,0.058334991,
E:\Project\Fake News Detection\images\fake\4116.jpg,fake,SPECIAI REUICEU NBECHIDES' OFFER SPECIAN OFFER SPECIAI REDUCEO SPECIAN PRCES OFFER REUUCEU PRICES PRCES OFFER PRCES PRCES UITLR QFFER,a group of people walking down a street,133,39,0.066434711,
E:\Project\Fake News Detection\images\fake\4118.jpg,fake,,two surgeons in scrubs and masks are preparing for surgery,0,58,,
E:\Project\Fake News Detection\images\fake\412.jpg,fake,,two men in suits and ties stand on stage,0,40,,
E:\Project\Fake News Detection\images\fake\4122.jpg,fake,,a group of young girls in school uniforms,0,41,,
E:\Project\Fake News Detection\images\fake\4128.jpg,fake,@ HALL TAKEOVER ; SHEIKIFAZIITIIIIIESIIIUJIB HILL BEEIKH ROIEYE LINIIIIB HALL,a group of people standing in front of a building,77,49,0.13353917,
E:\Project\Fake News Detection\images\fake\4130.jpg,fake,সভির খাখবির কিলো SFHAASITHATHOST SAMATANTRIK CHSTRA FRONT SAMAJANTRIK CIHSTRA FRONT বমবিন পতি লািগানে ষমতিন পভি নিণানে,a group of people standing in front of a statue,118,47,0.139314741,
E:\Project\Fake News Detection\images\fake\4161.jpg,fake,UHAKA MEDICAL COLLEGE HOSPITAL,a group of people working in a hospital,30,39,0.384320319,
E:\Project\Fake News Detection\images\fake\4175.jpg,fake,,a man and woman sitting at a table,0,34,,
E:\Project\Fake News Detection\images\fake\4176.jpg,fake,"তানবাল বালাভ বাবান যািরীন নিক প্রিবন এপাহান ঋ4""",a group of men sitting at a table,47,33,0.104805164,
E:\Project\Fake News Detection\images\fake\4179.jpg,fake,,two men sitting at a table,0,26,,
E:\Project\Fake News Detection\images\fake\419.jpg,fake,প্রাততিলারায় সেলা সবার খ্াজিরাম % রাবশর,a man and woman standing behind a podium,39,40,0.10952536,
E:\Project\Fake News Detection\images\fake\4196.jpg,fake,,a man in a blue shirt,0,21,,
E:\Project\Fake News Detection\images\fake\4198.jpg,fake,,a group of men in suits and masks standing in a park,0,52,,
E:\Project\Fake News Detection\images\fake\4202.jpg,fake,,a train with people on it,0,25,,
E:\Project\Fake News Detection\images\fake\4208.jpg,fake,পুজলীর সালাটল যোমাক এড বিবেমাব সোরীতাশলারে অনিস,a man holding flowers,47,21,-0.018141411,
E:\Project\Fake News Detection\images\fake\4210.jpg,fake,বাড়িলা সুকাযার কাভিল বাডিলা সুকাযার কাডিল বাতিতা সানাবানী কাহলা কাছিনা ঝঙ্গ,a man walking down a street with a cane,75,39,0.030179124,
E:\Project\Fake News Detection\images\fake\422.jpg,fake,,two men sitting at a table with papers and pens,0,47,,
E:\Project\Fake News Detection\images\fake\4241.jpg,fake,BONOLOTA EXPRESS BONOLUTA EXPRESS BnAIQL OTA EXPRESS,a group of people standing in front of a poster,52,47,-0.013196306,
E:\Project\Fake News Detection\images\fake\4255.jpg,fake,,a man and woman walking down a street,0,37,,
E:\Project\Fake News Detection\images\fake\4256.jpg,fake,,a woman wearing glasses and a black hat,0,39,,
E:\Project\Fake News Detection\images\fake\4259.jpg,fake,5 ৪ ?,the green bay packers are the nfl ' s most - selling team,5,57,0.062276907,
E:\Project\Fake News Detection\images\fake\4276.jpg,fake,,two men in suits and sunglasses posing for a picture,0,52,,
E:\Project\Fake News Detection\images\fake\4278.jpg,fake,,a man and woman are talking into a microphone,0,45,,
E:\Project\Fake News Detection\images\fake\428.jpg,fake,,a man and woman standing in a factory,0,37,,
E:\Project\Fake News Detection\images\fake\4282.jpg,fake,,a woman standing in front of a red curtain,0,42,,
E:\Project\Fake News Detection\images\fake\4288.jpg,fake,Recovery,a man in a black shirt is playing a dj,8,38,-0.035175331,
E:\Project\Fake News Detection\images\fake\429.jpg,fake,,a man and woman in suits and ties,0,33,,
E:\Project\Fake News Detection\images\fake\4290.jpg,fake,যুার জাকিনর কং ইখালৌ টহ কািটীতা,"the cast of the film ' s upcoming film, ' bharat bharat bharat bharat bharat bharat bharat bharat b",31,99,0.134646505,
E:\Project\Fake News Detection\images\fake\430.jpg,fake,,a woman in a police uniform is holding a tooth,0,46,,
E:\Project\Fake News Detection\images\fake\4321.jpg,fake,,a train is on the tracks,0,24,,
E:\Project\Fake News Detection\images\fake\4335.jpg,fake,,a man in a river with a net,0,27,,
E:\Project\Fake News Detection\images\fake\4336.jpg,fake,,a man holding a bunch of bananas in his hands,0,45,,
E:\Project\Fake News Detection\images\fake\4339.jpg,fake,N0 LA EXPROPIACION UE NUESTRAS TIERRAS,a group of men holding a sign in a field,38,40,-0.024838917,
E:\Project\Fake News Detection\images\fake\435.jpg,fake,,two men in suits holding a certificate,0,38,,
E:\Project\Fake News Detection\images\fake\4356.jpg,fake,,a woman and a child wearing graduation hats,0,43,,
E:\Project\Fake News Detection\images\fake\4358.jpg,fake,,a man in a vest and glasses speaking into a microphone,0,54,,
E:\Project\Fake News Detection\images\fake\4362.jpg,fake,,a woman sitting on the floor in a room,0,38,,
E:\Project\Fake News Detection\images\fake\4368.jpg,fake,,a woman standing in a room with a mirror,0,40,,
E:\Project\Fake News Detection\images\fake\4370.jpg,fake,,a group of people standing in a room,0,36,,
E:\Project\Fake News Detection\images\fake\4402.jpg,fake,,two men sitting at a table with papers,0,38,,
E:\Project\Fake News Detection\images\fake\4419.jpg,fake,CEMENL,a man and woman standing in front of a table,6,44,0.065500177,
E:\Project\Fake News Detection\images\fake\442.jpg,fake,,a man and woman sitting at a table,0,34,,
E:\Project\Fake News Detection\images\fake\443.jpg,fake,MENNOW NEWITN,a man and woman sitting at a table with wine glasses,13,52,-0.003351657,
E:\Project\Fake News Detection\images\fake\446.jpg,fake,NASA তব UBESSH,two men sitting at a table signing papers,14,41,0.005545344,
E:\Project\Fake News Detection\images\fake\4484.jpg,fake,25|25 December,a man is holding a knob to a refrigerator,14,41,-0.055671547,
E:\Project\Fake News Detection\images\fake\4487.jpg,fake,,a person holding a bottle of alcohol,0,36,,
E:\Project\Fake News Detection\images\fake\4494.jpg,fake,unicef unicef,two women in blue scrubs are standing in a laboratory,13,53,0.13754113,
E:\Project\Fake News Detection\images\fake\4496.jpg,fake,BTCL BTCL Reduced Internet Speeds splanre REDUCED BTCL,two people sitting at a table with laptops,54,42,0.075522825,
E:\Project\Fake News Detection\images\fake\4502.jpg,fake,,a man in a suit standing behind a podium,0,40,,
E:\Project\Fake News Detection\images\fake\4508.jpg,fake,,two men sitting on the ground in front of a eclipse,0,51,,
E:\Project\Fake News Detection\images\fake\4510.jpg,fake,,a woman holding a white froth in a kitchen,0,42,,
E:\Project\Fake News Detection\images\fake\4520.jpg,fake,BANCLAUESHARIY CENIER (ENIEL BANGLADESHARMY CANTREATEST CAN BANGLADESH ARMY Plivaparon,a man and woman holding a certificate,86,37,0.100482121,
E:\Project\Fake News Detection\images\fake\4521.jpg,fake,{ 0) সীরা নায় কদির,a man and woman sitting at a table,18,34,0.072295673,
E:\Project\Fake News Detection\images\fake\4527.jpg,fake,PSC ডবন,two people holding up papers in front of a crowd,7,48,0.001831158,
E:\Project\Fake News Detection\images\fake\4529.jpg,fake,,a person holding a cell with a broken screen,0,44,,
E:\Project\Fake News Detection\images\fake\453.jpg,fake,QAILSTATION UNITYPURRAIL STATION JFORIING 525 PLAFFOM 61,a woman is waiting for her train at the station,56,47,0.30264613,
E:\Project\Fake News Detection\images\fake\4534.jpg,fake,,a man in a suit and tie speaking at a podium,0,44,,
E:\Project\Fake News Detection\images\fake\4535.jpg,fake,পপনিব ইখপরি পবয পাগনিনর মেনবনা ইখরি পববণ পানিনর মেনবনা পোমলা আলোউ উ জবার সাই সথিল পোমলা আলেরি উরজজিবার সাউ সথিল,a man wearing a mask sitting at a desk,111,38,0.078021288,
E:\Project\Fake News Detection\images\fake\4545.jpg,fake,Google,a google logo is seen on a flag,6,31,0.291322529,
E:\Project\Fake News Detection\images\fake\455.jpg,fake,,two men shaking hands in front of a flag,0,40,,
E:\Project\Fake News Detection\images\fake\4552.jpg,fake,IAGANNATH UNIVERSITY,two boys wearing helmets,20,24,0.028332446,
E:\Project\Fake News Detection\images\fake\456.jpg,fake,,a man and woman singing on stage,0,32,,
E:\Project\Fake News Detection\images\fake\4570.jpg,fake,বায়াির বিচিভর সডিলা গ খথা বাযাির বিচিভর সডিলা বাযাির বিবিভর সডিলা,two men standing behind a podium with flowers,65,45,0.05960048,
E:\Project\Fake News Detection\images\fake\4594.jpg,fake,"FCND Ge-Mons  Nairpunal Ge-Mons, Nalrpunal Monetary Fond Monetary Fond",two people sitting at a table with microphones,70,46,-0.017939273,
E:\Project\Fake News Detection\images\fake\4647.jpg,fake,,a man wearing a suit and tie with a flag behind him,0,51,,
E:\Project\Fake News Detection\images\fake\4648.jpg,fake,"CANSTIVALFILM FESTNES CANSTIVALFILM FESTNES EDITION EDITION CANSTIAL CANSTVAI CANSTI/A CANSTVI FESTIVAL FESTIVAL FESTIVAL FESTIIA 79 ' EDITION 79 EDITION 799 EDITION 79""EDITIO FE CANSTVAL CAI CANSTVAL 79"" FESTIVAL FEs FESTIVAL 79"" 79'' EDITION",a man and woman standing on a red carpet,243,40,-0.027719215,
E:\Project\Fake News Detection\images\fake\4702.jpg,fake,TEACH E BANGLADESH FOR,a woman in a green jacket and glasses,22,37,-0.005887525,
E:\Project\Fake News Detection\images\fake\4729.jpg,fake,,a man and two women standing in a narrow alley,0,46,,
E:\Project\Fake News Detection\images\fake\473.jpg,fake,,a group of people standing next to each other people,0,52,,
E:\Project\Fake News Detection\images\fake\4733.jpg,fake,POLICE CAMP POLICECAMP POLLAICE SILICH COLIE,a police officer standing in front of a police sign,44,51,0.172477424,
E:\Project\Fake News Detection\images\fake\4742.jpg,fake,সচ়িরমিলেলি  মশটর থেমািল কেলয়েন   উুড়লনযি যযির্ষ্িল,a group of people holding signs in front of a building,51,54,0.076163813,
E:\Project\Fake News Detection\images\fake\4750.jpg,fake,IPESHAWARI ZALM[,a man in a locker room with a green and yellow shirt,16,52,0.006643947,
E:\Project\Fake News Detection\images\fake\4768.jpg,fake,,a group of men standing around a table,0,38,,
E:\Project\Fake News Detection\images\fake\4783.jpg,fake,মহীবলোরা প্রোযাবো বতাজাসূবর ফরিল,two people sitting at a table with flags behind them,32,52,0.074530065,
E:\Project\Fake News Detection\images\fake\4787.jpg,fake,পীবলার বেকাড়ম #H চাতান 79 29 50 79 710 ঢিকো,a man in a suit and tie standing in front of a city,43,51,-0.002247917,
E:\Project\Fake News Detection\images\fake\479.jpg,fake,,a crowd of people,0,17,,
E:\Project\Fake News Detection\images\fake\4807.jpg,fake,,a man in a blue suit,0,20,,
E:\Project\Fake News Detection\images\fake\4817.jpg,fake,,two pictures of a man in a suit and tie,0,39,,
E:\Project\Fake News Detection\images\fake\482.jpg,fake,Welcome Back Karinal Ilelcome Back Karinal,a woman in a green and white shirt,42,34,0.051047478,
E:\Project\Fake News Detection\images\fake\4826.jpg,fake,WQRLD BANK WORLD BANK,a man in a suit and tie speaking at a podium,21,44,0.023833357,
E:\Project\Fake News Detection\images\fake\4836.jpg,fake,পমাথাবিবন অডিকলীত বথিরাল_সরলরের শায়ে Full Festival বডিলা বায়ল জরারা অরাউে শািরা,two men sitting at a table,79,26,-0.00030762,
E:\Project\Fake News Detection\images\fake\4845.jpg,fake,,a man and woman standing in a room,0,34,,
E:\Project\Fake News Detection\images\fake\4848.jpg,fake,,a man in a blue shirt and sunglasses,0,36,,
E:\Project\Fake News Detection\images\fake\4856.jpg,fake,,two men sitting at a table,0,26,,
E:\Project\Fake News Detection\images\fake\4858.jpg,fake,University IKE_ University )OVE University ELA giMAS FALAICE' RESTAE IIRAVE IESAMM SRARTINE|,a group of people standing in front of a sign,92,45,0.034002818,
E:\Project\Fake News Detection\images\fake\4868.jpg,fake,,two men in suits and ties are standing next to each other men,0,61,,
E:\Project\Fake News Detection\images\fake\4873.jpg,fake,,a woman in a green sari,0,23,,
E:\Project\Fake News Detection\images\fake\4881.jpg,fake,,a group of people standing around a table,0,41,,
E:\Project\Fake News Detection\images\fake\4891.jpg,fake,,two girls in school uniforms are exchanging a piece of gold,0,59,,
E:\Project\Fake News Detection\images\fake\4897.jpg,fake,,a man with a beard and a black jacket,0,37,,
E:\Project\Fake News Detection\images\fake\4899.jpg,fake,angladesh Bank ?8 ? g ;,a man holding a stack of cash,23,29,0.266390353,
E:\Project\Fake News Detection\images\fake\49.jpg,fake,122 122,two hands holding two iphones in front of a store,7,49,0.033278715,
E:\Project\Fake News Detection\images\fake\4906.jpg,fake,,two men in suits and ties sitting at a table,0,44,,
E:\Project\Fake News Detection\images\fake\4910.jpg,fake,"50 ,50 50 50",a bunch of vegetables,12,21,0.123514801,
E:\Project\Fake News Detection\images\fake\4912.jpg,fake,,a man in a suit and tie sitting at a table,0,42,,
E:\Project\Fake News Detection\images\fake\4924.jpg,fake,সবনিমোর পতিণ বডানযথে [া সারে,a group of men standing next to each other men,28,46,0.059117146,
E:\Project\Fake News Detection\images\fake\4928.jpg,fake,থেহকোর পাজিায় যাজারিলল মজি আযবুর মধজাপ সুল্যিল ২৭,a man in a suit,49,15,-0.063336574,
E:\Project\Fake News Detection\images\fake\4931.jpg,fake,,a group of people standing in a room,0,36,,
E:\Project\Fake News Detection\images\fake\4932.jpg,fake,! ? ;,two men playing a game of cricket,5,33,-0.0483431,
E:\Project\Fake News Detection\images\fake\4939.jpg,fake,{} BAJUS BAJUS BANGLADESH JEWELERS ASSOCIATION BANGLADESH JEWELERS ASSOCIATION,a group of people standing around a table with gold bars,78,56,0.270134985,
E:\Project\Fake News Detection\images\fake\4942.jpg,fake,আরলী সঞ্চির,three men wearing masks,11,23,-0.067015663,
E:\Project\Fake News Detection\images\fake\495.jpg,fake,,"indian president, shrian singh singh singh singh singh singh singh singh singh singh singh singh singh singh singh singh",0,120,,
E:\Project\Fake News Detection\images\fake\4950.jpg,fake,WNCLAUESI WWGLADEEI,a man in a green shirt,19,22,0.118393317,
E:\Project\Fake News Detection\images\fake\4973.jpg,fake,MANIY' ASCAUIRA DESACADR DF ANASUARAIS,a man in a black suit,38,21,-0.022850335,
E:\Project\Fake News Detection\images\fake\498.jpg,fake,নিং সরম সনারীন ডাডালেরন কাডার কা্যফনির সবীাতে 9,a woman in a green sar sar holding a microphone,47,47,0.042212363,
E:\Project\Fake News Detection\images\fake\4980.jpg,fake,Titas TITAS GAS TRANSMISSION DISTRIBUTION COMPANY LIIMITED INOP-PIE GAS SUPPIY SUTPPLYIN EXTENDEI & ASHULIA EXTENDED GAS GOP AV AVAR & ASHULIA লকাপ ওরয়ীত ঢিভলাল,three people sitting at a table,160,31,0.008327894,
E:\Project\Fake News Detection\images\fake\4987.jpg,fake,,a man playing cricket,0,21,,
E:\Project\Fake News Detection\images\fake\4989.jpg,fake,3EH-BAH: MPEM 3AJIM,a man in a suit and tie sitting at a table,19,42,0.08257997,
E:\Project\Fake News Detection\images\fake\499.jpg,fake,00:00:32:26,a man in a white shirt,11,22,0.051074129,
E:\Project\Fake News Detection\images\fake\50.jpg,fake,,a man wearing a mask sitting at a desk,0,38,,
E:\Project\Fake News Detection\images\fake\5012.jpg,fake,,a woman in a black sports bra top,0,33,,
E:\Project\Fake News Detection\images\fake\5023.jpg,fake,,a man in a green uniform,0,24,,
E:\Project\Fake News Detection\images\fake\5026.jpg,fake,৪ : ৪,a man holding a stack of money in front of a pile of money,5,58,0.036176,
E:\Project\Fake News Detection\images\fake\5028.jpg,fake,মুসান ঔনিন (নংান) বঁহ,a woman standing at a podium with a crowd behind her,21,52,0.078364342,
E:\Project\Fake News Detection\images\fake\503.jpg,fake,,a man and woman standing in front of a flag,0,43,,
E:\Project\Fake News Detection\images\fake\5035.jpg,fake,,a man and woman sitting at a table,0,34,,
E:\Project\Fake News Detection\images\fake\5040.jpg,fake,,a woman in a red and gold sari,0,30,,
E:\Project\Fake News Detection\images\fake\505.jpg,fake,,a group of people sitting at a table with microphones,0,53,,
E:\Project\Fake News Detection\images\fake\5056.jpg,fake,,a group of women sitting on the ground,0,38,,
E:\Project\Fake News Detection\images\fake\5061.jpg,fake,,a group of people standing around a large black cube,0,52,,
E:\Project\Fake News Detection\images\fake\5068.jpg,fake,$,a group of men playing a game of cricket,1,40,-0.061746716,
E:\Project\Fake News Detection\images\fake\507.jpg,fake,,two men sitting in a locker room with a flag hanging on the wall,0,64,,
E:\Project\Fake News Detection\images\fake\5070.jpg,fake,Ccen,a group of men sitting next to a table,4,38,0.073553011,
E:\Project\Fake News Detection\images\fake\5078.jpg,fake,HAJU RESTRICTIONS HAJJ RESTRICTIONS HAJJ RESTRICTIONS,a group of men walking down a street,53,36,-0.043119345,
E:\Project\Fake News Detection\images\fake\5089.jpg,fake,22 YEARS WAIT CONTINUES Flu 28 28,arsenal players in the emirates premiership cup,33,47,-0.001898602,
E:\Project\Fake News Detection\images\fake\5095.jpg,fake,,president obama walks past the bangladesh - bangladesh border checkpoint,0,72,,
E:\Project\Fake News Detection\images\fake\5098.jpg,fake,,a man and woman sitting on a bench,0,34,,
E:\Project\Fake News Detection\images\fake\5113.jpg,fake,,a group of doctors standing in a hospital corridor,0,50,,
E:\Project\Fake News Detection\images\fake\5114.jpg,fake,,two men in suits standing next to a model of the col col col col col col col col col col col col col col col col col col col col col col col col col col col col col,0,164,,
E:\Project\Fake News Detection\images\fake\5133.jpg,fake,,a woman shaking hands with a man in a suit,0,42,,
E:\Project\Fake News Detection\images\fake\5140.jpg,fake,,a group of people sitting in a room,0,35,,
E:\Project\Fake News Detection\images\fake\5141.jpg,fake,বউরিল জাথান,a man and woman sitting on a bench in a train station,11,53,0.040467203,
E:\Project\Fake News Detection\images\fake\5147.jpg,fake,,two men shaking hands in front of an american flag,0,50,,
E:\Project\Fake News Detection\images\fake\5161.jpg,fake,,a large boat with people on it,0,30,,
E:\Project\Fake News Detection\images\fake\5193.jpg,fake,,a family standing in a field of tobacco,0,39,,
E:\Project\Fake News Detection\images\fake\5196.jpg,fake,,a man in a suit and tie is holding a small child,0,48,,
E:\Project\Fake News Detection\images\fake\5200.jpg,fake,POL,a group of people,3,17,0.184446663,
E:\Project\Fake News Detection\images\fake\5206.jpg,fake,ETEB,a group of men standing in front of a bunch of balloons,4,55,0.0293037,
E:\Project\Fake News Detection\images\fake\521.jpg,fake,,a man and woman standing in front of a movie poster,0,51,,
E:\Project\Fake News Detection\images\fake\5210.jpg,fake,PARTY JAIE,a man and woman wearing masks in a room,10,39,0.052315172,
E:\Project\Fake News Detection\images\fake\5223.jpg,fake,,a man and woman holding a bangladesh flag,0,41,,
E:\Project\Fake News Detection\images\fake\5232.jpg,fake,,a woman wearing a mask,0,22,,
E:\Project\Fake News Detection\images\fake\5239.jpg,fake,SUIIIEI IET PULIIEEII,a group of men standing next to a bunch of cows,21,47,0.034770377,
E:\Project\Fake News Detection\images\fake\5246.jpg,fake,,a man and a woman standing next to a wall,0,41,,
E:\Project\Fake News Detection\images\fake\5250.jpg,fake,,a woman sitting on the ground,0,29,,
E:\Project\Fake News Detection\images\fake\527.jpg,fake,,a woman sitting at a desk with a computer,0,41,,
E:\Project\Fake News Detection\images\fake\529.jpg,fake,Challenge 2024 @9 Challenge 2024 M Coding,two men sitting at a table with laptops,41,39,-0.026674995,
E:\Project\Fake News Detection\images\fake\531.jpg,fake,UNIVERSITY CLOSED UNTIL FURTHER NOTICE ?,a group of men standing in front of a gate,40,42,0.043703437,
E:\Project\Fake News Detection\images\fake\5344.jpg,fake,ANAC,a group of men standing around a soccer field,4,45,-0.016015826,
E:\Project\Fake News Detection\images\fake\5351.jpg,fake,,a group of people standing in a room,0,36,,
E:\Project\Fake News Detection\images\fake\5355.jpg,fake,RCB cef( unicef,two men playing soccer in a room with a wall painted blue,15,57,0.098575041,
E:\Project\Fake News Detection\images\fake\5375.jpg,fake,রজ,a group of young students sitting at a table,2,44,-0.051211841,
E:\Project\Fake News Detection\images\fake\5414.jpg,fake,83 Aslan Paciflc,two young men holding up medals in a room,16,41,0.05140448,
E:\Project\Fake News Detection\images\fake\5415.jpg,fake,,two men shaking hands,0,21,,
E:\Project\Fake News Detection\images\fake\5436.jpg,fake,,a man and woman sitting at a table,0,34,,
E:\Project\Fake News Detection\images\fake\5438.jpg,fake,,a woman in a black jacket,0,25,,
E:\Project\Fake News Detection\images\fake\5439.jpg,fake,ডিন সুধধক হাবাসিন্ননি ডাভূল দৌঘরর জায বোল সমিক @NNচn s,a man holding a sign with a child,54,33,0.063447766,
E:\Project\Fake News Detection\images\fake\5448.jpg,fake,,a group of people posing for a picture,0,38,,
E:\Project\Fake News Detection\images\fake\5462.jpg,fake,,a group of young people standing in front of a building,0,55,,
E:\Project\Fake News Detection\images\fake\5471.jpg,fake,বেভিম-পকাির তরাব UNIVERSITYTSC TSC পনীর লেরিম লেরি পলার,three men sitting at a table with a book,55,40,0.119088598,
E:\Project\Fake News Detection\images\fake\5482.jpg,fake,<,two men shaking hands in front of a television screen,1,53,0.038642935,
E:\Project\Fake News Detection\images\fake\5492.jpg,fake,HEHEBE,a woman and two children on a bike in a street,6,46,0.064027339,
E:\Project\Fake News Detection\images\fake\552.jpg,fake,(ইর্ড জকির স্যচিলা কাষে ভভলেবণ এদিপ পহার নোববষন,a man standing at a train station with a train in the background,47,64,0.041551087,
E:\Project\Fake News Detection\images\fake\5525.jpg,fake,ELECTION COMMISSION,two people sitting at a table,19,29,0.031792644,
E:\Project\Fake News Detection\images\fake\5527.jpg,fake,,a group of men standing on a road,0,33,,
E:\Project\Fake News Detection\images\fake\553.jpg,fake,,a woman wearing glasses and a blue sweater,0,42,,
E:\Project\Fake News Detection\images\fake\5531.jpg,fake,,a group of people sitting on a bed,0,34,,
E:\Project\Fake News Detection\images\fake\5533.jpg,fake,,a woman and a child sitting in a hospital bed,0,45,,
E:\Project\Fake News Detection\images\fake\5548.jpg,fake,,a man sitting in a chair with a flag behind him,0,47,,
E:\Project\Fake News Detection\images\fake\5553.jpg,fake,,a man standing in front of a building with a lightning,0,54,,
E:\Project\Fake News Detection\images\fake\5555.jpg,fake,MINISTRY OF POSTS AND TELEONMNICATION OF BANGLADESH,a group of people sitting around a table,51,40,0.072041824,
E:\Project\Fake News Detection\images\fake\5568.jpg,fake,অকৌৌ ট মোখারা পোরীব মউব আর প্ত্ররা,a man in a green shirt and glasses speaking into microphones,34,60,0.048875149,
E:\Project\Fake News Detection\images\fake\5576.jpg,fake,,two men standing on a bank of a river,0,37,,
E:\Project\Fake News Detection\images\fake\558.jpg,fake,Karina Kayser Karina Kayser,a woman with long hair and a gray shirt,27,39,0.160895795,
E:\Project\Fake News Detection\images\fake\5595.jpg,fake,ডারাব টন্সর ডারীব টিক্সর UNUAK-BIANC EXPRESSWAY 777 9510,a group of vehicles on a road with smoke coming from the sky,56,60,0.199274361,
E:\Project\Fake News Detection\images\fake\5602.jpg,fake,,two men in hard hats and hard hats are looking at a skull,0,57,,
E:\Project\Fake News Detection\images\fake\5606.jpg,fake,অখার দেইদয় বাকশন জুাটেন মরি দিযার পাতন জেসনাজা বেিভন,two men sitting at a table with microphones,52,43,0.04037432,
E:\Project\Fake News Detection\images\fake\561.jpg,fake,BAFF ANNOUNCES NEW COACH,two people standing behind a podium with flags,24,46,-0.001485171,
E:\Project\Fake News Detection\images\fake\5622.jpg,fake,,a group of people standing in a street,0,38,,
E:\Project\Fake News Detection\images\fake\5623.jpg,fake,আশেনিলেবিযে এথডিত-লরে ণ অবুির পাযাল আ সমালর সাদেনী,a man sitting at a table with a microphone,50,42,0.033234008,
E:\Project\Fake News Detection\images\fake\5632.jpg,fake,,a group of people standing in a street,0,38,,
E:\Project\Fake News Detection\images\fake\564.jpg,fake,৪৫B NGLAUESI MADLNORIG,two men sitting at a table with microphones,22,43,0.074435048,
E:\Project\Fake News Detection\images\fake\5640.jpg,fake,Eid আজারাষলে সাকনোর Eid1,a group of people riding on a street,24,36,0.049947411,
E:\Project\Fake News Detection\images\fake\5652.jpg,fake,ANB CA D G B ECER S TUWW,a boy holding a piece of paper with a sign in front of him,24,58,0.008640536,
E:\Project\Fake News Detection\images\fake\5658.jpg,fake,DNCC DNCC DNCC CIHACORPORAT DHAKA NORTH DHAKA NORTH CITY CORPORATION CITY CORPORA,a man holding a tablet,81,22,-0.046395481,
E:\Project\Fake News Detection\images\fake\5659.jpg,fake,"সবিলকাববির বিশীল্রন সযিলকাববির বিকীল্রন BUREAU OF MANFOWER) EMPLO'MENTD TRAINING BUREAU OF MANFOWIER, EMPLOWENEINID TRAINING অথািব জাথয়িক হিলান অথািব জাপ্রিক চিলান পৌবমািন গোষমািন সাবিটবান আাক সনাট বহিচিব প্রাযানার ভিচিন প্রোযানর ভিঢন ডিযার এজল যাহ লাতিল যিমার এজ ্হ লাতািলা তাঘিলসবির বিজ্জন তাথািক লবির বিজ্ন ভিস্সিব জার্বক চিলানা ভিসিন ভাখতি ডিলানা ভবচঙ ডবাচবান নানী",a group of men sitting at a table,368,33,0.003322139,
E:\Project\Fake News Detection\images\fake\5664.jpg,fake,সযযো আরবোশিরিলি বডিকির SHAHBAGH POLICETHANA সবিখকারানে বিপলা পকিদাহৌ অলোতি সায় এযুল্য কালি অ্যরভায় মেদ্রিপাক্সরিত ভোরা কভানা Cচসচশ,a group of people holding a banner,130,34,0.026521597,
E:\Project\Fake News Detection\images\fake\5667.jpg,fake,SSC Biology Syllabus 2026,two women sitting at a table reading books,25,42,0.182887137,
E:\Project\Fake News Detection\images\fake\567.jpg,fake,,a man in a suit sitting at a table,0,34,,
E:\Project\Fake News Detection\images\fake\5677.jpg,fake,খল স,people walking on the platform,4,30,0.003413245,
E:\Project\Fake News Detection\images\fake\5682.jpg,fake,সবিকয় মুতবার ঈন্মাজউনা বউাথীর প্রম,a group of people walking down a street,34,39,0.067871451,
E:\Project\Fake News Detection\images\fake\5685.jpg,fake,,a woman and a child sitting in a courtroom,0,42,,
E:\Project\Fake News Detection\images\fake\569.jpg,fake,,a man in a suit and tie is speaking into a microphone,0,53,,
E:\Project\Fake News Detection\images\fake\5700.jpg,fake,Titas Gas,two men in hard hats and safety vests are working on a pipe,9,59,0.086005591,
E:\Project\Fake News Detection\images\fake\5714.jpg,fake,INIS LAC CRENE ITFI MEP,a woman holding a flag in front of a crowd,23,42,0.002227519,
E:\Project\Fake News Detection\images\fake\5721.jpg,fake,,a col of three people standing in front of a movie poster,0,57,,
E:\Project\Fake News Detection\images\fake\5733.jpg,fake,ভনািম ওল ভকেমুকভর থিরিকল,two people sitting at a table with microphones,24,46,0.035797574,
E:\Project\Fake News Detection\images\fake\5741.jpg,fake,PIIII BIINDERS,two men in suits and hats stand in a room,14,41,0.137806907,
E:\Project\Fake News Detection\images\fake\5743.jpg,fake,,a group of people on stage singing into microphones,0,51,,
E:\Project\Fake News Detection\images\fake\5745.jpg,fake,,a man with a beard and a leather jacket,0,39,,
E:\Project\Fake News Detection\images\fake\5759.jpg,fake,,a group of people standing in a room,0,36,,
E:\Project\Fake News Detection\images\fake\576.jpg,fake,,a man and woman sitting at a table,0,34,,
E:\Project\Fake News Detection\images\fake\5771.jpg,fake,AEANOI,a woman in a dark suit posing for a picture,6,43,0.104406215,
E:\Project\Fake News Detection\images\fake\5775.jpg,fake,SHIFT,a woman standing in front of a market,5,37,0.024312792,
E:\Project\Fake News Detection\images\fake\5781.jpg,fake,,a group of men in suits and ties standing in a courtroom,0,56,,
E:\Project\Fake News Detection\images\fake\5789.jpg,fake,,a group of men sitting at a table,0,33,,
E:\Project\Fake News Detection\images\fake\579.jpg,fake,FIFA,two men sitting at a table in front of a stadium,4,48,0.270643651,
E:\Project\Fake News Detection\images\fake\5791.jpg,fake,,two men sitting at a table with a large red and green flag,0,58,,
E:\Project\Fake News Detection\images\fake\5792.jpg,fake,BITV,a man in a suit holding a microphone,4,36,0.103608057,
E:\Project\Fake News Detection\images\fake\5794.jpg,fake,,two people sitting at a table with a microphone,0,47,,
E:\Project\Fake News Detection\images\fake\5808.jpg,fake,,two men holding a fr fr fr fr fr fr fr fr fr fr fr fr fr fr fr fr fr fr fr fr fr fr fr fr fr fr fr fr fr fr fr fr fr fr fr fr,0,125,,
E:\Project\Fake News Detection\images\fake\581.jpg,fake,,a man in a suit and tie sitting at a podium,0,43,,
E:\Project\Fake News Detection\images\fake\5826.jpg,fake,,two men holding trophies in front of a crowd,0,44,,
E:\Project\Fake News Detection\images\fake\5834.jpg,fake,,a man holding a bat,0,19,,
E:\Project\Fake News Detection\images\fake\5836.jpg,fake,Sidoi Siidort ! g g ?,a man in a green uniform,21,24,0.073733956,
E:\Project\Fake News Detection\images\fake\5838.jpg,fake,JIIPER ?,two men holding bats,8,20,0.087763637,
E:\Project\Fake News Detection\images\fake\5853.jpg,fake,ORESM ERMESISO,a man in a suit and tie sitting in front of a laptop,14,52,0.047883365,
E:\Project\Fake News Detection\images\fake\5865.jpg,fake,=?,a woman in a blue shirt standing in front of a tennis court,2,59,0.022716742,
E:\Project\Fake News Detection\images\fake\5869.jpg,fake,,a man with a beard and glasses,0,30,,
E:\Project\Fake News Detection\images\fake\5883.jpg,fake,April 12|12 13 15' 13 14|16 14|16 16|21 18 20 23 27 29 25 23|25 28|26 29 30,a man is sitting at a desk with a calendar,75,42,0.095548503,
E:\Project\Fake News Detection\images\fake\5895.jpg,fake,,a girl wearing a mask while reading a book,0,42,,
E:\Project\Fake News Detection\images\fake\5899.jpg,fake,,a man wearing a face mask walks past a bank building,0,52,,
E:\Project\Fake News Detection\images\fake\5903.jpg,fake,,the three men are standing in front of a city at night,0,54,,
E:\Project\Fake News Detection\images\fake\5907.jpg,fake,,a woman is looking at a dragon in a cave,0,40,,
E:\Project\Fake News Detection\images\fake\591.jpg,fake,,a man holding a document with a red dot on it,0,45,,
E:\Project\Fake News Detection\images\fake\5919.jpg,fake,,a group of people standing in front of a large flower,0,53,,
E:\Project\Fake News Detection\images\fake\5923.jpg,fake,,two men sitting at a table with flags behind them,0,49,,
E:\Project\Fake News Detection\images\fake\5927.jpg,fake,,a man in a suit talking to a woman in a suit,0,44,,
E:\Project\Fake News Detection\images\fake\5931.jpg,fake,এযজন এলি মথিলোলার এযভন প্রলি মথিলোলার Recovered Illicit Funds Recovered Illicit Funds অবির ডি অহির পবির ডি অহিব আক্যি ইবলর পবিড়া কবিশর এউিহন্যেপেবাপবি জাধর এখাি বির ভঙেবলি জাখর,a man standing at a podium with a microphone,176,44,-0.035010599,
E:\Project\Fake News Detection\images\fake\5938.jpg,fake,9 2s,a group of students sitting at desks in a classroom,4,51,-0.002190127,
E:\Project\Fake News Detection\images\fake\5942.jpg,fake,"[কলৌ বযিল অলি বেখের কথযেকি, সবিবেতবেরড়িব াকলৌ বযিল বিবলৌ বামিল তবিলা তিববিল, সবিবতিববির ভালে কথের কাবিভনল",a group of people standing in front of a street,105,47,0.099129498,
E:\Project\Fake News Detection\images\fake\5955.jpg,fake,,a person holding a pair of scissors with a rainbow colored tacus,0,64,,
E:\Project\Fake News Detection\images\fake\5962.jpg,fake,,a man and woman sitting at a table in a server room,0,51,,
E:\Project\Fake News Detection\images\fake\5974.jpg,fake,,a woman in a lab coat holding a green liquid bottle,0,51,,
E:\Project\Fake News Detection\images\fake\5982.jpg,fake,,a man looking through a telescope at a space object,0,51,,
E:\Project\Fake News Detection\images\fake\5984.jpg,fake,1,a man in a lab coat holding a large tube,1,40,0.031696826,
E:\Project\Fake News Detection\images\fake\5986.jpg,fake,,two men in suits are holding their hands,0,40,,
E:\Project\Fake News Detection\images\fake\6000.jpg,fake,,a skeleton of a dinosaur,0,24,,
E:\Project\Fake News Detection\images\fake\6012.jpg,fake,,a person holding a fish in front of a microscope,0,48,,
E:\Project\Fake News Detection\images\fake\6016.jpg,fake,IUAIN H_IHN |EVEDIEI ELEukr,two people in lab coats and masks,27,33,-0.006653076,
E:\Project\Fake News Detection\images\fake\6035.jpg,fake,,a man and a woman are looking at a flag,0,39,,
E:\Project\Fake News Detection\images\fake\6042.jpg,fake,,a man and woman are looking at a cell,0,37,,
E:\Project\Fake News Detection\images\fake\6054.jpg,fake,,a man in a tuknota holding a flag,0,33,,
E:\Project\Fake News Detection\images\fake\6062.jpg,fake,,a person in blue gloves is putting a piece of cake,0,50,,
E:\Project\Fake News Detection\images\fake\6064.jpg,fake,,a group of people standing in front of a building,0,49,,
E:\Project\Fake News Detection\images\fake\6066.jpg,fake,২২২ ২২২,a woman holding a pillow with a pattern of cats and dogs,7,56,0.031989895,
E:\Project\Fake News Detection\images\fake\6080.jpg,fake,,a washing machine with clothes and a bunch of laundry items,0,59,,
E:\Project\Fake News Detection\images\fake\6092.jpg,fake,,a woman holding a baby in a baby carrier,0,40,,
E:\Project\Fake News Detection\images\fake\6096.jpg,fake,,a woman wearing a black mask,0,28,,
E:\Project\Fake News Detection\images\fake\6104.jpg,fake,BEV ULRKY MN SOVKI,two men sitting at a table with papers,18,38,-0.014393166,
E:\Project\Fake News Detection\images\fake\6116.jpg,fake,,a group of people standing in front of a banner,0,47,,
E:\Project\Fake News Detection\images\fake\6124.jpg,fake,,a man in a suit sitting at a table with a book,0,46,,
E:\Project\Fake News Detection\images\fake\6126.jpg,fake,ত্রনীরা সাসন ফুিল জোজি খকিল,a man in a suit and tie holding a sign,27,38,0.01676539,
E:\Project\Fake News Detection\images\fake\6128.jpg,fake,"199 199 RBCUIS IICsLItoIn TIPE TIPS 99 159 % % -1% -1% 12""",a man in a green shirt and blue gloves is standing in front of a display of vegetables,58,86,0.088320188,
E:\Project\Fake News Detection\images\fake\6142.jpg,fake,UbKash,a group of students,6,19,0.087847963,
E:\Project\Fake News Detection\images\fake\6154.jpg,fake,BeleIIl,a man and woman sitting at a table,7,34,-0.032872856,
E:\Project\Fake News Detection\images\fake\6158.jpg,fake,==,a man and woman sitting at a table,2,34,-0.077584535,
E:\Project\Fake News Detection\images\fake\6162.jpg,fake,,a man in a suit and tie with a world map in the background,0,58,,
E:\Project\Fake News Detection\images\fake\6164.jpg,fake,BTCL Bangladesh Telecomonications Company Limited g,two people sitting at a table,51,29,0.061276861,
E:\Project\Fake News Detection\images\fake\6165.jpg,fake,Digital Jail System,a woman wearing a red hoodie,19,28,0.042030387,
E:\Project\Fake News Detection\images\fake\6173.jpg,fake,,a person taking a picture of a star,0,35,,
E:\Project\Fake News Detection\images\fake\6202.jpg,fake,,a man looking at a laptop screen in a dark hallway,0,50,,
E:\Project\Fake News Detection\images\fake\6204.jpg,fake,,a person holding a cell phone in their hand,0,43,,
E:\Project\Fake News Detection\images\fake\6206.jpg,fake,,a woman holding a microphone in front of a tv,0,45,,
E:\Project\Fake News Detection\images\fake\6217.jpg,fake,,two women working on computers in a science lab,0,47,,
E:\Project\Fake News Detection\images\fake\622.jpg,fake,SOS Children's Villages সামাজনায়েন পটিনায়িত যেমিতুতানালে জীয়ল জাইয়াবিল উলাব 9,a group of people standing around a microphone,77,46,0.038838401,
E:\Project\Fake News Detection\images\fake\6224.jpg,fake,30 =120 40 60 10 0 20 0 0,two people sitting at a table in the snow,25,41,0.04906629,
E:\Project\Fake News Detection\images\fake\6225.jpg,fake,,a woman wearing a mask and gloves,0,33,,
E:\Project\Fake News Detection\images\fake\6229.jpg,fake,,a woman in a blue scrub suit,0,28,,
E:\Project\Fake News Detection\images\fake\6230.jpg,fake,Apergyder,two women in white coats and masks are working on a bottle of liquid,9,68,0.049799472,
E:\Project\Fake News Detection\images\fake\6234.jpg,fake,TECnO TECnO Pratze Pranze GRANT SRAIT,a man and woman holding a cell and a bike,37,41,0.01184202,
E:\Project\Fake News Detection\images\fake\624.jpg,fake,,a man with a mustache and a beard,0,33,,
E:\Project\Fake News Detection\images\fake\6240.jpg,fake,মারে বদিল:,a man and woman holding a certificate,10,37,0.069031604,
E:\Project\Fake News Detection\images\fake\6243.jpg,fake,,two men sitting at a table with flags behind them,0,49,,
E:\Project\Fake News Detection\images\fake\6246.jpg,fake,,a young boy sitting at a table with a book and a cell,0,53,,
E:\Project\Fake News Detection\images\fake\6250.jpg,fake,,a man and woman in business attire sitting on an airplane,0,57,,
E:\Project\Fake News Detection\images\fake\6270.jpg,fake,"প্রালেদ উেকি ক্ুট বজো অতি জনে, সুউঘট হার ডিলর ২4,500/ত্র হযান GOLD GOi_D GOLD GOLD ২৪lM",a man holding a gold bar in front of a stack of coins,87,53,0.355808973,
E:\Project\Fake News Detection\images\fake\6271.jpg,fake,SAMSUNC @,a man in a suit and tie holding a cell,9,38,0.007820137,
E:\Project\Fake News Detection\images\fake\628.jpg,fake,আর্লের ফূতিয় বকখিনে বকাশির প্ালের যেশির বিশের কমা 0 সাবযিনেক সোেল সাললিমক যোইল,three men sitting at a table with microphones,78,45,0.076477006,
E:\Project\Fake News Detection\images\fake\6287.jpg,fake,CONSTRUCIAN UNIVERSITY OSMAN HADI SMRITI HALL CONGARL DONPENTRY DRUG FREECANIPUS,three men sitting on the ground,80,31,0.014547605,
E:\Project\Fake News Detection\images\fake\6289.jpg,fake,,a man in a suit and tie with a flower,0,37,,
E:\Project\Fake News Detection\images\fake\6300.jpg,fake,,a man in a suit and tie giving a speech,0,39,,
E:\Project\Fake News Detection\images\fake\6305.jpg,fake,,a man wearing a vest and glasses,0,32,,
E:\Project\Fake News Detection\images\fake\6318.jpg,fake,BRITISH CUNCIL,two men shaking hands in front of a british council logo,14,56,0.28044486,
E:\Project\Fake News Detection\images\fake\6323.jpg,fake,,a woman and two children sitting on a couch,0,43,,
E:\Project\Fake News Detection\images\fake\6325.jpg,fake,,a group of men sitting around a table,0,37,,
E:\Project\Fake News Detection\images\fake\6326.jpg,fake,,a woman in a hoodie and two children,0,36,,
E:\Project\Fake News Detection\images\fake\6332.jpg,fake,,a woman in a black suit standing in a church,0,44,,
E:\Project\Fake News Detection\images\fake\6334.jpg,fake,,three women in red blazerss,0,27,,
E:\Project\Fake News Detection\images\fake\6337.jpg,fake,,a woman and a child are standing in a dark alley,0,48,,
E:\Project\Fake News Detection\images\fake\637.jpg,fake,PB BRASIL PRASIL ১৯৭ Itau Itau ttau,a man in a suit and tie,35,23,-0.013592973,
E:\Project\Fake News Detection\images\fake\6370.jpg,fake,TVIK ঢ,congress party leader paw paw paw paw paw paw paw paw paw paw paw paw paw paw paw paw paw paw,6,93,0.119430833,
E:\Project\Fake News Detection\images\fake\6397.jpg,fake,BEEF DISHES HILSA FISHIIDISHES,a couple of people standing in a restaurant,30,43,0.19085376,
E:\Project\Fake News Detection\images\fake\640.jpg,fake,CBF @৩ BR/9I,a man in a green sweatshirt,12,27,0.051732667,
E:\Project\Fake News Detection\images\fake\6408.jpg,fake,{ প্রধিণর সলির বর্জিচার সুডো,a man standing at a podium with a microphone,28,44,0.126187831,
E:\Project\Fake News Detection\images\fake\6440.jpg,fake,,a group of people holding flags and waving,0,42,,
E:\Project\Fake News Detection\images\fake\6442.jpg,fake,,a man and woman sitting at a table,0,34,,
E:\Project\Fake News Detection\images\fake\645.jpg,fake,,a man in a blue shirt,0,21,,
E:\Project\Fake News Detection\images\fake\6461.jpg,fake,8 Ita&,a man in a black shirt is speaking into a microphone,6,52,0.063938014,
E:\Project\Fake News Detection\images\fake\6465.jpg,fake,বান সনানন গীীমন নব নৈব 18:00 19:00 19:00 17:00,two women sitting in front of a television,46,42,-0.047946863,
E:\Project\Fake News Detection\images\fake\6469.jpg,fake,MINISTRY MINISTRY MIN EDUCATIC EDUCATION [11]0 NISTRY MINISTRY PANIVVMINISTF TIVN TF ATION EDUCATION KATUA HAICIO HDICICIA EDUCATION NEDURI ; ; ; 4,a man and woman standing behind a podium,147,40,0.120192908,
E:\Project\Fake News Detection\images\fake\6471.jpg,fake,NYI,two men in suits and ties are talking to reporters,3,50,0.057369001,
E:\Project\Fake News Detection\images\fake\6479.jpg,fake,,two women in lab coats sitting at a table,0,41,,
E:\Project\Fake News Detection\images\fake\6480.jpg,fake,,a group of people standing in front of a flag,0,45,,
E:\Project\Fake News Detection\images\fake\6489.jpg,fake,,two men sitting at a table with a large flag behind them,0,56,,
E:\Project\Fake News Detection\images\fake\649.jpg,fake,16 16,two soccer players standing on a field,5,38,0.039667621,
E:\Project\Fake News Detection\images\fake\6493.jpg,fake,; ৪,a man and woman standing next to each other people,3,50,0.022864489,
E:\Project\Fake News Detection\images\fake\6496.jpg,fake,,a woman in a black suit standing in a theatre,0,45,,
E:\Project\Fake News Detection\images\fake\6497.jpg,fake,,a large screen with a picture of a city,0,39,,
E:\Project\Fake News Detection\images\fake\6510.jpg,fake,,a man in a hospital room with a monitor,0,39,,
E:\Project\Fake News Detection\images\fake\6514.jpg,fake,,a man in a blue vest,0,20,,
E:\Project\Fake News Detection\images\fake\6516.jpg,fake,মটানো মাহ চিত g] NBI[ আরারীপবার ছিরাত জিবাির দিরে সিত প্রান মনী তিরাসত বিরভ বাবেতে বারে মিরকা তন দোরা ববানন বাবিড়মি পউলেরব নিভত,a group of people holding up posters and signs,127,46,0.034911074,
E:\Project\Fake News Detection\images\fake\6517.jpg,fake,ITERj,a man and woman holding microphones in front of a poster,5,56,0.030614704,
E:\Project\Fake News Detection\images\fake\6524.jpg,fake,,three men standing on a bridge with a flag,0,42,,
E:\Project\Fake News Detection\images\fake\6525.jpg,fake,,a family sitting on a couch in a living room,0,44,,
E:\Project\Fake News Detection\images\fake\6527.jpg,fake,প্রবায হলির GIRNAGAR UNIVERSI,a man standing at a podium with a map behind him,29,48,0.150345325,
E:\Project\Fake News Detection\images\fake\6548.jpg,fake,,a family poses for a picture in front of a christmas wreath,0,59,,
E:\Project\Fake News Detection\images\fake\6575.jpg,fake,Prem Bank PLC,a man standing at a podium with a microphone,13,44,0.045088068,
E:\Project\Fake News Detection\images\fake\6586.jpg,fake,,a woman in a suit and tie standing in a room,0,44,,
E:\Project\Fake News Detection\images\fake\6600.jpg,fake,,a man and woman standing in front of a bangladesh flag,0,54,,
E:\Project\Fake News Detection\images\fake\6613.jpg,fake,DUET ট g,a group of people are celebrating with con con con con con con con con con con con con con con con con con con con con con,8,122,0.141517207,
E:\Project\Fake News Detection\images\fake\6624.jpg,fake,,a man and woman in hospital beds wearing masks,0,46,,
E:\Project\Fake News Detection\images\fake\6629.jpg,fake,,a person holding a bread in front of a shelf of bread,0,53,,
E:\Project\Fake News Detection\images\fake\663.jpg,fake,সরিতৌ ররিনে য্যয়রি,a man sitting at a desk with a laptop,18,37,0.066858344,
E:\Project\Fake News Detection\images\fake\6639.jpg,fake,DOPING CNTRQL VIK< ELITRE,two women in blue scrubs and masks are standing at a table,25,58,0.062454607,
E:\Project\Fake News Detection\images\fake\6640.jpg,fake,0 [%rsrons FAWORLD CUPFINAL X STA SPORTS TSpORrS FIFAWORLD CUPFINAL FAWORLD CUPFINAL FIFAIWORLD CUPFINAL FIFAWORLD CUPFINAL IIFA P 1 S[ 7 Sppi STA RT SPC,a soccer field,153,14,0.227901816,
E:\Project\Fake News Detection\images\fake\6647.jpg,fake,88,a bus is driving down the street at night,2,41,-0.022542786,
E:\Project\Fake News Detection\images\fake\6648.jpg,fake,,a man with a bloody face in a dark room,0,39,,
E:\Project\Fake News Detection\images\fake\6649.jpg,fake,,deepika in black sari sari,0,26,,
E:\Project\Fake News Detection\images\fake\665.jpg,fake,,a man and woman standing in front of a wall,0,43,,
E:\Project\Fake News Detection\images\fake\6651.jpg,fake,IIINPU ৪ BAIII,two men playing cricket,14,23,0.007863902,
E:\Project\Fake News Detection\images\fake\6658.jpg,fake,,a man in a market,0,17,,
E:\Project\Fake News Detection\images\fake\6659.jpg,fake,POLICES POLICES POLICES,three police officers posing for a picture,23,42,0.485868007,
E:\Project\Fake News Detection\images\fake\6663.jpg,fake,VS ঋ> larindean Bangladesh Bangladeshe Islar SLAMI ঢবঁ,two men sitting at a table with microphones,54,43,0.07669659,
E:\Project\Fake News Detection\images\fake\6665.jpg,fake,পুলিযসকীরশবিত BNP প্রামাকিল দ্যোকরীনে,a group of men sitting in front of a banner,37,43,0.08619833,
E:\Project\Fake News Detection\images\fake\6668.jpg,fake,সাপালর রা-C১ঝ N ববাবে স্ররি থাব রলয়াজে NATIC AL PARTY NCP কি সাং আেথ্যল তোবনা ডিলোনা বলাৎ NICP টীজনে,congress party to be in maharashtra,100,35,0.409800738,
E:\Project\Fake News Detection\images\fake\6669.jpg,fake,,a display of ancient artifacts in a museum,0,42,,
E:\Project\Fake News Detection\images\fake\6671.jpg,fake,P-IAMAR RMPCBM,a man and a woman shaking hands in front of a flag,14,50,0.002950815,
E:\Project\Fake News Detection\images\fake\6677.jpg,fake,,a tree in the dark,0,18,,
E:\Project\Fake News Detection\images\fake\6678.jpg,fake,,two men sitting at a table,0,26,,
E:\Project\Fake News Detection\images\fake\6692.jpg,fake,,two men in suits and ties sitting at a table with gold bars,0,59,,
E:\Project\Fake News Detection\images\fake\6696.jpg,fake,,a group of doctors standing around a laptop,0,43,,
E:\Project\Fake News Detection\images\fake\6707.jpg,fake,অরাগির মায়াজ ক্যরীর,the poster for the movie ' s first look,19,39,0.076655269,
E:\Project\Fake News Detection\images\fake\6714.jpg,fake,73,a man in a mask holding a cell,3,30,0.02535687,
E:\Project\Fake News Detection\images\fake\6716.jpg,fake,[ম FC SHAKIRA,a woman in a black jacket standing in front of a soccer field,13,61,0.181514323,
E:\Project\Fake News Detection\images\fake\6728.jpg,fake,,a woman in a colorful dress standing on a stage,0,47,,
E:\Project\Fake News Detection\images\fake\6735.jpg,fake,FIFA (rA FIFA,two women sitting at a table in front of a large stadium,13,56,0.24497138,
E:\Project\Fake News Detection\images\fake\6740.jpg,fake,,a woman in a suit sitting in front of a window,0,46,,
E:\Project\Fake News Detection\images\fake\6741.jpg,fake,,a man in a suit and tie standing in front of a sign,0,51,,
E:\Project\Fake News Detection\images\fake\6745.jpg,fake,ভাজীর যীয়ন পডিকন,a man wearing a mask in a hospital,16,34,-0.025668737,
E:\Project\Fake News Detection\images\fake\6761.jpg,fake,,two men standing next to bottles of olive,0,41,,
E:\Project\Fake News Detection\images\fake\6765.jpg,fake,,two people wearing hard hats,0,28,,
E:\Project\Fake News Detection\images\fake\6771.jpg,fake,,a man and woman standing next to each other people,0,50,,
E:\Project\Fake News Detection\images\fake\6773.jpg,fake,,a man with a hat and a scarf on,0,31,,
E:\Project\Fake News Detection\images\fake\6777.jpg,fake,EI,two men sitting at a table with flags behind them,2,49,0.005929042,
E:\Project\Fake News Detection\images\fake\6786.jpg,fake,,a man and woman standing in a hallway,0,37,,
E:\Project\Fake News Detection\images\fake\6791.jpg,fake,UNC UNIVERSITY আরাথ শোশ্দির জয়ীর যণ যানণে রী অসির নোসটল সার বুঙখ আকাত,a man and a woman standing in front of a desk,70,45,0.072613046,
E:\Project\Fake News Detection\images\fake\6796.jpg,fake,মীনী লিংং হুল,two people sitting at a table,13,29,-0.036371551,
E:\Project\Fake News Detection\images\fake\6815.jpg,fake,GANNATH UNIVERS শ্রারী কিরেলা লিযি হাবী ষাংডিলন নরিংসাতা ভারাখ UNIVERSI 2|882) বলাব্দিব,a boy and girl standing in front of a blackboard,87,48,0.090989307,
E:\Project\Fake News Detection\images\fake\6816.jpg,fake,,a man riding a motorcycle down a road at night,0,46,,
E:\Project\Fake News Detection\images\fake\6826.jpg,fake,,a man with a beard and a judge ' s gave,0,39,,
E:\Project\Fake News Detection\images\fake\6830.jpg,fake,মণশাeাব,two men standing on a bridge,7,28,-0.055863295,
E:\Project\Fake News Detection\images\fake\6832.jpg,fake,POLICE POLICE],two police officers standing in a field,14,39,0.414894521,
E:\Project\Fake News Detection\images\fake\6833.jpg,fake,,the defenders of liberty,0,24,,
E:\Project\Fake News Detection\images\fake\6849.jpg,fake,,a man is throwing a net on a street,0,35,,
E:\Project\Fake News Detection\images\fake\6864.jpg,fake,LOTERY WJINNER BIG PRRIZE! LIES UFULEI] BIG PRIZE!,a man holding a sign in front of a crowd,50,40,0.10368114,
E:\Project\Fake News Detection\images\fake\6867.jpg,fake,MUHAMEUANS[ 24,a man holding a football,14,24,-0.059669059,
E:\Project\Fake News Detection\images\fake\688.jpg,fake,,two men in suits and masks holding a certificate,0,48,,
E:\Project\Fake News Detection\images\fake\6892.jpg,fake,BCEEII,a man in a suit and tie standing in front of a drilling rig,6,59,0.077390976,
E:\Project\Fake News Detection\images\fake\6894.jpg,fake,,a man standing behind a podium with other people,0,48,,
E:\Project\Fake News Detection\images\fake\6895.jpg,fake,,a man and woman standing in front of a building,0,47,,
E:\Project\Fake News Detection\images\fake\6899.jpg,fake,,a man wearing a mask holding a document,0,39,,
E:\Project\Fake News Detection\images\fake\6905.jpg,fake,,a group of men working on a drilling rig,0,40,,
E:\Project\Fake News Detection\images\fake\6911.jpg,fake,"aoLKArA jiba"" rlinel IIIERY nne",two women holding bats,31,22,-0.05432117,
E:\Project\Fake News Detection\images\fake\6916.jpg,fake,IRNA,two men holding bats in a library,4,33,-0.069672212,
E:\Project\Fake News Detection\images\fake\692.jpg,fake,"Welcome, Vice-Chancellor [Last Name]",a woman shaking hands with a man,36,32,0.045298696,
E:\Project\Fake News Detection\images\fake\6923.jpg,fake,,a train is on the tracks at a train station,0,43,,
E:\Project\Fake News Detection\images\fake\6926.jpg,fake,,a man and woman sitting at a table,0,34,,
E:\Project\Fake News Detection\images\fake\6929.jpg,fake,,"indian prime minister, shrian singh singh speaking to media",0,59,,
E:\Project\Fake News Detection\images\fake\693.jpg,fake,,a man and woman walking down a street,0,37,,
E:\Project\Fake News Detection\images\fake\6949.jpg,fake,5{19 11}'8,a man holding a piece of paper in his hands,10,43,0.019865317,
E:\Project\Fake News Detection\images\fake\6952.jpg,fake,,a man is tied up to a tree,0,26,,
E:\Project\Fake News Detection\images\fake\6953.jpg,fake,পাখর বেির্মলোর আপািল অভিমর পক্যরজ র,a man standing at a podium with a microphone,35,44,0.141924381,
E:\Project\Fake News Detection\images\fake\6954.jpg,fake,04[,a group of men standing in front of a construction site,3,55,-0.032019861,
E:\Project\Fake News Detection\images\fake\6964.jpg,fake,গলার CHITTAGOIIG WASA মাববব যারয়নি ববর,a man writing in front of a logo,38,32,0.004207177,
E:\Project\Fake News Detection\images\fake\6966.jpg,fake,),a woman in a yellow hina,1,24,0.053703312,
E:\Project\Fake News Detection\images\fake\697.jpg,fake,,two men shaking hands in a room with flags,0,42,,
E:\Project\Fake News Detection\images\fake\6987.jpg,fake,,a group of people standing in front of a mountain,0,49,,
E:\Project\Fake News Detection\images\fake\699.jpg,fake,শ্রয়ি বহিকাযর 3mA সাজাযল NGNF এযাববা বদনী chwarhoist সবাপীবব @ Ne ntion এযাববা ধদনা সntion ITenc Bstion PeinA STAIAIN এযাববা Tenugt HetukA জাযল RVVElospgt ostins Vcenkei সাজ varhoist Belitan Heti ORATBARP Bel Bstic 1/4 Ss HetucA ? Jiporal K sstnc orly 08( atins JOREr chvothojst SS letmA strc HetucA ৮ly:,a man and woman holding a trophy,304,32,-0.006467253,
E:\Project\Fake News Detection\images\fake\6998.jpg,fake,,a group of men sitting around a table,0,37,,
E:\Project\Fake News Detection\images\fake\70.jpg,fake,পজির থনাির,a man in a suit and tie standing in a room,10,42,-0.001654763,
E:\Project\Fake News Detection\images\fake\700.jpg,fake,BANGLADESH FOOTBALL FEDERATION EEoQl,a man and woman holding a soccer ball,36,37,0.164377272,
E:\Project\Fake News Detection\images\fake\7000.jpg,fake,,a woman sitting on the ground,0,29,,
E:\Project\Fake News Detection\images\fake\7005.jpg,fake,BGB BGB] BGB BGB BGB B৫B BCB BCB BGB BGB ৫3,a group of soldiers standing in a line,43,38,0.012605646,
E:\Project\Fake News Detection\images\fake\7008.jpg,fake,,a group of people standing in a room,0,36,,
E:\Project\Fake News Detection\images\fake\7011.jpg,fake,,a man standing at a podium with a microphone,0,44,,
E:\Project\Fake News Detection\images\fake\7015.jpg,fake,FAVES ENT PRE,a man and a young boy holding signs,13,35,0.069603384,
E:\Project\Fake News Detection\images\fake\7020.jpg,fake,,a man and woman sitting at a table,0,34,,
E:\Project\Fake News Detection\images\fake\705.jpg,fake,BNP,a dog is tied up to a leash,3,27,-0.013788468,
E:\Project\Fake News Detection\images\fake\715.jpg,fake,যেরি যকািবে বোলোযত Log L অবীর HATHAZARI মর ন পমিভিলা কাউলবাা দোবীবি এ বলার কীবিস্রযডিনা পোেজ বিলে দডলসা লাসানিা নাবার বি বোসনাদসহা বজিজ,two men standing next to a sign with a flag,135,43,0.014262765,
E:\Project\Fake News Detection\images\fake\720.jpg,fake,{ ? ; ; [,a man in a suit and tie is speaking into a microphone,9,53,0.034887653,
E:\Project\Fake News Detection\images\fake\726.jpg,fake,,a group of men working on a construction site,0,45,,
E:\Project\Fake News Detection\images\fake\731.jpg,fake,,two men standing behind a podium with a microphone,0,50,,
E:\Project\Fake News Detection\images\fake\736.jpg,fake,"তজধা Bangladesh Bank Bangladesh Bank Bangladesh Bank Banldesh Bank 000 Coniaceh Beur 2600 Transction Confiiration Confircation Conilacen Beur 12,00 #atinrter $/500 Conildage Betlr 2000 Frinoung Confifecation Coniation Ber 13;05 Thederw:i Bank Plogeipues Confrration Congratory 20.00 Entsioars Teeiver Pharungfiler 2010 Challedetaton 2015 Phalietn skager 2000 Prailadef arle 2015 Infech ৪ ktlge Uifer Meuh",bangladesh bank account,404,23,0.642073393,
E:\Project\Fake News Detection\images\fake\741.jpg,fake,FULDC FoLDc Officer-in-Charge,a man in a police uniform sitting at a table,29,44,0.212340146,
E:\Project\Fake News Detection\images\fake\748.jpg,fake,,a man and woman standing in a church,0,36,,
E:\Project\Fake News Detection\images\fake\75.jpg,fake,WOTON YHINSANIHORT YOUIR YOOK FON HISK YOUT PFIBS| RIUE ELEIIHE WANES T0U INK TOUT BANK [TIINS AHhOnr Eun_ Saftel HISK NIBIIAIL ELETIHE ITHICE ROLFER WANES OUKE [OKE BANK BANK,two men in suits,175,16,-0.010933749,
E:\Project\Fake News Detection\images\fake\753.jpg,fake,CEINU,a group of people sitting at desks in a classroom,5,49,0.080232471,
E:\Project\Fake News Detection\images\fake\755.jpg,fake,সেবিডার গুরলো অহলার কত্বের,two people sitting at a table with a flag in the background,26,59,0.129695833,
E:\Project\Fake News Detection\images\fake\758.jpg,fake,,a man holding a plate of food in front of him,0,45,,
E:\Project\Fake News Detection\images\fake\769.jpg,fake,g,a truck that is sitting on the side of the road,1,47,0.092828423,
E:\Project\Fake News Detection\images\fake\77.jpg,fake,,two people sitting at a table with papers and flags,0,51,,
E:\Project\Fake News Detection\images\fake\770.jpg,fake,,a man in overalls and a hat standing in a corn field,0,52,,
E:\Project\Fake News Detection\images\fake\771.jpg,fake,,two men shaking hands in front of a flag,0,40,,
E:\Project\Fake News Detection\images\fake\777.jpg,fake,সুথথািয় যীযকনান যতীী জাবেকরা,two men sitting at a table with papers,28,38,0.058381703,
E:\Project\Fake News Detection\images\fake\785.jpg,fake,অডিবেল যারি জািয় ডা ভাখতি-যান,police officers stand in front of a fire,29,40,0.051956426,
E:\Project\Fake News Detection\images\fake\788.jpg,fake,899918],a group of people standing around a green tuk tuk,7,49,0.079537123,
E:\Project\Fake News Detection\images\fake\790.jpg,fake,,a boat with a digital screen on the deck,0,40,,
E:\Project\Fake News Detection\images\fake\796.jpg,fake,,two men sitting at a desk with a calcula,0,40,,
E:\Project\Fake News Detection\images\fake\8.jpg,fake,,a person wearing a mask and holding a cell,0,42,,
E:\Project\Fake News Detection\images\fake\803.jpg,fake,MELDONOL HMHEI TUEN FRIIERT PACT NEI THADELIS UF GCHINEI! HAllJS PELD AFGRILIC TRSTONE NIERSEগTAUL SHIERI REIURI,a group of people holding flags and signs,112,41,0.059041001,
E:\Project\Fake News Detection\images\fake\805.jpg,fake,হনিতার  মডিনাহাত,a man sitting at a table with a microphone,16,42,0.068957843,
E:\Project\Fake News Detection\images\fake\81.jpg,fake,,a man in a blue sweater and glasses,0,35,,
E:\Project\Fake News Detection\images\fake\812.jpg,fake,,a woman sitting on the floor in a room,0,38,,
E:\Project\Fake News Detection\images\fake\819.jpg,fake,,two men standing in front of a blackboard,0,41,,
E:\Project\Fake News Detection\images\fake\82.jpg,fake,,a man and woman sitting at a table in a courtroom,0,49,,
E:\Project\Fake News Detection\images\fake\835.jpg,fake,N,two men sitting at a table with papers,1,38,0.033857267,
E:\Project\Fake News Detection\images\fake\837.jpg,fake,,a man and woman sitting at a table,0,34,,
E:\Project\Fake News Detection\images\fake\844.jpg,fake,7 'HEI ICITTNEENE,two men sitting at a table with microphones,17,43,0.011147536,
E:\Project\Fake News Detection\images\fake\847.jpg,fake,,a man in a white robe is standing in front of a group of people,0,63,,
E:\Project\Fake News Detection\images\fake\852.jpg,fake,৫,two men shaking hands,1,21,0.053334735,
E:\Project\Fake News Detection\images\fake\856.jpg,fake,,a man in a suit and tie sitting in a room,0,41,,
E:\Project\Fake News Detection\images\fake\859.jpg,fake,,a man in a suit and tie sitting next to a man in a suit,0,55,,
E:\Project\Fake News Detection\images\fake\864.jpg,fake,,a man standing next to a pile of trash,0,38,,
E:\Project\Fake News Detection\images\fake\865.jpg,fake,INIDE COLLICTION,two men holding a sign with a cow in the background,16,51,0.060401179,
E:\Project\Fake News Detection\images\fake\87.jpg,fake,একিকো সায়লে জয়ো ভাবেয় 99 সূপবিন ভাখলতোনর্বেক্য মপিয়,a man and woman kissing in front of a newspaper,51,47,0.097372591,
E:\Project\Fake News Detection\images\fake\870.jpg,fake,,a man standing in front of a large machine,0,42,,
E:\Project\Fake News Detection\images\fake\875.jpg,fake,বিয়াবশতি দোল্ান সুাখার বিচজ পভি সোয়েন খঅনদিব পতোয়োউ,a group of people standing around a man holding a certificate,52,61,0.086732954,
E:\Project\Fake News Detection\images\fake\88.jpg,fake,"BIUIVIN PARIBAII| প্রর্যজর 7"" ঝিরীতন অরািন যেযিন WIFIIE 808983",a large elephant walking down the street next to a bus,62,54,0.149839729,
E:\Project\Fake News Detection\images\fake\882.jpg,fake,Barnnalg,a man and woman holding up a document,8,37,0.032215871,
E:\Project\Fake News Detection\images\fake\885.jpg,fake,,a man and woman looking at a laptop,0,35,,
E:\Project\Fake News Detection\images\fake\895.jpg,fake,HELIO 45,two astronauts on the moon with earth in the background,8,55,0.106777973,
E:\Project\Fake News Detection\images\fake\90.jpg,fake,,a group of people in scrubs and masks,0,37,,
E:\Project\Fake News Detection\images\fake\907.jpg,fake,,a man and woman sitting at a table,0,34,,
E:\Project\Fake News Detection\images\fake\908.jpg,fake,অনিল যয়র্ডি সান্ড্যে তলা আনিল বয়ডি সান্ত্যে তলা আঘ হাট তপানীতান সাথনত্ার ডাববজ্য ঢাষনাপ এদযামড আমলক ঠোবেপব ত্তাহাজনী চাাধানহ ত্রবকতা সাডাাবয্য ভরাাত্রাল্য মদীবব্য কমাতাভ নিনা elখবভ্বব মহনন ম্খববনা  নীবাউা 9াহৃ্ন নাববানার মরোজ্বব এথবকেন সনাসাহা মোতরপত হোখতলা নাহ ভায়োতান তারোজান,a group of people holding signs in a crowded street,278,51,-0.006226148,
E:\Project\Fake News Detection\images\fake\921.jpg,fake,বোম্রক মুরল ন বযিজন পরিয় শ্রেমাবর রলিক উশিমন রিত সালে থয়্যে লেরো ঈনে [বতণা পরি-ময়া ল্যোন,a man selling fruit at a market in india,88,40,0.126497,
E:\Project\Fake News Detection\images\fake\925.jpg,fake,"5"" 14{!1{]0)!8",a woman wearing a surgical mask,14,31,-0.011622041,
E:\Project\Fake News Detection\images\fake\928.jpg,fake,,a couple of people walking down a train platform,0,48,,
E:\Project\Fake News Detection\images\fake\931.jpg,fake,,a woman holding two apples in her hands,0,39,,
E:\Project\Fake News Detection\images\fake\933.jpg,fake,Al Al,a person taking a picture of themselves,5,39,0.023643672,
E:\Project\Fake News Detection\images\fake\954.jpg,fake,,a man and woman sitting at a table with wine glasses,0,52,,
E:\Project\Fake News Detection\images\fake\957.jpg,fake,UENORROE,a man in a blue jacket,8,22,0.14230901,
E:\Project\Fake News Detection\images\fake\96.jpg,fake,,a young boy in a hospital room with a hospital bed,0,50,,
E:\Project\Fake News Detection\images\fake\975.jpg,fake,,a man in a chef ' s uniform holding a plate of food,0,51,,
E:\Project\Fake News Detection\images\fake\977.jpg,fake,জুখোর য্যভিল,two women in sars are holding their hands up,12,44,0.026567217,
E:\Project\Fake News Detection\images\fake\984.jpg,fake,,a man and woman sitting at a table,0,34,,
E:\Project\Fake News Detection\images\fake\985.jpg,fake,GENEA SENNA GENEVE SENNA,two men sitting at a table with flags in the background,24,55,0.029130057,
E:\Project\Fake News Detection\images\fake\990.jpg,fake,,a man standing next to a car on a street,0,40,,
