source,normalized,error,label
E:\Project\Fake News Detection\images\real\1004.jpeg,images_normalized\real\1004.jpg,,real
E:\Project\Fake News Detection\images\real\1005.jpg,images_normalized\real\1005.jpg,,real
E:\Project\Fake News Detection\images\real\1011.jpg,images_normalized\real\1011.jpg,,real
E:\Project\Fake News Detection\images\real\1018.jpg,images_normalized\real\1018.jpg,,real
E:\Project\Fake News Detection\images\real\1021.jpg,images_normalized\real\1021.jpg,,real
E:\Project\Fake News Detection\images\real\1023.jpg,images_normalized\real\1023.jpg,,real
E:\Project\Fake News Detection\images\real\1028.jpg,images_normalized\real\1028.jpg,,real
E:\Project\Fake News Detection\images\real\1048.png,images_normalized\real\1048.jpg,,real
E:\Project\Fake News Detection\images\real\1051.png,images_normalized\real\1051.jpg,,real
E:\Project\Fake News Detection\images\real\1059.png,images_normalized\real\1059.jpg,,real
E:\Project\Fake News Detection\images\real\1060.png,images_normalized\real\1060.jpg,,real
E:\Project\Fake News Detection\images\real\1061.png,images_normalized\real\1061.jpg,,real
E:\Project\Fake News Detection\images\real\1086.jpg,images_normalized\real\1086.jpg,,real
E:\Project\Fake News Detection\images\real\1091.jpg,images_normalized\real\1091.jpg,,real
E:\Project\Fake News Detection\images\real\1099.jpg,images_normalized\real\1099.jpg,,real
E:\Project\Fake News Detection\images\real\1119.jpg,images_normalized\real\1119.jpg,,real
E:\Project\Fake News Detection\images\real\1126.jpg,images_normalized\real\1126.jpg,,real
E:\Project\Fake News Detection\images\real\1128.jpg,images_normalized\real\1128.jpg,,real
E:\Project\Fake News Detection\images\real\1129.jpg,images_normalized\real\1129.jpg,,real
E:\Project\Fake News Detection\images\real\1132.jpg,images_normalized\real\1132.jpg,,real
E:\Project\Fake News Detection\images\real\1133.jpg,images_normalized\real\1133.jpg,,real
E:\Project\Fake News Detection\images\real\1135.jpg,images_normalized\real\1135.jpg,,real
E:\Project\Fake News Detection\images\real\1136.jpg,images_normalized\real\1136.jpg,,real
E:\Project\Fake News Detection\images\real\115.jpg,images_normalized\real\115.jpg,,real
E:\Project\Fake News Detection\images\real\1157.jpg,images_normalized\real\1157.jpg,,real
E:\Project\Fake News Detection\images\real\1183.jpg,images_normalized\real\1183.jpg,,real
E:\Project\Fake News Detection\images\real\1193.jpg,images_normalized\real\1193.jpg,,real
E:\Project\Fake News Detection\images\real\1194.jpg,images_normalized\real\1194.jpg,,real
E:\Project\Fake News Detection\images\real\1199.jpg,images_normalized\real\1199.jpg,,real
E:\Project\Fake News Detection\images\real\1201.jpg,images_normalized\real\1201.jpg,,real
E:\Project\Fake News Detection\images\real\1203.jpg,images_normalized\real\1203.jpg,,real
E:\Project\Fake News Detection\images\real\1204.jpg,images_normalized\real\1204.jpg,,real
E:\Project\Fake News Detection\images\real\1209.jpg,images_normalized\real\1209.jpg,,real
E:\Project\Fake News Detection\images\real\1214.jpg,images_normalized\real\1214.jpg,,real
E:\Project\Fake News Detection\images\real\1221.jpg,images_normalized\real\1221.jpg,,real
E:\Project\Fake News Detection\images\real\1227.jpg,images_normalized\real\1227.jpg,,real
E:\Project\Fake News Detection\images\real\1237.jpg,images_normalized\real\1237.jpg,,real
E:\Project\Fake News Detection\images\real\1239.jpg,images_normalized\real\1239.jpg,,real
E:\Project\Fake News Detection\images\real\1259.jpg,images_normalized\real\1259.jpg,,real
E:\Project\Fake News Detection\images\real\1264.jpg,images_normalized\real\1264.jpg,,real
E:\Project\Fake News Detection\images\real\1285.jpg,images_normalized\real\1285.jpg,,real
E:\Project\Fake News Detection\images\real\129.jpg,images_normalized\real\129.jpg,,real
E:\Project\Fake News Detection\images\real\1293.jpg,images_normalized\real\1293.jpg,,real
E:\Project\Fake News Detection\images\real\13.jpg,images_normalized\real\13.jpg,,real
E:\Project\Fake News Detection\images\real\1301.jpg,images_normalized\real\1301.jpg,,real
E:\Project\Fake News Detection\images\real\1311.jpg,images_normalized\real\1311.jpg,,real
E:\Project\Fake News Detection\images\real\1312.jpg,images_normalized\real\1312.jpg,,real
E:\Project\Fake News Detection\images\real\1321.jpg,images_normalized\real\1321.jpg,,real
E:\Project\Fake News Detection\images\real\1327.jpg,images_normalized\real\1327.jpg,,real
E:\Project\Fake News Detection\images\real\134.jpg,images_normalized\real\134.jpg,,real
E:\Project\Fake News Detection\images\real\1343.jpg,images_normalized\real\1343.jpg,,real
E:\Project\Fake News Detection\images\real\1347.jpg,images_normalized\real\1347.jpg,,real
E:\Project\Fake News Detection\images\real\1349.jpg,images_normalized\real\1349.jpg,,real
E:\Project\Fake News Detection\images\real\1350.jpg,images_normalized\real\1350.jpg,,real
E:\Project\Fake News Detection\images\real\1352.jpg,images_normalized\real\1352.jpg,,real
E:\Project\Fake News Detection\images\real\1372.jpg,images_normalized\real\1372.jpg,,real
E:\Project\Fake News Detection\images\real\1375.jpg,images_normalized\real\1375.jpg,,real
E:\Project\Fake News Detection\images\real\1381.jpg,images_normalized\real\1381.jpg,,real
E:\Project\Fake News Detection\images\real\1387.jpg,images_normalized\real\1387.jpg,,real
E:\Project\Fake News Detection\images\real\139.jpg,images_normalized\real\139.jpg,,real
E:\Project\Fake News Detection\images\real\1402.jpg,images_normalized\real\1402.jpg,,real
E:\Project\Fake News Detection\images\real\1404.jpg,images_normalized\real\1404.jpg,,real
E:\Project\Fake News Detection\images\real\1408.jpg,images_normalized\real\1408.jpg,,real
E:\Project\Fake News Detection\images\real\1415.jpg,images_normalized\real\1415.jpg,,real
E:\Project\Fake News Detection\images\real\1434.jpg,images_normalized\real\1434.jpg,,real
E:\Project\Fake News Detection\images\real\1437.jpg,images_normalized\real\1437.jpg,,real
E:\Project\Fake News Detection\images\real\1445.jpg,images_normalized\real\1445.jpg,,real
E:\Project\Fake News Detection\images\real\1448.jpg,images_normalized\real\1448.jpg,,real
E:\Project\Fake News Detection\images\real\1456.jpg,images_normalized\real\1456.jpg,,real
E:\Project\Fake News Detection\images\real\1459.jpg,images_normalized\real\1459.jpg,,real
E:\Project\Fake News Detection\images\real\1471.jpg,images_normalized\real\1471.jpg,,real
E:\Project\Fake News Detection\images\real\1472.jpg,images_normalized\real\1472.jpg,,real
E:\Project\Fake News Detection\images\real\1475.jpg,images_normalized\real\1475.jpg,,real
E:\Project\Fake News Detection\images\real\1478.jpg,images_normalized\real\1478.jpg,,real
E:\Project\Fake News Detection\images\real\148.jpeg,images_normalized\real\148.jpg,,real
E:\Project\Fake News Detection\images\real\1485.jpg,images_normalized\real\1485.jpg,,real
E:\Project\Fake News Detection\images\real\1488.jpg,images_normalized\real\1488.jpg,,real
E:\Project\Fake News Detection\images\real\149.jpg,images_normalized\real\149.jpg,,real
E:\Project\Fake News Detection\images\real\1493.jpg,images_normalized\real\1493.jpg,,real
E:\Project\Fake News Detection\images\real\1495.jpg,images_normalized\real\1495.jpg,,real
E:\Project\Fake News Detection\images\real\1498.jpg,images_normalized\real\1498.jpg,,real
E:\Project\Fake News Detection\images\real\1514.jpg,images_normalized\real\1514.jpg,,real
E:\Project\Fake News Detection\images\real\1516.jpg,images_normalized\real\1516.jpg,,real
E:\Project\Fake News Detection\images\real\1521.jpg,images_normalized\real\1521.jpg,,real
E:\Project\Fake News Detection\images\real\1536.jpg,images_normalized\real\1536.jpg,,real
E:\Project\Fake News Detection\images\real\1556.jpg,images_normalized\real\1556.jpg,,real
E:\Project\Fake News Detection\images\real\1566.jpg,images_normalized\real\1566.jpg,,real
E:\Project\Fake News Detection\images\real\1569.jpg,images_normalized\real\1569.jpg,,real
E:\Project\Fake News Detection\images\real\1578.jpg,images_normalized\real\1578.jpg,,real
E:\Project\Fake News Detection\images\real\1585.jpg,images_normalized\real\1585.jpg,,real
E:\Project\Fake News Detection\images\real\1586.jpg,images_normalized\real\1586.jpg,,real
E:\Project\Fake News Detection\images\real\160.jpg,images_normalized\real\160.jpg,,real
E:\Project\Fake News Detection\images\real\1604.jpg,images_normalized\real\1604.jpg,,real
E:\Project\Fake News Detection\images\real\1608.jpg,images_normalized\real\1608.jpg,,real
E:\Project\Fake News Detection\images\real\1620.jpg,images_normalized\real\1620.jpg,,real
E:\Project\Fake News Detection\images\real\1622.jpg,images_normalized\real\1622.jpg,,real
E:\Project\Fake News Detection\images\real\1628.jpg,images_normalized\real\1628.jpg,,real
E:\Project\Fake News Detection\images\real\1632.jpg,images_normalized\real\1632.jpg,,real
E:\Project\Fake News Detection\images\real\1634.jpg,images_normalized\real\1634.jpg,,real
E:\Project\Fake News Detection\images\real\1640.jpg,images_normalized\real\1640.jpg,,real
E:\Project\Fake News Detection\images\real\1642.jpg,images_normalized\real\1642.jpg,,real
E:\Project\Fake News Detection\images\real\1666.jpg,images_normalized\real\1666.jpg,,real
E:\Project\Fake News Detection\images\real\167.jpg,images_normalized\real\167.jpg,,real
E:\Project\Fake News Detection\images\real\1678.jpg,images_normalized\real\1678.jpg,,real
E:\Project\Fake News Detection\images\real\1679.jpg,images_normalized\real\1679.jpg,,real
E:\Project\Fake News Detection\images\real\168.jpeg,images_normalized\real\168.jpg,,real
E:\Project\Fake News Detection\images\real\1688.jpg,images_normalized\real\1688.jpg,,real
E:\Project\Fake News Detection\images\real\169.jpg,images_normalized\real\169.jpg,,real
E:\Project\Fake News Detection\images\real\1693.jpg,images_normalized\real\1693.jpg,,real
E:\Project\Fake News Detection\images\real\1697.jpg,images_normalized\real\1697.jpg,,real
E:\Project\Fake News Detection\images\real\1701.jpg,images_normalized\real\1701.jpg,,real
E:\Project\Fake News Detection\images\real\1706.jpg,images_normalized\real\1706.jpg,,real
E:\Project\Fake News Detection\images\real\1715.jpg,images_normalized\real\1715.jpg,,real
E:\Project\Fake News Detection\images\real\1727.jpg,images_normalized\real\1727.jpg,,real
E:\Project\Fake News Detection\images\real\173.jpg,images_normalized\real\173.jpg,,real
E:\Project\Fake News Detection\images\real\1731.jpg,images_normalized\real\1731.jpg,,real
E:\Project\Fake News Detection\images\real\1745.jpg,images_normalized\real\1745.jpg,,real
E:\Project\Fake News Detection\images\real\1749.jpg,images_normalized\real\1749.jpg,,real
E:\Project\Fake News Detection\images\real\1767.jpg,images_normalized\real\1767.jpg,,real
E:\Project\Fake News Detection\images\real\1787.jpg,images_normalized\real\1787.jpg,,real
E:\Project\Fake News Detection\images\real\180.jpg,images_normalized\real\180.jpg,,real
E:\Project\Fake News Detection\images\real\1800.jpg,images_normalized\real\1800.jpg,,real
E:\Project\Fake News Detection\images\real\1806.jpg,images_normalized\real\1806.jpg,,real
E:\Project\Fake News Detection\images\real\1807.jpg,images_normalized\real\1807.jpg,,real
E:\Project\Fake News Detection\images\real\1810.jpg,images_normalized\real\1810.jpg,,real
E:\Project\Fake News Detection\images\real\1817.jpg,images_normalized\real\1817.jpg,,real
E:\Project\Fake News Detection\images\real\1818.jpg,images_normalized\real\1818.jpg,,real
E:\Project\Fake News Detection\images\real\1824.jpg,images_normalized\real\1824.jpg,,real
E:\Project\Fake News Detection\images\real\1825.jpg,images_normalized\real\1825.jpg,,real
E:\Project\Fake News Detection\images\real\1829.jpg,images_normalized\real\1829.jpg,,real
E:\Project\Fake News Detection\images\real\1841.jpg,images_normalized\real\1841.jpg,,real
E:\Project\Fake News Detection\images\real\1848.jpg,images_normalized\real\1848.jpg,,real
E:\Project\Fake News Detection\images\real\1850.jpg,images_normalized\real\1850.jpg,,real
E:\Project\Fake News Detection\images\real\1853.jpg,images_normalized\real\1853.jpg,,real
E:\Project\Fake News Detection\images\real\1857.jpg,images_normalized\real\1857.jpg,,real
E:\Project\Fake News Detection\images\real\1859.jpg,images_normalized\real\1859.jpg,,real
E:\Project\Fake News Detection\images\real\1861.jpg,images_normalized\real\1861.jpg,,real
E:\Project\Fake News Detection\images\real\1872.jpg,images_normalized\real\1872.jpg,,real
E:\Project\Fake News Detection\images\real\1907.jpg,images_normalized\real\1907.jpg,,real
E:\Project\Fake News Detection\images\real\1925.jpg,images_normalized\real\1925.jpg,,real
E:\Project\Fake News Detection\images\real\1930.jpg,images_normalized\real\1930.jpg,,real
E:\Project\Fake News Detection\images\real\1933.jpg,images_normalized\real\1933.jpg,,real
E:\Project\Fake News Detection\images\real\1959.jpg,images_normalized\real\1959.jpg,,real
E:\Project\Fake News Detection\images\real\1965.jpg,images_normalized\real\1965.jpg,,real
E:\Project\Fake News Detection\images\real\1979.jpg,images_normalized\real\1979.jpg,,real
E:\Project\Fake News Detection\images\real\1986.jpg,images_normalized\real\1986.jpg,,real
E:\Project\Fake News Detection\images\real\1988.jpg,images_normalized\real\1988.jpg,,real
E:\Project\Fake News Detection\images\real\1989.jpg,images_normalized\real\1989.jpg,,real
E:\Project\Fake News Detection\images\real\1990.jpg,images_normalized\real\1990.jpg,,real
E:\Project\Fake News Detection\images\real\2001.jpg,images_normalized\real\2001.jpg,,real
E:\Project\Fake News Detection\images\real\2014.jpg,images_normalized\real\2014.jpg,,real
E:\Project\Fake News Detection\images\real\2023.jpg,images_normalized\real\2023.jpg,,real
E:\Project\Fake News Detection\images\real\2025.jpg,images_normalized\real\2025.jpg,,real
E:\Project\Fake News Detection\images\real\203.jpg,images_normalized\real\203.jpg,,real
E:\Project\Fake News Detection\images\real\2031.jpg,images_normalized\real\2031.jpg,,real
E:\Project\Fake News Detection\images\real\2034.jpg,images_normalized\real\2034.jpg,,real
E:\Project\Fake News Detection\images\real\2043.jpg,images_normalized\real\2043.jpg,,real
E:\Project\Fake News Detection\images\real\2047.jpg,images_normalized\real\2047.jpg,,real
E:\Project\Fake News Detection\images\real\2053.jpg,images_normalized\real\2053.jpg,,real
E:\Project\Fake News Detection\images\real\206.jpg,images_normalized\real\206.jpg,,real
E:\Project\Fake News Detection\images\real\2067.jpg,images_normalized\real\2067.jpg,,real
E:\Project\Fake News Detection\images\real\2098.jpg,images_normalized\real\2098.jpg,,real
E:\Project\Fake News Detection\images\real\210.jpeg,images_normalized\real\210.jpg,,real
E:\Project\Fake News Detection\images\real\2106.jpeg,images_normalized\real\2106.jpg,,real
E:\Project\Fake News Detection\images\real\2110.jpg,images_normalized\real\2110.jpg,,real
E:\Project\Fake News Detection\images\real\2118.jpg,images_normalized\real\2118.jpg,,real
E:\Project\Fake News Detection\images\real\2140.jpg,images_normalized\real\2140.jpg,,real
E:\Project\Fake News Detection\images\real\2147.jpg,images_normalized\real\2147.jpg,,real
E:\Project\Fake News Detection\images\real\2149.jpg,images_normalized\real\2149.jpg,,real
E:\Project\Fake News Detection\images\real\215.jpg,images_normalized\real\215.jpg,,real
E:\Project\Fake News Detection\images\real\2161.jpg,images_normalized\real\2161.jpg,,real
E:\Project\Fake News Detection\images\real\2163.jpg,images_normalized\real\2163.jpg,,real
E:\Project\Fake News Detection\images\real\2166.jpg,images_normalized\real\2166.jpg,,real
E:\Project\Fake News Detection\images\real\2175.jpg,images_normalized\real\2175.jpg,,real
E:\Project\Fake News Detection\images\real\2178.jpg,images_normalized\real\2178.jpg,,real
E:\Project\Fake News Detection\images\real\218.jpg,images_normalized\real\218.jpg,,real
E:\Project\Fake News Detection\images\real\219.jpeg,images_normalized\real\219.jpg,,real
E:\Project\Fake News Detection\images\real\2190.jpg,images_normalized\real\2190.jpg,,real
E:\Project\Fake News Detection\images\real\2197.jpg,images_normalized\real\2197.jpg,,real
E:\Project\Fake News Detection\images\real\2200.jpg,images_normalized\real\2200.jpg,,real
E:\Project\Fake News Detection\images\real\2202.jpg,images_normalized\real\2202.jpg,,real
E:\Project\Fake News Detection\images\real\2212.jpg,images_normalized\real\2212.jpg,,real
E:\Project\Fake News Detection\images\real\2215.jpg,images_normalized\real\2215.jpg,,real
E:\Project\Fake News Detection\images\real\2231.jpg,images_normalized\real\2231.jpg,,real
E:\Project\Fake News Detection\images\real\2240.jpg,images_normalized\real\2240.jpg,,real
E:\Project\Fake News Detection\images\real\2256.jpg,images_normalized\real\2256.jpg,,real
E:\Project\Fake News Detection\images\real\2261.jpg,images_normalized\real\2261.jpg,,real
E:\Project\Fake News Detection\images\real\2269.jpg,images_normalized\real\2269.jpg,,real
E:\Project\Fake News Detection\images\real\2278.jpg,images_normalized\real\2278.jpg,,real
E:\Project\Fake News Detection\images\real\2283.jpg,images_normalized\real\2283.jpg,,real
E:\Project\Fake News Detection\images\real\229.jpg,images_normalized\real\229.jpg,,real
E:\Project\Fake News Detection\images\real\2293.jpg,images_normalized\real\2293.jpg,,real
E:\Project\Fake News Detection\images\real\2319.jpg,images_normalized\real\2319.jpg,,real
E:\Project\Fake News Detection\images\real\2324.jpg,images_normalized\real\2324.jpg,,real
E:\Project\Fake News Detection\images\real\233.jpg,images_normalized\real\233.jpg,,real
E:\Project\Fake News Detection\images\real\2331.jpg,images_normalized\real\2331.jpg,,real
E:\Project\Fake News Detection\images\real\2332.jpg,images_normalized\real\2332.jpg,,real
E:\Project\Fake News Detection\images\real\2333.jpg,images_normalized\real\2333.jpg,,real
E:\Project\Fake News Detection\images\real\2344.jpg,images_normalized\real\2344.jpg,,real
E:\Project\Fake News Detection\images\real\2347.jpg,images_normalized\real\2347.jpg,,real
E:\Project\Fake News Detection\images\real\2350.jpg,images_normalized\real\2350.jpg,,real
E:\Project\Fake News Detection\images\real\2365.jpg,images_normalized\real\2365.jpg,,real
E:\Project\Fake News Detection\images\real\2366.jpg,images_normalized\real\2366.jpg,,real
E:\Project\Fake News Detection\images\real\2367.jpg,images_normalized\real\2367.jpg,,real
E:\Project\Fake News Detection\images\real\2369.jpg,images_normalized\real\2369.jpg,,real
E:\Project\Fake News Detection\images\real\2374.jpg,images_normalized\real\2374.jpg,,real
E:\Project\Fake News Detection\images\real\238.jpg,images_normalized\real\238.jpg,,real
E:\Project\Fake News Detection\images\real\2393.jpg,images_normalized\real\2393.jpg,,real
E:\Project\Fake News Detection\images\real\240.jpeg,images_normalized\real\240.jpg,,real
E:\Project\Fake News Detection\images\real\2402.jpg,images_normalized\real\2402.jpg,,real
E:\Project\Fake News Detection\images\real\2408.jpg,images_normalized\real\2408.jpg,,real
E:\Project\Fake News Detection\images\real\2411.jpg,images_normalized\real\2411.jpg,,real
E:\Project\Fake News Detection\images\real\2415.jpg,images_normalized\real\2415.jpg,,real
E:\Project\Fake News Detection\images\real\2416.jpg,images_normalized\real\2416.jpg,,real
E:\Project\Fake News Detection\images\real\2417.jpg,images_normalized\real\2417.jpg,,real
E:\Project\Fake News Detection\images\real\2426.jpg,images_normalized\real\2426.jpg,,real
E:\Project\Fake News Detection\images\real\243.jpeg,images_normalized\real\243.jpg,,real
E:\Project\Fake News Detection\images\real\2448.jpg,images_normalized\real\2448.jpg,,real
E:\Project\Fake News Detection\images\real\2449.jpg,images_normalized\real\2449.jpg,,real
E:\Project\Fake News Detection\images\real\2463.jpg,images_normalized\real\2463.jpg,,real
E:\Project\Fake News Detection\images\real\2464.jpg,images_normalized\real\2464.jpg,,real
E:\Project\Fake News Detection\images\real\247.jpg,images_normalized\real\247.jpg,,real
E:\Project\Fake News Detection\images\real\2476.jpg,images_normalized\real\2476.jpg,,real
E:\Project\Fake News Detection\images\real\2479.jpg,images_normalized\real\2479.jpg,,real
E:\Project\Fake News Detection\images\real\2486.jpg,images_normalized\real\2486.jpg,,real
E:\Project\Fake News Detection\images\real\2487.jpg,images_normalized\real\2487.jpg,,real
E:\Project\Fake News Detection\images\real\2490.jpg,images_normalized\real\2490.jpg,,real
E:\Project\Fake News Detection\images\real\2495.jpg,images_normalized\real\2495.jpg,,real
E:\Project\Fake News Detection\images\real\2497.jpg,images_normalized\real\2497.jpg,,real
E:\Project\Fake News Detection\images\real\2498.jpg,images_normalized\real\2498.jpg,,real
E:\Project\Fake News Detection\images\real\25.jpg,images_normalized\real\25.jpg,,real
E:\Project\Fake News Detection\images\real\2500.jpg,images_normalized\real\2500.jpg,,real
E:\Project\Fake News Detection\images\real\2509.jpg,images_normalized\real\2509.jpg,,real
E:\Project\Fake News Detection\images\real\2526.jpg,images_normalized\real\2526.jpg,,real
E:\Project\Fake News Detection\images\real\253.jpg,images_normalized\real\253.jpg,,real
E:\Project\Fake News Detection\images\real\2531.jpg,images_normalized\real\2531.jpg,,real
E:\Project\Fake News Detection\images\real\2533.jpg,images_normalized\real\2533.jpg,,real
E:\Project\Fake News Detection\images\real\2538.jpg,images_normalized\real\2538.jpg,,real
E:\Project\Fake News Detection\images\real\2540.jpg,images_normalized\real\2540.jpg,,real
E:\Project\Fake News Detection\images\real\2558.jpg,images_normalized\real\2558.jpg,,real
E:\Project\Fake News Detection\images\real\2563.jpg,images_normalized\real\2563.jpg,,real
E:\Project\Fake News Detection\images\real\2580.jpg,images_normalized\real\2580.jpg,,real
E:\Project\Fake News Detection\images\real\2581.jpg,images_normalized\real\2581.jpg,,real
E:\Project\Fake News Detection\images\real\2585.jpg,images_normalized\real\2585.jpg,,real
E:\Project\Fake News Detection\images\real\2587.jpg,images_normalized\real\2587.jpg,,real
E:\Project\Fake News Detection\images\real\2588.jpg,images_normalized\real\2588.jpg,,real
E:\Project\Fake News Detection\images\real\26.jpeg,images_normalized\real\26.jpg,,real
E:\Project\Fake News Detection\images\real\2609.jpg,images_normalized\real\2609.jpg,,real
E:\Project\Fake News Detection\images\real\2611.jpg,images_normalized\real\2611.jpg,,real
E:\Project\Fake News Detection\images\real\2618.jpg,images_normalized\real\2618.jpg,,real
E:\Project\Fake News Detection\images\real\2619.jpg,images_normalized\real\2619.jpg,,real
E:\Project\Fake News Detection\images\real\2635.jpg,images_normalized\real\2635.jpg,,real
E:\Project\Fake News Detection\images\real\2639.jpg,images_normalized\real\2639.jpg,,real
E:\Project\Fake News Detection\images\real\264.jpg,images_normalized\real\264.jpg,,real
E:\Project\Fake News Detection\images\real\2641.jpg,images_normalized\real\2641.jpg,,real
E:\Project\Fake News Detection\images\real\2648.jpg,images_normalized\real\2648.jpg,,real
E:\Project\Fake News Detection\images\real\2653.jpg,images_normalized\real\2653.jpg,,real
E:\Project\Fake News Detection\images\real\2654.jpg,images_normalized\real\2654.jpg,,real
E:\Project\Fake News Detection\images\real\2659.jpg,images_normalized\real\2659.jpg,,real
E:\Project\Fake News Detection\images\real\2676.jpg,images_normalized\real\2676.jpg,,real
E:\Project\Fake News Detection\images\real\2678.jpg,images_normalized\real\2678.jpg,,real
E:\Project\Fake News Detection\images\real\2681.jpg,images_normalized\real\2681.jpg,,real
E:\Project\Fake News Detection\images\real\2694.jpg,images_normalized\real\2694.jpg,,real
E:\Project\Fake News Detection\images\real\2700.jpg,images_normalized\real\2700.jpg,,real
E:\Project\Fake News Detection\images\real\2701.jpg,images_normalized\real\2701.jpg,,real
E:\Project\Fake News Detection\images\real\2706.jpg,images_normalized\real\2706.jpg,,real
E:\Project\Fake News Detection\images\real\2714.jpg,images_normalized\real\2714.jpg,,real
E:\Project\Fake News Detection\images\real\2717.jpg,images_normalized\real\2717.jpg,,real
E:\Project\Fake News Detection\images\real\2726.jpg,images_normalized\real\2726.jpg,,real
E:\Project\Fake News Detection\images\real\273.jpg,images_normalized\real\273.jpg,,real
E:\Project\Fake News Detection\images\real\2738.jpg,images_normalized\real\2738.jpg,,real
E:\Project\Fake News Detection\images\real\2742.jpg,images_normalized\real\2742.jpg,,real
E:\Project\Fake News Detection\images\real\2754.jpg,images_normalized\real\2754.jpg,,real
E:\Project\Fake News Detection\images\real\2759.jpg,images_normalized\real\2759.jpg,,real
E:\Project\Fake News Detection\images\real\2760.jpg,images_normalized\real\2760.jpg,,real
E:\Project\Fake News Detection\images\real\2762.jpg,images_normalized\real\2762.jpg,,real
E:\Project\Fake News Detection\images\real\2763.jpg,images_normalized\real\2763.jpg,,real
E:\Project\Fake News Detection\images\real\2776.jpg,images_normalized\real\2776.jpg,,real
E:\Project\Fake News Detection\images\real\2779.jpg,images_normalized\real\2779.jpg,,real
E:\Project\Fake News Detection\images\real\278.jpg,images_normalized\real\278.jpg,,real
E:\Project\Fake News Detection\images\real\2792.jpg,images_normalized\real\2792.jpg,,real
E:\Project\Fake News Detection\images\real\2805.jpg,images_normalized\real\2805.jpg,,real
E:\Project\Fake News Detection\images\real\2808.jpg,images_normalized\real\2808.jpg,,real
E:\Project\Fake News Detection\images\real\2809.jpg,images_normalized\real\2809.jpg,,real
E:\Project\Fake News Detection\images\real\2811.jpg,images_normalized\real\2811.jpg,,real
E:\Project\Fake News Detection\images\real\2823.jpg,images_normalized\real\2823.jpg,,real
E:\Project\Fake News Detection\images\real\283.jpg,images_normalized\real\283.jpg,,real
E:\Project\Fake News Detection\images\real\2831.jpg,images_normalized\real\2831.jpg,,real
E:\Project\Fake News Detection\images\real\2836.jpg,images_normalized\real\2836.jpg,,real
E:\Project\Fake News Detection\images\real\2841.jpg,images_normalized\real\2841.jpg,,real
E:\Project\Fake News Detection\images\real\2852.jpg,images_normalized\real\2852.jpg,,real
E:\Project\Fake News Detection\images\real\2859.jpg,images_normalized\real\2859.jpg,,real
E:\Project\Fake News Detection\images\real\2863.jpg,images_normalized\real\2863.jpg,,real
E:\Project\Fake News Detection\images\real\2864.jpg,images_normalized\real\2864.jpg,,real
E:\Project\Fake News Detection\images\real\2878.jpg,images_normalized\real\2878.jpg,,real
E:\Project\Fake News Detection\images\real\2881.jpg,images_normalized\real\2881.jpg,,real
E:\Project\Fake News Detection\images\real\2891.jpg,images_normalized\real\2891.jpg,,real
E:\Project\Fake News Detection\images\real\2895.jpg,images_normalized\real\2895.jpg,,real
E:\Project\Fake News Detection\images\real\2897.jpg,images_normalized\real\2897.jpg,,real
E:\Project\Fake News Detection\images\real\2898.jpg,images_normalized\real\2898.jpg,,real
E:\Project\Fake News Detection\images\real\2909.jpg,images_normalized\real\2909.jpg,,real
E:\Project\Fake News Detection\images\real\2913.jpg,images_normalized\real\2913.jpg,,real
E:\Project\Fake News Detection\images\real\2920.jpg,images_normalized\real\2920.jpg,,real
E:\Project\Fake News Detection\images\real\2922.jpg,images_normalized\real\2922.jpg,,real
E:\Project\Fake News Detection\images\real\2930.jpg,images_normalized\real\2930.jpg,,real
E:\Project\Fake News Detection\images\real\2938.jpg,images_normalized\real\2938.jpg,,real
E:\Project\Fake News Detection\images\real\2948.jpg,images_normalized\real\2948.jpg,,real
E:\Project\Fake News Detection\images\real\2962.jpg,images_normalized\real\2962.jpg,,real
E:\Project\Fake News Detection\images\real\2963.jpg,images_normalized\real\2963.jpg,,real
E:\Project\Fake News Detection\images\real\2972.jpg,images_normalized\real\2972.jpg,,real
E:\Project\Fake News Detection\images\real\298.jpg,images_normalized\real\298.jpg,,real
E:\Project\Fake News Detection\images\real\2982.jpg,images_normalized\real\2982.jpg,,real
E:\Project\Fake News Detection\images\real\2992.jpg,images_normalized\real\2992.jpg,,real
E:\Project\Fake News Detection\images\real\303.jpeg,images_normalized\real\303.jpg,,real
E:\Project\Fake News Detection\images\real\3030.jpg,images_normalized\real\3030.jpg,,real
E:\Project\Fake News Detection\images\real\3035.jpg,images_normalized\real\3035.jpg,,real
E:\Project\Fake News Detection\images\real\3039.jpg,images_normalized\real\3039.jpg,,real
E:\Project\Fake News Detection\images\real\3065.jpg,images_normalized\real\3065.jpg,,real
E:\Project\Fake News Detection\images\real\3067.jpg,images_normalized\real\3067.jpg,,real
E:\Project\Fake News Detection\images\real\3070.jpg,images_normalized\real\3070.jpg,,real
E:\Project\Fake News Detection\images\real\3074.jpg,images_normalized\real\3074.jpg,,real
E:\Project\Fake News Detection\images\real\3097.jpg,images_normalized\real\3097.jpg,,real
E:\Project\Fake News Detection\images\real\3109.jpg,images_normalized\real\3109.jpg,,real
E:\Project\Fake News Detection\images\real\3111.jpg,images_normalized\real\3111.jpg,,real
E:\Project\Fake News Detection\images\real\3130.jpg,images_normalized\real\3130.jpg,,real
E:\Project\Fake News Detection\images\real\3131.jpg,images_normalized\real\3131.jpg,,real
E:\Project\Fake News Detection\images\real\3143.jpg,images_normalized\real\3143.jpg,,real
E:\Project\Fake News Detection\images\real\3148.jpg,images_normalized\real\3148.jpg,,real
E:\Project\Fake News Detection\images\real\3164.jpg,images_normalized\real\3164.jpg,,real
E:\Project\Fake News Detection\images\real\3175.jpg,images_normalized\real\3175.jpg,,real
E:\Project\Fake News Detection\images\real\318.jpg,images_normalized\real\318.jpg,,real
E:\Project\Fake News Detection\images\real\3183.jpg,images_normalized\real\3183.jpg,,real
E:\Project\Fake News Detection\images\real\3186.jpg,images_normalized\real\3186.jpg,,real
E:\Project\Fake News Detection\images\real\3187.jpg,images_normalized\real\3187.jpg,,real
E:\Project\Fake News Detection\images\real\3190.jpg,images_normalized\real\3190.jpg,,real
E:\Project\Fake News Detection\images\real\3194.jpg,images_normalized\real\3194.jpg,,real
E:\Project\Fake News Detection\images\real\3203.jpg,images_normalized\real\3203.jpg,,real
E:\Project\Fake News Detection\images\real\3209.jpg,images_normalized\real\3209.jpg,,real
E:\Project\Fake News Detection\images\real\3212.jpg,images_normalized\real\3212.jpg,,real
E:\Project\Fake News Detection\images\real\3216.jpg,images_normalized\real\3216.jpg,,real
E:\Project\Fake News Detection\images\real\3223.jpg,images_normalized\real\3223.jpg,,real
E:\Project\Fake News Detection\images\real\3226.jpg,images_normalized\real\3226.jpg,,real
E:\Project\Fake News Detection\images\real\3233.jpg,images_normalized\real\3233.jpg,,real
E:\Project\Fake News Detection\images\real\3240.jpg,images_normalized\real\3240.jpg,,real
E:\Project\Fake News Detection\images\real\3242.jpg,images_normalized\real\3242.jpg,,real
E:\Project\Fake News Detection\images\real\3252.jpg,images_normalized\real\3252.jpg,,real
E:\Project\Fake News Detection\images\real\3254.jpg,images_normalized\real\3254.jpg,,real
E:\Project\Fake News Detection\images\real\3260.jpg,images_normalized\real\3260.jpg,,real
E:\Project\Fake News Detection\images\real\3265.jpg,images_normalized\real\3265.jpg,,real
E:\Project\Fake News Detection\images\real\3271.jpg,images_normalized\real\3271.jpg,,real
E:\Project\Fake News Detection\images\real\3272.jpg,images_normalized\real\3272.jpg,,real
E:\Project\Fake News Detection\images\real\3279.jpg,images_normalized\real\3279.jpg,,real
E:\Project\Fake News Detection\images\real\3283.jpg,images_normalized\real\3283.jpg,,real
E:\Project\Fake News Detection\images\real\329.jpg,images_normalized\real\329.jpg,,real
E:\Project\Fake News Detection\images\real\3293.jpg,images_normalized\real\3293.jpg,,real
E:\Project\Fake News Detection\images\real\3327.jpg,images_normalized\real\3327.jpg,,real
E:\Project\Fake News Detection\images\real\3330.jpg,images_normalized\real\3330.jpg,,real
E:\Project\Fake News Detection\images\real\3349.jpg,images_normalized\real\3349.jpg,,real
E:\Project\Fake News Detection\images\real\3352.jpg,images_normalized\real\3352.jpg,,real
E:\Project\Fake News Detection\images\real\3359.jpg,images_normalized\real\3359.jpg,,real
E:\Project\Fake News Detection\images\real\3374.jpg,images_normalized\real\3374.jpg,,real
E:\Project\Fake News Detection\images\real\3376.jpg,images_normalized\real\3376.jpg,,real
E:\Project\Fake News Detection\images\real\3377.jpg,images_normalized\real\3377.jpg,,real
E:\Project\Fake News Detection\images\real\3384.jpg,images_normalized\real\3384.jpg,,real
E:\Project\Fake News Detection\images\real\3409.jpg,images_normalized\real\3409.jpg,,real
E:\Project\Fake News Detection\images\real\3410.jpg,images_normalized\real\3410.jpg,,real
E:\Project\Fake News Detection\images\real\3413.jpg,images_normalized\real\3413.jpg,,real
E:\Project\Fake News Detection\images\real\3414.jpg,images_normalized\real\3414.jpg,,real
E:\Project\Fake News Detection\images\real\3417.jpg,images_normalized\real\3417.jpg,,real
E:\Project\Fake News Detection\images\real\343.jpg,images_normalized\real\343.jpg,,real
E:\Project\Fake News Detection\images\real\3445.jpg,images_normalized\real\3445.jpg,,real
E:\Project\Fake News Detection\images\real\345.jpg,images_normalized\real\345.jpg,,real
E:\Project\Fake News Detection\images\real\3450.jpg,images_normalized\real\3450.jpg,,real
E:\Project\Fake News Detection\images\real\3457.jpg,images_normalized\real\3457.jpg,,real
E:\Project\Fake News Detection\images\real\3471.jpg,images_normalized\real\3471.jpg,,real
E:\Project\Fake News Detection\images\real\3472.jpg,images_normalized\real\3472.jpg,,real
E:\Project\Fake News Detection\images\real\3477.jpg,images_normalized\real\3477.jpg,,real
E:\Project\Fake News Detection\images\real\3484.jpg,images_normalized\real\3484.jpg,,real
E:\Project\Fake News Detection\images\real\3488.jpg,images_normalized\real\3488.jpg,,real
E:\Project\Fake News Detection\images\real\3494.jpg,images_normalized\real\3494.jpg,,real
E:\Project\Fake News Detection\images\real\3504.jpg,images_normalized\real\3504.jpg,,real
E:\Project\Fake News Detection\images\real\3505.jpg,images_normalized\real\3505.jpg,,real
E:\Project\Fake News Detection\images\real\3509.jpg,images_normalized\real\3509.jpg,,real
E:\Project\Fake News Detection\images\real\3513.jpg,images_normalized\real\3513.jpg,,real
E:\Project\Fake News Detection\images\real\3514.jpg,images_normalized\real\3514.jpg,,real
E:\Project\Fake News Detection\images\real\3519.jpg,images_normalized\real\3519.jpg,,real
E:\Project\Fake News Detection\images\real\3520.jpg,images_normalized\real\3520.jpg,,real
E:\Project\Fake News Detection\images\real\353.jpg,images_normalized\real\353.jpg,,real
E:\Project\Fake News Detection\images\real\3542.png,images_normalized\real\3542.jpg,,real
E:\Project\Fake News Detection\images\real\3543.png,images_normalized\real\3543.jpg,,real
E:\Project\Fake News Detection\images\real\355.jpg,images_normalized\real\355.jpg,,real
E:\Project\Fake News Detection\images\real\3550.png,images_normalized\real\3550.jpg,,real
E:\Project\Fake News Detection\images\real\3552.png,images_normalized\real\3552.jpg,,real
E:\Project\Fake News Detection\images\real\3553.png,images_normalized\real\3553.jpg,,real
E:\Project\Fake News Detection\images\real\3561.png,images_normalized\real\3561.jpg,,real
E:\Project\Fake News Detection\images\real\3567.png,images_normalized\real\3567.jpg,,real
E:\Project\Fake News Detection\images\real\3582.png,images_normalized\real\3582.jpg,,real
E:\Project\Fake News Detection\images\real\3584.png,images_normalized\real\3584.jpg,,real
E:\Project\Fake News Detection\images\real\3589.png,images_normalized\real\3589.jpg,,real
E:\Project\Fake News Detection\images\real\359.jpg,images_normalized\real\359.jpg,,real
E:\Project\Fake News Detection\images\real\3602.png,images_normalized\real\3602.jpg,,real
E:\Project\Fake News Detection\images\real\3606.png,images_normalized\real\3606.jpg,,real
E:\Project\Fake News Detection\images\real\3609.png,images_normalized\real\3609.jpg,,real
E:\Project\Fake News Detection\images\real\3610.png,images_normalized\real\3610.jpg,,real
E:\Project\Fake News Detection\images\real\3615.png,images_normalized\real\3615.jpg,,real
E:\Project\Fake News Detection\images\real\3628.png,images_normalized\real\3628.jpg,,real
E:\Project\Fake News Detection\images\real\3634.png,images_normalized\real\3634.jpg,,real
E:\Project\Fake News Detection\images\real\3650.png,images_normalized\real\3650.jpg,,real
E:\Project\Fake News Detection\images\real\3654.png,images_normalized\real\3654.jpg,,real
E:\Project\Fake News Detection\images\real\3661.png,images_normalized\real\3661.jpg,,real
E:\Project\Fake News Detection\images\real\3663.png,images_normalized\real\3663.jpg,,real
E:\Project\Fake News Detection\images\real\367.jpg,images_normalized\real\367.jpg,,real
E:\Project\Fake News Detection\images\real\3674.png,images_normalized\real\3674.jpg,,real
E:\Project\Fake News Detection\images\real\3691.png,images_normalized\real\3691.jpg,,real
E:\Project\Fake News Detection\images\real\3693.png,images_normalized\real\3693.jpg,,real
E:\Project\Fake News Detection\images\real\370.jpg,images_normalized\real\370.jpg,,real
E:\Project\Fake News Detection\images\real\3709.png,images_normalized\real\3709.jpg,,real
E:\Project\Fake News Detection\images\real\3712.png,images_normalized\real\3712.jpg,,real
E:\Project\Fake News Detection\images\real\3713.png,images_normalized\real\3713.jpg,,real
E:\Project\Fake News Detection\images\real\3719.png,images_normalized\real\3719.jpg,,real
E:\Project\Fake News Detection\images\real\3721.png,images_normalized\real\3721.jpg,,real
E:\Project\Fake News Detection\images\real\3723.png,images_normalized\real\3723.jpg,,real
E:\Project\Fake News Detection\images\real\3738.png,images_normalized\real\3738.jpg,,real
E:\Project\Fake News Detection\images\real\3740.png,images_normalized\real\3740.jpg,,real
E:\Project\Fake News Detection\images\real\3744.png,images_normalized\real\3744.jpg,,real
E:\Project\Fake News Detection\images\real\3748.png,images_normalized\real\3748.jpg,,real
E:\Project\Fake News Detection\images\real\3758.png,images_normalized\real\3758.jpg,,real
E:\Project\Fake News Detection\images\real\3759.png,images_normalized\real\3759.jpg,,real
E:\Project\Fake News Detection\images\real\3771.png,images_normalized\real\3771.jpg,,real
E:\Project\Fake News Detection\images\real\3778.png,images_normalized\real\3778.jpg,,real
E:\Project\Fake News Detection\images\real\3781.png,images_normalized\real\3781.jpg,,real
E:\Project\Fake News Detection\images\real\3785.png,images_normalized\real\3785.jpg,,real
E:\Project\Fake News Detection\images\real\3787.png,images_normalized\real\3787.jpg,,real
E:\Project\Fake News Detection\images\real\3789.png,images_normalized\real\3789.jpg,,real
E:\Project\Fake News Detection\images\real\3794.png,images_normalized\real\3794.jpg,,real
E:\Project\Fake News Detection\images\real\38.jpg,images_normalized\real\38.jpg,,real
E:\Project\Fake News Detection\images\real\3803.png,images_normalized\real\3803.jpg,,real
E:\Project\Fake News Detection\images\real\3804.png,images_normalized\real\3804.jpg,,real
E:\Project\Fake News Detection\images\real\3811.png,images_normalized\real\3811.jpg,,real
E:\Project\Fake News Detection\images\real\3813.png,images_normalized\real\3813.jpg,,real
E:\Project\Fake News Detection\images\real\3816.png,images_normalized\real\3816.jpg,,real
E:\Project\Fake News Detection\images\real\3827.png,images_normalized\real\3827.jpg,,real
E:\Project\Fake News Detection\images\real\3829.png,images_normalized\real\3829.jpg,,real
E:\Project\Fake News Detection\images\real\3832.png,images_normalized\real\3832.jpg,,real
E:\Project\Fake News Detection\images\real\3842.png,images_normalized\real\3842.jpg,,real
E:\Project\Fake News Detection\images\real\3843.png,images_normalized\real\3843.jpg,,real
E:\Project\Fake News Detection\images\real\3844.png,images_normalized\real\3844.jpg,,real
E:\Project\Fake News Detection\images\real\3845.png,images_normalized\real\3845.jpg,,real
E:\Project\Fake News Detection\images\real\3846.png,images_normalized\real\3846.jpg,,real
E:\Project\Fake News Detection\images\real\3848.png,images_normalized\real\3848.jpg,,real
E:\Project\Fake News Detection\images\real\3849.png,images_normalized\real\3849.jpg,,real
E:\Project\Fake News Detection\images\real\3850.png,images_normalized\real\3850.jpg,,real
E:\Project\Fake News Detection\images\real\3857.png,images_normalized\real\3857.jpg,,real
E:\Project\Fake News Detection\images\real\3866.png,images_normalized\real\3866.jpg,,real
E:\Project\Fake News Detection\images\real\3867.png,images_normalized\real\3867.jpg,,real
E:\Project\Fake News Detection\images\real\3868.png,images_normalized\real\3868.jpg,,real
E:\Project\Fake News Detection\images\real\3871.png,images_normalized\real\3871.jpg,,real
E:\Project\Fake News Detection\images\real\3884.png,images_normalized\real\3884.jpg,,real
E:\Project\Fake News Detection\images\real\3910.png,images_normalized\real\3910.jpg,,real
E:\Project\Fake News Detection\images\real\3914.png,images_normalized\real\3914.jpg,,real
E:\Project\Fake News Detection\images\real\3919.png,images_normalized\real\3919.jpg,,real
E:\Project\Fake News Detection\images\real\3922.png,images_normalized\real\3922.jpg,,real
E:\Project\Fake News Detection\images\real\3924.png,images_normalized\real\3924.jpg,,real
E:\Project\Fake News Detection\images\real\3930.jpg,images_normalized\real\3930.jpg,,real
E:\Project\Fake News Detection\images\real\3931.jpg,images_normalized\real\3931.jpg,,real
E:\Project\Fake News Detection\images\real\3947.jpg,images_normalized\real\3947.jpg,,real
E:\Project\Fake News Detection\images\real\3955.jpg,images_normalized\real\3955.jpg,,real
E:\Project\Fake News Detection\images\real\3964.jpg,images_normalized\real\3964.jpg,,real
E:\Project\Fake News Detection\images\real\3973.jpg,images_normalized\real\3973.jpg,,real
E:\Project\Fake News Detection\images\real\3981.jpg,images_normalized\real\3981.jpg,,real
E:\Project\Fake News Detection\images\real\3999.jpg,images_normalized\real\3999.jpg,,real
E:\Project\Fake News Detection\images\real\4003.jpg,images_normalized\real\4003.jpg,,real
E:\Project\Fake News Detection\images\real\4014.jpg,images_normalized\real\4014.jpg,,real
E:\Project\Fake News Detection\images\real\402.jpg,images_normalized\real\402.jpg,,real
E:\Project\Fake News Detection\images\real\4023.jpg,images_normalized\real\4023.jpg,,real
E:\Project\Fake News Detection\images\real\4027.jpg,images_normalized\real\4027.jpg,,real
E:\Project\Fake News Detection\images\real\4030.jpg,images_normalized\real\4030.jpg,,real
E:\Project\Fake News Detection\images\real\4031.jpg,images_normalized\real\4031.jpg,,real
E:\Project\Fake News Detection\images\real\4033.jpg,images_normalized\real\4033.jpg,,real
E:\Project\Fake News Detection\images\real\4034.jpg,images_normalized\real\4034.jpg,,real
E:\Project\Fake News Detection\images\real\4039.jpg,images_normalized\real\4039.jpg,,real
E:\Project\Fake News Detection\images\real\404.jpg,images_normalized\real\404.jpg,,real
E:\Project\Fake News Detection\images\real\4045.jpg,images_normalized\real\4045.jpg,,real
E:\Project\Fake News Detection\images\real\4048.jpg,images_normalized\real\4048.jpg,,real
E:\Project\Fake News Detection\images\real\4051.jpg,images_normalized\real\4051.jpg,,real
E:\Project\Fake News Detection\images\real\4056.jpg,images_normalized\real\4056.jpg,,real
E:\Project\Fake News Detection\images\real\4063.jpg,images_normalized\real\4063.jpg,,real
E:\Project\Fake News Detection\images\real\4067.jpg,images_normalized\real\4067.jpg,,real
E:\Project\Fake News Detection\images\real\4073.jpg,images_normalized\real\4073.jpg,,real
E:\Project\Fake News Detection\images\real\4078.png,images_normalized\real\4078.jpg,,real
E:\Project\Fake News Detection\images\real\4090.jpg,images_normalized\real\4090.jpg,,real
E:\Project\Fake News Detection\images\real\4106.png,images_normalized\real\4106.jpg,,real
E:\Project\Fake News Detection\images\real\4108.png,images_normalized\real\4108.jpg,,real
E:\Project\Fake News Detection\images\real\411.jpg,images_normalized\real\411.jpg,,real
E:\Project\Fake News Detection\images\real\4134.jpg,images_normalized\real\4134.jpg,,real
E:\Project\Fake News Detection\images\real\4144.jpg,images_normalized\real\4144.jpg,,real
E:\Project\Fake News Detection\images\real\4145.jpg,images_normalized\real\4145.jpg,,real
E:\Project\Fake News Detection\images\real\4146.jpg,images_normalized\real\4146.jpg,,real
E:\Project\Fake News Detection\images\real\4154.png,images_normalized\real\4154.jpg,,real
E:\Project\Fake News Detection\images\real\4160.jpg,images_normalized\real\4160.jpg,,real
E:\Project\Fake News Detection\images\real\4167.jpg,images_normalized\real\4167.jpg,,real
E:\Project\Fake News Detection\images\real\4178.jpg,images_normalized\real\4178.jpg,,real
E:\Project\Fake News Detection\images\real\4180.jpg,images_normalized\real\4180.jpg,,real
E:\Project\Fake News Detection\images\real\4184.jpg,images_normalized\real\4184.jpg,,real
E:\Project\Fake News Detection\images\real\4189.jpg,images_normalized\real\4189.jpg,,real
E:\Project\Fake News Detection\images\real\42.jpg,images_normalized\real\42.jpg,,real
E:\Project\Fake News Detection\images\real\4201.jpg,images_normalized\real\4201.jpg,,real
E:\Project\Fake News Detection\images\real\4203.jpg,images_normalized\real\4203.jpg,,real
E:\Project\Fake News Detection\images\real\4205.jpg,images_normalized\real\4205.jpg,,real
E:\Project\Fake News Detection\images\real\4218.jpg,images_normalized\real\4218.jpg,,real
E:\Project\Fake News Detection\images\real\4228.jpg,images_normalized\real\4228.jpg,,real
E:\Project\Fake News Detection\images\real\424.jpeg,images_normalized\real\424.jpg,,real
E:\Project\Fake News Detection\images\real\4240.jpg,images_normalized\real\4240.jpg,,real
E:\Project\Fake News Detection\images\real\4249.jpg,images_normalized\real\4249.jpg,,real
E:\Project\Fake News Detection\images\real\4254.jpg,images_normalized\real\4254.jpg,,real
E:\Project\Fake News Detection\images\real\4257.jpg,images_normalized\real\4257.jpg,,real
E:\Project\Fake News Detection\images\real\4259.jpg,images_normalized\real\4259.jpg,,real
E:\Project\Fake News Detection\images\real\426.jpg,images_normalized\real\426.jpg,,real
E:\Project\Fake News Detection\images\real\4264.jpg,images_normalized\real\4264.jpg,,real
E:\Project\Fake News Detection\images\real\4266.jpg,images_normalized\real\4266.jpg,,real
E:\Project\Fake News Detection\images\real\4274.jpg,images_normalized\real\4274.jpg,,real
E:\Project\Fake News Detection\images\real\4281.jpg,images_normalized\real\4281.jpg,,real
E:\Project\Fake News Detection\images\real\4285.jpg,images_normalized\real\4285.jpg,,real
E:\Project\Fake News Detection\images\real\4286.jpg,images_normalized\real\4286.jpg,,real
E:\Project\Fake News Detection\images\real\4296.jpg,images_normalized\real\4296.jpg,,real
E:\Project\Fake News Detection\images\real\4300.jpg,images_normalized\real\4300.jpg,,real
E:\Project\Fake News Detection\images\real\4302.jpg,images_normalized\real\4302.jpg,,real
E:\Project\Fake News Detection\images\real\4318.jpg,images_normalized\real\4318.jpg,,real
E:\Project\Fake News Detection\images\real\432.jpg,images_normalized\real\432.jpg,,real
E:\Project\Fake News Detection\images\real\4324.jpg,images_normalized\real\4324.jpg,,real
E:\Project\Fake News Detection\images\real\433.jpg,images_normalized\real\433.jpg,,real
E:\Project\Fake News Detection\images\real\4333.jpg,images_normalized\real\4333.jpg,,real
E:\Project\Fake News Detection\images\real\434.jpg,images_normalized\real\434.jpg,,real
E:\Project\Fake News Detection\images\real\4350.jpg,images_normalized\real\4350.jpg,,real
E:\Project\Fake News Detection\images\real\4357.jpg,images_normalized\real\4357.jpg,,real
E:\Project\Fake News Detection\images\real\4359.jpg,images_normalized\real\4359.jpg,,real
E:\Project\Fake News Detection\images\real\436.jpeg,images_normalized\real\436.jpg,,real
E:\Project\Fake News Detection\images\real\4360.jpg,images_normalized\real\4360.jpg,,real
E:\Project\Fake News Detection\images\real\439.jpeg,images_normalized\real\439.jpg,,real
E:\Project\Fake News Detection\images\real\4391.jpg,images_normalized\real\4391.jpg,,real
E:\Project\Fake News Detection\images\real\4392.jpg,images_normalized\real\4392.jpg,,real
E:\Project\Fake News Detection\images\real\4415.jpg,images_normalized\real\4415.jpg,,real
E:\Project\Fake News Detection\images\real\4423.jpg,images_normalized\real\4423.jpg,,real
E:\Project\Fake News Detection\images\real\4434.jpg,images_normalized\real\4434.jpg,,real
E:\Project\Fake News Detection\images\real\4438.jpg,images_normalized\real\4438.jpg,,real
E:\Project\Fake News Detection\images\real\4444.jpg,images_normalized\real\4444.jpg,,real
E:\Project\Fake News Detection\images\real\4448.jpg,images_normalized\real\4448.jpg,,real
E:\Project\Fake News Detection\images\real\4454.jpg,images_normalized\real\4454.jpg,,real
E:\Project\Fake News Detection\images\real\4455.jpg,images_normalized\real\4455.jpg,,real
E:\Project\Fake News Detection\images\real\4456.jpg,images_normalized\real\4456.jpg,,real
E:\Project\Fake News Detection\images\real\4472.jpg,images_normalized\real\4472.jpg,,real
E:\Project\Fake News Detection\images\real\45.jpg,images_normalized\real\45.jpg,,real
E:\Project\Fake News Detection\images\real\4503.jpg,images_normalized\real\4503.jpg,,real
E:\Project\Fake News Detection\images\real\4509.jpg,images_normalized\real\4509.jpg,,real
E:\Project\Fake News Detection\images\real\4516.jpg,images_normalized\real\4516.jpg,,real
E:\Project\Fake News Detection\images\real\452.jpg,images_normalized\real\452.jpg,,real
E:\Project\Fake News Detection\images\real\4521.jpg,images_normalized\real\4521.jpg,,real
E:\Project\Fake News Detection\images\real\4528.jpg,images_normalized\real\4528.jpg,,real
E:\Project\Fake News Detection\images\real\4532.jpg,images_normalized\real\4532.jpg,,real
E:\Project\Fake News Detection\images\real\4541.jpg,images_normalized\real\4541.jpg,,real
E:\Project\Fake News Detection\images\real\4556.jpg,images_normalized\real\4556.jpg,,real
E:\Project\Fake News Detection\images\real\4557.jpg,images_normalized\real\4557.jpg,,real
E:\Project\Fake News Detection\images\real\4559.jpg,images_normalized\real\4559.jpg,,real
E:\Project\Fake News Detection\images\real\4573.jpg,images_normalized\real\4573.jpg,,real
E:\Project\Fake News Detection\images\real\4577.jpg,images_normalized\real\4577.jpg,,real
E:\Project\Fake News Detection\images\real\4582.jpg,images_normalized\real\4582.jpg,,real
E:\Project\Fake News Detection\images\real\4587.jpg,images_normalized\real\4587.jpg,,real
E:\Project\Fake News Detection\images\real\4590.jpg,images_normalized\real\4590.jpg,,real
E:\Project\Fake News Detection\images\real\4592.jpg,images_normalized\real\4592.jpg,,real
E:\Project\Fake News Detection\images\real\4595.jpg,images_normalized\real\4595.jpg,,real
E:\Project\Fake News Detection\images\real\4598.jpg,images_normalized\real\4598.jpg,,real
E:\Project\Fake News Detection\images\real\46.jpg,images_normalized\real\46.jpg,,real
E:\Project\Fake News Detection\images\real\4610.jpg,images_normalized\real\4610.jpg,,real
E:\Project\Fake News Detection\images\real\4611.jpg,images_normalized\real\4611.jpg,,real
E:\Project\Fake News Detection\images\real\464.jpg,images_normalized\real\464.jpg,,real
E:\Project\Fake News Detection\images\real\4642.jpg,images_normalized\real\4642.jpg,,real
E:\Project\Fake News Detection\images\real\4662.jpg,images_normalized\real\4662.jpg,,real
E:\Project\Fake News Detection\images\real\4664.jpg,images_normalized\real\4664.jpg,,real
E:\Project\Fake News Detection\images\real\4668.jpg,images_normalized\real\4668.jpg,,real
E:\Project\Fake News Detection\images\real\4684.jpg,images_normalized\real\4684.jpg,,real
E:\Project\Fake News Detection\images\real\4688.jpg,images_normalized\real\4688.jpg,,real
E:\Project\Fake News Detection\images\real\4691.jpg,images_normalized\real\4691.jpg,,real
E:\Project\Fake News Detection\images\real\4697.jpg,images_normalized\real\4697.jpg,,real
E:\Project\Fake News Detection\images\real\4709.jpg,images_normalized\real\4709.jpg,,real
E:\Project\Fake News Detection\images\real\4723.jpg,images_normalized\real\4723.jpg,,real
E:\Project\Fake News Detection\images\real\4739.jpg,images_normalized\real\4739.jpg,,real
E:\Project\Fake News Detection\images\real\474.jpg,images_normalized\real\474.jpg,,real
E:\Project\Fake News Detection\images\real\4756.jpg,images_normalized\real\4756.jpg,,real
E:\Project\Fake News Detection\images\real\4761.jpg,images_normalized\real\4761.jpg,,real
E:\Project\Fake News Detection\images\real\4773.jpg,images_normalized\real\4773.jpg,,real
E:\Project\Fake News Detection\images\real\4776.jpg,images_normalized\real\4776.jpg,,real
E:\Project\Fake News Detection\images\real\478.jpg,images_normalized\real\478.jpg,,real
E:\Project\Fake News Detection\images\real\4789.jpg,images_normalized\real\4789.jpg,,real
E:\Project\Fake News Detection\images\real\4790.jpg,images_normalized\real\4790.jpg,,real
E:\Project\Fake News Detection\images\real\4791.jpg,images_normalized\real\4791.jpg,,real
E:\Project\Fake News Detection\images\real\480.jpg,images_normalized\real\480.jpg,,real
E:\Project\Fake News Detection\images\real\4800.jpg,images_normalized\real\4800.jpg,,real
E:\Project\Fake News Detection\images\real\4806.jpg,images_normalized\real\4806.jpg,,real
E:\Project\Fake News Detection\images\real\4820.jpg,images_normalized\real\4820.jpg,,real
E:\Project\Fake News Detection\images\real\4828.jpg,images_normalized\real\4828.jpg,,real
E:\Project\Fake News Detection\images\real\4834.jpg,images_normalized\real\4834.jpg,,real
E:\Project\Fake News Detection\images\real\4837.jpg,images_normalized\real\4837.jpg,,real
E:\Project\Fake News Detection\images\real\484.jpg,images_normalized\real\484.jpg,,real
E:\Project\Fake News Detection\images\real\4844.jpg,images_normalized\real\4844.jpg,,real
E:\Project\Fake News Detection\images\real\4847.jpg,images_normalized\real\4847.jpg,,real
E:\Project\Fake News Detection\images\real\4860.jpg,images_normalized\real\4860.jpg,,real
E:\Project\Fake News Detection\images\real\4866.jpg,images_normalized\real\4866.jpg,,real
E:\Project\Fake News Detection\images\real\4876.jpg,images_normalized\real\4876.jpg,,real
E:\Project\Fake News Detection\images\real\4901.jpg,images_normalized\real\4901.jpg,,real
E:\Project\Fake News Detection\images\real\4904.jpg,images_normalized\real\4904.jpg,,real
E:\Project\Fake News Detection\images\real\4905.jpg,images_normalized\real\4905.jpg,,real
E:\Project\Fake News Detection\images\real\4911.jpg,images_normalized\real\4911.jpg,,real
E:\Project\Fake News Detection\images\real\4921.jpg,images_normalized\real\4921.jpg,,real
E:\Project\Fake News Detection\images\real\4927.jpg,images_normalized\real\4927.jpg,,real
E:\Project\Fake News Detection\images\real\4935.jpg,images_normalized\real\4935.jpg,,real
E:\Project\Fake News Detection\images\real\4962.jpg,images_normalized\real\4962.jpg,,real
E:\Project\Fake News Detection\images\real\497.jpg,images_normalized\real\497.jpg,,real
E:\Project\Fake News Detection\images\real\4972.jpg,images_normalized\real\4972.jpg,,real
E:\Project\Fake News Detection\images\real\4974.jpg,images_normalized\real\4974.jpg,,real
E:\Project\Fake News Detection\images\real\4979.jpg,images_normalized\real\4979.jpg,,real
E:\Project\Fake News Detection\images\real\4990.jpg,images_normalized\real\4990.jpg,,real
E:\Project\Fake News Detection\images\real\4994.jpg,images_normalized\real\4994.jpg,,real
E:\Project\Fake News Detection\images\real\5.jpg,images_normalized\real\5.jpg,,real
E:\Project\Fake News Detection\images\real\5003.jpg,images_normalized\real\5003.jpg,,real
E:\Project\Fake News Detection\images\real\5009.jpg,images_normalized\real\5009.jpg,,real
E:\Project\Fake News Detection\images\real\5017.jpg,images_normalized\real\5017.jpg,,real
E:\Project\Fake News Detection\images\real\502.jpg,images_normalized\real\502.jpg,,real
E:\Project\Fake News Detection\images\real\5034.jpg,images_normalized\real\5034.jpg,,real
E:\Project\Fake News Detection\images\real\5054.jpg,images_normalized\real\5054.jpg,,real
E:\Project\Fake News Detection\images\real\5055.jpg,images_normalized\real\5055.jpg,,real
E:\Project\Fake News Detection\images\real\5057.jpg,images_normalized\real\5057.jpg,,real
E:\Project\Fake News Detection\images\real\5081.jpg,images_normalized\real\5081.jpg,,real
E:\Project\Fake News Detection\images\real\5084.jpg,images_normalized\real\5084.jpg,,real
E:\Project\Fake News Detection\images\real\5088.jpg,images_normalized\real\5088.jpg,,real
E:\Project\Fake News Detection\images\real\5105.jpg,images_normalized\real\5105.jpg,,real
E:\Project\Fake News Detection\images\real\5109.jpg,images_normalized\real\5109.jpg,,real
E:\Project\Fake News Detection\images\real\5112.jpg,images_normalized\real\5112.jpg,,real
E:\Project\Fake News Detection\images\real\512.jpeg,images_normalized\real\512.jpg,,real
E:\Project\Fake News Detection\images\real\514.jpg,images_normalized\real\514.jpg,,real
E:\Project\Fake News Detection\images\real\5148.jpg,images_normalized\real\5148.jpg,,real
E:\Project\Fake News Detection\images\real\5157.jpg,images_normalized\real\5157.jpg,,real
E:\Project\Fake News Detection\images\real\516.jpg,images_normalized\real\516.jpg,,real
E:\Project\Fake News Detection\images\real\5162.jpg,images_normalized\real\5162.jpg,,real
E:\Project\Fake News Detection\images\real\5166.jpg,images_normalized\real\5166.jpg,,real
E:\Project\Fake News Detection\images\real\5180.jpg,images_normalized\real\5180.jpg,,real
E:\Project\Fake News Detection\images\real\5184.jpg,images_normalized\real\5184.jpg,,real
E:\Project\Fake News Detection\images\real\519.jpg,images_normalized\real\519.jpg,,real
E:\Project\Fake News Detection\images\real\5212.jpg,images_normalized\real\5212.jpg,,real
E:\Project\Fake News Detection\images\real\5219.jpg,images_normalized\real\5219.jpg,,real
E:\Project\Fake News Detection\images\real\5227.jpg,images_normalized\real\5227.jpg,,real
E:\Project\Fake News Detection\images\real\5228.jpg,images_normalized\real\5228.jpg,,real
E:\Project\Fake News Detection\images\real\5231.jpg,images_normalized\real\5231.jpg,,real
E:\Project\Fake News Detection\images\real\5233.jpg,images_normalized\real\5233.jpg,,real
E:\Project\Fake News Detection\images\real\5241.jpg,images_normalized\real\5241.jpg,,real
E:\Project\Fake News Detection\images\real\5258.jpg,images_normalized\real\5258.jpg,,real
E:\Project\Fake News Detection\images\real\5260.jpg,images_normalized\real\5260.jpg,,real
E:\Project\Fake News Detection\images\real\5268.jpg,images_normalized\real\5268.jpg,,real
E:\Project\Fake News Detection\images\real\5292.png,images_normalized\real\5292.jpg,,real
E:\Project\Fake News Detection\images\real\5297.png,images_normalized\real\5297.jpg,,real
E:\Project\Fake News Detection\images\real\5298.png,images_normalized\real\5298.jpg,,real
E:\Project\Fake News Detection\images\real\5300.png,images_normalized\real\5300.jpg,,real
E:\Project\Fake News Detection\images\real\5302.png,images_normalized\real\5302.jpg,,real
E:\Project\Fake News Detection\images\real\5305.png,images_normalized\real\5305.jpg,,real
E:\Project\Fake News Detection\images\real\5308.png,images_normalized\real\5308.jpg,,real
E:\Project\Fake News Detection\images\real\5311.png,images_normalized\real\5311.jpg,,real
E:\Project\Fake News Detection\images\real\5314.png,images_normalized\real\5314.jpg,,real
E:\Project\Fake News Detection\images\real\5331.png,images_normalized\real\5331.jpg,,real
E:\Project\Fake News Detection\images\real\5344.png,images_normalized\real\5344.jpg,,real
E:\Project\Fake News Detection\images\real\5347.png,images_normalized\real\5347.jpg,,real
E:\Project\Fake News Detection\images\real\5348.png,images_normalized\real\5348.jpg,,real
E:\Project\Fake News Detection\images\real\5369.png,images_normalized\real\5369.jpg,,real
E:\Project\Fake News Detection\images\real\5370.png,images_normalized\real\5370.jpg,,real
E:\Project\Fake News Detection\images\real\5374.png,images_normalized\real\5374.jpg,,real
E:\Project\Fake News Detection\images\real\5379.png,images_normalized\real\5379.jpg,,real
E:\Project\Fake News Detection\images\real\5380.png,images_normalized\real\5380.jpg,,real
E:\Project\Fake News Detection\images\real\5386.png,images_normalized\real\5386.jpg,,real
E:\Project\Fake News Detection\images\real\5387.png,images_normalized\real\5387.jpg,,real
E:\Project\Fake News Detection\images\real\539.jpg,images_normalized\real\539.jpg,,real
E:\Project\Fake News Detection\images\real\5393.png,images_normalized\real\5393.jpg,,real
E:\Project\Fake News Detection\images\real\5394.png,images_normalized\real\5394.jpg,,real
E:\Project\Fake News Detection\images\real\5400.png,images_normalized\real\5400.jpg,,real
E:\Project\Fake News Detection\images\real\5405.png,images_normalized\real\5405.jpg,,real
E:\Project\Fake News Detection\images\real\5407.png,images_normalized\real\5407.jpg,,real
E:\Project\Fake News Detection\images\real\541.jpg,images_normalized\real\541.jpg,,real
E:\Project\Fake News Detection\images\real\5432.png,images_normalized\real\5432.jpg,,real
E:\Project\Fake News Detection\images\real\5433.png,images_normalized\real\5433.jpg,,real
E:\Project\Fake News Detection\images\real\5440.png,images_normalized\real\5440.jpg,,real
E:\Project\Fake News Detection\images\real\5446.png,images_normalized\real\5446.jpg,,real
E:\Project\Fake News Detection\images\real\5464.png,images_normalized\real\5464.jpg,,real
E:\Project\Fake News Detection\images\real\547.jpg,images_normalized\real\547.jpg,,real
E:\Project\Fake News Detection\images\real\5473.png,images_normalized\real\5473.jpg,,real
E:\Project\Fake News Detection\images\real\5477.png,images_normalized\real\5477.jpg,,real
E:\Project\Fake News Detection\images\real\5483.png,images_normalized\real\5483.jpg,,real
E:\Project\Fake News Detection\images\real\5484.png,images_normalized\real\5484.jpg,,real
E:\Project\Fake News Detection\images\real\5489.png,images_normalized\real\5489.jpg,,real
E:\Project\Fake News Detection\images\real\5497.png,images_normalized\real\5497.jpg,,real
E:\Project\Fake News Detection\images\real\5506.png,images_normalized\real\5506.jpg,,real
E:\Project\Fake News Detection\images\real\5512.png,images_normalized\real\5512.jpg,,real
E:\Project\Fake News Detection\images\real\5515.png,images_normalized\real\5515.jpg,,real
E:\Project\Fake News Detection\images\real\5518.png,images_normalized\real\5518.jpg,,real
E:\Project\Fake News Detection\images\real\5523.png,images_normalized\real\5523.jpg,,real
E:\Project\Fake News Detection\images\real\5524.png,images_normalized\real\5524.jpg,,real
E:\Project\Fake News Detection\images\real\5536.png,images_normalized\real\5536.jpg,,real
E:\Project\Fake News Detection\images\real\5542.png,images_normalized\real\5542.jpg,,real
E:\Project\Fake News Detection\images\real\5583.png,images_normalized\real\5583.jpg,,real
E:\Project\Fake News Detection\images\real\5587.png,images_normalized\real\5587.jpg,,real
E:\Project\Fake News Detection\images\real\5609.png,images_normalized\real\5609.jpg,,real
E:\Project\Fake News Detection\images\real\5612.png,images_normalized\real\5612.jpg,,real
E:\Project\Fake News Detection\images\real\5614.png,images_normalized\real\5614.jpg,,real
E:\Project\Fake News Detection\images\real\5617.png,images_normalized\real\5617.jpg,,real
E:\Project\Fake News Detection\images\real\5619.png,images_normalized\real\5619.jpg,,real
E:\Project\Fake News Detection\images\real\5625.png,images_normalized\real\5625.jpg,,real
E:\Project\Fake News Detection\images\real\5626.png,images_normalized\real\5626.jpg,,real
E:\Project\Fake News Detection\images\real\5638.png,images_normalized\real\5638.jpg,,real
E:\Project\Fake News Detection\images\real\5644.png,images_normalized\real\5644.jpg,,real
E:\Project\Fake News Detection\images\real\565.jpg,images_normalized\real\565.jpg,,real
E:\Project\Fake News Detection\images\real\5660.png,images_normalized\real\5660.jpg,,real
E:\Project\Fake News Detection\images\real\5666.png,images_normalized\real\5666.jpg,,real
E:\Project\Fake News Detection\images\real\5680.png,images_normalized\real\5680.jpg,,real
E:\Project\Fake News Detection\images\real\5683.png,images_normalized\real\5683.jpg,,real
E:\Project\Fake News Detection\images\real\5684.png,images_normalized\real\5684.jpg,,real
E:\Project\Fake News Detection\images\real\5688.png,images_normalized\real\5688.jpg,,real
E:\Project\Fake News Detection\images\real\5699.png,images_normalized\real\5699.jpg,,real
E:\Project\Fake News Detection\images\real\5704.png,images_normalized\real\5704.jpg,,real
E:\Project\Fake News Detection\images\real\5708.png,images_normalized\real\5708.jpg,,real
E:\Project\Fake News Detection\images\real\5716.png,images_normalized\real\5716.jpg,,real
E:\Project\Fake News Detection\images\real\5726.png,images_normalized\real\5726.jpg,,real
E:\Project\Fake News Detection\images\real\5729.png,images_normalized\real\5729.jpg,,real
E:\Project\Fake News Detection\images\real\5731.png,images_normalized\real\5731.jpg,,real
E:\Project\Fake News Detection\images\real\5738.png,images_normalized\real\5738.jpg,,real
E:\Project\Fake News Detection\images\real\5754.png,images_normalized\real\5754.jpg,,real
E:\Project\Fake News Detection\images\real\5758.png,images_normalized\real\5758.jpg,,real
E:\Project\Fake News Detection\images\real\5764.png,images_normalized\real\5764.jpg,,real
E:\Project\Fake News Detection\images\real\5774.png,images_normalized\real\5774.jpg,,real
E:\Project\Fake News Detection\images\real\5777.png,images_normalized\real\5777.jpg,,real
E:\Project\Fake News Detection\images\real\5794.png,images_normalized\real\5794.jpg,,real
E:\Project\Fake News Detection\images\real\5795.png,images_normalized\real\5795.jpg,,real
E:\Project\Fake News Detection\images\real\5798.png,images_normalized\real\5798.jpg,,real
E:\Project\Fake News Detection\images\real\5800.png,images_normalized\real\5800.jpg,,real
E:\Project\Fake News Detection\images\real\5804.png,images_normalized\real\5804.jpg,,real
E:\Project\Fake News Detection\images\real\5806.png,images_normalized\real\5806.jpg,,real
E:\Project\Fake News Detection\images\real\5811.png,images_normalized\real\5811.jpg,,real
E:\Project\Fake News Detection\images\real\5815.png,images_normalized\real\5815.jpg,,real
E:\Project\Fake News Detection\images\real\5818.png,images_normalized\real\5818.jpg,,real
E:\Project\Fake News Detection\images\real\5823.png,images_normalized\real\5823.jpg,,real
E:\Project\Fake News Detection\images\real\5824.png,images_normalized\real\5824.jpg,,real
E:\Project\Fake News Detection\images\real\5825.png,images_normalized\real\5825.jpg,,real
E:\Project\Fake News Detection\images\real\5841.png,images_normalized\real\5841.jpg,,real
E:\Project\Fake News Detection\images\real\5844.png,images_normalized\real\5844.jpg,,real
E:\Project\Fake News Detection\images\real\5848.png,images_normalized\real\5848.jpg,,real
E:\Project\Fake News Detection\images\real\5849.png,images_normalized\real\5849.jpg,,real
E:\Project\Fake News Detection\images\real\5860.png,images_normalized\real\5860.jpg,,real
E:\Project\Fake News Detection\images\real\5864.png,images_normalized\real\5864.jpg,,real
E:\Project\Fake News Detection\images\real\5867.png,images_normalized\real\5867.jpg,,real
E:\Project\Fake News Detection\images\real\5868.png,images_normalized\real\5868.jpg,,real
E:\Project\Fake News Detection\images\real\5872.png,images_normalized\real\5872.jpg,,real
E:\Project\Fake News Detection\images\real\5874.png,images_normalized\real\5874.jpg,,real
E:\Project\Fake News Detection\images\real\5880.png,images_normalized\real\5880.jpg,,real
E:\Project\Fake News Detection\images\real\5884.png,images_normalized\real\5884.jpg,,real
E:\Project\Fake News Detection\images\real\5891.png,images_normalized\real\5891.jpg,,real
E:\Project\Fake News Detection\images\real\5894.png,images_normalized\real\5894.jpg,,real
E:\Project\Fake News Detection\images\real\5900.png,images_normalized\real\5900.jpg,,real
E:\Project\Fake News Detection\images\real\5905.png,images_normalized\real\5905.jpg,,real
E:\Project\Fake News Detection\images\real\5909.png,images_normalized\real\5909.jpg,,real
E:\Project\Fake News Detection\images\real\5911.png,images_normalized\real\5911.jpg,,real
E:\Project\Fake News Detection\images\real\5913.png,images_normalized\real\5913.jpg,,real
E:\Project\Fake News Detection\images\real\5916.png,images_normalized\real\5916.jpg,,real
E:\Project\Fake News Detection\images\real\5920.png,images_normalized\real\5920.jpg,,real
E:\Project\Fake News Detection\images\real\5928.png,images_normalized\real\5928.jpg,,real
E:\Project\Fake News Detection\images\real\5929.png,images_normalized\real\5929.jpg,,real
E:\Project\Fake News Detection\images\real\5932.png,images_normalized\real\5932.jpg,,real
E:\Project\Fake News Detection\images\real\5939.png,images_normalized\real\5939.jpg,,real
E:\Project\Fake News Detection\images\real\5941.png,images_normalized\real\5941.jpg,,real
E:\Project\Fake News Detection\images\real\5946.png,images_normalized\real\5946.jpg,,real
E:\Project\Fake News Detection\images\real\5948.png,images_normalized\real\5948.jpg,,real
E:\Project\Fake News Detection\images\real\5976.png,images_normalized\real\5976.jpg,,real
E:\Project\Fake News Detection\images\real\598.jpg,images_normalized\real\598.jpg,,real
E:\Project\Fake News Detection\images\real\5986.png,images_normalized\real\5986.jpg,,real
E:\Project\Fake News Detection\images\real\60.jpg,images_normalized\real\60.jpg,,real
E:\Project\Fake News Detection\images\real\6000.png,images_normalized\real\6000.jpg,,real
E:\Project\Fake News Detection\images\real\6001.png,images_normalized\real\6001.jpg,,real
E:\Project\Fake News Detection\images\real\6002.png,images_normalized\real\6002.jpg,,real
E:\Project\Fake News Detection\images\real\601.jpg,images_normalized\real\601.jpg,,real
E:\Project\Fake News Detection\images\real\6021.png,images_normalized\real\6021.jpg,,real
E:\Project\Fake News Detection\images\real\6029.png,images_normalized\real\6029.jpg,,real
E:\Project\Fake News Detection\images\real\6031.png,images_normalized\real\6031.jpg,,real
E:\Project\Fake News Detection\images\real\6036.png,images_normalized\real\6036.jpg,,real
E:\Project\Fake News Detection\images\real\6046.png,images_normalized\real\6046.jpg,,real
E:\Project\Fake News Detection\images\real\6048.png,images_normalized\real\6048.jpg,,real
E:\Project\Fake News Detection\images\real\6052.png,images_normalized\real\6052.jpg,,real
E:\Project\Fake News Detection\images\real\6061.png,images_normalized\real\6061.jpg,,real
E:\Project\Fake News Detection\images\real\6069.png,images_normalized\real\6069.jpg,,real
E:\Project\Fake News Detection\images\real\6085.png,images_normalized\real\6085.jpg,,real
E:\Project\Fake News Detection\images\real\6088.png,images_normalized\real\6088.jpg,,real
E:\Project\Fake News Detection\images\real\6097.png,images_normalized\real\6097.jpg,,real
E:\Project\Fake News Detection\images\real\6102.png,images_normalized\real\6102.jpg,,real
E:\Project\Fake News Detection\images\real\6106.png,images_normalized\real\6106.jpg,,real
E:\Project\Fake News Detection\images\real\6110.png,images_normalized\real\6110.jpg,,real
E:\Project\Fake News Detection\images\real\612.jpg,images_normalized\real\612.jpg,,real
E:\Project\Fake News Detection\images\real\6121.png,images_normalized\real\6121.jpg,,real
E:\Project\Fake News Detection\images\real\6136.png,images_normalized\real\6136.jpg,,real
E:\Project\Fake News Detection\images\real\6145.png,images_normalized\real\6145.jpg,,real
E:\Project\Fake News Detection\images\real\6146.png,images_normalized\real\6146.jpg,,real
E:\Project\Fake News Detection\images\real\6147.png,images_normalized\real\6147.jpg,,real
E:\Project\Fake News Detection\images\real\6157.png,images_normalized\real\6157.jpg,,real
E:\Project\Fake News Detection\images\real\6162.jpg,images_normalized\real\6162.jpg,,real
E:\Project\Fake News Detection\images\real\6163.jpg,images_normalized\real\6163.jpg,,real
E:\Project\Fake News Detection\images\real\6174.jpg,images_normalized\real\6174.jpg,,real
E:\Project\Fake News Detection\images\real\6176.jpg,images_normalized\real\6176.jpg,,real
E:\Project\Fake News Detection\images\real\6177.jpg,images_normalized\real\6177.jpg,,real
E:\Project\Fake News Detection\images\real\6187.jpg,images_normalized\real\6187.jpg,,real
E:\Project\Fake News Detection\images\real\6189.jpg,images_normalized\real\6189.jpg,,real
E:\Project\Fake News Detection\images\real\619.jpg,images_normalized\real\619.jpg,,real
E:\Project\Fake News Detection\images\real\6231.jpg,images_normalized\real\6231.jpg,,real
E:\Project\Fake News Detection\images\real\6242.jpg,images_normalized\real\6242.jpg,,real
E:\Project\Fake News Detection\images\real\6248.jpg,images_normalized\real\6248.jpg,,real
E:\Project\Fake News Detection\images\real\6263.jpg,images_normalized\real\6263.jpg,,real
E:\Project\Fake News Detection\images\real\6266.jpg,images_normalized\real\6266.jpg,,real
E:\Project\Fake News Detection\images\real\6275.jpg,images_normalized\real\6275.jpg,,real
E:\Project\Fake News Detection\images\real\6292.jpg,images_normalized\real\6292.jpg,,real
E:\Project\Fake News Detection\images\real\6296.jpg,images_normalized\real\6296.jpg,,real
E:\Project\Fake News Detection\images\real\6308.jpg,images_normalized\real\6308.jpg,,real
E:\Project\Fake News Detection\images\real\6313.jpg,images_normalized\real\6313.jpg,,real
E:\Project\Fake News Detection\images\real\6322.jpg,images_normalized\real\6322.jpg,,real
E:\Project\Fake News Detection\images\real\6325.jpg,images_normalized\real\6325.jpg,,real
E:\Project\Fake News Detection\images\real\6331.jpg,images_normalized\real\6331.jpg,,real
E:\Project\Fake News Detection\images\real\6333.jpg,images_normalized\real\6333.jpg,,real
E:\Project\Fake News Detection\images\real\6346.jpg,images_normalized\real\6346.jpg,,real
E:\Project\Fake News Detection\images\real\6348.jpg,images_normalized\real\6348.jpg,,real
E:\Project\Fake News Detection\images\real\635.jpg,images_normalized\real\635.jpg,,real
E:\Project\Fake News Detection\images\real\6358.jpg,images_normalized\real\6358.jpg,,real
E:\Project\Fake News Detection\images\real\6366.jpg,images_normalized\real\6366.jpg,,real
E:\Project\Fake News Detection\images\real\6368.jpg,images_normalized\real\6368.jpg,,real
E:\Project\Fake News Detection\images\real\6369.jpg,images_normalized\real\6369.jpg,,real
E:\Project\Fake News Detection\images\real\6377.jpg,images_normalized\real\6377.jpg,,real
E:\Project\Fake News Detection\images\real\6381.jpg,images_normalized\real\6381.jpg,,real
E:\Project\Fake News Detection\images\real\6386.jpg,images_normalized\real\6386.jpg,,real
E:\Project\Fake News Detection\images\real\6390.jpg,images_normalized\real\6390.jpg,,real
E:\Project\Fake News Detection\images\real\6391.jpg,images_normalized\real\6391.jpg,,real
E:\Project\Fake News Detection\images\real\6392.jpg,images_normalized\real\6392.jpg,,real
E:\Project\Fake News Detection\images\real\640.jpg,images_normalized\real\640.jpg,,real
E:\Project\Fake News Detection\images\real\6402.jpg,images_normalized\real\6402.jpg,,real
E:\Project\Fake News Detection\images\real\6411.jpg,images_normalized\real\6411.jpg,,real
E:\Project\Fake News Detection\images\real\6413.jpg,images_normalized\real\6413.jpg,,real
E:\Project\Fake News Detection\images\real\6417.jpg,images_normalized\real\6417.jpg,,real
E:\Project\Fake News Detection\images\real\6419.jpg,images_normalized\real\6419.jpg,,real
E:\Project\Fake News Detection\images\real\6429.jpg,images_normalized\real\6429.jpg,,real
E:\Project\Fake News Detection\images\real\6441.jpg,images_normalized\real\6441.jpg,,real
E:\Project\Fake News Detection\images\real\6451.jpg,images_normalized\real\6451.jpg,,real
E:\Project\Fake News Detection\images\real\6452.jpg,images_normalized\real\6452.jpg,,real
E:\Project\Fake News Detection\images\real\6475.jpg,images_normalized\real\6475.jpg,,real
E:\Project\Fake News Detection\images\real\6504.jpg,images_normalized\real\6504.jpg,,real
E:\Project\Fake News Detection\images\real\6530.jpg,images_normalized\real\6530.jpg,,real
E:\Project\Fake News Detection\images\real\6545.jpg,images_normalized\real\6545.jpg,,real
E:\Project\Fake News Detection\images\real\6551.jpg,images_normalized\real\6551.jpg,,real
E:\Project\Fake News Detection\images\real\6555.jpg,images_normalized\real\6555.jpg,,real
E:\Project\Fake News Detection\images\real\6556.jpg,images_normalized\real\6556.jpg,,real
E:\Project\Fake News Detection\images\real\6582.jpg,images_normalized\real\6582.jpg,,real
E:\Project\Fake News Detection\images\real\6583.jpg,images_normalized\real\6583.jpg,,real
E:\Project\Fake News Detection\images\real\6592.jpg,images_normalized\real\6592.jpg,,real
E:\Project\Fake News Detection\images\real\6599.jpg,images_normalized\real\6599.jpg,,real
E:\Project\Fake News Detection\images\real\6616.jpg,images_normalized\real\6616.jpg,,real
E:\Project\Fake News Detection\images\real\6622.jpg,images_normalized\real\6622.jpg,,real
E:\Project\Fake News Detection\images\real\6633.jpg,images_normalized\real\6633.jpg,,real
E:\Project\Fake News Detection\images\real\6640.jpg,images_normalized\real\6640.jpg,,real
E:\Project\Fake News Detection\images\real\6644.jpg,images_normalized\real\6644.jpg,,real
E:\Project\Fake News Detection\images\real\6645.jpg,images_normalized\real\6645.jpg,,real
E:\Project\Fake News Detection\images\real\6650.jpg,images_normalized\real\6650.jpg,,real
E:\Project\Fake News Detection\images\real\6653.jpg,images_normalized\real\6653.jpg,,real
E:\Project\Fake News Detection\images\real\666.jpg,images_normalized\real\666.jpg,,real
E:\Project\Fake News Detection\images\real\6660.jpg,images_normalized\real\6660.jpg,,real
E:\Project\Fake News Detection\images\real\6661.jpg,images_normalized\real\6661.jpg,,real
E:\Project\Fake News Detection\images\real\6665.jpg,images_normalized\real\6665.jpg,,real
E:\Project\Fake News Detection\images\real\6673.jpeg,images_normalized\real\6673.jpg,,real
E:\Project\Fake News Detection\images\real\6675.jpg,images_normalized\real\6675.jpg,,real
E:\Project\Fake News Detection\images\real\6679.jpg,images_normalized\real\6679.jpg,,real
E:\Project\Fake News Detection\images\real\6681.jpg,images_normalized\real\6681.jpg,,real
E:\Project\Fake News Detection\images\real\6685.jpg,images_normalized\real\6685.jpg,,real
E:\Project\Fake News Detection\images\real\6693.jpg,images_normalized\real\6693.jpg,,real
E:\Project\Fake News Detection\images\real\6697.jpg,images_normalized\real\6697.jpg,,real
E:\Project\Fake News Detection\images\real\6705.jpg,images_normalized\real\6705.jpg,,real
E:\Project\Fake News Detection\images\real\6706.jpg,images_normalized\real\6706.jpg,,real
E:\Project\Fake News Detection\images\real\671.jpg,images_normalized\real\671.jpg,,real
E:\Project\Fake News Detection\images\real\6718.jpg,images_normalized\real\6718.jpg,,real
E:\Project\Fake News Detection\images\real\6719.jpg,images_normalized\real\6719.jpg,,real
E:\Project\Fake News Detection\images\real\6727.jpg,images_normalized\real\6727.jpg,,real
E:\Project\Fake News Detection\images\real\6738.jpg,images_normalized\real\6738.jpg,,real
E:\Project\Fake News Detection\images\real\6739.jpg,images_normalized\real\6739.jpg,,real
E:\Project\Fake News Detection\images\real\6752.jpg,images_normalized\real\6752.jpg,,real
E:\Project\Fake News Detection\images\real\6755.jpg,images_normalized\real\6755.jpg,,real
E:\Project\Fake News Detection\images\real\6759.jpg,images_normalized\real\6759.jpg,,real
E:\Project\Fake News Detection\images\real\676.jpg,images_normalized\real\676.jpg,,real
E:\Project\Fake News Detection\images\real\6767.jpg,images_normalized\real\6767.jpg,,real
E:\Project\Fake News Detection\images\real\6768.jpg,images_normalized\real\6768.jpg,,real
E:\Project\Fake News Detection\images\real\6776.jpg,images_normalized\real\6776.jpg,,real
E:\Project\Fake News Detection\images\real\6778.jpg,images_normalized\real\6778.jpg,,real
E:\Project\Fake News Detection\images\real\6783.jpg,images_normalized\real\6783.jpg,,real
E:\Project\Fake News Detection\images\real\6785.jpg,images_normalized\real\6785.jpg,,real
E:\Project\Fake News Detection\images\real\6786.jpg,images_normalized\real\6786.jpg,,real
E:\Project\Fake News Detection\images\real\679.jpg,images_normalized\real\679.jpg,,real
E:\Project\Fake News Detection\images\real\6795.jpg,images_normalized\real\6795.jpg,,real
E:\Project\Fake News Detection\images\real\6797.jpg,images_normalized\real\6797.jpg,,real
E:\Project\Fake News Detection\images\real\6798.jpg,images_normalized\real\6798.jpg,,real
E:\Project\Fake News Detection\images\real\681.jpg,images_normalized\real\681.jpg,,real
E:\Project\Fake News Detection\images\real\6812.jpg,images_normalized\real\6812.jpg,,real
E:\Project\Fake News Detection\images\real\6813.jpg,images_normalized\real\6813.jpg,,real
E:\Project\Fake News Detection\images\real\6817.jpg,images_normalized\real\6817.jpg,,real
E:\Project\Fake News Detection\images\real\6822.jpg,images_normalized\real\6822.jpg,,real
E:\Project\Fake News Detection\images\real\6825.jpg,images_normalized\real\6825.jpg,,real
E:\Project\Fake News Detection\images\real\6828.jpg,images_normalized\real\6828.jpg,,real
E:\Project\Fake News Detection\images\real\6839.jpg,images_normalized\real\6839.jpg,,real
E:\Project\Fake News Detection\images\real\6840.jpg,images_normalized\real\6840.jpg,,real
E:\Project\Fake News Detection\images\real\6847.jpg,images_normalized\real\6847.jpg,,real
E:\Project\Fake News Detection\images\real\6851.jpg,images_normalized\real\6851.jpg,,real
E:\Project\Fake News Detection\images\real\6856.jpg,images_normalized\real\6856.jpg,,real
E:\Project\Fake News Detection\images\real\6862.jpg,images_normalized\real\6862.jpg,,real
E:\Project\Fake News Detection\images\real\6872.jpg,images_normalized\real\6872.jpg,,real
E:\Project\Fake News Detection\images\real\6879.jpg,images_normalized\real\6879.jpg,,real
E:\Project\Fake News Detection\images\real\6884.jpg,images_normalized\real\6884.jpg,,real
E:\Project\Fake News Detection\images\real\6890.jpg,images_normalized\real\6890.jpg,,real
E:\Project\Fake News Detection\images\real\6893.jpg,images_normalized\real\6893.jpg,,real
E:\Project\Fake News Detection\images\real\69.jpg,images_normalized\real\69.jpg,,real
E:\Project\Fake News Detection\images\real\6900.jpg,images_normalized\real\6900.jpg,,real
E:\Project\Fake News Detection\images\real\6901.jpg,images_normalized\real\6901.jpg,,real
E:\Project\Fake News Detection\images\real\6903.jpg,images_normalized\real\6903.jpg,,real
E:\Project\Fake News Detection\images\real\6907.jpg,images_normalized\real\6907.jpg,,real
E:\Project\Fake News Detection\images\real\6909.jpg,images_normalized\real\6909.jpg,,real
E:\Project\Fake News Detection\images\real\6912.jpg,images_normalized\real\6912.jpg,,real
E:\Project\Fake News Detection\images\real\6920.jpg,images_normalized\real\6920.jpg,,real
E:\Project\Fake News Detection\images\real\6924.jpg,images_normalized\real\6924.jpg,,real
E:\Project\Fake News Detection\images\real\6933.jpg,images_normalized\real\6933.jpg,,real
E:\Project\Fake News Detection\images\real\6934.jpg,images_normalized\real\6934.jpg,,real
E:\Project\Fake News Detection\images\real\6937.jpg,images_normalized\real\6937.jpg,,real
E:\Project\Fake News Detection\images\real\6938.jpg,images_normalized\real\6938.jpg,,real
E:\Project\Fake News Detection\images\real\6939.jpg,images_normalized\real\6939.jpg,,real
E:\Project\Fake News Detection\images\real\6951.jpg,images_normalized\real\6951.jpg,,real
E:\Project\Fake News Detection\images\real\6971.jpg,images_normalized\real\6971.jpg,,real
E:\Project\Fake News Detection\images\real\698.jpg,images_normalized\real\698.jpg,,real
E:\Project\Fake News Detection\images\real\6982.jpg,images_normalized\real\6982.jpg,,real
E:\Project\Fake News Detection\images\real\6985.jpg,images_normalized\real\6985.jpg,,real
E:\Project\Fake News Detection\images\real\7004.jpg,images_normalized\real\7004.jpg,,real
E:\Project\Fake News Detection\images\real\7009.jpg,images_normalized\real\7009.jpg,,real
E:\Project\Fake News Detection\images\real\701.jpg,images_normalized\real\701.jpg,,real
E:\Project\Fake News Detection\images\real\7010.jpg,images_normalized\real\7010.jpg,,real
E:\Project\Fake News Detection\images\real\7012.jpg,images_normalized\real\7012.jpg,,real
E:\Project\Fake News Detection\images\real\7015.jpg,images_normalized\real\7015.jpg,,real
E:\Project\Fake News Detection\images\real\7034.jpg,images_normalized\real\7034.jpg,,real
E:\Project\Fake News Detection\images\real\7039.jpg,images_normalized\real\7039.jpg,,real
E:\Project\Fake News Detection\images\real\717.jpg,images_normalized\real\717.jpg,,real
E:\Project\Fake News Detection\images\real\727.jpg,images_normalized\real\727.jpg,,real
E:\Project\Fake News Detection\images\real\732.jpg,images_normalized\real\732.jpg,,real
E:\Project\Fake News Detection\images\real\742.jpg,images_normalized\real\742.jpg,,real
E:\Project\Fake News Detection\images\real\747.jpeg,images_normalized\real\747.jpg,,real
E:\Project\Fake News Detection\images\real\751.jpg,images_normalized\real\751.jpg,,real
E:\Project\Fake News Detection\images\real\752.jpg,images_normalized\real\752.jpg,,real
E:\Project\Fake News Detection\images\real\756.jpg,images_normalized\real\756.jpg,,real
E:\Project\Fake News Detection\images\real\761.jpg,images_normalized\real\761.jpg,,real
E:\Project\Fake News Detection\images\real\766.jpg,images_normalized\real\766.jpg,,real
E:\Project\Fake News Detection\images\real\771.jpg,images_normalized\real\771.jpg,,real
E:\Project\Fake News Detection\images\real\772.jpg,images_normalized\real\772.jpg,,real
E:\Project\Fake News Detection\images\real\773.jpg,images_normalized\real\773.jpg,,real
E:\Project\Fake News Detection\images\real\783.jpg,images_normalized\real\783.jpg,,real
E:\Project\Fake News Detection\images\real\786.jpg,images_normalized\real\786.jpg,,real
E:\Project\Fake News Detection\images\real\793.jpg,images_normalized\real\793.jpg,,real
E:\Project\Fake News Detection\images\real\794.jpeg,images_normalized\real\794.jpg,,real
E:\Project\Fake News Detection\images\real\795.jpg,images_normalized\real\795.jpg,,real
E:\Project\Fake News Detection\images\real\797.jpg,images_normalized\real\797.jpg,,real
E:\Project\Fake News Detection\images\real\798.jpg,images_normalized\real\798.jpg,,real
E:\Project\Fake News Detection\images\real\807.jpeg,images_normalized\real\807.jpg,,real
E:\Project\Fake News Detection\images\real\810.jpg,images_normalized\real\810.jpg,,real
E:\Project\Fake News Detection\images\real\826.jpeg,images_normalized\real\826.jpg,,real
E:\Project\Fake News Detection\images\real\833.jpeg,images_normalized\real\833.jpg,,real
E:\Project\Fake News Detection\images\real\840.jpg,images_normalized\real\840.jpg,,real
E:\Project\Fake News Detection\images\real\841.jpg,images_normalized\real\841.jpg,,real
E:\Project\Fake News Detection\images\real\846.jpg,images_normalized\real\846.jpg,,real
E:\Project\Fake News Detection\images\real\85.jpg,images_normalized\real\85.jpg,,real
E:\Project\Fake News Detection\images\real\853.jpg,images_normalized\real\853.jpg,,real
E:\Project\Fake News Detection\images\real\855.jpg,images_normalized\real\855.jpg,,real
E:\Project\Fake News Detection\images\real\857.jpg,images_normalized\real\857.jpg,,real
E:\Project\Fake News Detection\images\real\871.jpg,images_normalized\real\871.jpg,,real
E:\Project\Fake News Detection\images\real\872.jpg,images_normalized\real\872.jpg,,real
E:\Project\Fake News Detection\images\real\874.jpg,images_normalized\real\874.jpg,,real
E:\Project\Fake News Detection\images\real\877.jpg,images_normalized\real\877.jpg,,real
E:\Project\Fake News Detection\images\real\879.jpg,images_normalized\real\879.jpg,,real
E:\Project\Fake News Detection\images\real\9.jpg,images_normalized\real\9.jpg,,real
E:\Project\Fake News Detection\images\real\913.jpg,images_normalized\real\913.jpg,,real
E:\Project\Fake News Detection\images\real\922.jpg,images_normalized\real\922.jpg,,real
E:\Project\Fake News Detection\images\real\931.jpg,images_normalized\real\931.jpg,,real
E:\Project\Fake News Detection\images\real\934.jpg,images_normalized\real\934.jpg,,real
E:\Project\Fake News Detection\images\real\935.jpg,images_normalized\real\935.jpg,,real
E:\Project\Fake News Detection\images\real\938.jpg,images_normalized\real\938.jpg,,real
E:\Project\Fake News Detection\images\real\947.jpg,images_normalized\real\947.jpg,,real
E:\Project\Fake News Detection\images\real\95.jpg,images_normalized\real\95.jpg,,real
E:\Project\Fake News Detection\images\real\958.jpg,images_normalized\real\958.jpg,,real
E:\Project\Fake News Detection\images\real\961.jpg,images_normalized\real\961.jpg,,real
E:\Project\Fake News Detection\images\real\969.jpg,images_normalized\real\969.jpg,,real
E:\Project\Fake News Detection\images\real\97.jpg,images_normalized\real\97.jpg,,real
E:\Project\Fake News Detection\images\real\970.jpg,images_normalized\real\970.jpg,,real
E:\Project\Fake News Detection\images\real\987.jpg,images_normalized\real\987.jpg,,real
E:\Project\Fake News Detection\images\real\99.jpg,images_normalized\real\99.jpg,,real
E:\Project\Fake News Detection\images\fake\100.jpg,images_normalized\fake\100.jpg,,fake
E:\Project\Fake News Detection\images\fake\1005.jpg,images_normalized\fake\1005.jpg,,fake
E:\Project\Fake News Detection\images\fake\1006.jpg,images_normalized\fake\1006.jpg,,fake
E:\Project\Fake News Detection\images\fake\1008.jpg,images_normalized\fake\1008.jpg,,fake
E:\Project\Fake News Detection\images\fake\1035.jpg,images_normalized\fake\1035.jpg,,fake
E:\Project\Fake News Detection\images\fake\1036.jpg,images_normalized\fake\1036.jpg,,fake
E:\Project\Fake News Detection\images\fake\1037.jpg,images_normalized\fake\1037.jpg,,fake
E:\Project\Fake News Detection\images\fake\1038.jpg,images_normalized\fake\1038.jpg,,fake
E:\Project\Fake News Detection\images\fake\104.jpg,images_normalized\fake\104.jpg,,fake
E:\Project\Fake News Detection\images\fake\1041.jpg,images_normalized\fake\1041.jpg,,fake
E:\Project\Fake News Detection\images\fake\1045.jpg,images_normalized\fake\1045.jpg,,fake
E:\Project\Fake News Detection\images\fake\106.jpg,images_normalized\fake\106.jpg,,fake
E:\Project\Fake News Detection\images\fake\1065.jpg,images_normalized\fake\1065.jpg,,fake
E:\Project\Fake News Detection\images\fake\1070.jpg,images_normalized\fake\1070.jpg,,fake
E:\Project\Fake News Detection\images\fake\1071.jpg,images_normalized\fake\1071.jpg,,fake
E:\Project\Fake News Detection\images\fake\1077.jpg,images_normalized\fake\1077.jpg,,fake
E:\Project\Fake News Detection\images\fake\1083.jpg,images_normalized\fake\1083.jpg,,fake
E:\Project\Fake News Detection\images\fake\109.jpg,images_normalized\fake\109.jpg,,fake
E:\Project\Fake News Detection\images\fake\1096.jpg,images_normalized\fake\1096.jpg,,fake
E:\Project\Fake News Detection\images\fake\11.jpg,images_normalized\fake\11.jpg,,fake
E:\Project\Fake News Detection\images\fake\110.jpg,images_normalized\fake\110.jpg,,fake
E:\Project\Fake News Detection\images\fake\1105.jpg,images_normalized\fake\1105.jpg,,fake
E:\Project\Fake News Detection\images\fake\1106.jpg,images_normalized\fake\1106.jpg,,fake
E:\Project\Fake News Detection\images\fake\1115.jpg,images_normalized\fake\1115.jpg,,fake
E:\Project\Fake News Detection\images\fake\1118.jpg,images_normalized\fake\1118.jpg,,fake
E:\Project\Fake News Detection\images\fake\1140.jpg,images_normalized\fake\1140.jpg,,fake
E:\Project\Fake News Detection\images\fake\1143.jpg,images_normalized\fake\1143.jpg,,fake
E:\Project\Fake News Detection\images\fake\1144.jpg,images_normalized\fake\1144.jpg,,fake
E:\Project\Fake News Detection\images\fake\1155.jpg,images_normalized\fake\1155.jpg,,fake
E:\Project\Fake News Detection\images\fake\1156.jpg,images_normalized\fake\1156.jpg,,fake
E:\Project\Fake News Detection\images\fake\1158.jpg,images_normalized\fake\1158.jpg,,fake
E:\Project\Fake News Detection\images\fake\1185.jpg,images_normalized\fake\1185.jpg,,fake
E:\Project\Fake News Detection\images\fake\1193.jpg,images_normalized\fake\1193.jpg,,fake
E:\Project\Fake News Detection\images\fake\1200.jpg,images_normalized\fake\1200.jpg,,fake
E:\Project\Fake News Detection\images\fake\1207.jpg,images_normalized\fake\1207.jpg,,fake
E:\Project\Fake News Detection\images\fake\1210.jpg,images_normalized\fake\1210.jpg,,fake
E:\Project\Fake News Detection\images\fake\1211.jpg,images_normalized\fake\1211.jpg,,fake
E:\Project\Fake News Detection\images\fake\1212.jpg,images_normalized\fake\1212.jpg,,fake
E:\Project\Fake News Detection\images\fake\122.jpg,images_normalized\fake\122.jpg,,fake
E:\Project\Fake News Detection\images\fake\1223.jpg,images_normalized\fake\1223.jpg,,fake
E:\Project\Fake News Detection\images\fake\123.jpg,images_normalized\fake\123.jpg,,fake
E:\Project\Fake News Detection\images\fake\1244.jpg,images_normalized\fake\1244.jpg,,fake
E:\Project\Fake News Detection\images\fake\1248.jpg,images_normalized\fake\1248.jpg,,fake
E:\Project\Fake News Detection\images\fake\1252.jpg,images_normalized\fake\1252.jpg,,fake
E:\Project\Fake News Detection\images\fake\1254.jpg,images_normalized\fake\1254.jpg,,fake
E:\Project\Fake News Detection\images\fake\1261.jpg,images_normalized\fake\1261.jpg,,fake
E:\Project\Fake News Detection\images\fake\1269.jpg,images_normalized\fake\1269.jpg,,fake
E:\Project\Fake News Detection\images\fake\127.jpg,images_normalized\fake\127.jpg,,fake
E:\Project\Fake News Detection\images\fake\1275.jpg,images_normalized\fake\1275.jpg,,fake
E:\Project\Fake News Detection\images\fake\1276.jpg,images_normalized\fake\1276.jpg,,fake
E:\Project\Fake News Detection\images\fake\1289.jpg,images_normalized\fake\1289.jpg,,fake
E:\Project\Fake News Detection\images\fake\1300.jpg,images_normalized\fake\1300.jpg,,fake
E:\Project\Fake News Detection\images\fake\1309.jpg,images_normalized\fake\1309.jpg,,fake
E:\Project\Fake News Detection\images\fake\1312.jpg,images_normalized\fake\1312.jpg,,fake
E:\Project\Fake News Detection\images\fake\132.jpg,images_normalized\fake\132.jpg,,fake
E:\Project\Fake News Detection\images\fake\1323.jpg,images_normalized\fake\1323.jpg,,fake
E:\Project\Fake News Detection\images\fake\1324.jpg,images_normalized\fake\1324.jpg,,fake
E:\Project\Fake News Detection\images\fake\1328.jpg,images_normalized\fake\1328.jpg,,fake
E:\Project\Fake News Detection\images\fake\133.jpg,images_normalized\fake\133.jpg,,fake
E:\Project\Fake News Detection\images\fake\1342.jpg,images_normalized\fake\1342.jpg,,fake
E:\Project\Fake News Detection\images\fake\1346.jpg,images_normalized\fake\1346.jpg,,fake
E:\Project\Fake News Detection\images\fake\1351.jpg,images_normalized\fake\1351.jpg,,fake
E:\Project\Fake News Detection\images\fake\137.jpg,images_normalized\fake\137.jpg,,fake
E:\Project\Fake News Detection\images\fake\1371.jpg,images_normalized\fake\1371.jpg,,fake
E:\Project\Fake News Detection\images\fake\1372.jpg,images_normalized\fake\1372.jpg,,fake
E:\Project\Fake News Detection\images\fake\1373.jpg,images_normalized\fake\1373.jpg,,fake
E:\Project\Fake News Detection\images\fake\1376.jpg,images_normalized\fake\1376.jpg,,fake
E:\Project\Fake News Detection\images\fake\1378.jpg,images_normalized\fake\1378.jpg,,fake
E:\Project\Fake News Detection\images\fake\1379.jpg,images_normalized\fake\1379.jpg,,fake
E:\Project\Fake News Detection\images\fake\1388.jpg,images_normalized\fake\1388.jpg,,fake
E:\Project\Fake News Detection\images\fake\1389.jpg,images_normalized\fake\1389.jpg,,fake
E:\Project\Fake News Detection\images\fake\139.jpg,images_normalized\fake\139.jpg,,fake
E:\Project\Fake News Detection\images\fake\1396.jpg,images_normalized\fake\1396.jpg,,fake
E:\Project\Fake News Detection\images\fake\1406.jpg,images_normalized\fake\1406.jpg,,fake
E:\Project\Fake News Detection\images\fake\1414.jpg,images_normalized\fake\1414.jpg,,fake
E:\Project\Fake News Detection\images\fake\1416.jpg,images_normalized\fake\1416.jpg,,fake
E:\Project\Fake News Detection\images\fake\1433.jpg,images_normalized\fake\1433.jpg,,fake
E:\Project\Fake News Detection\images\fake\1436.jpg,images_normalized\fake\1436.jpg,,fake
E:\Project\Fake News Detection\images\fake\1438.jpg,images_normalized\fake\1438.jpg,,fake
E:\Project\Fake News Detection\images\fake\1466.jpg,images_normalized\fake\1466.jpg,,fake
E:\Project\Fake News Detection\images\fake\1470.jpg,images_normalized\fake\1470.jpg,,fake
E:\Project\Fake News Detection\images\fake\1476.jpg,images_normalized\fake\1476.jpg,,fake
E:\Project\Fake News Detection\images\fake\148.jpg,images_normalized\fake\148.jpg,,fake
E:\Project\Fake News Detection\images\fake\15.jpg,images_normalized\fake\15.jpg,,fake
E:\Project\Fake News Detection\images\fake\1501.jpg,images_normalized\fake\1501.jpg,,fake
E:\Project\Fake News Detection\images\fake\1506.jpg,images_normalized\fake\1506.jpg,,fake
E:\Project\Fake News Detection\images\fake\1507.jpg,images_normalized\fake\1507.jpg,,fake
E:\Project\Fake News Detection\images\fake\1508.jpg,images_normalized\fake\1508.jpg,,fake
E:\Project\Fake News Detection\images\fake\1510.jpg,images_normalized\fake\1510.jpg,,fake
E:\Project\Fake News Detection\images\fake\1517.jpg,images_normalized\fake\1517.jpg,,fake
E:\Project\Fake News Detection\images\fake\1518.jpg,images_normalized\fake\1518.jpg,,fake
E:\Project\Fake News Detection\images\fake\153.jpg,images_normalized\fake\153.jpg,,fake
E:\Project\Fake News Detection\images\fake\1531.jpg,images_normalized\fake\1531.jpg,,fake
E:\Project\Fake News Detection\images\fake\1533.jpg,images_normalized\fake\1533.jpg,,fake
E:\Project\Fake News Detection\images\fake\1541.jpg,images_normalized\fake\1541.jpg,,fake
E:\Project\Fake News Detection\images\fake\155.jpg,images_normalized\fake\155.jpg,,fake
E:\Project\Fake News Detection\images\fake\1550.jpg,images_normalized\fake\1550.jpg,,fake
E:\Project\Fake News Detection\images\fake\1555.jpg,images_normalized\fake\1555.jpg,,fake
E:\Project\Fake News Detection\images\fake\156.jpg,images_normalized\fake\156.jpg,,fake
E:\Project\Fake News Detection\images\fake\1583.jpg,images_normalized\fake\1583.jpg,,fake
E:\Project\Fake News Detection\images\fake\1584.jpg,images_normalized\fake\1584.jpg,,fake
E:\Project\Fake News Detection\images\fake\159.jpg,images_normalized\fake\159.jpg,,fake
E:\Project\Fake News Detection\images\fake\1593.jpg,images_normalized\fake\1593.jpg,,fake
E:\Project\Fake News Detection\images\fake\1614.jpg,images_normalized\fake\1614.jpg,,fake
E:\Project\Fake News Detection\images\fake\1616.jpg,images_normalized\fake\1616.jpg,,fake
E:\Project\Fake News Detection\images\fake\1617.jpg,images_normalized\fake\1617.jpg,,fake
E:\Project\Fake News Detection\images\fake\162.jpg,images_normalized\fake\162.jpg,,fake
E:\Project\Fake News Detection\images\fake\1621.jpg,images_normalized\fake\1621.jpg,,fake
E:\Project\Fake News Detection\images\fake\1625.jpg,images_normalized\fake\1625.jpg,,fake
E:\Project\Fake News Detection\images\fake\1635.jpg,images_normalized\fake\1635.jpg,,fake
E:\Project\Fake News Detection\images\fake\1637.jpg,images_normalized\fake\1637.jpg,,fake
E:\Project\Fake News Detection\images\fake\1644.jpg,images_normalized\fake\1644.jpg,,fake
E:\Project\Fake News Detection\images\fake\1650.jpg,images_normalized\fake\1650.jpg,,fake
E:\Project\Fake News Detection\images\fake\1656.jpg,images_normalized\fake\1656.jpg,,fake
E:\Project\Fake News Detection\images\fake\1657.jpg,images_normalized\fake\1657.jpg,,fake
E:\Project\Fake News Detection\images\fake\166.jpg,images_normalized\fake\166.jpg,,fake
E:\Project\Fake News Detection\images\fake\1661.jpg,images_normalized\fake\1661.jpg,,fake
E:\Project\Fake News Detection\images\fake\1668.jpg,images_normalized\fake\1668.jpg,,fake
E:\Project\Fake News Detection\images\fake\1670.jpg,images_normalized\fake\1670.jpg,,fake
E:\Project\Fake News Detection\images\fake\1673.jpg,images_normalized\fake\1673.jpg,,fake
E:\Project\Fake News Detection\images\fake\1674.jpg,images_normalized\fake\1674.jpg,,fake
E:\Project\Fake News Detection\images\fake\1686.jpg,images_normalized\fake\1686.jpg,,fake
E:\Project\Fake News Detection\images\fake\1689.jpg,images_normalized\fake\1689.jpg,,fake
E:\Project\Fake News Detection\images\fake\1690.jpg,images_normalized\fake\1690.jpg,,fake
E:\Project\Fake News Detection\images\fake\17.jpg,images_normalized\fake\17.jpg,,fake
E:\Project\Fake News Detection\images\fake\1708.jpg,images_normalized\fake\1708.jpg,,fake
E:\Project\Fake News Detection\images\fake\1716.jpg,images_normalized\fake\1716.jpg,,fake
E:\Project\Fake News Detection\images\fake\172.jpg,images_normalized\fake\172.jpg,,fake
E:\Project\Fake News Detection\images\fake\1729.jpg,images_normalized\fake\1729.jpg,,fake
E:\Project\Fake News Detection\images\fake\1730.jpg,images_normalized\fake\1730.jpg,,fake
E:\Project\Fake News Detection\images\fake\1733.jpg,images_normalized\fake\1733.jpg,,fake
E:\Project\Fake News Detection\images\fake\1735.jpg,images_normalized\fake\1735.jpg,,fake
E:\Project\Fake News Detection\images\fake\1739.jpg,images_normalized\fake\1739.jpg,,fake
E:\Project\Fake News Detection\images\fake\174.jpg,images_normalized\fake\174.jpg,,fake
E:\Project\Fake News Detection\images\fake\1744.jpg,images_normalized\fake\1744.jpg,,fake
E:\Project\Fake News Detection\images\fake\1746.jpg,images_normalized\fake\1746.jpg,,fake
E:\Project\Fake News Detection\images\fake\1753.jpg,images_normalized\fake\1753.jpg,,fake
E:\Project\Fake News Detection\images\fake\1758.jpg,images_normalized\fake\1758.jpg,,fake
E:\Project\Fake News Detection\images\fake\1762.jpg,images_normalized\fake\1762.jpg,,fake
E:\Project\Fake News Detection\images\fake\1769.jpg,images_normalized\fake\1769.jpg,,fake
E:\Project\Fake News Detection\images\fake\1779.jpg,images_normalized\fake\1779.jpg,,fake
E:\Project\Fake News Detection\images\fake\1780.jpg,images_normalized\fake\1780.jpg,,fake
E:\Project\Fake News Detection\images\fake\1782.jpg,images_normalized\fake\1782.jpg,,fake
E:\Project\Fake News Detection\images\fake\1785.jpg,images_normalized\fake\1785.jpg,,fake
E:\Project\Fake News Detection\images\fake\1789.jpg,images_normalized\fake\1789.jpg,,fake
E:\Project\Fake News Detection\images\fake\179.jpg,images_normalized\fake\179.jpg,,fake
E:\Project\Fake News Detection\images\fake\1801.jpg,images_normalized\fake\1801.jpg,,fake
E:\Project\Fake News Detection\images\fake\1803.jpg,images_normalized\fake\1803.jpg,,fake
E:\Project\Fake News Detection\images\fake\1820.jpg,images_normalized\fake\1820.jpg,,fake
E:\Project\Fake News Detection\images\fake\183.jpg,images_normalized\fake\183.jpg,,fake
E:\Project\Fake News Detection\images\fake\1837.jpg,images_normalized\fake\1837.jpg,,fake
E:\Project\Fake News Detection\images\fake\1839.jpg,images_normalized\fake\1839.jpg,,fake
E:\Project\Fake News Detection\images\fake\1842.jpg,images_normalized\fake\1842.jpg,,fake
E:\Project\Fake News Detection\images\fake\1845.jpg,images_normalized\fake\1845.jpg,,fake
E:\Project\Fake News Detection\images\fake\1849.jpg,images_normalized\fake\1849.jpg,,fake
E:\Project\Fake News Detection\images\fake\186.jpg,images_normalized\fake\186.jpg,,fake
E:\Project\Fake News Detection\images\fake\1865.jpg,images_normalized\fake\1865.jpg,,fake
E:\Project\Fake News Detection\images\fake\1867.jpg,images_normalized\fake\1867.jpg,,fake
E:\Project\Fake News Detection\images\fake\1873.jpg,images_normalized\fake\1873.jpg,,fake
E:\Project\Fake News Detection\images\fake\1876.jpg,images_normalized\fake\1876.jpg,,fake
E:\Project\Fake News Detection\images\fake\1878.jpg,images_normalized\fake\1878.jpg,,fake
E:\Project\Fake News Detection\images\fake\1901.jpg,images_normalized\fake\1901.jpg,,fake
E:\Project\Fake News Detection\images\fake\1903.jpg,images_normalized\fake\1903.jpg,,fake
E:\Project\Fake News Detection\images\fake\1908.jpg,images_normalized\fake\1908.jpg,,fake
E:\Project\Fake News Detection\images\fake\1914.jpg,images_normalized\fake\1914.jpg,,fake
E:\Project\Fake News Detection\images\fake\1918.jpg,images_normalized\fake\1918.jpg,,fake
E:\Project\Fake News Detection\images\fake\1928.jpg,images_normalized\fake\1928.jpg,,fake
E:\Project\Fake News Detection\images\fake\193.jpg,images_normalized\fake\193.jpg,,fake
E:\Project\Fake News Detection\images\fake\1938.jpg,images_normalized\fake\1938.jpg,,fake
E:\Project\Fake News Detection\images\fake\194.jpg,images_normalized\fake\194.jpg,,fake
E:\Project\Fake News Detection\images\fake\1944.jpg,images_normalized\fake\1944.jpg,,fake
E:\Project\Fake News Detection\images\fake\1949.jpg,images_normalized\fake\1949.jpg,,fake
E:\Project\Fake News Detection\images\fake\1950.jpg,images_normalized\fake\1950.jpg,,fake
E:\Project\Fake News Detection\images\fake\1960.jpg,images_normalized\fake\1960.jpg,,fake
E:\Project\Fake News Detection\images\fake\1972.jpg,images_normalized\fake\1972.jpg,,fake
E:\Project\Fake News Detection\images\fake\1981.jpg,images_normalized\fake\1981.jpg,,fake
E:\Project\Fake News Detection\images\fake\1982.jpg,images_normalized\fake\1982.jpg,,fake
E:\Project\Fake News Detection\images\fake\1985.jpg,images_normalized\fake\1985.jpg,,fake
E:\Project\Fake News Detection\images\fake\1994.jpg,images_normalized\fake\1994.jpg,,fake
E:\Project\Fake News Detection\images\fake\1996.jpg,images_normalized\fake\1996.jpg,,fake
E:\Project\Fake News Detection\images\fake\1997.jpg,images_normalized\fake\1997.jpg,,fake
E:\Project\Fake News Detection\images\fake\2.jpg,images_normalized\fake\2.jpg,,fake
E:\Project\Fake News Detection\images\fake\2003.jpg,images_normalized\fake\2003.jpg,,fake
E:\Project\Fake News Detection\images\fake\2006.jpg,images_normalized\fake\2006.jpg,,fake
E:\Project\Fake News Detection\images\fake\201.jpg,images_normalized\fake\201.jpg,,fake
E:\Project\Fake News Detection\images\fake\2010.jpg,images_normalized\fake\2010.jpg,,fake
E:\Project\Fake News Detection\images\fake\2019.jpg,images_normalized\fake\2019.jpg,,fake
E:\Project\Fake News Detection\images\fake\202.jpg,images_normalized\fake\202.jpg,,fake
E:\Project\Fake News Detection\images\fake\2021.jpg,images_normalized\fake\2021.jpg,,fake
E:\Project\Fake News Detection\images\fake\2041.jpg,images_normalized\fake\2041.jpg,,fake
E:\Project\Fake News Detection\images\fake\2044.jpg,images_normalized\fake\2044.jpg,,fake
E:\Project\Fake News Detection\images\fake\2051.jpg,images_normalized\fake\2051.jpg,,fake
E:\Project\Fake News Detection\images\fake\2056.jpg,images_normalized\fake\2056.jpg,,fake
E:\Project\Fake News Detection\images\fake\2068.jpg,images_normalized\fake\2068.jpg,,fake
E:\Project\Fake News Detection\images\fake\2069.jpg,images_normalized\fake\2069.jpg,,fake
E:\Project\Fake News Detection\images\fake\207.jpg,images_normalized\fake\207.jpg,,fake
E:\Project\Fake News Detection\images\fake\2070.jpg,images_normalized\fake\2070.jpg,,fake
E:\Project\Fake News Detection\images\fake\2076.jpg,images_normalized\fake\2076.jpg,,fake
E:\Project\Fake News Detection\images\fake\2078.jpg,images_normalized\fake\2078.jpg,,fake
E:\Project\Fake News Detection\images\fake\2084.jpg,images_normalized\fake\2084.jpg,,fake
E:\Project\Fake News Detection\images\fake\209.jpg,images_normalized\fake\209.jpg,,fake
E:\Project\Fake News Detection\images\fake\2090.jpg,images_normalized\fake\2090.jpg,,fake
E:\Project\Fake News Detection\images\fake\2094.jpg,images_normalized\fake\2094.jpg,,fake
E:\Project\Fake News Detection\images\fake\2103.jpg,images_normalized\fake\2103.jpg,,fake
E:\Project\Fake News Detection\images\fake\2115.jpg,images_normalized\fake\2115.jpg,,fake
E:\Project\Fake News Detection\images\fake\2118.jpg,images_normalized\fake\2118.jpg,,fake
E:\Project\Fake News Detection\images\fake\213.jpg,images_normalized\fake\213.jpg,,fake
E:\Project\Fake News Detection\images\fake\2152.jpg,images_normalized\fake\2152.jpg,,fake
E:\Project\Fake News Detection\images\fake\2155.jpg,images_normalized\fake\2155.jpg,,fake
E:\Project\Fake News Detection\images\fake\216.jpg,images_normalized\fake\216.jpg,,fake
E:\Project\Fake News Detection\images\fake\2179.jpg,images_normalized\fake\2179.jpg,,fake
E:\Project\Fake News Detection\images\fake\2193.jpg,images_normalized\fake\2193.jpg,,fake
E:\Project\Fake News Detection\images\fake\221.jpg,images_normalized\fake\221.jpg,,fake
E:\Project\Fake News Detection\images\fake\2218.jpg,images_normalized\fake\2218.jpg,,fake
E:\Project\Fake News Detection\images\fake\2223.jpg,images_normalized\fake\2223.jpg,,fake
E:\Project\Fake News Detection\images\fake\224.jpg,images_normalized\fake\224.jpg,,fake
E:\Project\Fake News Detection\images\fake\2248.jpg,images_normalized\fake\2248.jpg,,fake
E:\Project\Fake News Detection\images\fake\2251.jpg,images_normalized\fake\2251.jpg,,fake
E:\Project\Fake News Detection\images\fake\2254.jpg,images_normalized\fake\2254.jpg,,fake
E:\Project\Fake News Detection\images\fake\2256.jpg,images_normalized\fake\2256.jpg,,fake
E:\Project\Fake News Detection\images\fake\2263.jpg,images_normalized\fake\2263.jpg,,fake
E:\Project\Fake News Detection\images\fake\2267.jpg,images_normalized\fake\2267.jpg,,fake
E:\Project\Fake News Detection\images\fake\2279.jpg,images_normalized\fake\2279.jpg,,fake
E:\Project\Fake News Detection\images\fake\2286.jpg,images_normalized\fake\2286.jpg,,fake
E:\Project\Fake News Detection\images\fake\2287.jpg,images_normalized\fake\2287.jpg,,fake
E:\Project\Fake News Detection\images\fake\2289.jpg,images_normalized\fake\2289.jpg,,fake
E:\Project\Fake News Detection\images\fake\2293.jpg,images_normalized\fake\2293.jpg,,fake
E:\Project\Fake News Detection\images\fake\2299.jpg,images_normalized\fake\2299.jpg,,fake
E:\Project\Fake News Detection\images\fake\2300.jpg,images_normalized\fake\2300.jpg,,fake
E:\Project\Fake News Detection\images\fake\2304.jpg,images_normalized\fake\2304.jpg,,fake
E:\Project\Fake News Detection\images\fake\2314.jpg,images_normalized\fake\2314.jpg,,fake
E:\Project\Fake News Detection\images\fake\2317.jpg,images_normalized\fake\2317.jpg,,fake
E:\Project\Fake News Detection\images\fake\2348.jpg,images_normalized\fake\2348.jpg,,fake
E:\Project\Fake News Detection\images\fake\2349.jpg,images_normalized\fake\2349.jpg,,fake
E:\Project\Fake News Detection\images\fake\2353.jpg,images_normalized\fake\2353.jpg,,fake
E:\Project\Fake News Detection\images\fake\2355.jpg,images_normalized\fake\2355.jpg,,fake
E:\Project\Fake News Detection\images\fake\2362.jpg,images_normalized\fake\2362.jpg,,fake
E:\Project\Fake News Detection\images\fake\239.jpg,images_normalized\fake\239.jpg,,fake
E:\Project\Fake News Detection\images\fake\2394.jpg,images_normalized\fake\2394.jpg,,fake
E:\Project\Fake News Detection\images\fake\24.jpg,images_normalized\fake\24.jpg,,fake
E:\Project\Fake News Detection\images\fake\2406.jpg,images_normalized\fake\2406.jpg,,fake
E:\Project\Fake News Detection\images\fake\2420.jpg,images_normalized\fake\2420.jpg,,fake
E:\Project\Fake News Detection\images\fake\244.jpg,images_normalized\fake\244.jpg,,fake
E:\Project\Fake News Detection\images\fake\2445.jpg,images_normalized\fake\2445.jpg,,fake
E:\Project\Fake News Detection\images\fake\2446.jpg,images_normalized\fake\2446.jpg,,fake
E:\Project\Fake News Detection\images\fake\2450.jpg,images_normalized\fake\2450.jpg,,fake
E:\Project\Fake News Detection\images\fake\2458.jpg,images_normalized\fake\2458.jpg,,fake
E:\Project\Fake News Detection\images\fake\246.jpg,images_normalized\fake\246.jpg,,fake
E:\Project\Fake News Detection\images\fake\2461.jpg,images_normalized\fake\2461.jpg,,fake
E:\Project\Fake News Detection\images\fake\2467.jpg,images_normalized\fake\2467.jpg,,fake
E:\Project\Fake News Detection\images\fake\2474.jpg,images_normalized\fake\2474.jpg,,fake
E:\Project\Fake News Detection\images\fake\2481.jpg,images_normalized\fake\2481.jpg,,fake
E:\Project\Fake News Detection\images\fake\2485.jpg,images_normalized\fake\2485.jpg,,fake
E:\Project\Fake News Detection\images\fake\25.jpg,images_normalized\fake\25.jpg,,fake
E:\Project\Fake News Detection\images\fake\2505.jpg,images_normalized\fake\2505.jpg,,fake
E:\Project\Fake News Detection\images\fake\2507.jpg,images_normalized\fake\2507.jpg,,fake
E:\Project\Fake News Detection\images\fake\2514.jpg,images_normalized\fake\2514.jpg,,fake
E:\Project\Fake News Detection\images\fake\2516.jpg,images_normalized\fake\2516.jpg,,fake
E:\Project\Fake News Detection\images\fake\2519.jpg,images_normalized\fake\2519.jpg,,fake
E:\Project\Fake News Detection\images\fake\252.jpg,images_normalized\fake\252.jpg,,fake
E:\Project\Fake News Detection\images\fake\2521.jpg,images_normalized\fake\2521.jpg,,fake
E:\Project\Fake News Detection\images\fake\2523.jpg,images_normalized\fake\2523.jpg,,fake
E:\Project\Fake News Detection\images\fake\2527.jpg,images_normalized\fake\2527.jpg,,fake
E:\Project\Fake News Detection\images\fake\2552.jpg,images_normalized\fake\2552.jpg,,fake
E:\Project\Fake News Detection\images\fake\256.jpg,images_normalized\fake\256.jpg,,fake
E:\Project\Fake News Detection\images\fake\257.jpg,images_normalized\fake\257.jpg,,fake
E:\Project\Fake News Detection\images\fake\2588.jpg,images_normalized\fake\2588.jpg,,fake
E:\Project\Fake News Detection\images\fake\2590.jpg,images_normalized\fake\2590.jpg,,fake
E:\Project\Fake News Detection\images\fake\260.jpg,images_normalized\fake\260.jpg,,fake
E:\Project\Fake News Detection\images\fake\261.jpg,images_normalized\fake\261.jpg,,fake
E:\Project\Fake News Detection\images\fake\2621.jpg,images_normalized\fake\2621.jpg,,fake
E:\Project\Fake News Detection\images\fake\2623.jpg,images_normalized\fake\2623.jpg,,fake
E:\Project\Fake News Detection\images\fake\263.jpg,images_normalized\fake\263.jpg,,fake
E:\Project\Fake News Detection\images\fake\265.jpg,images_normalized\fake\265.jpg,,fake
E:\Project\Fake News Detection\images\fake\2650.jpg,images_normalized\fake\2650.jpg,,fake
E:\Project\Fake News Detection\images\fake\2656.jpg,images_normalized\fake\2656.jpg,,fake
E:\Project\Fake News Detection\images\fake\2662.jpg,images_normalized\fake\2662.jpg,,fake
E:\Project\Fake News Detection\images\fake\2669.jpg,images_normalized\fake\2669.jpg,,fake
E:\Project\Fake News Detection\images\fake\2674.jpg,images_normalized\fake\2674.jpg,,fake
E:\Project\Fake News Detection\images\fake\2679.jpg,images_normalized\fake\2679.jpg,,fake
E:\Project\Fake News Detection\images\fake\2682.jpg,images_normalized\fake\2682.jpg,,fake
E:\Project\Fake News Detection\images\fake\2685.jpg,images_normalized\fake\2685.jpg,,fake
E:\Project\Fake News Detection\images\fake\2686.jpg,images_normalized\fake\2686.jpg,,fake
E:\Project\Fake News Detection\images\fake\2707.jpg,images_normalized\fake\2707.jpg,,fake
E:\Project\Fake News Detection\images\fake\271.jpg,images_normalized\fake\271.jpg,,fake
E:\Project\Fake News Detection\images\fake\2713.jpg,images_normalized\fake\2713.jpg,,fake
E:\Project\Fake News Detection\images\fake\2719.jpg,images_normalized\fake\2719.jpg,,fake
E:\Project\Fake News Detection\images\fake\2729.jpg,images_normalized\fake\2729.jpg,,fake
E:\Project\Fake News Detection\images\fake\2737.jpg,images_normalized\fake\2737.jpg,,fake
E:\Project\Fake News Detection\images\fake\2749.jpg,images_normalized\fake\2749.jpg,,fake
E:\Project\Fake News Detection\images\fake\275.jpg,images_normalized\fake\275.jpg,,fake
E:\Project\Fake News Detection\images\fake\2750.jpg,images_normalized\fake\2750.jpg,,fake
E:\Project\Fake News Detection\images\fake\2760.jpg,images_normalized\fake\2760.jpg,,fake
E:\Project\Fake News Detection\images\fake\2764.jpg,images_normalized\fake\2764.jpg,,fake
E:\Project\Fake News Detection\images\fake\2767.jpg,images_normalized\fake\2767.jpg,,fake
E:\Project\Fake News Detection\images\fake\2774.jpg,images_normalized\fake\2774.jpg,,fake
E:\Project\Fake News Detection\images\fake\2780.jpg,images_normalized\fake\2780.jpg,,fake
E:\Project\Fake News Detection\images\fake\2786.jpg,images_normalized\fake\2786.jpg,,fake
E:\Project\Fake News Detection\images\fake\2787.jpg,images_normalized\fake\2787.jpg,,fake
E:\Project\Fake News Detection\images\fake\279.jpg,images_normalized\fake\279.jpg,,fake
E:\Project\Fake News Detection\images\fake\2797.jpg,images_normalized\fake\2797.jpg,,fake
E:\Project\Fake News Detection\images\fake\2803.jpg,images_normalized\fake\2803.jpg,,fake
E:\Project\Fake News Detection\images\fake\2807.jpg,images_normalized\fake\2807.jpg,,fake
E:\Project\Fake News Detection\images\fake\2814.jpg,images_normalized\fake\2814.jpg,,fake
E:\Project\Fake News Detection\images\fake\2817.jpg,images_normalized\fake\2817.jpg,,fake
E:\Project\Fake News Detection\images\fake\2818.jpg,images_normalized\fake\2818.jpg,,fake
E:\Project\Fake News Detection\images\fake\2826.jpg,images_normalized\fake\2826.jpg,,fake
E:\Project\Fake News Detection\images\fake\2834.jpg,images_normalized\fake\2834.jpg,,fake
E:\Project\Fake News Detection\images\fake\2837.jpg,images_normalized\fake\2837.jpg,,fake
E:\Project\Fake News Detection\images\fake\2844.jpg,images_normalized\fake\2844.jpg,,fake
E:\Project\Fake News Detection\images\fake\2850.jpg,images_normalized\fake\2850.jpg,,fake
E:\Project\Fake News Detection\images\fake\2852.jpg,images_normalized\fake\2852.jpg,,fake
E:\Project\Fake News Detection\images\fake\286.jpg,images_normalized\fake\286.jpg,,fake
E:\Project\Fake News Detection\images\fake\2863.jpg,images_normalized\fake\2863.jpg,,fake
E:\Project\Fake News Detection\images\fake\287.jpg,images_normalized\fake\287.jpg,,fake
E:\Project\Fake News Detection\images\fake\2870.jpg,images_normalized\fake\2870.jpg,,fake
E:\Project\Fake News Detection\images\fake\2872.jpg,images_normalized\fake\2872.jpg,,fake
E:\Project\Fake News Detection\images\fake\2882.jpg,images_normalized\fake\2882.jpg,,fake
E:\Project\Fake News Detection\images\fake\2884.jpg,images_normalized\fake\2884.jpg,,fake
E:\Project\Fake News Detection\images\fake\2894.jpg,images_normalized\fake\2894.jpg,,fake
E:\Project\Fake News Detection\images\fake\2896.jpg,images_normalized\fake\2896.jpg,,fake
E:\Project\Fake News Detection\images\fake\2900.jpg,images_normalized\fake\2900.jpg,,fake
E:\Project\Fake News Detection\images\fake\2904.jpg,images_normalized\fake\2904.jpg,,fake
E:\Project\Fake News Detection\images\fake\2907.jpg,images_normalized\fake\2907.jpg,,fake
E:\Project\Fake News Detection\images\fake\2915.jpg,images_normalized\fake\2915.jpg,,fake
E:\Project\Fake News Detection\images\fake\2927.jpg,images_normalized\fake\2927.jpg,,fake
E:\Project\Fake News Detection\images\fake\2933.jpg,images_normalized\fake\2933.jpg,,fake
E:\Project\Fake News Detection\images\fake\2937.jpg,images_normalized\fake\2937.jpg,,fake
E:\Project\Fake News Detection\images\fake\2940.jpg,images_normalized\fake\2940.jpg,,fake
E:\Project\Fake News Detection\images\fake\2941.jpg,images_normalized\fake\2941.jpg,,fake
E:\Project\Fake News Detection\images\fake\2944.jpg,images_normalized\fake\2944.jpg,,fake
E:\Project\Fake News Detection\images\fake\295.jpg,images_normalized\fake\295.jpg,,fake
E:\Project\Fake News Detection\images\fake\2950.jpg,images_normalized\fake\2950.jpg,,fake
E:\Project\Fake News Detection\images\fake\2953.jpg,images_normalized\fake\2953.jpg,,fake
E:\Project\Fake News Detection\images\fake\2958.jpg,images_normalized\fake\2958.jpg,,fake
E:\Project\Fake News Detection\images\fake\2959.jpg,images_normalized\fake\2959.jpg,,fake
E:\Project\Fake News Detection\images\fake\296.jpg,images_normalized\fake\296.jpg,,fake
E:\Project\Fake News Detection\images\fake\2966.jpg,images_normalized\fake\2966.jpg,,fake
E:\Project\Fake News Detection\images\fake\297.jpg,images_normalized\fake\297.jpg,,fake
E:\Project\Fake News Detection\images\fake\2974.jpg,images_normalized\fake\2974.jpg,,fake
E:\Project\Fake News Detection\images\fake\2975.jpg,images_normalized\fake\2975.jpg,,fake
E:\Project\Fake News Detection\images\fake\2976.jpg,images_normalized\fake\2976.jpg,,fake
E:\Project\Fake News Detection\images\fake\298.jpg,images_normalized\fake\298.jpg,,fake
E:\Project\Fake News Detection\images\fake\2981.jpg,images_normalized\fake\2981.jpg,,fake
E:\Project\Fake News Detection\images\fake\2989.jpg,images_normalized\fake\2989.jpg,,fake
E:\Project\Fake News Detection\images\fake\2996.jpg,images_normalized\fake\2996.jpg,,fake
E:\Project\Fake News Detection\images\fake\2998.jpg,images_normalized\fake\2998.jpg,,fake
E:\Project\Fake News Detection\images\fake\2999.jpg,images_normalized\fake\2999.jpg,,fake
E:\Project\Fake News Detection\images\fake\300.jpg,images_normalized\fake\300.jpg,,fake
E:\Project\Fake News Detection\images\fake\3001.jpg,images_normalized\fake\3001.jpg,,fake
E:\Project\Fake News Detection\images\fake\3005.jpg,images_normalized\fake\3005.jpg,,fake
E:\Project\Fake News Detection\images\fake\3008.jpg,images_normalized\fake\3008.jpg,,fake
E:\Project\Fake News Detection\images\fake\3016.jpg,images_normalized\fake\3016.jpg,,fake
E:\Project\Fake News Detection\images\fake\3023.jpg,images_normalized\fake\3023.jpg,,fake
E:\Project\Fake News Detection\images\fake\3026.jpg,images_normalized\fake\3026.jpg,,fake
E:\Project\Fake News Detection\images\fake\3032.jpg,images_normalized\fake\3032.jpg,,fake
E:\Project\Fake News Detection\images\fake\3034.jpg,images_normalized\fake\3034.jpg,,fake
E:\Project\Fake News Detection\images\fake\3040.jpg,images_normalized\fake\3040.jpg,,fake
E:\Project\Fake News Detection\images\fake\3041.jpg,images_normalized\fake\3041.jpg,,fake
E:\Project\Fake News Detection\images\fake\3042.jpg,images_normalized\fake\3042.jpg,,fake
E:\Project\Fake News Detection\images\fake\3043.jpg,images_normalized\fake\3043.jpg,,fake
E:\Project\Fake News Detection\images\fake\3044.jpg,images_normalized\fake\3044.jpg,,fake
E:\Project\Fake News Detection\images\fake\3047.jpg,images_normalized\fake\3047.jpg,,fake
E:\Project\Fake News Detection\images\fake\3049.jpg,images_normalized\fake\3049.jpg,,fake
E:\Project\Fake News Detection\images\fake\305.jpg,images_normalized\fake\305.jpg,,fake
E:\Project\Fake News Detection\images\fake\3050.jpg,images_normalized\fake\3050.jpg,,fake
E:\Project\Fake News Detection\images\fake\3051.jpg,images_normalized\fake\3051.jpg,,fake
E:\Project\Fake News Detection\images\fake\3056.jpg,images_normalized\fake\3056.jpg,,fake
E:\Project\Fake News Detection\images\fake\3068.jpg,images_normalized\fake\3068.jpg,,fake
E:\Project\Fake News Detection\images\fake\3072.jpg,images_normalized\fake\3072.jpg,,fake
E:\Project\Fake News Detection\images\fake\3076.jpg,images_normalized\fake\3076.jpg,,fake
E:\Project\Fake News Detection\images\fake\3081.jpg,images_normalized\fake\3081.jpg,,fake
E:\Project\Fake News Detection\images\fake\3092.jpg,images_normalized\fake\3092.jpg,,fake
E:\Project\Fake News Detection\images\fake\31.jpg,images_normalized\fake\31.jpg,,fake
E:\Project\Fake News Detection\images\fake\3102.jpg,images_normalized\fake\3102.jpg,,fake
E:\Project\Fake News Detection\images\fake\3123.jpg,images_normalized\fake\3123.jpg,,fake
E:\Project\Fake News Detection\images\fake\3127.jpg,images_normalized\fake\3127.jpg,,fake
E:\Project\Fake News Detection\images\fake\3129.jpg,images_normalized\fake\3129.jpg,,fake
E:\Project\Fake News Detection\images\fake\3132.jpg,images_normalized\fake\3132.jpg,,fake
E:\Project\Fake News Detection\images\fake\3134.jpg,images_normalized\fake\3134.jpg,,fake
E:\Project\Fake News Detection\images\fake\3139.jpg,images_normalized\fake\3139.jpg,,fake
E:\Project\Fake News Detection\images\fake\314.jpg,images_normalized\fake\314.jpg,,fake
E:\Project\Fake News Detection\images\fake\3140.jpg,images_normalized\fake\3140.jpg,,fake
E:\Project\Fake News Detection\images\fake\3146.jpg,images_normalized\fake\3146.jpg,,fake
E:\Project\Fake News Detection\images\fake\3167.jpg,images_normalized\fake\3167.jpg,,fake
E:\Project\Fake News Detection\images\fake\3168.jpg,images_normalized\fake\3168.jpg,,fake
E:\Project\Fake News Detection\images\fake\317.jpg,images_normalized\fake\317.jpg,,fake
E:\Project\Fake News Detection\images\fake\3176.jpg,images_normalized\fake\3176.jpg,,fake
E:\Project\Fake News Detection\images\fake\3181.jpg,images_normalized\fake\3181.jpg,,fake
E:\Project\Fake News Detection\images\fake\3192.jpg,images_normalized\fake\3192.jpg,,fake
E:\Project\Fake News Detection\images\fake\3193.jpg,images_normalized\fake\3193.jpg,,fake
E:\Project\Fake News Detection\images\fake\320.jpg,images_normalized\fake\320.jpg,,fake
E:\Project\Fake News Detection\images\fake\3204.jpg,images_normalized\fake\3204.jpg,,fake
E:\Project\Fake News Detection\images\fake\3208.jpg,images_normalized\fake\3208.jpg,,fake
E:\Project\Fake News Detection\images\fake\3214.jpg,images_normalized\fake\3214.jpg,,fake
E:\Project\Fake News Detection\images\fake\3223.jpg,images_normalized\fake\3223.jpg,,fake
E:\Project\Fake News Detection\images\fake\3227.jpg,images_normalized\fake\3227.jpg,,fake
E:\Project\Fake News Detection\images\fake\3238.jpg,images_normalized\fake\3238.jpg,,fake
E:\Project\Fake News Detection\images\fake\3239.jpg,images_normalized\fake\3239.jpg,,fake
E:\Project\Fake News Detection\images\fake\324.jpg,images_normalized\fake\324.jpg,,fake
E:\Project\Fake News Detection\images\fake\3242.jpg,images_normalized\fake\3242.jpg,,fake
E:\Project\Fake News Detection\images\fake\3243.jpg,images_normalized\fake\3243.jpg,,fake
E:\Project\Fake News Detection\images\fake\3245.jpg,images_normalized\fake\3245.jpg,,fake
E:\Project\Fake News Detection\images\fake\3246.jpg,images_normalized\fake\3246.jpg,,fake
E:\Project\Fake News Detection\images\fake\3255.jpg,images_normalized\fake\3255.jpg,,fake
E:\Project\Fake News Detection\images\fake\3261.jpg,images_normalized\fake\3261.jpg,,fake
E:\Project\Fake News Detection\images\fake\3269.jpg,images_normalized\fake\3269.jpg,,fake
E:\Project\Fake News Detection\images\fake\3275.jpg,images_normalized\fake\3275.jpg,,fake
E:\Project\Fake News Detection\images\fake\3277.jpg,images_normalized\fake\3277.jpg,,fake
E:\Project\Fake News Detection\images\fake\3278.jpg,images_normalized\fake\3278.jpg,,fake
E:\Project\Fake News Detection\images\fake\3281.jpg,images_normalized\fake\3281.jpg,,fake
E:\Project\Fake News Detection\images\fake\3288.jpg,images_normalized\fake\3288.jpg,,fake
E:\Project\Fake News Detection\images\fake\3289.jpg,images_normalized\fake\3289.jpg,,fake
E:\Project\Fake News Detection\images\fake\3294.jpg,images_normalized\fake\3294.jpg,,fake
E:\Project\Fake News Detection\images\fake\3295.jpg,images_normalized\fake\3295.jpg,,fake
E:\Project\Fake News Detection\images\fake\3299.jpg,images_normalized\fake\3299.jpg,,fake
E:\Project\Fake News Detection\images\fake\3301.jpg,images_normalized\fake\3301.jpg,,fake
E:\Project\Fake News Detection\images\fake\3303.jpg,images_normalized\fake\3303.jpg,,fake
E:\Project\Fake News Detection\images\fake\3305.jpg,images_normalized\fake\3305.jpg,,fake
E:\Project\Fake News Detection\images\fake\3315.jpg,images_normalized\fake\3315.jpg,,fake
E:\Project\Fake News Detection\images\fake\3320.jpg,images_normalized\fake\3320.jpg,,fake
E:\Project\Fake News Detection\images\fake\3321.jpg,images_normalized\fake\3321.jpg,,fake
E:\Project\Fake News Detection\images\fake\3332.jpg,images_normalized\fake\3332.jpg,,fake
E:\Project\Fake News Detection\images\fake\3335.jpg,images_normalized\fake\3335.jpg,,fake
E:\Project\Fake News Detection\images\fake\3346.jpg,images_normalized\fake\3346.jpg,,fake
E:\Project\Fake News Detection\images\fake\3350.jpg,images_normalized\fake\3350.jpg,,fake
E:\Project\Fake News Detection\images\fake\3360.jpg,images_normalized\fake\3360.jpg,,fake
E:\Project\Fake News Detection\images\fake\3368.jpg,images_normalized\fake\3368.jpg,,fake
E:\Project\Fake News Detection\images\fake\3369.jpg,images_normalized\fake\3369.jpg,,fake
E:\Project\Fake News Detection\images\fake\3382.jpg,images_normalized\fake\3382.jpg,,fake
E:\Project\Fake News Detection\images\fake\3383.jpg,images_normalized\fake\3383.jpg,,fake
E:\Project\Fake News Detection\images\fake\3386.jpg,images_normalized\fake\3386.jpg,,fake
E:\Project\Fake News Detection\images\fake\3390.jpg,images_normalized\fake\3390.jpg,,fake
E:\Project\Fake News Detection\images\fake\3395.jpg,images_normalized\fake\3395.jpg,,fake
E:\Project\Fake News Detection\images\fake\3396.jpg,images_normalized\fake\3396.jpg,,fake
E:\Project\Fake News Detection\images\fake\3399.jpg,images_normalized\fake\3399.jpg,,fake
E:\Project\Fake News Detection\images\fake\3401.jpg,images_normalized\fake\3401.jpg,,fake
E:\Project\Fake News Detection\images\fake\3403.jpg,images_normalized\fake\3403.jpg,,fake
E:\Project\Fake News Detection\images\fake\3415.jpg,images_normalized\fake\3415.jpg,,fake
E:\Project\Fake News Detection\images\fake\3416.jpg,images_normalized\fake\3416.jpg,,fake
E:\Project\Fake News Detection\images\fake\342.jpg,images_normalized\fake\342.jpg,,fake
E:\Project\Fake News Detection\images\fake\3420.jpg,images_normalized\fake\3420.jpg,,fake
E:\Project\Fake News Detection\images\fake\3428.jpg,images_normalized\fake\3428.jpg,,fake
E:\Project\Fake News Detection\images\fake\3429.jpg,images_normalized\fake\3429.jpg,,fake
E:\Project\Fake News Detection\images\fake\343.jpg,images_normalized\fake\343.jpg,,fake
E:\Project\Fake News Detection\images\fake\3430.jpg,images_normalized\fake\3430.jpg,,fake
E:\Project\Fake News Detection\images\fake\3436.jpg,images_normalized\fake\3436.jpg,,fake
E:\Project\Fake News Detection\images\fake\3439.jpg,images_normalized\fake\3439.jpg,,fake
E:\Project\Fake News Detection\images\fake\3443.jpg,images_normalized\fake\3443.jpg,,fake
E:\Project\Fake News Detection\images\fake\3444.jpg,images_normalized\fake\3444.jpg,,fake
E:\Project\Fake News Detection\images\fake\3446.jpg,images_normalized\fake\3446.jpg,,fake
E:\Project\Fake News Detection\images\fake\3449.jpg,images_normalized\fake\3449.jpg,,fake
E:\Project\Fake News Detection\images\fake\3476.jpg,images_normalized\fake\3476.jpg,,fake
E:\Project\Fake News Detection\images\fake\348.jpg,images_normalized\fake\348.jpg,,fake
E:\Project\Fake News Detection\images\fake\3482.jpg,images_normalized\fake\3482.jpg,,fake
E:\Project\Fake News Detection\images\fake\3492.jpg,images_normalized\fake\3492.jpg,,fake
E:\Project\Fake News Detection\images\fake\350.jpg,images_normalized\fake\350.jpg,,fake
E:\Project\Fake News Detection\images\fake\351.jpg,images_normalized\fake\351.jpg,,fake
E:\Project\Fake News Detection\images\fake\352.jpg,images_normalized\fake\352.jpg,,fake
E:\Project\Fake News Detection\images\fake\3521.jpg,images_normalized\fake\3521.jpg,,fake
E:\Project\Fake News Detection\images\fake\3535.jpg,images_normalized\fake\3535.jpg,,fake
E:\Project\Fake News Detection\images\fake\3536.jpg,images_normalized\fake\3536.jpg,,fake
E:\Project\Fake News Detection\images\fake\3539.jpg,images_normalized\fake\3539.jpg,,fake
E:\Project\Fake News Detection\images\fake\3556.jpg,images_normalized\fake\3556.jpg,,fake
E:\Project\Fake News Detection\images\fake\3558.jpg,images_normalized\fake\3558.jpg,,fake
E:\Project\Fake News Detection\images\fake\356.jpg,images_normalized\fake\356.jpg,,fake
E:\Project\Fake News Detection\images\fake\3562.jpg,images_normalized\fake\3562.jpg,,fake
E:\Project\Fake News Detection\images\fake\3568.jpg,images_normalized\fake\3568.jpg,,fake
E:\Project\Fake News Detection\images\fake\3570.jpg,images_normalized\fake\3570.jpg,,fake
E:\Project\Fake News Detection\images\fake\359.jpg,images_normalized\fake\359.jpg,,fake
E:\Project\Fake News Detection\images\fake\36.jpg,images_normalized\fake\36.jpg,,fake
E:\Project\Fake News Detection\images\fake\3601.jpg,images_normalized\fake\3601.jpg,,fake
E:\Project\Fake News Detection\images\fake\3615.jpg,images_normalized\fake\3615.jpg,,fake
E:\Project\Fake News Detection\images\fake\3616.jpg,images_normalized\fake\3616.jpg,,fake
E:\Project\Fake News Detection\images\fake\3619.jpg,images_normalized\fake\3619.jpg,,fake
E:\Project\Fake News Detection\images\fake\362.jpg,images_normalized\fake\362.jpg,,fake
E:\Project\Fake News Detection\images\fake\3636.jpg,images_normalized\fake\3636.jpg,,fake
E:\Project\Fake News Detection\images\fake\3638.jpg,images_normalized\fake\3638.jpg,,fake
E:\Project\Fake News Detection\images\fake\3642.jpg,images_normalized\fake\3642.jpg,,fake
E:\Project\Fake News Detection\images\fake\3648.jpg,images_normalized\fake\3648.jpg,,fake
E:\Project\Fake News Detection\images\fake\3650.jpg,images_normalized\fake\3650.jpg,,fake
E:\Project\Fake News Detection\images\fake\366.jpg,images_normalized\fake\366.jpg,,fake
E:\Project\Fake News Detection\images\fake\3681.jpg,images_normalized\fake\3681.jpg,,fake
E:\Project\Fake News Detection\images\fake\3695.jpg,images_normalized\fake\3695.jpg,,fake
E:\Project\Fake News Detection\images\fake\3696.jpg,images_normalized\fake\3696.jpg,,fake
E:\Project\Fake News Detection\images\fake\3699.jpg,images_normalized\fake\3699.jpg,,fake
E:\Project\Fake News Detection\images\fake\3716.jpg,images_normalized\fake\3716.jpg,,fake
E:\Project\Fake News Detection\images\fake\3718.jpg,images_normalized\fake\3718.jpg,,fake
E:\Project\Fake News Detection\images\fake\3722.jpg,images_normalized\fake\3722.jpg,,fake
E:\Project\Fake News Detection\images\fake\3728.jpg,images_normalized\fake\3728.jpg,,fake
E:\Project\Fake News Detection\images\fake\3730.jpg,images_normalized\fake\3730.jpg,,fake
E:\Project\Fake News Detection\images\fake\375.jpg,images_normalized\fake\375.jpg,,fake
E:\Project\Fake News Detection\images\fake\376.jpg,images_normalized\fake\376.jpg,,fake
E:\Project\Fake News Detection\images\fake\3761.jpg,images_normalized\fake\3761.jpg,,fake
E:\Project\Fake News Detection\images\fake\3775.jpg,images_normalized\fake\3775.jpg,,fake
E:\Project\Fake News Detection\images\fake\3776.jpg,images_normalized\fake\3776.jpg,,fake
E:\Project\Fake News Detection\images\fake\3779.jpg,images_normalized\fake\3779.jpg,,fake
E:\Project\Fake News Detection\images\fake\3796.jpg,images_normalized\fake\3796.jpg,,fake
E:\Project\Fake News Detection\images\fake\3798.jpg,images_normalized\fake\3798.jpg,,fake
E:\Project\Fake News Detection\images\fake\3802.jpg,images_normalized\fake\3802.jpg,,fake
E:\Project\Fake News Detection\images\fake\3808.jpg,images_normalized\fake\3808.jpg,,fake
E:\Project\Fake News Detection\images\fake\3810.jpg,images_normalized\fake\3810.jpg,,fake
E:\Project\Fake News Detection\images\fake\382.jpg,images_normalized\fake\382.jpg,,fake
E:\Project\Fake News Detection\images\fake\3841.jpg,images_normalized\fake\3841.jpg,,fake
E:\Project\Fake News Detection\images\fake\385.jpg,images_normalized\fake\385.jpg,,fake
E:\Project\Fake News Detection\images\fake\3855.jpg,images_normalized\fake\3855.jpg,,fake
E:\Project\Fake News Detection\images\fake\3856.jpg,images_normalized\fake\3856.jpg,,fake
E:\Project\Fake News Detection\images\fake\3859.jpg,images_normalized\fake\3859.jpg,,fake
E:\Project\Fake News Detection\images\fake\387.jpg,images_normalized\fake\387.jpg,,fake
E:\Project\Fake News Detection\images\fake\3876.jpg,images_normalized\fake\3876.jpg,,fake
E:\Project\Fake News Detection\images\fake\3878.jpg,images_normalized\fake\3878.jpg,,fake
E:\Project\Fake News Detection\images\fake\3882.jpg,images_normalized\fake\3882.jpg,,fake
E:\Project\Fake News Detection\images\fake\3888.jpg,images_normalized\fake\3888.jpg,,fake
E:\Project\Fake News Detection\images\fake\3890.jpg,images_normalized\fake\3890.jpg,,fake
E:\Project\Fake News Detection\images\fake\39.jpg,images_normalized\fake\39.jpg,,fake
E:\Project\Fake News Detection\images\fake\392.jpg,images_normalized\fake\392.jpg,,fake
E:\Project\Fake News Detection\images\fake\3921.jpg,images_normalized\fake\3921.jpg,,fake
E:\Project\Fake News Detection\images\fake\3935.jpg,images_normalized\fake\3935.jpg,,fake
E:\Project\Fake News Detection\images\fake\3936.jpg,images_normalized\fake\3936.jpg,,fake
E:\Project\Fake News Detection\images\fake\3939.jpg,images_normalized\fake\3939.jpg,,fake
E:\Project\Fake News Detection\images\fake\3956.jpg,images_normalized\fake\3956.jpg,,fake
E:\Project\Fake News Detection\images\fake\3958.jpg,images_normalized\fake\3958.jpg,,fake
E:\Project\Fake News Detection\images\fake\3962.jpg,images_normalized\fake\3962.jpg,,fake
E:\Project\Fake News Detection\images\fake\3968.jpg,images_normalized\fake\3968.jpg,,fake
E:\Project\Fake News Detection\images\fake\3970.jpg,images_normalized\fake\3970.jpg,,fake
E:\Project\Fake News Detection\images\fake\4.jpg,images_normalized\fake\4.jpg,,fake
E:\Project\Fake News Detection\images\fake\4001.jpg,images_normalized\fake\4001.jpg,,fake
E:\Project\Fake News Detection\images\fake\4015.jpg,images_normalized\fake\4015.jpg,,fake
E:\Project\Fake News Detection\images\fake\4016.jpg,images_normalized\fake\4016.jpg,,fake
E:\Project\Fake News Detection\images\fake\4019.jpg,images_normalized\fake\4019.jpg,,fake
E:\Project\Fake News Detection\images\fake\4036.jpg,images_normalized\fake\4036.jpg,,fake
E:\Project\Fake News Detection\images\fake\4038.jpg,images_normalized\fake\4038.jpg,,fake
E:\Project\Fake News Detection\images\fake\404.jpg,images_normalized\fake\404.jpg,,fake
E:\Project\Fake News Detection\images\fake\4042.jpg,images_normalized\fake\4042.jpg,,fake
E:\Project\Fake News Detection\images\fake\4048.jpg,images_normalized\fake\4048.jpg,,fake
E:\Project\Fake News Detection\images\fake\4050.jpg,images_normalized\fake\4050.jpg,,fake
E:\Project\Fake News Detection\images\fake\4081.jpg,images_normalized\fake\4081.jpg,,fake
E:\Project\Fake News Detection\images\fake\4095.jpg,images_normalized\fake\4095.jpg,,fake
E:\Project\Fake News Detection\images\fake\4096.jpg,images_normalized\fake\4096.jpg,,fake
E:\Project\Fake News Detection\images\fake\4099.jpg,images_normalized\fake\4099.jpg,,fake
E:\Project\Fake News Detection\images\fake\41.jpg,images_normalized\fake\41.jpg,,fake
E:\Project\Fake News Detection\images\fake\410.jpg,images_normalized\fake\410.jpg,,fake
E:\Project\Fake News Detection\images\fake\4116.jpg,images_normalized\fake\4116.jpg,,fake
E:\Project\Fake News Detection\images\fake\4118.jpg,images_normalized\fake\4118.jpg,,fake
E:\Project\Fake News Detection\images\fake\412.jpg,images_normalized\fake\412.jpg,,fake
E:\Project\Fake News Detection\images\fake\4122.jpg,images_normalized\fake\4122.jpg,,fake
E:\Project\Fake News Detection\images\fake\4128.jpg,images_normalized\fake\4128.jpg,,fake
E:\Project\Fake News Detection\images\fake\4130.jpg,images_normalized\fake\4130.jpg,,fake
E:\Project\Fake News Detection\images\fake\4161.jpg,images_normalized\fake\4161.jpg,,fake
E:\Project\Fake News Detection\images\fake\4175.jpg,images_normalized\fake\4175.jpg,,fake
E:\Project\Fake News Detection\images\fake\4176.jpg,images_normalized\fake\4176.jpg,,fake
E:\Project\Fake News Detection\images\fake\4179.jpg,images_normalized\fake\4179.jpg,,fake
E:\Project\Fake News Detection\images\fake\419.jpg,images_normalized\fake\419.jpg,,fake
E:\Project\Fake News Detection\images\fake\4196.jpg,images_normalized\fake\4196.jpg,,fake
E:\Project\Fake News Detection\images\fake\4198.jpg,images_normalized\fake\4198.jpg,,fake
E:\Project\Fake News Detection\images\fake\4202.jpg,images_normalized\fake\4202.jpg,,fake
E:\Project\Fake News Detection\images\fake\4208.jpg,images_normalized\fake\4208.jpg,,fake
E:\Project\Fake News Detection\images\fake\4210.jpg,images_normalized\fake\4210.jpg,,fake
E:\Project\Fake News Detection\images\fake\422.jpg,images_normalized\fake\422.jpg,,fake
E:\Project\Fake News Detection\images\fake\4241.jpg,images_normalized\fake\4241.jpg,,fake
E:\Project\Fake News Detection\images\fake\4255.jpg,images_normalized\fake\4255.jpg,,fake
E:\Project\Fake News Detection\images\fake\4256.jpg,images_normalized\fake\4256.jpg,,fake
E:\Project\Fake News Detection\images\fake\4259.jpg,images_normalized\fake\4259.jpg,,fake
E:\Project\Fake News Detection\images\fake\4276.jpg,images_normalized\fake\4276.jpg,,fake
E:\Project\Fake News Detection\images\fake\4278.jpg,images_normalized\fake\4278.jpg,,fake
E:\Project\Fake News Detection\images\fake\428.jpg,images_normalized\fake\428.jpg,,fake
E:\Project\Fake News Detection\images\fake\4282.jpg,images_normalized\fake\4282.jpg,,fake
E:\Project\Fake News Detection\images\fake\4288.jpg,images_normalized\fake\4288.jpg,,fake
E:\Project\Fake News Detection\images\fake\429.jpg,images_normalized\fake\429.jpg,,fake
E:\Project\Fake News Detection\images\fake\4290.jpg,images_normalized\fake\4290.jpg,,fake
E:\Project\Fake News Detection\images\fake\430.jpg,images_normalized\fake\430.jpg,,fake
E:\Project\Fake News Detection\images\fake\4321.jpg,images_normalized\fake\4321.jpg,,fake
E:\Project\Fake News Detection\images\fake\4335.jpg,images_normalized\fake\4335.jpg,,fake
E:\Project\Fake News Detection\images\fake\4336.jpg,images_normalized\fake\4336.jpg,,fake
E:\Project\Fake News Detection\images\fake\4339.jpg,images_normalized\fake\4339.jpg,,fake
E:\Project\Fake News Detection\images\fake\435.jpg,images_normalized\fake\435.jpg,,fake
E:\Project\Fake News Detection\images\fake\4356.jpg,images_normalized\fake\4356.jpg,,fake
E:\Project\Fake News Detection\images\fake\4358.jpg,images_normalized\fake\4358.jpg,,fake
E:\Project\Fake News Detection\images\fake\4362.jpg,images_normalized\fake\4362.jpg,,fake
E:\Project\Fake News Detection\images\fake\4368.jpg,images_normalized\fake\4368.jpg,,fake
E:\Project\Fake News Detection\images\fake\4370.jpg,images_normalized\fake\4370.jpg,,fake
E:\Project\Fake News Detection\images\fake\4402.jpg,images_normalized\fake\4402.jpg,,fake
E:\Project\Fake News Detection\images\fake\4419.jpg,images_normalized\fake\4419.jpg,,fake
E:\Project\Fake News Detection\images\fake\442.jpg,images_normalized\fake\442.jpg,,fake
E:\Project\Fake News Detection\images\fake\443.jpg,images_normalized\fake\443.jpg,,fake
E:\Project\Fake News Detection\images\fake\446.jpg,images_normalized\fake\446.jpg,,fake
E:\Project\Fake News Detection\images\fake\4484.jpg,images_normalized\fake\4484.jpg,,fake
E:\Project\Fake News Detection\images\fake\4487.jpg,images_normalized\fake\4487.jpg,,fake
E:\Project\Fake News Detection\images\fake\4494.jpg,images_normalized\fake\4494.jpg,,fake
E:\Project\Fake News Detection\images\fake\4496.jpg,images_normalized\fake\4496.jpg,,fake
E:\Project\Fake News Detection\images\fake\4502.jpg,images_normalized\fake\4502.jpg,,fake
E:\Project\Fake News Detection\images\fake\4508.jpg,images_normalized\fake\4508.jpg,,fake
E:\Project\Fake News Detection\images\fake\4510.jpg,images_normalized\fake\4510.jpg,,fake
E:\Project\Fake News Detection\images\fake\4520.jpg,images_normalized\fake\4520.jpg,,fake
E:\Project\Fake News Detection\images\fake\4521.jpg,images_normalized\fake\4521.jpg,,fake
E:\Project\Fake News Detection\images\fake\4527.jpg,images_normalized\fake\4527.jpg,,fake
E:\Project\Fake News Detection\images\fake\4529.jpg,images_normalized\fake\4529.jpg,,fake
E:\Project\Fake News Detection\images\fake\453.jpg,images_normalized\fake\453.jpg,,fake
E:\Project\Fake News Detection\images\fake\4534.jpg,images_normalized\fake\4534.jpg,,fake
E:\Project\Fake News Detection\images\fake\4535.jpg,images_normalized\fake\4535.jpg,,fake
E:\Project\Fake News Detection\images\fake\4545.jpg,images_normalized\fake\4545.jpg,,fake
E:\Project\Fake News Detection\images\fake\455.jpg,images_normalized\fake\455.jpg,,fake
E:\Project\Fake News Detection\images\fake\4552.jpg,images_normalized\fake\4552.jpg,,fake
E:\Project\Fake News Detection\images\fake\456.jpg,images_normalized\fake\456.jpg,,fake
E:\Project\Fake News Detection\images\fake\4570.jpg,images_normalized\fake\4570.jpg,,fake
E:\Project\Fake News Detection\images\fake\4594.jpg,images_normalized\fake\4594.jpg,,fake
E:\Project\Fake News Detection\images\fake\4647.jpg,images_normalized\fake\4647.jpg,,fake
E:\Project\Fake News Detection\images\fake\4648.jpg,images_normalized\fake\4648.jpg,,fake
E:\Project\Fake News Detection\images\fake\4702.jpg,images_normalized\fake\4702.jpg,,fake
E:\Project\Fake News Detection\images\fake\4729.jpg,images_normalized\fake\4729.jpg,,fake
E:\Project\Fake News Detection\images\fake\473.jpg,images_normalized\fake\473.jpg,,fake
E:\Project\Fake News Detection\images\fake\4733.jpg,images_normalized\fake\4733.jpg,,fake
E:\Project\Fake News Detection\images\fake\4742.jpg,images_normalized\fake\4742.jpg,,fake
E:\Project\Fake News Detection\images\fake\4750.jpg,images_normalized\fake\4750.jpg,,fake
E:\Project\Fake News Detection\images\fake\4768.jpg,images_normalized\fake\4768.jpg,,fake
E:\Project\Fake News Detection\images\fake\4783.jpg,images_normalized\fake\4783.jpg,,fake
E:\Project\Fake News Detection\images\fake\4787.jpg,images_normalized\fake\4787.jpg,,fake
E:\Project\Fake News Detection\images\fake\479.jpg,images_normalized\fake\479.jpg,,fake
E:\Project\Fake News Detection\images\fake\4807.jpg,images_normalized\fake\4807.jpg,,fake
E:\Project\Fake News Detection\images\fake\4817.jpg,images_normalized\fake\4817.jpg,,fake
E:\Project\Fake News Detection\images\fake\482.jpg,images_normalized\fake\482.jpg,,fake
E:\Project\Fake News Detection\images\fake\4826.jpg,images_normalized\fake\4826.jpg,,fake
E:\Project\Fake News Detection\images\fake\4836.jpg,images_normalized\fake\4836.jpg,,fake
E:\Project\Fake News Detection\images\fake\4845.jpg,images_normalized\fake\4845.jpg,,fake
E:\Project\Fake News Detection\images\fake\4848.jpg,images_normalized\fake\4848.jpg,,fake
E:\Project\Fake News Detection\images\fake\4856.jpg,images_normalized\fake\4856.jpg,,fake
E:\Project\Fake News Detection\images\fake\4858.jpg,images_normalized\fake\4858.jpg,,fake
E:\Project\Fake News Detection\images\fake\4868.jpg,images_normalized\fake\4868.jpg,,fake
E:\Project\Fake News Detection\images\fake\4873.jpg,images_normalized\fake\4873.jpg,,fake
E:\Project\Fake News Detection\images\fake\4881.jpg,images_normalized\fake\4881.jpg,,fake
E:\Project\Fake News Detection\images\fake\4891.jpg,images_normalized\fake\4891.jpg,,fake
E:\Project\Fake News Detection\images\fake\4897.jpg,images_normalized\fake\4897.jpg,,fake
E:\Project\Fake News Detection\images\fake\4899.jpg,images_normalized\fake\4899.jpg,,fake
E:\Project\Fake News Detection\images\fake\49.jpg,images_normalized\fake\49.jpg,,fake
E:\Project\Fake News Detection\images\fake\4906.jpg,images_normalized\fake\4906.jpg,,fake
E:\Project\Fake News Detection\images\fake\4910.jpg,images_normalized\fake\4910.jpg,,fake
E:\Project\Fake News Detection\images\fake\4912.jpg,images_normalized\fake\4912.jpg,,fake
E:\Project\Fake News Detection\images\fake\4924.jpg,images_normalized\fake\4924.jpg,,fake
E:\Project\Fake News Detection\images\fake\4928.jpg,images_normalized\fake\4928.jpg,,fake
E:\Project\Fake News Detection\images\fake\4931.jpg,images_normalized\fake\4931.jpg,,fake
E:\Project\Fake News Detection\images\fake\4932.jpg,images_normalized\fake\4932.jpg,,fake
E:\Project\Fake News Detection\images\fake\4939.jpg,images_normalized\fake\4939.jpg,,fake
E:\Project\Fake News Detection\images\fake\4942.jpg,images_normalized\fake\4942.jpg,,fake
E:\Project\Fake News Detection\images\fake\495.jpg,images_normalized\fake\495.jpg,,fake
E:\Project\Fake News Detection\images\fake\4950.jpg,images_normalized\fake\4950.jpg,,fake
E:\Project\Fake News Detection\images\fake\4973.jpg,images_normalized\fake\4973.jpg,,fake
E:\Project\Fake News Detection\images\fake\498.jpg,images_normalized\fake\498.jpg,,fake
E:\Project\Fake News Detection\images\fake\4980.jpg,images_normalized\fake\4980.jpg,,fake
E:\Project\Fake News Detection\images\fake\4987.jpg,images_normalized\fake\4987.jpg,,fake
E:\Project\Fake News Detection\images\fake\4989.jpg,images_normalized\fake\4989.jpg,,fake
E:\Project\Fake News Detection\images\fake\499.jpg,images_normalized\fake\499.jpg,,fake
E:\Project\Fake News Detection\images\fake\50.jpg,images_normalized\fake\50.jpg,,fake
E:\Project\Fake News Detection\images\fake\5012.jpg,images_normalized\fake\5012.jpg,,fake
E:\Project\Fake News Detection\images\fake\5023.jpg,images_normalized\fake\5023.jpg,,fake
E:\Project\Fake News Detection\images\fake\5026.jpg,images_normalized\fake\5026.jpg,,fake
E:\Project\Fake News Detection\images\fake\5028.jpg,images_normalized\fake\5028.jpg,,fake
E:\Project\Fake News Detection\images\fake\503.jpg,images_normalized\fake\503.jpg,,fake
E:\Project\Fake News Detection\images\fake\5035.jpg,images_normalized\fake\5035.jpg,,fake
E:\Project\Fake News Detection\images\fake\5040.jpg,images_normalized\fake\5040.jpg,,fake
E:\Project\Fake News Detection\images\fake\505.jpg,images_normalized\fake\505.jpg,,fake
E:\Project\Fake News Detection\images\fake\5056.jpg,images_normalized\fake\5056.jpg,,fake
E:\Project\Fake News Detection\images\fake\5061.jpg,images_normalized\fake\5061.jpg,,fake
E:\Project\Fake News Detection\images\fake\5068.jpg,images_normalized\fake\5068.jpg,,fake
E:\Project\Fake News Detection\images\fake\507.jpg,images_normalized\fake\507.jpg,,fake
E:\Project\Fake News Detection\images\fake\5070.jpg,images_normalized\fake\5070.jpg,,fake
E:\Project\Fake News Detection\images\fake\5078.jpg,images_normalized\fake\5078.jpg,,fake
E:\Project\Fake News Detection\images\fake\5089.jpg,images_normalized\fake\5089.jpg,,fake
E:\Project\Fake News Detection\images\fake\5095.jpg,images_normalized\fake\5095.jpg,,fake
E:\Project\Fake News Detection\images\fake\5098.jpg,images_normalized\fake\5098.jpg,,fake
E:\Project\Fake News Detection\images\fake\5113.jpg,images_normalized\fake\5113.jpg,,fake
E:\Project\Fake News Detection\images\fake\5114.jpg,images_normalized\fake\5114.jpg,,fake
E:\Project\Fake News Detection\images\fake\5133.jpg,images_normalized\fake\5133.jpg,,fake
E:\Project\Fake News Detection\images\fake\5140.jpg,images_normalized\fake\5140.jpg,,fake
E:\Project\Fake News Detection\images\fake\5141.jpg,images_normalized\fake\5141.jpg,,fake
E:\Project\Fake News Detection\images\fake\5147.jpg,images_normalized\fake\5147.jpg,,fake
E:\Project\Fake News Detection\images\fake\5161.jpg,images_normalized\fake\5161.jpg,,fake
E:\Project\Fake News Detection\images\fake\5193.jpg,images_normalized\fake\5193.jpg,,fake
E:\Project\Fake News Detection\images\fake\5196.jpg,images_normalized\fake\5196.jpg,,fake
E:\Project\Fake News Detection\images\fake\5200.jpg,images_normalized\fake\5200.jpg,,fake
E:\Project\Fake News Detection\images\fake\5206.jpg,images_normalized\fake\5206.jpg,,fake
E:\Project\Fake News Detection\images\fake\521.jpg,images_normalized\fake\521.jpg,,fake
E:\Project\Fake News Detection\images\fake\5210.jpg,images_normalized\fake\5210.jpg,,fake
E:\Project\Fake News Detection\images\fake\5223.jpg,images_normalized\fake\5223.jpg,,fake
E:\Project\Fake News Detection\images\fake\5232.jpg,images_normalized\fake\5232.jpg,,fake
E:\Project\Fake News Detection\images\fake\5239.jpg,images_normalized\fake\5239.jpg,,fake
E:\Project\Fake News Detection\images\fake\5246.jpg,images_normalized\fake\5246.jpg,,fake
E:\Project\Fake News Detection\images\fake\5250.jpg,images_normalized\fake\5250.jpg,,fake
E:\Project\Fake News Detection\images\fake\527.jpg,images_normalized\fake\527.jpg,,fake
E:\Project\Fake News Detection\images\fake\529.jpg,images_normalized\fake\529.jpg,,fake
E:\Project\Fake News Detection\images\fake\531.jpg,images_normalized\fake\531.jpg,,fake
E:\Project\Fake News Detection\images\fake\5344.jpg,images_normalized\fake\5344.jpg,,fake
E:\Project\Fake News Detection\images\fake\5351.jpg,images_normalized\fake\5351.jpg,,fake
E:\Project\Fake News Detection\images\fake\5355.jpg,images_normalized\fake\5355.jpg,,fake
E:\Project\Fake News Detection\images\fake\5375.jpg,images_normalized\fake\5375.jpg,,fake
E:\Project\Fake News Detection\images\fake\5414.jpg,images_normalized\fake\5414.jpg,,fake
E:\Project\Fake News Detection\images\fake\5415.jpg,images_normalized\fake\5415.jpg,,fake
E:\Project\Fake News Detection\images\fake\5436.jpg,images_normalized\fake\5436.jpg,,fake
E:\Project\Fake News Detection\images\fake\5438.jpg,images_normalized\fake\5438.jpg,,fake
E:\Project\Fake News Detection\images\fake\5439.jpg,images_normalized\fake\5439.jpg,,fake
E:\Project\Fake News Detection\images\fake\5448.jpg,images_normalized\fake\5448.jpg,,fake
E:\Project\Fake News Detection\images\fake\5462.jpg,images_normalized\fake\5462.jpg,,fake
E:\Project\Fake News Detection\images\fake\5471.jpg,images_normalized\fake\5471.jpg,,fake
E:\Project\Fake News Detection\images\fake\5482.jpg,images_normalized\fake\5482.jpg,,fake
E:\Project\Fake News Detection\images\fake\5492.jpg,images_normalized\fake\5492.jpg,,fake
E:\Project\Fake News Detection\images\fake\552.jpg,images_normalized\fake\552.jpg,,fake
E:\Project\Fake News Detection\images\fake\5525.jpg,images_normalized\fake\5525.jpg,,fake
E:\Project\Fake News Detection\images\fake\5527.jpg,images_normalized\fake\5527.jpg,,fake
E:\Project\Fake News Detection\images\fake\553.jpg,images_normalized\fake\553.jpg,,fake
E:\Project\Fake News Detection\images\fake\5531.jpg,images_normalized\fake\5531.jpg,,fake
E:\Project\Fake News Detection\images\fake\5533.jpg,images_normalized\fake\5533.jpg,,fake
E:\Project\Fake News Detection\images\fake\5548.jpg,images_normalized\fake\5548.jpg,,fake
E:\Project\Fake News Detection\images\fake\5553.jpg,images_normalized\fake\5553.jpg,,fake
E:\Project\Fake News Detection\images\fake\5555.jpg,images_normalized\fake\5555.jpg,,fake
E:\Project\Fake News Detection\images\fake\5568.jpg,images_normalized\fake\5568.jpg,,fake
E:\Project\Fake News Detection\images\fake\5576.jpg,images_normalized\fake\5576.jpg,,fake
E:\Project\Fake News Detection\images\fake\558.jpg,images_normalized\fake\558.jpg,,fake
E:\Project\Fake News Detection\images\fake\5595.jpg,images_normalized\fake\5595.jpg,,fake
E:\Project\Fake News Detection\images\fake\5602.jpg,images_normalized\fake\5602.jpg,,fake
E:\Project\Fake News Detection\images\fake\5606.jpg,images_normalized\fake\5606.jpg,,fake
E:\Project\Fake News Detection\images\fake\561.jpg,images_normalized\fake\561.jpg,,fake
E:\Project\Fake News Detection\images\fake\5622.jpg,images_normalized\fake\5622.jpg,,fake
E:\Project\Fake News Detection\images\fake\5623.jpg,images_normalized\fake\5623.jpg,,fake
E:\Project\Fake News Detection\images\fake\5632.jpg,images_normalized\fake\5632.jpg,,fake
E:\Project\Fake News Detection\images\fake\564.jpg,images_normalized\fake\564.jpg,,fake
E:\Project\Fake News Detection\images\fake\5640.jpg,images_normalized\fake\5640.jpg,,fake
E:\Project\Fake News Detection\images\fake\5652.jpg,images_normalized\fake\5652.jpg,,fake
E:\Project\Fake News Detection\images\fake\5658.jpg,images_normalized\fake\5658.jpg,,fake
E:\Project\Fake News Detection\images\fake\5659.jpg,images_normalized\fake\5659.jpg,,fake
E:\Project\Fake News Detection\images\fake\5664.jpg,images_normalized\fake\5664.jpg,,fake
E:\Project\Fake News Detection\images\fake\5667.jpg,images_normalized\fake\5667.jpg,,fake
E:\Project\Fake News Detection\images\fake\567.jpg,images_normalized\fake\567.jpg,,fake
E:\Project\Fake News Detection\images\fake\5677.jpg,images_normalized\fake\5677.jpg,,fake
E:\Project\Fake News Detection\images\fake\5682.jpg,images_normalized\fake\5682.jpg,,fake
E:\Project\Fake News Detection\images\fake\5685.jpg,images_normalized\fake\5685.jpg,,fake
E:\Project\Fake News Detection\images\fake\569.jpg,images_normalized\fake\569.jpg,,fake
E:\Project\Fake News Detection\images\fake\5700.jpg,images_normalized\fake\5700.jpg,,fake
E:\Project\Fake News Detection\images\fake\5714.jpg,images_normalized\fake\5714.jpg,,fake
E:\Project\Fake News Detection\images\fake\5721.jpg,images_normalized\fake\5721.jpg,,fake
E:\Project\Fake News Detection\images\fake\5733.jpg,images_normalized\fake\5733.jpg,,fake
E:\Project\Fake News Detection\images\fake\5741.jpg,images_normalized\fake\5741.jpg,,fake
E:\Project\Fake News Detection\images\fake\5743.jpg,images_normalized\fake\5743.jpg,,fake
E:\Project\Fake News Detection\images\fake\5745.jpg,images_normalized\fake\5745.jpg,,fake
E:\Project\Fake News Detection\images\fake\5759.jpg,images_normalized\fake\5759.jpg,,fake
E:\Project\Fake News Detection\images\fake\576.jpg,images_normalized\fake\576.jpg,,fake
E:\Project\Fake News Detection\images\fake\5771.jpg,images_normalized\fake\5771.jpg,,fake
E:\Project\Fake News Detection\images\fake\5775.jpg,images_normalized\fake\5775.jpg,,fake
E:\Project\Fake News Detection\images\fake\5781.jpg,images_normalized\fake\5781.jpg,,fake
E:\Project\Fake News Detection\images\fake\5789.jpg,images_normalized\fake\5789.jpg,,fake
E:\Project\Fake News Detection\images\fake\579.jpg,images_normalized\fake\579.jpg,,fake
E:\Project\Fake News Detection\images\fake\5791.jpg,images_normalized\fake\5791.jpg,,fake
E:\Project\Fake News Detection\images\fake\5792.jpg,images_normalized\fake\5792.jpg,,fake
E:\Project\Fake News Detection\images\fake\5794.jpg,images_normalized\fake\5794.jpg,,fake
E:\Project\Fake News Detection\images\fake\5808.jpg,images_normalized\fake\5808.jpg,,fake
E:\Project\Fake News Detection\images\fake\581.jpg,images_normalized\fake\581.jpg,,fake
E:\Project\Fake News Detection\images\fake\5826.jpg,images_normalized\fake\5826.jpg,,fake
E:\Project\Fake News Detection\images\fake\5834.jpg,images_normalized\fake\5834.jpg,,fake
E:\Project\Fake News Detection\images\fake\5836.jpg,images_normalized\fake\5836.jpg,,fake
E:\Project\Fake News Detection\images\fake\5838.jpg,images_normalized\fake\5838.jpg,,fake
E:\Project\Fake News Detection\images\fake\5853.jpg,images_normalized\fake\5853.jpg,,fake
E:\Project\Fake News Detection\images\fake\5865.jpg,images_normalized\fake\5865.jpg,,fake
E:\Project\Fake News Detection\images\fake\5869.jpg,images_normalized\fake\5869.jpg,,fake
E:\Project\Fake News Detection\images\fake\5883.jpg,images_normalized\fake\5883.jpg,,fake
E:\Project\Fake News Detection\images\fake\5895.jpg,images_normalized\fake\5895.jpg,,fake
E:\Project\Fake News Detection\images\fake\5899.jpg,images_normalized\fake\5899.jpg,,fake
E:\Project\Fake News Detection\images\fake\5903.jpg,images_normalized\fake\5903.jpg,,fake
E:\Project\Fake News Detection\images\fake\5907.jpg,images_normalized\fake\5907.jpg,,fake
E:\Project\Fake News Detection\images\fake\591.jpg,images_normalized\fake\591.jpg,,fake
E:\Project\Fake News Detection\images\fake\5919.jpg,images_normalized\fake\5919.jpg,,fake
E:\Project\Fake News Detection\images\fake\5923.jpg,images_normalized\fake\5923.jpg,,fake
E:\Project\Fake News Detection\images\fake\5927.jpg,images_normalized\fake\5927.jpg,,fake
E:\Project\Fake News Detection\images\fake\5931.jpg,images_normalized\fake\5931.jpg,,fake
E:\Project\Fake News Detection\images\fake\5938.jpg,images_normalized\fake\5938.jpg,,fake
E:\Project\Fake News Detection\images\fake\5942.jpg,images_normalized\fake\5942.jpg,,fake
E:\Project\Fake News Detection\images\fake\5955.jpg,images_normalized\fake\5955.jpg,,fake
E:\Project\Fake News Detection\images\fake\5962.jpg,images_normalized\fake\5962.jpg,,fake
E:\Project\Fake News Detection\images\fake\5974.jpg,images_normalized\fake\5974.jpg,,fake
E:\Project\Fake News Detection\images\fake\5982.jpg,images_normalized\fake\5982.jpg,,fake
E:\Project\Fake News Detection\images\fake\5984.jpg,images_normalized\fake\5984.jpg,,fake
E:\Project\Fake News Detection\images\fake\5986.jpg,images_normalized\fake\5986.jpg,,fake
E:\Project\Fake News Detection\images\fake\6000.jpg,images_normalized\fake\6000.jpg,,fake
E:\Project\Fake News Detection\images\fake\6012.jpg,images_normalized\fake\6012.jpg,,fake
E:\Project\Fake News Detection\images\fake\6016.jpg,images_normalized\fake\6016.jpg,,fake
E:\Project\Fake News Detection\images\fake\6035.jpg,images_normalized\fake\6035.jpg,,fake
E:\Project\Fake News Detection\images\fake\6042.jpg,images_normalized\fake\6042.jpg,,fake
E:\Project\Fake News Detection\images\fake\6054.jpg,images_normalized\fake\6054.jpg,,fake
E:\Project\Fake News Detection\images\fake\6062.jpg,images_normalized\fake\6062.jpg,,fake
E:\Project\Fake News Detection\images\fake\6064.jpg,images_normalized\fake\6064.jpg,,fake
E:\Project\Fake News Detection\images\fake\6066.jpg,images_normalized\fake\6066.jpg,,fake
E:\Project\Fake News Detection\images\fake\6080.jpg,images_normalized\fake\6080.jpg,,fake
E:\Project\Fake News Detection\images\fake\6092.jpg,images_normalized\fake\6092.jpg,,fake
E:\Project\Fake News Detection\images\fake\6096.jpg,images_normalized\fake\6096.jpg,,fake
E:\Project\Fake News Detection\images\fake\6104.jpg,images_normalized\fake\6104.jpg,,fake
E:\Project\Fake News Detection\images\fake\6116.jpg,images_normalized\fake\6116.jpg,,fake
E:\Project\Fake News Detection\images\fake\6124.jpg,images_normalized\fake\6124.jpg,,fake
E:\Project\Fake News Detection\images\fake\6126.jpg,images_normalized\fake\6126.jpg,,fake
E:\Project\Fake News Detection\images\fake\6128.jpg,images_normalized\fake\6128.jpg,,fake
E:\Project\Fake News Detection\images\fake\6142.jpg,images_normalized\fake\6142.jpg,,fake
E:\Project\Fake News Detection\images\fake\6154.jpg,images_normalized\fake\6154.jpg,,fake
E:\Project\Fake News Detection\images\fake\6158.jpg,images_normalized\fake\6158.jpg,,fake
E:\Project\Fake News Detection\images\fake\6162.jpg,images_normalized\fake\6162.jpg,,fake
E:\Project\Fake News Detection\images\fake\6164.jpg,images_normalized\fake\6164.jpg,,fake
E:\Project\Fake News Detection\images\fake\6165.jpg,images_normalized\fake\6165.jpg,,fake
E:\Project\Fake News Detection\images\fake\6173.jpg,images_normalized\fake\6173.jpg,,fake
E:\Project\Fake News Detection\images\fake\6202.jpg,images_normalized\fake\6202.jpg,,fake
E:\Project\Fake News Detection\images\fake\6204.jpg,images_normalized\fake\6204.jpg,,fake
E:\Project\Fake News Detection\images\fake\6206.jpg,images_normalized\fake\6206.jpg,,fake
E:\Project\Fake News Detection\images\fake\6217.jpg,images_normalized\fake\6217.jpg,,fake
E:\Project\Fake News Detection\images\fake\622.jpg,images_normalized\fake\622.jpg,,fake
E:\Project\Fake News Detection\images\fake\6224.jpg,images_normalized\fake\6224.jpg,,fake
E:\Project\Fake News Detection\images\fake\6225.jpg,images_normalized\fake\6225.jpg,,fake
E:\Project\Fake News Detection\images\fake\6229.jpg,images_normalized\fake\6229.jpg,,fake
E:\Project\Fake News Detection\images\fake\6230.jpg,images_normalized\fake\6230.jpg,,fake
E:\Project\Fake News Detection\images\fake\6234.jpg,images_normalized\fake\6234.jpg,,fake
E:\Project\Fake News Detection\images\fake\624.jpg,images_normalized\fake\624.jpg,,fake
E:\Project\Fake News Detection\images\fake\6240.jpg,images_normalized\fake\6240.jpg,,fake
E:\Project\Fake News Detection\images\fake\6243.jpg,images_normalized\fake\6243.jpg,,fake
E:\Project\Fake News Detection\images\fake\6246.jpg,images_normalized\fake\6246.jpg,,fake
E:\Project\Fake News Detection\images\fake\6250.jpg,images_normalized\fake\6250.jpg,,fake
E:\Project\Fake News Detection\images\fake\6270.jpg,images_normalized\fake\6270.jpg,,fake
E:\Project\Fake News Detection\images\fake\6271.jpg,images_normalized\fake\6271.jpg,,fake
E:\Project\Fake News Detection\images\fake\628.jpg,images_normalized\fake\628.jpg,,fake
E:\Project\Fake News Detection\images\fake\6287.jpg,images_normalized\fake\6287.jpg,,fake
E:\Project\Fake News Detection\images\fake\6289.jpg,images_normalized\fake\6289.jpg,,fake
E:\Project\Fake News Detection\images\fake\6300.jpg,images_normalized\fake\6300.jpg,,fake
E:\Project\Fake News Detection\images\fake\6305.jpg,images_normalized\fake\6305.jpg,,fake
E:\Project\Fake News Detection\images\fake\6318.jpg,images_normalized\fake\6318.jpg,,fake
E:\Project\Fake News Detection\images\fake\6323.jpg,images_normalized\fake\6323.jpg,,fake
E:\Project\Fake News Detection\images\fake\6325.jpg,images_normalized\fake\6325.jpg,,fake
E:\Project\Fake News Detection\images\fake\6326.jpg,images_normalized\fake\6326.jpg,,fake
E:\Project\Fake News Detection\images\fake\6332.jpg,images_normalized\fake\6332.jpg,,fake
E:\Project\Fake News Detection\images\fake\6334.jpg,images_normalized\fake\6334.jpg,,fake
E:\Project\Fake News Detection\images\fake\6337.jpg,images_normalized\fake\6337.jpg,,fake
E:\Project\Fake News Detection\images\fake\637.jpg,images_normalized\fake\637.jpg,,fake
E:\Project\Fake News Detection\images\fake\6370.jpg,images_normalized\fake\6370.jpg,,fake
E:\Project\Fake News Detection\images\fake\6397.jpg,images_normalized\fake\6397.jpg,,fake
E:\Project\Fake News Detection\images\fake\640.jpg,images_normalized\fake\640.jpg,,fake
E:\Project\Fake News Detection\images\fake\6408.jpg,images_normalized\fake\6408.jpg,,fake
E:\Project\Fake News Detection\images\fake\6440.jpg,images_normalized\fake\6440.jpg,,fake
E:\Project\Fake News Detection\images\fake\6442.jpg,images_normalized\fake\6442.jpg,,fake
E:\Project\Fake News Detection\images\fake\645.jpg,images_normalized\fake\645.jpg,,fake
E:\Project\Fake News Detection\images\fake\6461.jpg,images_normalized\fake\6461.jpg,,fake
E:\Project\Fake News Detection\images\fake\6465.jpg,images_normalized\fake\6465.jpg,,fake
E:\Project\Fake News Detection\images\fake\6469.jpg,images_normalized\fake\6469.jpg,,fake
E:\Project\Fake News Detection\images\fake\6471.jpg,images_normalized\fake\6471.jpg,,fake
E:\Project\Fake News Detection\images\fake\6479.jpg,images_normalized\fake\6479.jpg,,fake
E:\Project\Fake News Detection\images\fake\6480.jpg,images_normalized\fake\6480.jpg,,fake
E:\Project\Fake News Detection\images\fake\6489.jpg,images_normalized\fake\6489.jpg,,fake
E:\Project\Fake News Detection\images\fake\649.jpg,images_normalized\fake\649.jpg,,fake
E:\Project\Fake News Detection\images\fake\6493.jpg,images_normalized\fake\6493.jpg,,fake
E:\Project\Fake News Detection\images\fake\6496.jpg,images_normalized\fake\6496.jpg,,fake
E:\Project\Fake News Detection\images\fake\6497.jpg,images_normalized\fake\6497.jpg,,fake
E:\Project\Fake News Detection\images\fake\6510.jpg,images_normalized\fake\6510.jpg,,fake
E:\Project\Fake News Detection\images\fake\6514.jpg,images_normalized\fake\6514.jpg,,fake
E:\Project\Fake News Detection\images\fake\6516.jpg,images_normalized\fake\6516.jpg,,fake
E:\Project\Fake News Detection\images\fake\6517.jpg,images_normalized\fake\6517.jpg,,fake
E:\Project\Fake News Detection\images\fake\6524.jpg,images_normalized\fake\6524.jpg,,fake
E:\Project\Fake News Detection\images\fake\6525.jpg,images_normalized\fake\6525.jpg,,fake
E:\Project\Fake News Detection\images\fake\6527.jpg,images_normalized\fake\6527.jpg,,fake
E:\Project\Fake News Detection\images\fake\6548.jpg,images_normalized\fake\6548.jpg,,fake
E:\Project\Fake News Detection\images\fake\6575.jpg,images_normalized\fake\6575.jpg,,fake
E:\Project\Fake News Detection\images\fake\6586.jpg,images_normalized\fake\6586.jpg,,fake
E:\Project\Fake News Detection\images\fake\6600.jpg,images_normalized\fake\6600.jpg,,fake
E:\Project\Fake News Detection\images\fake\6613.jpg,images_normalized\fake\6613.jpg,,fake
E:\Project\Fake News Detection\images\fake\6624.jpg,images_normalized\fake\6624.jpg,,fake
E:\Project\Fake News Detection\images\fake\6629.jpg,images_normalized\fake\6629.jpg,,fake
E:\Project\Fake News Detection\images\fake\663.jpg,images_normalized\fake\663.jpg,,fake
E:\Project\Fake News Detection\images\fake\6639.jpg,images_normalized\fake\6639.jpg,,fake
E:\Project\Fake News Detection\images\fake\6640.jpg,images_normalized\fake\6640.jpg,,fake
E:\Project\Fake News Detection\images\fake\6647.jpg,images_normalized\fake\6647.jpg,,fake
E:\Project\Fake News Detection\images\fake\6648.jpg,images_normalized\fake\6648.jpg,,fake
E:\Project\Fake News Detection\images\fake\6649.jpg,images_normalized\fake\6649.jpg,,fake
E:\Project\Fake News Detection\images\fake\665.jpg,images_normalized\fake\665.jpg,,fake
E:\Project\Fake News Detection\images\fake\6651.jpg,images_normalized\fake\6651.jpg,,fake
E:\Project\Fake News Detection\images\fake\6658.jpg,images_normalized\fake\6658.jpg,,fake
E:\Project\Fake News Detection\images\fake\6659.jpg,images_normalized\fake\6659.jpg,,fake
E:\Project\Fake News Detection\images\fake\6663.jpg,images_normalized\fake\6663.jpg,,fake
E:\Project\Fake News Detection\images\fake\6665.jpg,images_normalized\fake\6665.jpg,,fake
E:\Project\Fake News Detection\images\fake\6668.jpg,images_normalized\fake\6668.jpg,,fake
E:\Project\Fake News Detection\images\fake\6669.jpg,images_normalized\fake\6669.jpg,,fake
E:\Project\Fake News Detection\images\fake\6671.jpg,images_normalized\fake\6671.jpg,,fake
E:\Project\Fake News Detection\images\fake\6677.jpg,images_normalized\fake\6677.jpg,,fake
E:\Project\Fake News Detection\images\fake\6678.jpg,images_normalized\fake\6678.jpg,,fake
E:\Project\Fake News Detection\images\fake\6692.jpg,images_normalized\fake\6692.jpg,,fake
E:\Project\Fake News Detection\images\fake\6696.jpg,images_normalized\fake\6696.jpg,,fake
E:\Project\Fake News Detection\images\fake\6707.jpg,images_normalized\fake\6707.jpg,,fake
E:\Project\Fake News Detection\images\fake\6714.jpg,images_normalized\fake\6714.jpg,,fake
E:\Project\Fake News Detection\images\fake\6716.jpg,images_normalized\fake\6716.jpg,,fake
E:\Project\Fake News Detection\images\fake\6728.jpg,images_normalized\fake\6728.jpg,,fake
E:\Project\Fake News Detection\images\fake\6735.jpg,images_normalized\fake\6735.jpg,,fake
E:\Project\Fake News Detection\images\fake\6740.jpg,images_normalized\fake\6740.jpg,,fake
E:\Project\Fake News Detection\images\fake\6741.jpg,images_normalized\fake\6741.jpg,,fake
E:\Project\Fake News Detection\images\fake\6745.jpg,images_normalized\fake\6745.jpg,,fake
E:\Project\Fake News Detection\images\fake\6761.jpg,images_normalized\fake\6761.jpg,,fake
E:\Project\Fake News Detection\images\fake\6765.jpg,images_normalized\fake\6765.jpg,,fake
E:\Project\Fake News Detection\images\fake\6771.jpg,images_normalized\fake\6771.jpg,,fake
E:\Project\Fake News Detection\images\fake\6773.jpg,images_normalized\fake\6773.jpg,,fake
E:\Project\Fake News Detection\images\fake\6777.jpg,images_normalized\fake\6777.jpg,,fake
E:\Project\Fake News Detection\images\fake\6786.jpg,images_normalized\fake\6786.jpg,,fake
E:\Project\Fake News Detection\images\fake\6791.jpg,images_normalized\fake\6791.jpg,,fake
E:\Project\Fake News Detection\images\fake\6796.jpg,images_normalized\fake\6796.jpg,,fake
E:\Project\Fake News Detection\images\fake\6815.jpg,images_normalized\fake\6815.jpg,,fake
E:\Project\Fake News Detection\images\fake\6816.jpg,images_normalized\fake\6816.jpg,,fake
E:\Project\Fake News Detection\images\fake\6826.jpg,images_normalized\fake\6826.jpg,,fake
E:\Project\Fake News Detection\images\fake\6830.jpg,images_normalized\fake\6830.jpg,,fake
E:\Project\Fake News Detection\images\fake\6832.jpg,images_normalized\fake\6832.jpg,,fake
E:\Project\Fake News Detection\images\fake\6833.jpg,images_normalized\fake\6833.jpg,,fake
E:\Project\Fake News Detection\images\fake\6849.jpg,images_normalized\fake\6849.jpg,,fake
E:\Project\Fake News Detection\images\fake\6864.jpg,images_normalized\fake\6864.jpg,,fake
E:\Project\Fake News Detection\images\fake\6867.jpg,images_normalized\fake\6867.jpg,,fake
E:\Project\Fake News Detection\images\fake\688.jpg,images_normalized\fake\688.jpg,,fake
E:\Project\Fake News Detection\images\fake\6892.jpg,images_normalized\fake\6892.jpg,,fake
E:\Project\Fake News Detection\images\fake\6894.jpg,images_normalized\fake\6894.jpg,,fake
E:\Project\Fake News Detection\images\fake\6895.jpg,images_normalized\fake\6895.jpg,,fake
E:\Project\Fake News Detection\images\fake\6899.jpg,images_normalized\fake\6899.jpg,,fake
E:\Project\Fake News Detection\images\fake\6905.jpg,images_normalized\fake\6905.jpg,,fake
E:\Project\Fake News Detection\images\fake\6911.jpg,images_normalized\fake\6911.jpg,,fake
E:\Project\Fake News Detection\images\fake\6916.jpg,images_normalized\fake\6916.jpg,,fake
E:\Project\Fake News Detection\images\fake\692.jpg,images_normalized\fake\692.jpg,,fake
E:\Project\Fake News Detection\images\fake\6923.jpg,images_normalized\fake\6923.jpg,,fake
E:\Project\Fake News Detection\images\fake\6926.jpg,images_normalized\fake\6926.jpg,,fake
E:\Project\Fake News Detection\images\fake\6929.jpg,images_normalized\fake\6929.jpg,,fake
E:\Project\Fake News Detection\images\fake\693.jpg,images_normalized\fake\693.jpg,,fake
E:\Project\Fake News Detection\images\fake\6949.jpg,images_normalized\fake\6949.jpg,,fake
E:\Project\Fake News Detection\images\fake\6952.jpg,images_normalized\fake\6952.jpg,,fake
E:\Project\Fake News Detection\images\fake\6953.jpg,images_normalized\fake\6953.jpg,,fake
E:\Project\Fake News Detection\images\fake\6954.jpg,images_normalized\fake\6954.jpg,,fake
E:\Project\Fake News Detection\images\fake\6964.jpg,images_normalized\fake\6964.jpg,,fake
E:\Project\Fake News Detection\images\fake\6966.jpg,images_normalized\fake\6966.jpg,,fake
E:\Project\Fake News Detection\images\fake\697.jpg,images_normalized\fake\697.jpg,,fake
E:\Project\Fake News Detection\images\fake\6987.jpg,images_normalized\fake\6987.jpg,,fake
E:\Project\Fake News Detection\images\fake\699.jpg,images_normalized\fake\699.jpg,,fake
E:\Project\Fake News Detection\images\fake\6998.jpg,images_normalized\fake\6998.jpg,,fake
E:\Project\Fake News Detection\images\fake\70.jpg,images_normalized\fake\70.jpg,,fake
E:\Project\Fake News Detection\images\fake\700.jpg,images_normalized\fake\700.jpg,,fake
E:\Project\Fake News Detection\images\fake\7000.jpg,images_normalized\fake\7000.jpg,,fake
E:\Project\Fake News Detection\images\fake\7005.jpg,images_normalized\fake\7005.jpg,,fake
E:\Project\Fake News Detection\images\fake\7008.jpg,images_normalized\fake\7008.jpg,,fake
E:\Project\Fake News Detection\images\fake\7011.jpg,images_normalized\fake\7011.jpg,,fake
E:\Project\Fake News Detection\images\fake\7015.jpg,images_normalized\fake\7015.jpg,,fake
E:\Project\Fake News Detection\images\fake\7020.jpg,images_normalized\fake\7020.jpg,,fake
E:\Project\Fake News Detection\images\fake\705.jpg,images_normalized\fake\705.jpg,,fake
E:\Project\Fake News Detection\images\fake\715.jpg,images_normalized\fake\715.jpg,,fake
E:\Project\Fake News Detection\images\fake\720.jpg,images_normalized\fake\720.jpg,,fake
E:\Project\Fake News Detection\images\fake\726.jpg,images_normalized\fake\726.jpg,,fake
E:\Project\Fake News Detection\images\fake\731.jpg,images_normalized\fake\731.jpg,,fake
E:\Project\Fake News Detection\images\fake\736.jpg,images_normalized\fake\736.jpg,,fake
E:\Project\Fake News Detection\images\fake\741.jpg,images_normalized\fake\741.jpg,,fake
E:\Project\Fake News Detection\images\fake\748.jpg,images_normalized\fake\748.jpg,,fake
E:\Project\Fake News Detection\images\fake\75.jpg,images_normalized\fake\75.jpg,,fake
E:\Project\Fake News Detection\images\fake\753.jpg,images_normalized\fake\753.jpg,,fake
E:\Project\Fake News Detection\images\fake\755.jpg,images_normalized\fake\755.jpg,,fake
E:\Project\Fake News Detection\images\fake\758.jpg,images_normalized\fake\758.jpg,,fake
E:\Project\Fake News Detection\images\fake\769.jpg,images_normalized\fake\769.jpg,,fake
E:\Project\Fake News Detection\images\fake\77.jpg,images_normalized\fake\77.jpg,,fake
E:\Project\Fake News Detection\images\fake\770.jpg,images_normalized\fake\770.jpg,,fake
E:\Project\Fake News Detection\images\fake\771.jpg,images_normalized\fake\771.jpg,,fake
E:\Project\Fake News Detection\images\fake\777.jpg,images_normalized\fake\777.jpg,,fake
E:\Project\Fake News Detection\images\fake\785.jpg,images_normalized\fake\785.jpg,,fake
E:\Project\Fake News Detection\images\fake\788.jpg,images_normalized\fake\788.jpg,,fake
E:\Project\Fake News Detection\images\fake\790.jpg,images_normalized\fake\790.jpg,,fake
E:\Project\Fake News Detection\images\fake\796.jpg,images_normalized\fake\796.jpg,,fake
E:\Project\Fake News Detection\images\fake\8.jpg,images_normalized\fake\8.jpg,,fake
E:\Project\Fake News Detection\images\fake\803.jpg,images_normalized\fake\803.jpg,,fake
E:\Project\Fake News Detection\images\fake\805.jpg,images_normalized\fake\805.jpg,,fake
E:\Project\Fake News Detection\images\fake\81.jpg,images_normalized\fake\81.jpg,,fake
E:\Project\Fake News Detection\images\fake\812.jpg,images_normalized\fake\812.jpg,,fake
E:\Project\Fake News Detection\images\fake\819.jpg,images_normalized\fake\819.jpg,,fake
E:\Project\Fake News Detection\images\fake\82.jpg,images_normalized\fake\82.jpg,,fake
E:\Project\Fake News Detection\images\fake\835.jpg,images_normalized\fake\835.jpg,,fake
E:\Project\Fake News Detection\images\fake\837.jpg,images_normalized\fake\837.jpg,,fake
E:\Project\Fake News Detection\images\fake\844.jpg,images_normalized\fake\844.jpg,,fake
E:\Project\Fake News Detection\images\fake\847.jpg,images_normalized\fake\847.jpg,,fake
E:\Project\Fake News Detection\images\fake\852.jpg,images_normalized\fake\852.jpg,,fake
E:\Project\Fake News Detection\images\fake\856.jpg,images_normalized\fake\856.jpg,,fake
E:\Project\Fake News Detection\images\fake\859.jpg,images_normalized\fake\859.jpg,,fake
E:\Project\Fake News Detection\images\fake\864.jpg,images_normalized\fake\864.jpg,,fake
E:\Project\Fake News Detection\images\fake\865.jpg,images_normalized\fake\865.jpg,,fake
E:\Project\Fake News Detection\images\fake\87.jpg,images_normalized\fake\87.jpg,,fake
E:\Project\Fake News Detection\images\fake\870.jpg,images_normalized\fake\870.jpg,,fake
E:\Project\Fake News Detection\images\fake\875.jpg,images_normalized\fake\875.jpg,,fake
E:\Project\Fake News Detection\images\fake\88.jpg,images_normalized\fake\88.jpg,,fake
E:\Project\Fake News Detection\images\fake\882.jpg,images_normalized\fake\882.jpg,,fake
E:\Project\Fake News Detection\images\fake\885.jpg,images_normalized\fake\885.jpg,,fake
E:\Project\Fake News Detection\images\fake\895.jpg,images_normalized\fake\895.jpg,,fake
E:\Project\Fake News Detection\images\fake\90.jpg,images_normalized\fake\90.jpg,,fake
E:\Project\Fake News Detection\images\fake\907.jpg,images_normalized\fake\907.jpg,,fake
E:\Project\Fake News Detection\images\fake\908.jpg,images_normalized\fake\908.jpg,,fake
E:\Project\Fake News Detection\images\fake\921.jpg,images_normalized\fake\921.jpg,,fake
E:\Project\Fake News Detection\images\fake\925.jpg,images_normalized\fake\925.jpg,,fake
E:\Project\Fake News Detection\images\fake\928.jpg,images_normalized\fake\928.jpg,,fake
E:\Project\Fake News Detection\images\fake\931.jpg,images_normalized\fake\931.jpg,,fake
E:\Project\Fake News Detection\images\fake\933.jpg,images_normalized\fake\933.jpg,,fake
E:\Project\Fake News Detection\images\fake\954.jpg,images_normalized\fake\954.jpg,,fake
E:\Project\Fake News Detection\images\fake\957.jpg,images_normalized\fake\957.jpg,,fake
E:\Project\Fake News Detection\images\fake\96.jpg,images_normalized\fake\96.jpg,,fake
E:\Project\Fake News Detection\images\fake\975.jpg,images_normalized\fake\975.jpg,,fake
E:\Project\Fake News Detection\images\fake\977.jpg,images_normalized\fake\977.jpg,,fake
E:\Project\Fake News Detection\images\fake\984.jpg,images_normalized\fake\984.jpg,,fake
E:\Project\Fake News Detection\images\fake\985.jpg,images_normalized\fake\985.jpg,,fake
E:\Project\Fake News Detection\images\fake\990.jpg,images_normalized\fake\990.jpg,,fake
